:020000040800F2
:100000000000022075C40008C9110008CB110008C7
:10001000CD110008CF110008D11100080000000028
:10002000000000000000000000000000117B00083C
:10003000D311000800000000B17B0008AB7300087A
:10004000C9C40008C9C40008C9C40008D511000803
:10005000C9C40008C9C40008C9C40008C9C400084C
:10006000C9C40008C9C40008C9C40008E5110008D3
:10007000C9C40008C9C40008C9C40008C9C400082C
:10008000C9C40008C9C40008C9C40008C9C400081C
:10009000C9C40008C9C40008C9C40008C9C400080C
:1000A000C9C40008F5110008C9C40008C9C4000883
:1000B000C9C40008C9C40008C9C40008C9C40008EC
:1000C000C9C40008C9C40008C9C40008C9C40008DC
:1000D000C9C40008C9C4000805120008C9C4000842
:1000E000C9C40008C9C4000800000000C9C4000851
:1000F000C9C40008C9C40008C9C40008C9C40008AC
:10010000C9C40008C9C40008C9C40008C9C400089B
:10011000C9C40008C9C40008C9C40008C9C400088B
:10012000C9C40008C9C40008C9C40008C9C400087B
:10013000C9C40008C9C40008C9C40008C9C400086B
:1001400000000000000000000000000000000000AF
:10015000C9C40008C9C40008C9C40008C9C400084B
:10016000C9C40008C9C40008C9C40008C9C400083B
:10017000C9C40008C9C40008C9C4000800000000C0
:10018000C9C40008C9C40008C9C40008C9C400081B
:10019000C9C40008C9C40008C9C40008C9C400080B
:1001A000C9C40008C9C40008C9C40008C9C40008FB
:1001B000C9C40008C9C40008C9C40008C9C40008EB
:1001C000C9C40008C9C40008C9C40008C9C40008DB
:1001D000C9C40008C9C40008C9C40008C9C40008CB
:1001E000C9C40008C9C40008C9C40008C9C40008BB
:1001F000C9C40008C9C40008C9C40008C9C40008AB
:10020000C9C40008C9C40008C9C40008C9C400089A
:10021000C9C40008C9C40008C9C40008C9C400088A
:10022000C9C40008C9C40008C9C40008000000000F
:10023000C9C40008C9C4000800000000C9C40008FF
:10024000C9C40008C9C40008C9C40008C9C400085A
:10025000C9C40008C9C40008C9C40008C9C400084A
:10026000C9C40008C9C40008C9C40008C9C400083A
:10027000C9C40008C9C40008C9C4000800000000BF
:10028000C9C40008C9C40008C9C4000800000000AF
:0802900000000000C9C40008D1
:1002A00010B5054C237833B9044B13B10448AFF3B0
:1002B00000800123237010BD80000020000000009A
:1002C000B8CE000808B5034B1BB103490348AFF390
:1002D000008008BD0000000084000020B8CE0008A7
:1002E000034613F8012B002AFBD1181A0138704776
:1002F00001F0FF01102A2BDB10F0070F08D010F8D7
:10030000013B013A8B422DD010F0070F42B3F6D1DA
:10031000F0B441EA012141EA014122F007047FF0F3
:1003200000070023F0E80256083C85EA010586EA4A
:10033000010685FA47F5A3FA87F586FA47F6A5FA86
:1003400087F68EB9EED1F0BC01F0FF0102F0070292
:1003500032B110F8013B013A83EA010313B1F8D13D
:100360000020704701387047002D06BF354603381E
:10037000073815F0010F07D1013015F4807F02BF57
:10038000013015F4C03F0130F0BC0138704700BFA8
:1003900053B94AB9002908BF00281CBF4FF0FF31EC
:1003A0004FF0FF3000F074B9ADF1080C6DE904CEE8
:1003B00000F006F8DDF804E0DDE9022304B0704740
:1003C0002DE9F047089D04468E46002B4DD18A4208
:1003D000944669D9B2FA82F252B101FA02F3C2F13B
:1003E000200120FA01F10CFA02FC41EA030E9440CC
:1003F0004FEA1C48210CBEFBF8F61FFA8CF708FBED
:1004000016E341EA034306FB07F199420AD91CEBC4
:10041000030306F1FF3080F01F81994240F21C81F6
:10042000023E63445B1AA4B2B3FBF8F008FB10333E
:1004300044EA034400FB07F7A7420AD91CEB040473
:1004400000F1FF3380F00A81A74240F20781644443
:10045000023840EA0640E41B00261DB1D4400023C8
:10046000C5E900433146BDE8F0878B4209D9002D2C
:1004700000F0EF800026C5E9000130463146BDE8B6
:10048000F087B3FA83F6002E4AD18B4202D3824220
:1004900000F2F980841A61EB030301209E46002DCF
:1004A000E0D0C5E9004EDDE702B9FFDEB2FA82F224
:1004B000002A40F09280A1EB0C014FEA1C471FFA82
:1004C0008CFE0126200CB1FBF7F307FB131140EA69
:1004D00001410EFB03F0884208D91CEB010103F136
:1004E000FF3802D2884200F2CB804346091AA4B2F8
:1004F000B1FBF7F007FB101144EA01440EFB00FECC
:10050000A64508D91CEB040400F1FF3102D2A64530
:1005100000F2BB800846A4EB0E0440EA03409CE7CF
:10052000C6F12007B34022FA07FC4CEA030C20FA7C
:1005300007F401FA06F31C43F9404FEA1C4900FA9C
:1005400006F3B1FBF9F8200C1FFA8CFE09FB181119
:1005500040EA014108FB0EF0884202FA06F20BD98C
:100560001CEB010108F1FF3A80F08880884240F2DC
:100570008580A8F102086144091AA4B2B1FBF9F020
:1005800009FB101144EA014100FB0EFE8E4508D91B
:100590001CEB010100F1FF346CD28E456AD90238A0
:1005A000614440EA0840A0FB0294A1EB0E01A14285
:1005B000C846A64656D353D05DB1B3EB080261EBF3
:1005C0000E0101FA07F722FA06F3F1401F43C5E9CD
:1005D000007100263146BDE8F087C2F12003D84003
:1005E0000CFA02FC21FA03F3914001434FEA1C4745
:1005F0001FFA8CFEB3FBF7F007FB10360B0C43EA37
:10060000064300FB0EF69E4204FA02F408D91CEBE6
:10061000030300F1FF382FD29E422DD902386344E4
:100620009B1B89B2B3FBF7F607FB163341EA034184
:1006300006FB0EF38B4208D91CEB010106F1FF38D3
:1006400016D28B4214D9023E6144C91A46EA0046CA
:1006500038E72E46284605E70646E3E61846F8E65C
:100660004B45A9D2B9EB020864EB0C0E0138A3E7A5
:100670004646EAE7204694E74046D1E7D0467BE786
:10068000023B614432E7304609E76444023842E7FE
:10069000704700BF064B074A1A6000225A609A60F2
:1006A0004FF48041D9601A6108225A61704700BF37
:1006B000680400200070005210B584B0002400943B
:1006C00001940294039401F05BF901238DF800304A
:1006D0008DF8014001941F228DF8082087228DF8A3
:1006E00009208DF80A408DF80B408DF80C308DF8FC
:1006F0000D308DF80E408DF80F40684601F05EF920
:10070000042001F04BF904B010BD00002DE9F047C2
:1007100090B000240B940C940D940E940F947B4B8A
:10072000D3F8E02042F48072C3F8E020D3F8E02050
:1007300002F480720192019AD3F8E02042F0400264
:10074000C3F8E020D3F8E02002F040020292029ABF
:10075000D3F8E02042F00802C3F8E020D3F8E0200C
:1007600002F008020392039AD3F8E02042F0040258
:10077000C3F8E020D3F8E02002F004020492049AC7
:10078000D3F8E02042F01002C3F8E020D3F8E020D4
:1007900002F010020592059AD3F8E02042F002021E
:1007A000C3F8E020D3F8E02002F002020692069A95
:1007B000D3F8E02042F08002C3F8E020D3F8E02034
:1007C00002F080020792079AD3F8E02042F4007208
:1007D000C3F8E020D3F8E02002F400720892089AEF
:1007E000D3F8E02042F00102C3F8E020D3F8E02083
:1007F00002F001020992099AD3F8E02042F02002A7
:10080000C3F8E020D3F8E03003F020030A930A9BFA
:100810003F4E224647F21A01304603F0D9FCDFF87A
:10082000FCA022460421504603F0D2FCDFF8F08001
:10083000224641F20101404603F0CAFC354F2246F0
:100840006021384603F0C4FCDFF8D89022460C2122
:10085000484603F0BDFC47F21A030B9301250C95A3
:100860000D940E940BA9304603F0A2FB04230B93C6
:100870000C950D940E940BA9504603F099FB4FF480
:1008800080430B930C940D940BA9234803F090FB29
:1008900041F201030B930C950D940E940BA9404665
:1008A00003F086FB4FF480730B934FF48818CDF858
:1008B00030800D940BA9384603F07AFB60230B932C
:1008C0000C950D940E940BA9384603F071FB0C2384
:1008D0000B930C950D940E940BA9484603F068FBFE
:1008E0000B95CDF830800D940BA9304603F060FBDA
:1008F00021464FF0806004F075FE21464FF0006005
:1009000004F070FE10B0BDE8F08700BF004402584C
:10091000000402580018025800240258001002581F
:10092000000C02580008025800B583B00B4BD3F8F6
:10093000D82042F00102C3F8D820D3F8D83003F011
:1009400001030193019B002205210B2000F0D4FF3D
:100950000B2001F007F803B05DF804FB00440258D7
:1009600008B5012006F0D6FDFBE7000008B50268D7
:10097000034B9A4200D008BD04F008FEFBE700BF1D
:100980000000014072B6FEE708B51548154B03603C
:100990004FF4E133436000238360C36003610C22A2
:1009A00042618361C36103624362836208F0CBF8F2
:1009B00070B900210A4808F041F958B900210848E7
:1009C00008F061F940B9064808F019F930B908BDD6
:1009D000FFF7D8FFFFF7D6FFFFF7D4FFFFF7D2FFEF
:1009E000E40400200044004008B51148114B0360A6
:1009F000114B4360002383600122C26003614361A5
:100A00008361C361036204F0F7FD50B90021084817
:100A100004F056FE38B90021054804F07FFE20B9E5
:100A200008BDFFF7AFFFFFF7ADFFFFF7ABFF00BF5C
:100A3000F0030020001C0058BB7C700008B5114872
:100A4000114B0360114B4360002383600122C2609D
:100A5000036143618361C361036204F0CDFD50B95A
:100A60000021084804F02CFE38B90021054804F0A4
:100A700055FE20B908BDFFF785FFFFF783FFFFF79D
:100A800081FF00BF9C03002000580040BB7C700029
:100A900008B50A480A4B0360002343608360C360C3
:100AA000036143618361036243628362C3620363E0
:100AB00008F076FC00B908BDFFF764FFD4020020FF
:100AC0000000024808B51548154B03604FF4E133A8
:100AD000436000238360C36003610C224261836131
:100AE000C36103624362836208F02DF870B900218C
:100AF0000A4808F0A3F858B90021084808F0C3F8DC
:100B000040B9064808F07BF830B908BDFFF73AFF56
:100B1000FFF738FFFFF736FFFFF734FF78050020B7
:100B20000048004000B587B000230193029303936F
:100B30000493059300931F481F4A026043607F227D
:100B40008260FF22C26003618361C361436108F078
:100B5000DBFC30BB00238DF804308DF805308DF8B8
:100B6000063004930593012201A9124808F02AFDDA
:100B7000C8B901228DF800208DF801208DF80220DF
:100B800000238DF8033069460A4808F07FFD60B9FC
:100B900004220021074808F0CDFD40B907B05DF8F8
:100BA00004FBFFF7EFFEFFF7EDFEFFF7EBFEFFF7AD
:100BB000E9FE00BF440400200040005800B59DB08D
:100BC0004C22002109A80BF0B3FC2022002101A82F
:100BD0000BF0AEFC022004F081FC00230093264BB6
:100BE000DA6A22F00102DA62DB6A03F001030093A1
:100BF000224A936923F4404343F480439361936909
:100C000003F440430093009B1C4B9B6913F4005F6B
:100C1000FAD00A21099101230C9340220D920E93E0
:100C2000022312930022139204201490159116931C
:100C3000179318930C2119911A931B9209A800F08D
:100C4000E9FEA0B93F230193002302930393049389
:100C50000593402306934FF4806207920893012185
:100C600001A801F02BFB20B91DB05DF804FBFFF7D4
:100C700089FEFFF787FE00BF0004005800480258B5
:100C800070B5A6B0FFF718FD04F052FCFFF796FF11
:100C9000FFF73CFDFFF748FEFFF776FEFFF7A4FEE7
:100CA000FFF7CCFEFFF7F4FEFFF7F4FC08F0A6F91F
:100CB000FFF708FFFFF736FFAA4800F0EFFDAA484C
:100CC00000F0ECFDA94800F0E9FDA94800F0E6FDC0
:100CD000A84800F0E3FDA84800F0E0FDA74800F0B8
:100CE000DDFDA74800F0DAFD4FF47A7004F060FCF7
:100CF000A44800F0D3FDA44800F0D0FD08F062F84D
:100D000004460146A14800F0C9FD002C43D1A0488B
:100D100000F0C4FD03A808F045F803999D4800F0D1
:100D2000BDFD04999C4800F0B9FD099B0A9A02FB9D
:100D300003F3190D994800F0B1FD642004F038FC6C
:100D4000974800F0ABFD974800F0A8FD002009F09F
:100D500011FF04460146944800F0A0FD002C39D153
:100D6000924800F09BFD924800F098FD01229149C5
:100D700091480AF0EFFE05460146904800F08EFDCE
:100D80000D2D6CD8DFE805F03E556B596B6B6B6B26
:100D90006B6B6B676B5D8A4800F080FD894800F0E3
:100DA0007DFD894800F07AFD884800F077FD7148A4
:100DB00000F074FD864800F071FD864800F06EFD7D
:100DC000854800F06BFD854800F068FD844800F020
:100DD00065FDB2E7834800F061FD14F0010F09D111
:100DE00014F0020F0AD114F0040FBCD07E4800F0BA
:100DF00055FDB8E77D4800F051FDF1E77C4800F073
:100E00004DFDF0E77B4800F049FD6CB37A4800F0F7
:100E100045FD7A4800F042FD00F094FC01460028B0
:100E200042D1774800F03AFD764800F037FD0023C4
:100E30004CE1754800F032FDE7E7744800F02EFD04
:100E4000E3E7734800F02AFD724800F027FD72487E
:100E500000F024FDD9E7714800F020FDD5E72946D0
:100E60006F4800F01BFDD0E76E4800F017FD01232E
:100E700000226D49104609F093FE044601466B4876
:100E800000F00CFD64B95E4800F008FD6649CB78BF
:100E900000938B784A780978654800F0FFFCB5E745
:100EA000644800F0FBFCB1E7634800F0F7FC6348DE
:100EB00000F0F4FC01223F493F480AF04BFE044693
:100EC00001465F4800F0EAFC5E4800F0E7FC5E483F
:100ED00000F0E4FC5D4800F0E1FC5D4800F0DEFC61
:100EE0005C4800F0DBFC5C4800F0D8FC5B4800F09C
:100EF000D5FC5B4800F0D2FC5A4800F0CFFC5A48C1
:100F000000F0CCFC594800F0C9FC594800F0C6FC80
:100F1000584800F0C3FC584800F0C0FC574800F0A7
:100F2000BDFC574800F0BAFC564800F0B7FC5648E4
:100F300000F0B4FC002009F01DFE0146534800F00B
:100F4000ADFC534800F0AAFC524800F0A7FC524800
:100F500000F0A4FC514800F0A1FC0D2C00F0A08092
:100F6000FEE700BFDCCE0008F8CE000818CF00086E
:100F70003CCF00087CD2000868CF000884CF00086E
:100F80008CCF0008ACCF0008B4CF0008CCCF00084D
:100F9000D8CF0008E0CF0008F4CF00080CD000083C
:100FA0002CD1000850D100086CD1000890D1000865
:100FB00030D200084CD20008A000002050D2000817
:100FC00024D0000830D0000844D0000870D00008B9
:100FD00094D00008A4D00008C8D00008ECD00008C5
:100FE0000CD10008A8D1000808D20008C0D1000820
:100FF000E8D100086CD2000800D4000820D4000812
:10100000C8D3000830D4000880D20008B0D200084D
:10101000E0D2000804D3000834D300085CD30008F1
:1010200080D3000898D3000820060020B4D300081D
:10103000D0D30008F8D3000844D4000850D40008E6
:1010400070D4000888D400089CD40008B4D40008E8
:10105000DCD4000800D5000828D500083CD50008DD
:1010600050D5000868D500087CD5000890D5000848
:10107000ACD50008C8D50008E4D50008FCD50008A8
:101080002CD6000844D6000858D6000878D60008A8
:1010900094D60008A4D60008CCD60008ECD60008E8
:1010A000354800F0FBFB354800F0F8FB344800F011
:1010B000F5FB344800F0F2FB334800F0EFFB4FE75C
:1010C00003F198026A4402F8643C0133632BF7DDB4
:1010D00064210DA800F03AFB98B92C492C4800F087
:1010E000DDFB2C4800F0DAFB64230C930CA90DA85F
:1010F00000F068FBC8B90C99274800F0CFFB00212D
:1011000002E02649EAE7013163290ADC01F198038C
:101110006B4413F8643C8B42F5D0214800F0BEFBD1
:1011200006E0204800F0BAFB02E01F4800F0B6FBE2
:1011300000F076FB054600F091FB04461B4800F0EA
:10114000ADFB29461A4800F0A9FB2146194800F0DA
:10115000A5FB194800F0A2FB06F034F9174A00215C
:10116000174806F079F9174B186006F04FF94FF45D
:101170007A7004F01DFAFAE718D700083CD7000887
:1011800068D7000874D7000894D70008D8CE0008A4
:10119000BCD70008C4D70008D4D70008D0CE0008B8
:1011A000E8D7000800D80008F8D3000818D80008CD
:1011B00024D8000838D800084CD8000870D8000897
:1011C000610900089C000020FEE7FEE7FEE7FEE75D
:1011D000FEE7704708B5024808F00FFB08BD00BFE6
:1011E0004404002008B5024803F0DCFD08BD00BF40
:1011F0002403002008B5024807F05EFF08BD00BFC9
:10120000D453002008B5024806F032FE08BD00BFE6
:10121000E404002000B583B00A4BD3F8F42042F078
:101220000202C3F8F420D3F8F43003F00203019370
:10123000019B00220F216FF0010000F05DFB03B065
:101240005DF804FB004402582DE9F0418CB0002306
:101250000793089309930A930B930268504B9A42A1
:1012600002D00CB0BDE8F08104464E4BD3F8DC2030
:1012700042F00102C3F8DC20D3F8DC2002F00102C6
:101280000192019AD3F8E02042F48072C3F8E02082
:10129000D3F8E02002F480720292029AD3F8E020A0
:1012A00042F04002C3F8E020D3F8E02002F0400210
:1012B0000392039AD3F8E02042F01002C3F8E02032
:1012C000D3F8E02002F010020492049AD3F8E02050
:1012D00042F08002C3F8E020D3F8E02002F0800260
:1012E0000592059AD3F8E02042F00102C3F8E0200D
:1012F000D3F8E03003F001030693069BF023079335
:10130000022608960D270B9707A9274802F050FEE2
:101310004FF48068CDF81C800896002509950A9541
:101320000B9707A9214802F043FE079608960995F6
:101330000A950B9707A91E4802F03AFE4FF4824324
:101340000793089609950A950B9707A9194802F083
:101350002FFE4FF4C8630793089609950A950B97DB
:1013600007A9154802F024FE1448154B03604B23CF
:1013700043608560C560C0F810804FF480534361BE
:101380004FF480438361C5610562456203F060F8F4
:1013900018B90A4BA3649C6363E7FFF7F3FAF8E715
:1013A0000000024800440258002002580018025869
:1013B00000100258001C02580000025824030020AC
:1013C0001000024010B5BAB00446002135913691A4
:1013D000379138913991C02204A80BF0A9F82368FD
:1013E000354A934204D0354A934233D03AB010BDC7
:1013F00008220023CDE9042304A801F025FA30BB1C
:101400002F4CD4F8E03043F02003C4F8E030D4F897
:10141000E03003F020030093009B03233593122355
:1014200036930023379338930423399335A92548FD
:1014300002F0BEFDD4F8E83043F48003C4F8E8308D
:10144000D4F8E83003F480030193019BCEE7FFF763
:1014500099FAD5E710220023CDE9042304A801F06E
:10146000F3F930BB164CD4F8E03043F00203C4F873
:10147000E030D4F8E03003F002030293029BC02373
:1014800035931223369300233793389306233993E9
:1014900035A90D4802F08CFDD4F8F43043F08003F8
:1014A000C4F8F430D4F8F43003F080030393039BC2
:1014B0009CE7FFF767FAD5E700580040001C00588A
:1014C00000440258001402580004025810B5B0B08D
:1014D0000446C022002168460BF02AF82268114B0E
:1014E0009A4201D030B010BD4FF480020023CDE904
:1014F00000234FF400732D93684601F0A5F968B9F5
:10150000094A136F43F400431367002205210320A7
:1015100000F0F2F9032000F025FAE3E7FFF732FAD2
:10152000EEE700BF0040005800440258F0B5BBB0E1
:101530000446002135913691379138913991C02276
:1015400004A80AF0F5FF2268284B9A4201D03BB06C
:10155000F0BD4FF480320023CDE9042304A801F04C
:1015600073F900283ED1224BD3F8D42042F48032C4
:10157000C3F8D420D3F8D42002F480320192019A27
:10158000D3F8E02042F00402C3F8E020D3F8E020D2
:1015900002F004020292029AD3F8E02042F008021C
:1015A000C3F8E020D3F8E03003F008030393039B73
:1015B0004FF4F853359302273697002637960325C4
:1015C00038950C24399435A90A4802F0F1FC04231B
:1015D0003593369737963895399435A9064802F0F1
:1015E000E7FCB4E7FFF7CEF9BDE700BF007000529B
:1015F0000044025800080258000C025810B5BAB056
:101600000446002135913691379138913991C022A5
:1016100004A80AF08DFF23683A4A934204D03A4A5C
:1016200093423BD03AB010BD02220023CDE90423FF
:1016300004A801F009F970BB344BD3F8E82042F458
:101640000032C3F8E820D3F8E82002F40032009218
:10165000009AD3F8E02042F00802C3F8E020D3F863
:10166000E03003F008030193019B602335930223CC
:1016700036930024379438940723399335A92448A6
:1016800002F096FC22460521262000F035F926209E
:1016900000F068F9C6E7FFF775F9CDE702220023ED
:1016A000CDE9042304A801F0CFF838BB174BD3F8D9
:1016B000E82042F48022C3F8E820D3F8E82002F4BE
:1016C00080220292029AD3F8E02042F00202C3F88C
:1016D000E020D3F8E03003F002030393039B4FF4C0
:1016E00040633593022336930023379338930723BF
:1016F000399335A9074802F05BFC93E7FFF742F9FD
:10170000D4E700BF004400400048004000440258B5
:10171000000C02580004025808B501220649074887
:101720000AF018FA20B1064B00221A70052008BDF5
:10173000034B01221A70FAE74CD20008200800205F
:101740007C0A002008B5FFF7E7FF08BD70B5ADF5CE
:101750000E7D194B1B782BB304460D4603F022FF78
:101760000346164E164A282130460AF0E9FE0A22A0
:10177000314602A80AF032FAC8B901AB2A4621461E
:1017800002A80AF032FC044640B102A80AF090FD1B
:101790007CB9019BAB4206D0032404E002A80AF006
:1017A0002FFDF2E7022420460DF50E7D70BD0324C7
:1017B000F9E70324F7E700BF7C0A0020540A002061
:1017C00094D8000830B5ADF50F7D134B1B78D3B11D
:1017D00004460D46114B1B78BBB101220F4902A8EC
:1017E0000AF0FCF9B0B901AB2A68214602A80AF058
:1017F00010FB044602A80AF05BFD0CB1042405E0CE
:10180000019B2B6002E0022400E0042420460DF539
:101810000F7D30BD0424F9E77C0A0020540A002023
:101820000C4B1B780BB90020704700B583B001AAA0
:10183000694609480AF059FD18B1002003B05DF867
:1018400004FB019B5889009B03FB00F0C0F355008B
:10185000F4E700BF7C0A00204CD200080D4B1B7837
:101860000BB90020704700B583B001AA69460A4849
:101870000AF03BFD18B1002003B05DF804FB019AAB
:1018800090690238009BC31A508903FB00F0C0F333
:101890005500F1E77C0A00204CD200080FB400B5D7
:1018A000C3B044AB53F8042B01934FF4807102A8EA
:1018B0000AF0A6FE02A8FEF713FD642382B202A975
:1018C000034807F073F843B05DF804EB04B07047C9
:1018D000780500200649CB6823F4E0631B041B0C49
:1018E000000200F4E0600343024A1A43CA607047F2
:1018F00000ED00E00000FA0500B5174BDB68C3F30C
:101900000223C3F1070CBCF1040F28BF4FF0040CF5
:1019100003F1040EBEF1060F14D9033B4FF0FF3E56
:101920000EFA0CFC21EA0C0199400EFA03F322EAAC
:1019300003031943002807DB0901C9B2074B1954F7
:101940005DF804FB0023E9E700F00F000901C9B2CC
:10195000034B1954F4E700BF00ED00E000E400E0A1
:1019600014ED00E0002807DB00F01F02400901230E
:101970009340024A42F82030704700BF00E100E087
:10198000BFF35F8F044B5A6A22F480325A620022FE
:10199000C3F89420704700BF00ED00E040F0010064
:1019A000054BC3F894005A6A42F480325A62BFF37E
:1019B0004F8FBFF36F8F704700ED00E04378144AFC
:1019C000C2F89830D2F8A03023F00103C2F8A0305A
:1019D0004368C2F89C30017BC37A1B0643EA01735B
:1019E000817A43EAC143417B43EA8143817B43EAF5
:1019F0004143C17B43EA0143417A43EA0123017A2F
:101A000043EA410301780B43C2F8A030704700BF9E
:101A100000ED00E0002800F0398338B50446036883
:101A200013F0010F25D0944A136903F03803926A2A
:101A3000102B15D0182B0FD06368B3F5803F3FD023
:101A4000002B53D18C4B1A6822F480321A601A682A
:101A500022F480221A6038E002F00302022AEBD15D
:101A6000854B1B6813F4003F03D06368002B00F024
:101A70000F83236813F0020F00F0A1807E4A1369E0
:101A8000926A13F038035AD0182B55D0E368002B14
:101A900000F0DE8078490A6822F0190213430B60D7
:101AA00003F080FD0546744B1B6813F0040F40F0F3
:101AB000AD8003F077FD401B0228F4D90320EEE24D
:101AC0006D4A136843F48033136063682BB303F0EB
:101AD00069FD0546684B1B6813F4003FC9D103F04C
:101AE00061FD401B6428F5D90320D8E2B3F5A02F8F
:101AF00009D0614B1A6822F480321A601A6822F405
:101B000080221A60E1E75C4B1A6842F480221A6076
:101B10001A6842F480321A60D7E703F043FD0546A5
:101B2000554B1B6813F4003FA3D003F03BFD401B53
:101B30006428F5D90320B2E212F0030FA6D14E4B70
:101B40001B6813F0040F03D0E368002B00F0A2829F
:101B5000494A136823F01903E1680B43136003F04B
:101B600021FD0546444B1B6813F0040F06D103F01A
:101B700019FD401B0228F5D9032090E203F02CFD4B
:101B800041F20303984212D82269402A07D03A4909
:101B90004B6823F47C3343EA02334B600FE0364A50
:101BA000536823F47C3343F40033536007E0324A34
:101BB000536823F0FE43216943EA016353602368BD
:101BC00013F0100F00F088802B4A136903F03803DC
:101BD000926A082B56D0182B50D0E369002B00F0E6
:101BE000B880254A136843F08003136003F0DAFCE1
:101BF0000546214B1B6813F4807F40F0888003F07A
:101C0000D1FC401B0228F4D9032048E203F0E4FC95
:101C100041F20303984212D82269402A07D016499C
:101C20004B6823F47C3343EA02334B60C7E7124A24
:101C3000536823F47C3343F400335360BFE70E4A08
:101C4000536823F0FE43216943EA01635360B6E71A
:101C5000094A136823F00103136003F0A3FC05464F
:101C6000054B1B6813F0040FA9D003F09BFC401B2D
:101C70000228F5D9032012E20044025802F00302C0
:101C8000012AAAD1A14B1B6813F4807F03D0E3691A
:101C9000802B40F0018203F09FFC41F20303984245
:101CA00012D8226A202A07D098494B6823F0F843BB
:101CB00043EA82634B600FE0944A536823F0F84391
:101CC00043F08043536007E0904AD36823F07C538D
:101CD000216A43EA0163D360236813F0080F60D0E0
:101CE0006369002B49D0894A536F43F0010353675E
:101CF00003F058FC0546854B5B6F13F0020F50D183
:101D000003F050FC401B0228F5D90320C7E103F083
:101D100063FC41F20303984212D8226A202A07D0BA
:101D20007A494B6823F0F84343EA82634B60D3E778
:101D3000764A536823F0F84343F080435360CBE77F
:101D4000724AD36823F07C53216A43EA0163D3606B
:101D5000C2E76E4A136823F08003136003F022FC8D
:101D600005466A4B1B6813F4807FB5D003F01AFC5C
:101D7000401B0228F5D9032091E1644A536F23F0F8
:101D80000103536703F00EFC0546604B5B6F13F0D5
:101D9000020F06D003F006FC401B0228F5D90320F1
:101DA0007DE1236813F0200F29D0A3699BB1574A26
:101DB000136843F48053136003F0F4FB0546534B60
:101DC0001B6813F4005F1AD103F0ECFB401B0228E0
:101DD000F5D9032063E14D4A136823F4805313605F
:101DE00003F0E0FB0546494B1B6813F4005F06D087
:101DF00003F0D8FB401B0228F5D903204FE12368EC
:101E000013F0040F21D1636A002B00F047813F4A91
:101E1000126902F03802182A00F0EE80022B79D005
:101E20003A4A136823F08073136003F0BBFB044647
:101E3000364B1B6813F0007F00F0DC8003F0B2FB30
:101E4000001B0228F4D9032029E1314A136843F426
:101E50008073136003F0A6FB05462D4B1B6813F43B
:101E6000807F06D103F09EFB401B6428F5D9032038
:101E700015E1A368012B0AD00BBB244B1A6F22F08B
:101E800001021A671A6F22F004021A6704E01F4A5F
:101E9000136F43F001031367A36833B303F082FBAE
:101EA00005461A4B1B6F13F0020FACD103F07AFBFF
:101EB000401B41F288339842F3D90320EFE0052B11
:101EC00009D0124B1A6F22F001021A671A6F22F022
:101ED00004021A67E0E70D4B1A6F42F004021A671A
:101EE0001A6F42F001021A67D6E703F05BFB054662
:101EF000064B1B6F13F0020F85D003F053FB401B02
:101F000041F288339842F3D90320C8E000440258D4
:101F100000480258694A136823F08073136003F085
:101F200041FB0546654B1B6813F0007F06D003F0AC
:101F300039FB401B0228F5D90320B0E05F4B996ABA
:101F40005F4A0A40A16AE06A41EA00110A439A62C4
:101F5000226B013AC2F30802616B0139490289B26E
:101F60000A43A16B0139090401F4FE010A43E16B44
:101F70000139090601F0FE410A431A63DA6A22F0C8
:101F80000102DA62596B4F4A0A40A16C42EAC1026F
:101F90005A63DA6A22F00C02216C0A43DA62DA6AC6
:101FA00022F00202616C0A43DA62DA6A42F4803299
:101FB000DA62DA6A42F40032DA62DA6A42F48022E1
:101FC000DA62DA6A42F00102DA621A6842F080727A
:101FD0001A6003F0E7FA0446384B1B6813F0007FE1
:101FE00006D103F0DFFA001B0228F5D9032056E0E2
:101FF000002054E0002052E0304A916A106B012B1F
:102000004ED001F00303A26A93424BD1C1F30511F4
:10201000E36A994248D1C0F30802236B013B9A421C
:1020200044D1C0F34622636B013B9A4240D1C0F3D6
:102030000642A36B013B9A423CD1C0F30660E36BBE
:10204000013B984238D11D4B5B6BC3F3CC03A26CB0
:102050009A4201D1002022E0184AD36A23F00103FA
:10206000D36203F09FFA054603F09CFAA842FBD026
:10207000124A516B134B0B40A16C43EAC1035363EB
:10208000D36A43F00103D362002008E001207047C7
:10209000012004E0012002E0012000E0002038BD22
:1020A0000120FCE70120FAE70120F8E70120F6E72C
:1020B0000120F4E70120F2E70120F0E70044025894
:1020C0000CFCFFFF0700FFFF744B1B6903F0380394
:1020D000102B00F0DE80182B10D00BB17048704729
:1020E0006E4B1B6813F0200F00F0D5806B4B186807
:1020F000C0F3C1006B4B23FA00F0704710B4674A7D
:10210000916A01F00301946AC4F30510D36A03F0E5
:10211000010C536BC3F3CC030CFB03F307EE903AB3
:10212000F8EE677A14F47C7F00F09380012965D083
:10213000022900F09180E1B107EE100AF8EE476A3B
:102140009FED596A86EE267A544B1B6BC3F3080346
:1021500006EE903AF8EE666A9FED546A67EE867A6C
:1021600076EEA77AF7EE006A77EEA67A27EE277A60
:1021700060E0136813F0200F23D011461268C2F3F9
:10218000C102484BD34007EE103AF8EE476A07EE1B
:10219000100AB8EE476A86EE867A0B6BC3F3080323
:1021A00006EE903AF8EE666A9FED406A67EE867A30
:1021B00076EEA77AF7EE006A77EEA67A27EE277A10
:1021C00038E007EE100AF8EE476A9FED396A86EEAE
:1021D000267A324B1B6BC3F3080306EE903AF8EEF7
:1021E000666A9FED326A67EE867A76EEA77AF7EE38
:1021F000006A77EEA67A27EE277A1BE007EE100A30
:10220000F8EE476A9FED286A86EE267A234B1B6B11
:10221000C3F3080306EE903AF8EE666A9FED236A70
:1022200067EE867A76EEA77AF7EE006A77EEA67A00
:1022300027EE277A194B1B6BC3F34623013307EEB6
:10224000903AF8EE677AC7EE276AFCEEE67A17EE68
:10225000900A5DF8044B704707EE100AF8EE476AE3
:102260009FED146A86EE267A0C4B1B6BC3F30803B2
:1022700006EE903AF8EE666A9FED0C6A67EE867A93
:1022800076EEA77AF7EE006A77EEA67A27EE277A3F
:10229000D0E7094870470348704700BF0044025820
:1022A00000093D000090D0030024744A000000396A
:1022B0000024744C20BCBE4B40787D01002800F007
:1022C000328170B50D4604469B4B1B6803F00F032B
:1022D0008B420BD2984A136823F00F030B43136011
:1022E000136803F00F038B4240F01F81236813F043
:1022F000040F0CD02269914B9B6903F070039A4242
:1023000005D98E498B6923F070031A438A612368CB
:1023100013F0080F0CD06269884BDB6903F070037F
:102320009A4205D98549CB6923F070031A43CA61E3
:10233000236813F0100F0CD0A269804BDB6903F403
:10234000E0639A4205D97D49CB6923F4E0631A43DF
:10235000CA61236813F0200F0CD0E269774B1B6A27
:1023600003F070039A4205D974490B6A23F0700395
:102370001A430A62236813F0020F0CD0E2686F4B15
:102380009B6903F00F039A4205D96C498B6923F0CE
:102390000F031A438A61236813F0010F41D0674A83
:1023A000936923F47063A1680B4393616368022B04
:1023B0000AD0032B27D0012B2CD0604A126812F0D0
:1023C000040F06D10120ADE0126812F4003F00F0C6
:1023D000AE805A490A6922F0070213430B6103F0E9
:1023E000E1F80646554B1B6903F038036268B3EB0E
:1023F000C20F16D003F0D6F8801B41F28833984202
:10240000F0D903208EE04D4A126812F0007FE0D12F
:10241000012087E0494A126812F4807FD9D1012057
:1024200080E0236813F0020F0CD0E268434B9B69F5
:1024300003F00F039A4205D240498B6923F00F0342
:102440001A438A613C4B1B6803F00F03AB420AD965
:10245000394A136823F00F032B431360136803F00A
:102460000F03AB4265D1236813F0040F0CD022692F
:10247000324B9B6903F070039A4205D22F498B6956
:1024800023F070031A438A61236813F0080F0CD0FD
:1024900062692A4BDB6903F070039A4205D227492F
:1024A000CB6923F070031A43CA61236813F0100F3D
:1024B0000CD0A269214BDB6903F4E0639A4205D298
:1024C0001E49CB6923F4E0631A43CA61236813F001
:1024D000200F0CD0E269194B1B6A03F070039A427B
:1024E00005D216490B6A23F070031A430A62FFF7FC
:1024F000EBFD12498B69C3F30323114AD35C03F04C
:102500001F03D8408B6903F00F03D35C03F01F0354
:1025100020FA03F30B4A13600B4B18600B4B18683F
:1025200006F0D6FB70BD012070470120FAE70120BC
:10253000F8E70120F6E700BF0020005200440258EF
:10254000ACD800080C000020080000200400002087
:1025500008B5FFF7B9FD0B4A9369C3F303230A4992
:10256000CB5C03F01F0320FA03F3926902F00F0221
:10257000885C00F01F0023FA00F0044A1060044A4F
:10258000136008BD00440258ACD800080C000020BD
:102590000800002008B5FFF7DBFF054BDB69C3F33C
:1025A0000213044AD35C03F01F03D84008BD00BFE8
:1025B00000440258ACD8000808B5FFF7C9FF054B26
:1025C000DB69C3F30223044AD35C03F01F03D84042
:1025D00008BD00BF00440258ACD800083F23036088
:1025E000114B1A6902F0070242609A6902F47062A4
:1025F00082609A6902F00F02C2609A6902F070026A
:102600000261DA6902F070024261DA6902F4E062A2
:1026100082611B6A03F07003C361044B1B6803F003
:102620000F030B60704700BF0044025800200052A7
:10263000404B9B6A03F00303032B79D070B505462A
:102640000E463C4A136823F08063136002F0AAFF31
:102650000446384B1B6813F0006F06D002F0A2FF4F
:10266000031B022BF5D9032070BD324B9A6A22F46A
:102670007C32296842EA01329A626A68013AC2F3FE
:102680000802A9680139490289B20A43E968013997
:10269000090401F4FE010A4329690139090601F020
:1026A000FE410A439A63DA6A22F0C00269690A436A
:1026B000DA62DA6A22F02002A9690A43DA62DA6A87
:1026C00022F01002DA62D96B1B4A0A40E96942EA39
:1026D000C102DA63DA6A42F01002DA62C6B91A4657
:1026E000DB6A43F40023D362124A136843F0806329
:1026F000136002F057FF04460E4B1B6813F0006F87
:1027000014D102F04FFF001B0228F5D90320ABE7DC
:10271000012E05D0074AD36A43F40013D362E3E7DE
:10272000044AD36A43F48013D362DDE700209BE7B9
:1027300001207047004402580700FFFF404B9B6A8E
:1027400003F00303032B79D070B505460E463C4ACF
:10275000136823F08053136002F024FF0446384BC3
:102760001B6813F0005F06D002F01CFF031B022B56
:10277000F5D9032070BD324B9A6A22F07C72296829
:1027800042EA01529A626A68013AC2F30802A968F1
:102790000139490289B20A43E9680139090401F49F
:1027A000FE010A4329690139090601F0FE410A4385
:1027B0001A64DA6A22F4406269690A43DA62DA6A00
:1027C00022F40072A9690A43DA62DA6A22F480729A
:1027D000DA62596C1B4A0A40E96942EAC1025A644A
:1027E000DA6A42F48072DA62C6B91A46DB6A43F4E6
:1027F0008003D362124A136843F08053136002F0DF
:10280000D1FE04460E4B1B6813F0005F14D102F09A
:10281000C9FE001B0228F5D90320ABE7012E05D025
:10282000074AD36A43F08073D362E3E7044AD36A6A
:1028300043F40003D362DDE700209BE701207047EB
:10284000004402580700FFFFF8B50446036813F080
:10285000006F30D0836EB3F5001F26D00ED8EBB1D9
:10286000B3F5801F07D102210830FFF7E1FE0546CE
:1028700045B12E4621E0012635461EE0B3F5401F46
:1028800009D10025984A136D23F44013A16E0B4320
:102890001365002611E0012635460EE0924AD36A00
:1028A00043F40033D3620025ECE702212830FFF720
:1028B00045FF0546DCE700263546236813F4807F94
:1028C00014D0A36D042B32D8DFE803F003232A08C9
:1028D0000800854AD36A43F40033D36255BB824A69
:1028E000136D23F00703A16D0B431365236813F4E5
:1028F000007F31D0E36D802B4CD020D8002B43D00B
:10290000402B19D1002104F10800FFF791FE054684
:102910001AE0002104F10800FFF78AFE0546DDE712
:10292000002104F12800FFF709FF0546D6E701263C
:102930003546DBE72E46D9E7012635460CE0C02BAD
:1029400002D0B3F5807F1CD15DBB674A136D23F4C1
:10295000E073E16D0B431365236813F4806F46D079
:10296000D4F8A830B3F5800F39D01FD88BB3B3F5A6
:10297000001F18D1002104F10800FFF759FE054699
:102980001AE001263546E7E7574AD36A43F4003395
:10299000D362D9E7002104F12800FFF7CFFE0546F6
:1029A000D2E72E46D8E70126354620E0B3F5C00F22
:1029B00002D0B3F5000F09D1C5B94B4A936D23F48A
:1029C0006003D4F8A8100B43936510E00126354648
:1029D0000DE0454AD36A43F40033D362ECE70021AB
:1029E00004F12800FFF7AAFE0546E5E72E46236816
:1029F00013F4006F24D0D4F8AC30B3F1007F42D090
:102A00000ED8002B39D0B3F1807F06D1002104F11C
:102A10000800FFF70DFE054608E0012635460FE0E9
:102A2000B3F1407F02D0B3F1806F23D1002D31D1BB
:102A30002D4A936D23F0E063D4F8AC100B439365FB
:102A4000236813F0007F2ED0E36C202B40D026D8D3
:102A500033B1102B20D1244AD36A43F40033D3621C
:102A6000002D3CD1204AD36C23F03003E16C0B43A2
:102A7000D36418E001263546E2E71B4AD36A43F4E3
:102A80000033D362D2E7002104F12800FFF756FE9D
:102A90000546CBE72E46D3E70126354603E0302B2B
:102AA000DED001263546236813F4805F2DD0236ED7
:102AB000B3F5005F4FD019D8002B46D0B3F5805F37
:102AC0000FD1002104F10800FFF7B2FD054613E025
:102AD000022104F10800FFF7ABFD0546C0E72E46D2
:102AE000E1E70126354610E000440258B3F5405FA7
:102AF00002D0B3F5804F25D1002D33D1774A136D25
:102B000023F4E043216E0B431365236813F4005F45
:102B100038D0636EB3F5003F53D028D843B1B3F536
:102B2000803F21D1012104F10800FFF781FD054616
:102B3000002D4DD1694A136D23F4E023616E0B43E0
:102B400013651FE001263546DFE7644AD36A43F484
:102B50000033D362D0E7002104F12800FFF7EEFD37
:102B60000546C9E72E46D0E7012635460AE0B3F50B
:102B7000802FDDD0B3F5A02FDAD0B3F5403FD7D00A
:102B800001263546236813F4804F31D0D4F8B03095
:102B9000B3F1005F45D020D843B1B3F1805F19D1C4
:102BA000012104F10800FFF743FD0546002D3FD148
:102BB0004A4A936D23F0E043D4F8B0100B43936579
:102BC00016E0012104F12800FFF7B8FD0546AFE744
:102BD0002E46D7E7012635460AE0B3F1804FE5D00F
:102BE000B3F1A04FE2D0B3F1405FDFD0012635460C
:102BF000236813F4004F09D0236FB3F1805F19D01D
:102C0000B3F1005F24D0D3B101263546236813F019
:102C1000807F33D0A36C032B5BD8DFE803F027223F
:102C20005327012104F12800FFF788FD0546BDE781
:102C30002E46DDE7294AD36A43F40033D36275B9DF
:102C4000264A136D23F04053216F0B431365DDE7D4
:102C5000012104F10800FFF7EBFC0546EFE72E46E3
:102C6000D4E71E4AD36A43F40033D362A5BB1B4AA0
:102C7000D36C23F00303A16C0B43D364236813F4D8
:102C8000800F2DD1236813F0010F00F0A580E36FB2
:102C9000282B00F29F80DFE803F08D9D9D9D9D9D78
:102CA0009D9D879D9D9D9D9D9D9D969D9D9D9D9D71
:102CB0009D9D8D9D9D9D9D9D9D9D8D9D9D9D9D9D64
:102CC0009D9D8D00022104F10800FFF7B1FC05462F
:102CD000CCE701263546D1E72E46CFE7004402581F
:102CE000914A136843F48073136002F05BFC07465B
:102CF0008D4B1B6813F4807F05D102F053FCC01B81
:102D00006428F5D90325002D4AD1884B1B6FD4F8D0
:102D1000B420534013F4407F0CD0844B1A6F22F43C
:102D20004072196F41F480311967196F21F48031B5
:102D300019671A67D4F8B430B3F5807F15D08DBB0E
:102D4000D4F8B43003F44072B2F5407F1ED0774A15
:102D5000136923F47C53136174490B6FD4F8B420C6
:102D6000C2F30B0213430B678CE702F01BFC074610
:102D70006E4B1B6F13F0020FE1D102F013FCC01B6E
:102D800041F288339842F3D90325D8E767480269AE
:102D900022F47C52664901EA131313430361DBE713
:102DA0002E466FE72E466DE7012104F10800FFF77C
:102DB0003FFC0546E5B95D4A536D23F03803E16FEA
:102DC0000B43536508E0012104F12800FFF7B6FC2E
:102DD0000546EFE701263546236813F0020F17D0AA
:102DE000A36F052B28D8DFE803F00B05200B0B0B96
:102DF0002E46F1E7012104F10800FFF719FC054612
:102E0000EDB94A4A536D23F00703A16F0B43536595
:102E1000236813F0040F23D0D4F89430052B45D841
:102E2000DFE803F0150F3D151515012104F1280009
:102E3000FFF784FC0546E3E701263546E8E72E4622
:102E4000E6E7012104F10800FFF7F2FB054685BB28
:102E5000364A936D23F00703D4F894100B4393651F
:102E6000236813F0200F34D0D4F89030B3F1005F12
:102E70004ED023D843B1B3F1805F1CD1002104F1BF
:102E80000800FFF7D5FB0546002D48D1274A536DB2
:102E900023F0E043D4F890100B43536519E001216F
:102EA00004F12800FFF74AFC0546D0E70126354625
:102EB000D6E72E46D4E7012635460AE0B3F1804F27
:102EC000E2D0B3F1A04FDFD0B3F1405FDCD00126F8
:102ED0003546236813F0400F37D0D4F89C30B3F553
:102EE000006F53D026D843B1B3F5806F19D10021BC
:102EF00004F10800FFF79CFB0546002D4DD10B4A5D
:102F0000936D23F4E053D4F89C100B4393651CE0BD
:102F1000022104F12800FFF711FC0546B4E72E4614
:102F2000D7E70126354610E0004802580044025811
:102F3000CFFFFF00B3F5805FDFD0B3F5A05FDCD03B
:102F4000B3F5406FD9D001263546236813F0800FC2
:102F500033D0D4F8A030B3F5804F00F0A38021D84F
:102F600043B1B3F5005F1AD1002104F10800FFF767
:102F70005FFB0546002D40F09C80814A936D23F451
:102F80006043D4F8A0100B43936516E0022104F1CE
:102F90002800FFF7D3FB0546AFE72E46D5E701260D
:102FA00035460AE0B3F5004FE4D0B3F5204FE1D049
:102FB000B3F5C04FDED001263546236813F0080F65
:102FC0000CD0D4F88430B3F5805F74D06C4A536D64
:102FD00023F44053D4F884100B435365236813F053
:102FE000100F0CD0D4F89830B3F5807F6CD0644AC1
:102FF000936D23F44073D4F898100B4393652368C2
:1030000013F4002F0BD0D4F8A430B3F5803F74D064
:10301000B3F5003F67D0002B5FD00126354623680B
:1030200013F4802F0CD0D4F88830B3F5001F7CD077
:10303000B3F5401F6FD0B3F5801F67D0012635462A
:10304000236813F4803F08D0236D002B76D0B3F5AE
:10305000803F00F0818001263546236813F0005F31
:1030600040F08380236813F4003F00F08E80D4F892
:103070008030B3F5807F00F0EC8040F28380B3F5C0
:10308000007F03D0B3F5407F40F0E180002D40F099
:10309000E6803B4A536D23F44073D4F880100B4311
:1030A000536572E0022104F12800FFF747FB054653
:1030B00060E72E4681E7022104F12800FFF73EFB7E
:1030C000002883D0012681E7022104F12800FFF7C0
:1030D00035FB00288BD0012689E7002104F1080088
:1030E000FFF7A6FA05467DB9254A936D23F44033D0
:1030F000D4F8A4100B43936591E7022104F1280052
:10310000FFF71CFB0546EEE72E4688E71C4AD36A0C
:1031100043F40033D3627DB9194A536D23F440134D
:10312000D4F888100B4353658AE7012104F1280085
:10313000FFF704FB0546EEE72E4681E7104AD36A07
:1031400043F40033D36275B90D4AD36C23F4803352
:10315000216D0B43D36480E7022104F10800FFF7DF
:1031600067FA0546EFE72E4677E7022104F12800CB
:10317000FFF7E4FA00283FF475AF012672E700BFBD
:1031800000440258002B81D00126236813F4801FCD
:1031900006D04F4A136D23F00043616F0B43136554
:1031A000236813F0805F07D0494A136923F48043F2
:1031B000D4F8B8100B431361236813F4001F06D032
:1031C000434A136D23F08073E16E0B43136523684C
:1031D00013F0804F09D03E4B1A6922F400421A6165
:1031E0001A69D4F8BC100A431A612368002B06DA66
:1031F000374AD36C23F04053616D0B43D36423688B
:1032000013F4000F07D0324A536D23F44003D4F86F
:103210008C100B435365636813F0010F21D1636871
:1032200013F0020F26D1636813F0040F2BD16368EB
:1032300013F0080F30D1636813F0100F35D16368B5
:1032400013F0200F3AD106B101263046F8BD012611
:103250009BE71F4AD36A43F40033D36216E72E4636
:1032600093E7002104F10800FFF7E2F90028D6D027
:103270000646D4E7012104F10800FFF7D9F9002838
:10328000D1D00646CFE7022104F10800FFF7D0F9BC
:103290000028CCD00646CAE7002104F12800FFF739
:1032A0004DFA0028C7D00646C5E7012104F12800E1
:1032B000FFF744FA0028C2D00646C0E7022104F115
:1032C0002800FFF73BFA0028BDD00646BBE700BF49
:1032D0000044025808B5FFF73BF9054B1B6AC3F3DE
:1032E0000213044AD35C03F01F03D84008BD00BF9B
:1032F00000440258ACD8000810B5774A916A946A25
:10330000C4F3053ED36AC3F3001CD36BC3F3CC03F1
:103310000CFB03F314F47C3F00F0D88001F00301B0
:1033200007EE903AF8EE677A012965D0022900F09D
:10333000B080E1B107EE10EAB8EE477A9FED676A18
:10334000C6EE076A644B9B6BC3F3080307EE103AA3
:10335000B8EE477A9FED626A67EE867A77EE277A53
:10336000B7EE007A77EE877A66EEA76A60E01368B8
:1033700013F0200F23D011461268C2F3C102594B3B
:10338000D34007EE103AB8EE477A06EE90EAB8EE70
:10339000666AC7EE066A8B6BC3F3080307EE103A42
:1033A000B8EE477A9FED4E6A67EE867A77EE277A17
:1033B000B7EE007A77EE877A66EEA76A38E007EE16
:1033C00010EAB8EE477A9FED486AC6EE076A424BAC
:1033D0009B6BC3F3080307EE103AB8EE477A9FEDF4
:1033E000406A67EE867A77EE277AB7EE007A77EE54
:1033F000877A66EEA76A1BE007EE10EAB8EE477A16
:103400009FED366AC6EE076A334B9B6BC3F3080326
:1034100007EE103AB8EE477A9FED316A67EE867A8A
:1034200077EE277AB7EE007A77EE877A66EEA76AAC
:10343000294A936BC3F3462307EE103AB8EE477A56
:10344000B7EE006A37EE067AC6EE877AFCEEE77AC8
:10345000C0ED007A936BC3F3064307EE103AB8EE63
:10346000477A37EE067AC6EE877AFCEEE77AC0ED49
:10347000017A936BC3F3066307EE903AF8EE677A2E
:1034800077EE867A86EEA77ABCEEC77A80ED027A6E
:1034900010BD07EE10EAB8EE477A9FED146AC6EE4B
:1034A000076A0D4B9B6BC3F3080307EE103AB8EEA7
:1034B000477A9FED0B6A67EE867A77EE277AB7EE4A
:1034C000007A77EE877A66EEA76AB1E70023036099
:1034D00043608360DCE700BF004402580024744A64
:1034E000000000390090D0030024744C20BCBE4B77
:1034F00010B5774A916A946AC4F3055ED36AC3F340
:10350000002C536CC3F3CC030CFB03F314F07C7F4F
:1035100000F0D88001F0030107EE903AF8EE677AE8
:10352000012965D0022900F0B080E1B107EE10EA70
:10353000B8EE477A9FED676AC6EE076A644B1B6C6C
:10354000C3F3080307EE103AB8EE477A9FED626ABC
:1035500067EE867A77EE277AB7EE007A77EE877A8B
:1035600066EEA76A60E0136813F0200F23D01146BF
:103570001268C2F3C102594BD34007EE103AB8EEBD
:10358000477A06EE90EAB8EE666AC7EE066A0B6CFA
:10359000C3F3080307EE103AB8EE477A9FED4E6A80
:1035A00067EE867A77EE277AB7EE007A77EE877A3B
:1035B00066EEA76A38E007EE10EAB8EE477A9FEDAC
:1035C000486AC6EE076A424B1B6CC3F3080307EE5A
:1035D000103AB8EE477A9FED406A67EE867A77EE4A
:1035E000277AB7EE007A77EE877A66EEA76A1BE055
:1035F00007EE10EAB8EE477A9FED366AC6EE076A24
:10360000334B1B6CC3F3080307EE103AB8EE477A4E
:103610009FED316A67EE867A77EE277AB7EE007A09
:1036200077EE877A66EEA76A294A136CC3F34623BE
:1036300007EE103AB8EE477AB7EE006A37EE067A30
:10364000C6EE877AFCEEE77AC0ED007A136CC3F31E
:10365000064307EE103AB8EE477A37EE067AC6EE22
:10366000877AFCEEE77AC0ED017A136CC3F3066348
:1036700007EE903AF8EE677A77EE867A86EEA77ACA
:10368000BCEEC77A80ED027A10BD07EE10EAB8EE04
:10369000477A9FED146AC6EE076A0D4B1B6CC3F3A5
:1036A000080307EE103AB8EE477A9FED0B6A67EE13
:1036B000867A77EE277AB7EE007A77EE877A66EE2B
:1036C000A76AB1E70023036043608360DCE700BFC3
:1036D000004402580024744A000000390090D003CE
:1036E0000024744C20BCBE4B10B5774A916A946A92
:1036F000C4F3051ED36A03F0010C536BC3F3CC0370
:103700000CFB03F314F47C7F00F0D88001F003017C
:1037100007EE903AF8EE677A012965D0022900F0A9
:10372000B080E1B107EE10EAB8EE477A9FED676A24
:10373000C6EE076A644B1B6BC3F3080307EE103A2F
:10374000B8EE477A9FED626A67EE867A77EE277A5F
:10375000B7EE007A77EE877A66EEA76A60E01368C4
:1037600013F0200F23D011461268C2F3C102594B47
:10377000D34007EE103AB8EE477A06EE90EAB8EE7C
:10378000666AC7EE066A0B6BC3F3080307EE103ACE
:10379000B8EE477A9FED4E6A67EE867A77EE277A23
:1037A000B7EE007A77EE877A66EEA76A38E007EE22
:1037B00010EAB8EE477A9FED456AC6EE076A424BBB
:1037C0001B6BC3F3080307EE103AB8EE477A9FED80
:1037D000406A67EE867A77EE277AB7EE007A77EE60
:1037E000877A66EEA76A1BE007EE10EAB8EE477A22
:1037F0009FED396AC6EE076A334B1B6BC3F30803B0
:1038000007EE103AB8EE477A9FED316A67EE867A96
:1038100077EE277AB7EE007A77EE877A66EEA76AB8
:10382000294A136BC3F3462307EE103AB8EE477AE2
:10383000B7EE006A37EE067AC6EE877AFCEEE77AD4
:10384000C0ED007A136BC3F3064307EE103AB8EEEF
:10385000477A37EE067AC6EE877AFCEEE77AC0ED55
:10386000017A136BC3F3066307EE903AF8EE677ABA
:1038700077EE867A86EEA77ABCEEC77A80ED027A7A
:1038800010BD07EE10EAB8EE477A9FED146AC6EE57
:10389000076A0D4B1B6BC3F3080307EE103AB8EE33
:1038A000477A9FED0B6A67EE867A77EE277AB7EE56
:1038B000007A77EE877A66EEA76AB1E700230360A5
:1038C00043608360DCE700BF004402580024744C6E
:1038D000000000390090D0030024744A20BCBE4B85
:1038E00000B58BB0A0F580730B432ED0A0F500730C
:1038F0000B437ED0A0F580630B4300F0D480A0F58D
:1039000000630B4300F02C81A0F580530B4300F0C3
:103910008B81A0F500530B4300F0E381A0F5002359
:103920000B4300F02C82A0F580330B4300F06F8234
:10393000A0F580430B4300F09082A0F5004050EAD0
:10394000010300F0D382002001E3954B1B6D03F0CF
:103950000703042B00F2F282DFE803F005101B03DB
:1039600026009048F3E28E4B186810F0007000F0CB
:10397000EE8207A8FFF7B8FE0898E8E2884B1868BF
:1039800010F0006000F0E38204A8FFF7B5FC049893
:10399000DDE2834B186810F0005000F0D88201A8D7
:1039A000FFF7A6FD0198D2E27D4AD36C03F04053A5
:1039B000126812F0040F07D033B9794B1B68C3F3B8
:1039C000C1037948D840C2E2754A126812F4807F78
:1039D00003D0B3F1805F00F0B382714A126812F431
:1039E000003F00F0AF82B3F1005F00F0AD82002035
:1039F000ADE26B4B1B6D03F4E073802B33D015D914
:103A0000C02B00F0A382B3F5807F1FD1644AD36C32
:103A100003F04053126812F0040F2FD073BB604BB9
:103A20001B68C3F3C1036048D84090E283B1402BC8
:103A30000AD15B4B186810F0006000F0888204A87F
:103A4000FFF75AFC049882E2002080E200207EE228
:103A5000534B186810F0007000F0798207A8FFF748
:103A600043FE089873E24E4B186810F0005000F0C7
:103A70006E8201A8FFF73CFD019868E2484A12688F
:103A800012F4807F03D0B3F1805F00F06382444A78
:103A9000126812F4003F00F05F82B3F1005F00F0A3
:103AA0005D82002053E23E4B9B6D03F46003B3F54F
:103AB000800F35D016D9B3F5C00F00F05182B3F5A1
:103AC000000F20D1364AD36C03F04053126812F035
:103AD000040F30D07BBB324B1B68C3F3C1033248A9
:103AE000D84034E28BB1B3F5001F0AD12C4B1868D3
:103AF00010F0006000F02B8204A8FFF7FDFB049893
:103B000025E2002023E2002021E2254B186810F076
:103B1000007000F01C8207A8FFF7E6FD089816E287
:103B20001F4B186810F0005000F0118201A8FFF739
:103B3000DFFC01980BE21A4A126812F4807F03D06E
:103B4000B3F1805F00F00E82154A126812F4003F54
:103B500000F00A82B3F1005F00F008820020F6E175
:103B60000F4B9B6D03F0E063B3F1007F3CD01DD998
:103B7000B3F1407F00F0FC81B3F1806F27D1084A98
:103B8000D36C03F04053126812F0040F37D0002BAF
:103B900035D1034B1B68C3F3C1030348D840D6E1BA
:103BA000004402580080BB000090D0038BB1B3F1F9
:103BB000807F0AD19A4B186810F0006000F0C7812E
:103BC00004A8FFF799FB0498C1E10020BFE10020A1
:103BD000BDE1934B186810F0007000F0B88107A8A1
:103BE000FFF782FD0898B2E18D4B186810F0005085
:103BF00000F0AD8101A8FFF77BFC0198A7E1884A9E
:103C0000126812F4807F03D0B3F1805F00F0B281BC
:103C1000834A126812F4003F00F0AE81B3F1005FF6
:103C200000F0AC81002092E17D4B1B6D03F4E0437A
:103C3000B3F5005F35D016D9B3F5405F00F0A08131
:103C4000B3F5804F20D1764AD36C03F0405312680D
:103C500012F0040F30D07BBB714B1B68C3F3C10360
:103C60007048D84073E18BB1B3F5805F0AD16C4BDB
:103C7000186810F0006000F06A8104A8FFF73CFBB0
:103C8000049864E1002062E1002060E1644B186860
:103C900010F0007000F05B8107A8FFF725FD089881
:103CA00055E15F4B186810F0005000F0508101A8FA
:103CB000FFF71EFC01984AE1594A126812F4807F0E
:103CC00003D0B3F1805F00F05D81554A126812F4B1
:103CD000003F00F05981B3F1005F00F057810020F0
:103CE00035E14F4B1B6D03F4E023B3F5403F32D079
:103CF00016D8B3F5803F23D0B3F5003F0AD1484B27
:103D0000186810F0005000F0228101A8FFF7F0FBC6
:103D100002981CE113B9FEF73DFC18E1002016E102
:103D2000B3F5802F23D0B3F5A02F07D13C4B1868F3
:103D300010F4003000F00B813B4808E1002006E160
:103D4000374B186810F0006000F0018104A8FFF7FD
:103D5000D3FA0598FBE0324B186810F0040000F02D
:103D6000F6801B68C3F3C1032E48D840EFE02C4B0C
:103D7000186810F4807000F0EA802C48E7E0284BC7
:103D80009B6D03F44033B3F5803F10D0B3F5003F93
:103D900018D00BB10020DAE0214B186810F0006059
:103DA00000F0D58004A8FFF7A7FA0498CFE01C4BD9
:103DB000186810F0005000F0CA8001A8FFF798FBC7
:103DC0000398C4E0164AD36C03F04053126812F013
:103DD000040F07D033B9124B1B68C3F3C10311485A
:103DE000D840B4E00E4A126812F4807F03D0B3F1D9
:103DF000805F00F0CD800A4A126812F4003F00F0A4
:103E0000C980B3F1005F00F0C78000209FE0044B41
:103E1000DB6C13F480330BD0ABB9002097E000BF0C
:103E2000004402580090D00340787D0100093D0015
:103E30005A4B186810F0007000F0898007A8FFF74F
:103E400053FC089883E0554B186810F000607ED052
:103E500004A8FFF751FA069879E0504B9B6D03F0E8
:103E6000E043B3F1405F2FD015D8B3F1805F21D08C
:103E7000B3F1005F09D1494B186810F0005066D0CB
:103E800001A8FFF735FB029861E013B9FFF722FAAA
:103E90005DE000205BE0B3F1804F20D0B3F1A04F94
:103EA00006D13E4B186810F4003050D03C484EE02C
:103EB00000204CE0394B186810F0006047D004A88F
:103EC000FFF71AFA059842E0344B186810F0040026
:103ED0003DD01B68C3F3C1033248D84037E02F4BB5
:103EE000186810F4807032D02F4830E02B4B1B6DD7
:103EF00003F04053B3F1805F0CD0B3F1005F13D0F7
:103F00000BB1002023E0254B186810F400301ED0C0
:103F100023481CE0214B186810F0007017D007A848
:103F2000FFF7E2FB089812E01C4B186810F00060E5
:103F30000DD004A8FFF7E0F9059808E0002006E09E
:103F4000194804E0002002E0154800E017480BB0D3
:103F50005DF804FB1448FAE70020F8E71048F6E79C
:103F60001248F4E71048F2E70020F0E70C48EEE7CB
:103F70000E48ECE70C48EAE70020E8E70848E6E7E7
:103F80000A48E4E70848E2E70020E0E70448DEE703
:103F90000548DCE70020DAE70148D8E7004402588A
:103FA00040787D010090D00300093D000080BB00F7
:103FB000F0B583B000236BE085685E000324B44055
:103FC00025EA0405CC68B4402C438460446824EAA4
:103FD0000C0C4C68C4F300149C4044EA0C0444608C
:103FE00068E0DD08083550F8256003F007044FEA63
:103FF000840C0F2404FA0CF426EA040E0C6904FA6B
:104000000CF444EA0E0440F825406BE0092400E07B
:10401000002404FA0EF42C430CF1020C694D45F80F
:104020002C404FF0B0442568D44325EA02064F687F
:1040300017F4801F01D042EA05064FF0B0452E600C
:104040006D6804EA05064F6817F4001F01D042EAC4
:1040500005064FF0B0456E60D5F8845004EA0506B9
:104060004F6817F4003F01D042EA05064FF0B04513
:10407000C5F88460D5F880502C404E6816F4803F17
:1040800001D042EA05044FF0B042C2F8804001334B
:104090000A6832FA03F400F092804FF0010C0CFA37
:1040A00003FC1CEA0202F2D04C6804F00304013C59
:1040B000012C81D94C6804F00304032C0CD0C46893
:1040C0005D004FF0030C0CFA05FC24EA0C0C8C6824
:1040D000AC4044EA0C04C4604C6804F00304022CB5
:1040E0003FF47FAF04684FEA430E4FF0030C0CFA25
:1040F0000EFC24EA0C0C4C6804F0030404FA0EF4E1
:1041000044EA0C0404604C6814F4403FBFD02E4CC9
:10411000D4F8F45045F00205C4F8F450D4F8F44053
:1041200004F002040194019C4FEA930C0CF1020587
:10413000244C54F8255003F003044FEA840E0F2456
:1041400004FA0EF425EA0405204CA0423FF460AFC7
:1041500004F58064A04222D004F58064A04220D0FF
:1041600004F58064A0421ED004F58064A0421CD0F7
:1041700004F58064A0421AD004F58064A04218D0EF
:1041800004F58064A04216D004F58064A04214D0E7
:1041900004F58064A0423FF439AF0A2439E70124D2
:1041A00037E7022435E7032433E7042431E7052405
:1041B0002FE706242DE707242BE7082429E703B07F
:1041C000F0BD00BF0004005800440258000002582F
:1041D0000AB181617047090481617047036827490A
:1041E000274A934218BF8B422FD0183293422CD0CB
:1041F0001832934229D01832934226D01832934273
:1042000023D01832934220D0183293421DD002F5A9
:104210005672934219D01832934216D018329342F4
:1042200013D01832934210D0183293420DD0183266
:1042300093420AD01832934207D01832934204D0E6
:1042400023F0FF038365806D704710B4D9B2103935
:104250000C4AA2FB0142C2F302120B4CA25CC265E3
:104260005F2907D9094A1A4004328265806D5DF8DA
:10427000044B7047054A1A408265F7E71000024078
:1042800028000240ABAAAAAAA4D8000800FCFFFF9D
:1042900083699BB9836A012B0AD0022B02D00BB130
:1042A00000207047C36A13F0807F2AD10020704736
:1042B000C36AB3F1C07F26D000207047B3F5005F1A
:1042C0000AD0836A022B26D9032B26D1C36A13F0A6
:1042D000807F24D100207047836A032B03D8DFE856
:1042E00003F01404140A00207047C36A13F0807F9F
:1042F0000DD100207047C36AB3F1C07F09D0002000
:10430000704701207047012070470120704701204D
:10431000704701207047012070470020704701203E
:104320007047000003682249224A934218BF8B421B
:1043300028D01432934225D01432934222D0143222
:1043400093421FD0143293421CD01432934219D09E
:104350001432934216D0DAB2103A1749A1FB021276
:10436000120916491944A8291FD9154B13449B005B
:104370000366144B436602F01F02012303FA02F2A4
:1043800082667047DBB2083B0F4AA2FB03230F4A49
:1043900002EB1312920002660D4A4266C3F3041345
:1043A000012202FA03F3836670470832DDE700BF9B
:1043B000085402581C540258ABAAAAAAF0FBFDBF2D
:1043C0000082001080080240CDCCCCCC00960016B4
:1043D0008058025801794A1E072A2CD830B4036845
:1043E000154D164CA34218BFAB4218D01434A3424B
:1043F00015D01434A34212D01434A3420FD0143475
:10440000A3420CD01434A34209D01434A34206D0E2
:104410000B4B0B449B00C3660A4B036705E00A4B3A
:104420000B449B00C366094B0367012303FA02F2A6
:10443000426730BC70477047085402581C540258F9
:104440003F820010400902403F9600164059025832
:1044500070B5044601F0A6F8002C00F0B6810546C0
:1044600023685349534A934218BF8B420CBF012221
:10447000002250D030318B424DD018318B424AD07F
:1044800018318B4247D018318B4244D018318B42BF
:1044900041D018318B423ED001F556718B423AD053
:1044A00018318B4237D018318B4234D018318B42BF
:1044B00031D018318B422ED018318B422BD018318D
:1044C0008B4228D018318B4225D03B493B4A93423E
:1044D00018BF8B4200F03181394A934200F02D81A0
:1044E0001432934200F029811432934200F0258166
:1044F0001432934200F021811432934200F01D8166
:104500001432934200F0198140236365032384F839
:10451000353001204AE0022184F83510002184F86A
:1045200034107ABB274A93422CD01832934229D0B8
:104530001832934226D01832934223D01832934235
:1045400020D0183293421DD002F55672934219D0F2
:104550001832934216D01832934213D01832934235
:1045600010D0183293420DD0183293420AD018322C
:10457000934207D01832934204D01A6822F0010205
:104580001A6003E01A6822F001021A6023681A68B0
:1045900012F0010F18D001F005F8431B052BF5D9D7
:1045A00020236365032384F83530012070BD00BFEC
:1045B0001000024028000240085402581C540258BF
:1045C00030540258400002401A6881481040A168E7
:1045D000E2680A4321690A4361690A43A1690A43FF
:1045E000E1690A43216A0A430243616A042900F02F
:1045F00099807849086878490140B1F1005F11D38A
:104600006168A1F12905A1F13F00032888BF052DAC
:1046100006D9A1F14700012802D94F39032901D851
:1046200042F480121A602668756925F00705636AEE
:104630001D43042B08D1A36A1D43E36A23B120461E
:10464000FFF726FE002872D175612046FFF7C6FDF0
:10465000E36D03F01F023F239340836023685F49AB
:104660005F4A934218BF8B4242D0183293423FD0E8
:10467000183293423CD01832934239D018329342C8
:1046800036D01832934233D01832934230D002F5EC
:10469000567293422CD01832934229D0183293424A
:1046A00026D01832934223D01832934220D01832A9
:1046B00093421DD0183293421AD01832934217D029
:1046C000484A934214D01432934211D01432934288
:1046D0000ED0143293420BD01432934208D01432CD
:1046E000934205D01432934202D01432934213D134
:1046F0002046FFF717FEA368802B59D0236E22793E
:104700001A60636EA26E5A606368013B072B52D930
:104710000023E3662367636700206065012384F854
:10472000353043E7E16A206B01430A4361E74023E8
:104730006365012084F8350038E7022284F83520CB
:10474000002284F834201A6827491140A268402AC0
:104750002CD0802A27D00022E06842EAD0022069CB
:1047600042EAD002606942EAD002A06942EAD0027D
:10477000E06942EAD002206A42EA10120A431A6053
:1047800022681A4B13441A4AA2FB03231B099B00FD
:10479000E3652046FFF722FDE26D02F01F010122D2
:1047A0008A4042605AE74FF48042D5E71022D3E7AF
:1047B00000236360A2E72046FFF70CFEE36E0022B1
:1047C0001A60236F626F5A60A6E70120EEE600BF11
:1047D0003F8010FE0010005C0000FFFF1000024050
:1047E00028000240085402580F00FEFFF8ABFDA756
:1047F000CDCCCCCC70B5044600F0D4FE002C00F03B
:104800009181054694F83530DBB2022B06D0802327
:104810006365002384F83430012070BD23688C491F
:104820008C4A934218BF8B4230D0183293422DD01D
:10483000183293422AD01832934227D0183293422A
:1048400024D01832934221D0183293421ED002F560
:10485000567293421AD01832934217D018329342AC
:1048600014D01832934211D0183293420ED018321D
:1048700093420BD01832934208D01832934205D09D
:104880001A6822F00E021A60266809E01A6822F0FF
:104890001E021A602268536923F080035361266860
:1048A00023686B496B4A934218BF8B4242D018323F
:1048B00093423FD0183293423CD01832934239D0C1
:1048C0001832934236D01832934233D01832934282
:1048D00030D002F5567293422CD01832934229D030
:1048E0001832934226D01832934223D01832934282
:1048F00020D0183293421DD0183293421AD0183269
:10490000934217D0544A934214D01432934211D098
:10491000143293420ED0143293420BD0143293428D
:1049200008D01432934205D01432934202D014328C
:10493000934204D1226E136823F4807313602368BA
:104940004349444A934218BF8B422FD018329342B6
:104950002CD01832934229D01832934226D01832E4
:10496000934223D01832934220D0183293421DD064
:1049700002F55672934219D01832934216D018326B
:10498000934213D01832934210D0183293420DD074
:10499000183293420AD01832934207D01832934209
:1049A00004D01A6822F001021A6003E01A6822F0AB
:1049B00001021A60336813F0010F0ED000F0F2FD0F
:1049C000431B052BF6D920236365032384F8353078
:1049D000002384F8343001201FE723681C491D4A56
:1049E000934218BF8B4239D01832934236D01832D6
:1049F000934233D01832934230D0183293422DD0A4
:104A0000183293422AD01832934227D002F55672B8
:104A1000934223D01832934220D0183293421DD0B3
:104A2000183293421AD01832934217D01832934258
:104A300014D01832934211D0183293420ED0A16D87
:104A4000E36D03F01F02012393404B600DE000BFB4
:104A5000100002402800024008540258A16DE36D86
:104A600003F01F023F2393408B6023682E492F4A97
:104A7000934218BF8B4242D0183293423FD0183233
:104A800093423CD01832934239D01832934236D0F8
:104A90001832934233D01832934230D002F5567216
:104AA00093422CD01832934229D01832934226D008
:104AB0001832934223D01832934220D018329342B6
:104AC0001DD0183293421AD01832934217D0184A88
:104AD000934214D01432934211D0143293420ED028
:104AE000143293420BD01432934208D014329342C2
:104AF00005D01432934202D0143293420BD1636E2C
:104B0000A26E5A60E36E33B11A6822F480721A60A2
:104B1000236F626F5A60012384F83530002084F8D7
:104B200034007AE6012078E61000024028000240B6
:104B300008540258002800F0298108B5024690F870
:104B40003530DBB2022B03D080234365012008BD42
:104B50000368904890498B4218BF83420CBF0121E3
:104B6000002166D03030834263D01830834260D059
:104B7000183083425DD0183083425AD018308342B7
:104B800057D01830834254D000F55670834250D02D
:104B9000183083424DD0183083424AD018308342B7
:104BA00047D01830834244D01830834241D0183067
:104BB00083423ED0183083423BD0196821F00E0169
:104BC00019601368A0F5956073498B4218BF834242
:104BD0006AD072498B4267D018318B4264D0183149
:104BE0008B4261D018318B425ED018318B425BD042
:104BF00018318B4258D001F556718B4254D0183180
:104C00008B4251D018318B424ED018318B424BD051
:104C100018318B4248D018318B4245D018318B4225
:104C200042D018318B423FD0196821F00101196040
:104C30003EE0042082F8350081BB584A93422DD0D3
:104C4000183293422AD01832934227D01832934216
:104C500024D01832934221D0183293421ED002F54C
:104C6000567293421AD01832934217D01832934298
:104C700014D01832934211D0183293420ED0183209
:104C800093420BD01832934208D01832934205D089
:104C90001A6822F001021A60002058E71A6822F010
:104CA00001021A60002052E7196821F00101196021
:104CB0001368384838498B4218BF834242D01831B4
:104CC0008B423FD018318B423CD018318B4239D0C7
:104CD00018318B4236D018318B4233D018318B4289
:104CE00030D001F556718B422CD018318B4229D02F
:104CF00018318B4226D018318B4223D018318B4289
:104D000020D018318B421DD018318B421AD0183167
:104D10008B4217D022498B4214D014318B4211D0D0
:104D200014318B420ED014318B420BD014318B4294
:104D300008D014318B4205D014318B4202D014318B
:104D40008B4217D1116E0B6823F480730B60906D4A
:104D5000D36D03F01F0101238B404360536E916EAE
:104D60005960D36E33B1196821F480711960136FE3
:104D7000516F5960012382F83530002382F83430B6
:104D8000136D2BB1104698470020E0E601207047D4
:104D90000020DCE6100002402800024040000240F3
:104DA00008540258F0B583B00446002301937D4BAC
:104DB0001D687D4BA3FB0535AD0A876D3E68D7F8AE
:104DC00000C0036879497A48834218BF8B420CBF00
:104DD0000120002061D0774A93425ED0183293427E
:104DE0005BD01832934258D01832934255D01832C3
:104DF000934252D0183293424FD002F556729342EA
:104E00004BD01832934248D01832934245D01832D2
:104E1000934242D0183293423FD0183293423CD052
:104E20001832934239D01832934236D06249634ADD
:104E3000934218BF8B4212D0614A93420FD0143272
:104E400093420CD01432934209D01432934206D0CC
:104E50001432934203D01432934240F061821A68B4
:104E6000E16D01F01F010420884010EA0C0F00F0F2
:104E7000A78212F0040F00F0A382786012F4004FB2
:104E800000F05A8212F4803F40F05082A36C002B55
:104E900000F046822046984742E2E26D02F01F0190
:104EA00008228A40324241D070BB424A93422BD002
:104EB0001832934228D01832934225D018329342A8
:104EC00022D0183293421FD0183293421CD002F5E0
:104ED0005672934218D01832934215D0183293422A
:104EE00012D0183293420FD0183293420CD018329D
:104EF000934209D01832934206D01832934203D01D
:104F00001A68C2F3C00202E01A68C2F380026AB1F2
:104F10001A6822F004021A60E36D03F01F020823EE
:104F20009340BB60636D43F001036365E26D02F083
:104F30001F0226FA02F313F0010F47D023681B4823
:104F40001B498B4218BF83423CD018318B4239D069
:104F500018318B4236D018318B4233D018318B4206
:104F600030D018318B422DD018318B422AD001F528
:104F700056718B4226D018318B4223D018318B4288
:104F800020D018318B421DD018318B421AD01831E5
:104F90008B4217D018318B4214D018318B4211D06C
:104FA0001B6813E008000020B5814E1B1000024072
:104FB0002800024040000240085402581C54025885
:104FC000305402585B6913F0800F3BD1E36D03F05E
:104FD0001F03042202FA03F3334240D022689648AA
:104FE00096498A4218BF824235D018318A4232D05F
:104FF00018318A422FD018318A422CD018318A4277
:1050000029D018318A4226D018318A4223D001F59E
:1050100056718A421FD018318A421CD018318A42F8
:1050200019D018318A4216D018318A4213D018315B
:105030008A4210D018318A420DD018318A420AD0E3
:1050400013680CE0012303FA02F2BA60636D43F0C7
:1050500002036365BAE7126812F0020F3DD1E36DF7
:1050600003F01F03102202FA03F333425FD02268D9
:10507000714872498A4218BF824234D018318A423C
:1050800031D018318A422ED018318A422BD01831B3
:105090008A4228D018318A4225D018318A4222D03B
:1050A00001F556718A421ED018318A421BD0183140
:1050B0008A4218D018318A4215D018318A4212D04B
:1050C00018318A420FD018318A420CD018318A42E6
:1050D00009D01268C2F3800208E0BB60636D43F040
:1050E00004036365BBE71268C2F3C002FAB1BB6098
:1050F00023681A6812F4802F0DD01B6813F4002F58
:1051000004D1236C9BB12046984710E0A36C73B187
:10511000204698470BE01A6812F4807F03D11A6882
:1051200022F008021A60236C0BB120469847E36D09
:1051300003F01F03202202FA03F3334200F09280AF
:1051400022683D483D498A4218BF82422ED018311C
:105150008A422BD018318A4228D018318A4225D071
:1051600018318A4222D018318A421FD018318A421F
:105170001CD001F556718A4218D018318A4215D0D8
:1051800018318A4212D018318A420FD018318A421F
:105190000CD018318A4209D018318A4206D0183111
:1051A0008A4203D01268C2F3400202E01268C2F3DE
:1051B0000012002A56D0BB6094F83530DBB2042BC5
:1051C0000ED023681A6812F4802F39D01B6813F4AC
:1051D000002F2CD1636C002B44D02046984741E02F
:1051E0002268136823F0160313602268536923F0C2
:1051F00080035361236CB3B12268136823F0080362
:105200001360E36D03F01F023F239340BB60012353
:1052100084F83530002384F83430236D002B7FD0A0
:10522000204698477CE0A36C002BE5D1E9E7E36BCF
:10523000C3B12046984715E0100002402800024004
:105240001A6812F4807F09D11A6822F010021A60DD
:10525000012384F83530002384F83430E36B0BB13C
:1052600020469847636D002B5AD0636D13F0010FF1
:1052700052D0042384F8353023689649964A9342E5
:1052800018BF8B422FD0183293422CD01832934241
:1052900029D01832934226D01832934223D01832A4
:1052A000934220D0183293421DD002F55672934299
:1052B00019D01832934216D01832934213D01832B4
:1052C000934210D0183293420DD0183293420AD034
:1052D0001832934207D01832934204D01A6822F051
:1052E00001021A6003E01A6822F001021A60019BB1
:1052F00001330193AB4204D823681B6813F0010FFC
:10530000F5D123681B6813F0010F0BD0032384F839
:105310003530002384F83430E36C0BB120469847D5
:1053200003B0F0BD012384F83530F2E7236C002B85
:10533000F6D020469847F3E712F0200F3AD12368C1
:105340006449654A934218BF8B422FD0183293426A
:105350002CD01832934229D01832934226D01832DA
:10536000934223D01832934220D0183293421DD05A
:1053700002F55672934219D01832934216D0183261
:10538000934213D01832934210D0183293420DD06A
:10539000183293420AD01832934207D018329342FF
:1053A00004D01A6822F004021A6003E01A6822F09E
:1053B00008021A60236C002BB2D020469847AFE752
:1053C0000220884010EA0C0F60D012F0020F5DD06E
:1053D000786012F4004F0ED012F4803F05D1636C58
:1053E000002B9DD0204698479AE7E36B002B97D07F
:1053F0002046984794E712F0200F40D123683549A2
:10540000354A934218BF8B422FD0183293422CD08A
:105410001832934229D01832934226D01832934240
:1054200023D01832934220D0183293421DD002F577
:105430005672934219D01832934216D018329342C2
:1054400013D01832934210D0183293420DD0183234
:1054500093420AD01832934207D01832934204D0B4
:105460001A6822F00A021A6003E01A6822F0140295
:105470001A60012384F83530002384F83430E36B5C
:10548000002B3FF44DAF2046984749E7082000FA2B
:1054900001F111EA0C0F3FF443AF12F0080F3FF493
:1054A0003FAF1A6822F00E021A60E36D03F01F038B
:1054B000012202FA03F37B60626584F83520002341
:1054C00084F83430E36C002B3FF42AAF2046984731
:1054D00026E700BF1000024028000240134BDB68A3
:1054E00013F0040F07D1114BDB6803F0070383426D
:1054F0001AD00120704710B50C4AD36823F0070377
:105500001843D06000F04EF80446084B5B6813F473
:10551000005F07D100F046F8001BB0F57A7FF4D9A0
:10552000012000E0002010BD002070470048025814
:1055300010B50320FCF7CEF9FCF7C6FD0F498B69C7
:10554000C3F303230E4AD35C03F01F03D8408B69D7
:1055500003F00F03D35C03F01F0320FA03F3094A9F
:105560001360094B18600F2003F0B2FB10B1012447
:10557000204610BD0446FBF74DFEF9E700440258F3
:10558000ACD800080C00002008000020034B1B785A
:10559000034A11680B441360704700BF00000020ED
:1055A000800A0020014B1868704700BF800A002065
:1055B00038B50446FFF7F6FF0546B4F1FF3F02D0C9
:1055C000044B1B781C44FFF7EDFF401BA042FAD3AD
:1055D00038BD00BF00000020014B1868000C704768
:1055E0000010005C034A536823EA00030B43536036
:1055F000704700BF0004005800285DD010B5044675
:1056000090F84130002B46D0242384F841302268A2
:10561000136823F0010313606368226823F070634A
:1056200013612268936823F400439360E368012BBD
:1056300036D0A368226843F404439360E368022BE6
:1056400034D02268536823F40063536022685168A1
:105650001A4B0B4353602268D36823F40043D36092
:10566000236962691343A169226843EA0123D36075
:10567000E369216A22680B4313602268136843F0D0
:105680000103136000206064202384F8413020630C
:1056900084F8420010BD80F84030FBF793FEB3E77A
:1056A000A368226843F400439360C7E72268536805
:1056B00043F400635360C9E7012070470080000293
:1056C00090F84130DBB2202B24D190F84030012BF0
:1056D00022D0012380F84030242380F84130026832
:1056E000136823F0010313600268136823F48053E6
:1056F000136002681368194311600268136843F06D
:1057000001031360202380F84130002380F84030EB
:1057100018467047022070470220704790F84130C9
:10572000DBB2202B22D190F84030012B20D0012376
:1057300080F84030242380F841300268136823F059
:10574000010313600268136823F4706343EA0121C4
:1057500011600268136843F001031360202380F88E
:105760004130002380F840301846704702207047CF
:1057700002207047314AD2F8883043F47003C2F8EF
:1057800088302F4B1B6803F00F03062B06D82C4ADA
:10579000136823F00F0343F007031360294B1A68C3
:1057A00042F001021A6000221A611968264A0A4072
:1057B0001A60234B1B6813F0080F06D0204A1368A9
:1057C00023F00F0343F0070313601E4B00229A617E
:1057D000DA611A621D4999621D49D9621D4919632E
:1057E0005A639963DA6319645A64196821F4802151
:1057F00019601A66184B1A68184B1340B3F1005F12
:1058000003D2174B0122C3F808210E4BD3F8D43032
:1058100013F4805F10D10B4BD3F8D42042F48052A4
:10582000C3F8D4200F4A43F2D2011160D3F8D42038
:1058300022F48052C3F8D420704700BF00ED00E08E
:1058400000200052004402587FEDF6EA00020202F6
:105850000000FF01800201010010005C0000FFFF5A
:105860000080005100400052054AD36843F0020313
:10587000D360034B5B6813F4005FFAD0704700BF3E
:105880000048025800F1080343604FF0FF32826085
:10589000C360036100230360704700230361704706
:1058A00043684B609A688A60516099600861036838
:1058B00001330360704730B40D68B5F1FF3F11D07C
:1058C00000F108031C465B681A68AA42FAD96368AB
:1058D0004B6099608C60616008610368013303600C
:1058E00030BC70470469F2E70369416882688A60E6
:1058F000416851605A68824206D0002202611A68EB
:10590000013A1A601868704782685A60F5E70346E2
:10591000406A18B11B6B1868C0F13800704710B5A9
:10592000044602F007F9A26BE36B9A4204D000240C
:1059300002F022F9204610BD0124F9E710B5044613
:1059400002F0F8F8A36B23B9012402F015F9204600
:1059500010BD0024F9E770B504461546866B026C4D
:105960005AB903681BB100200136A66370BD806878
:1059700001F046FA0023A360F6E76DB9406806F02F
:10598000C9FD226C636813446360A268934219D313
:10599000236863602846E7E7C06806F0BBFD226C19
:1059A0005142E3689B1AE3602268934202D2A368E3
:1059B0000B44E360022D01D00020D5E726B1013E63
:1059C0000020D1E72846CFE70020CDE70346026C50
:1059D0006AB110B50846D9681144D9609C68A142E3
:1059E00001D31968D960D96806F094FD10BD7047DD
:1059F00038B5054602F09EF895F8454064B201E0DE
:105A0000013C64B2002C0ADD6B6A43B105F124004D
:105A100001F000F90028F3D001F090F9F0E7FF233E
:105A200085F8453002F0A8F802F084F895F8444073
:105A300064B201E0013C64B2002C0ADD2B6943B181
:105A400005F1100001F0E6F80028F3D001F076F936
:105A5000F0E7FF2385F8443002F08EF838BD38B502
:105A6000E0B10D46044602F065F82368E26B216C54
:105A700001FB0230A0600020A0636360013A02FBDA
:105A80000133E360FF2384F8443084F84530FDB9E6
:105A9000236963B902F070F8012038BD4FF050035C
:105AA00083F31188BFF36F8FBFF34F8FFEE704F1CD
:105AB000100001F0AFF80028ECD04FF0E0234FF0D9
:105AC0008052C3F8042DBFF34F8FBFF36F8FE1E710
:105AD00004F11000FFF7D6FE04F12400FFF7D2FE18
:105AE000D8E738B51D46049C0B4649B92460E063ED
:105AF000236401212046FFF7B2FF84F84C5038BDE3
:105B00002260F4E740B94FF0500383F31188BFF3EC
:105B10006F8FBFF34F8FFEE710B584B01C4683B183
:105B20000B1E18BF0123002A08BF43F001038BB9E5
:105B30004FF0500383F31188BFF36F8FBFF34F8F84
:105B4000FEE74FF0500383F31188BFF36F8FBFF36D
:105B50004F8FFEE7B1FA81F35B09002A18BF43F0CB
:105B6000010343B94FF0500383F31188BFF36F8FE4
:105B7000BFF34F8FFEE750230393039B502B08D0B6
:105B80004FF0500383F31188BFF36F8FBFF34F8F34
:105B9000FEE7039B012384F8463000949DF81830FB
:105BA000FFF79FFF204604B010BD40B94FF05003EF
:105BB00083F31188BFF36F8FBFF34F8FFEE7F0B50C
:105BC00083B00D461446064601FB00F0503001F04C
:105BD00089FE074650B1002380F8463000902346E6
:105BE00000F1500229463046FFF77BFF384603B0EC
:105BF000F0BD40B94FF0500383F31188BFF36F8FAE
:105C0000BFF34F8FFEE710B582B00C46884208D232
:105C10004FF0500383F31188BFF36F8FBFF34F8FA3
:105C2000FEE702230093134600221146FFF76AFFA6
:105C300000B1846302B010BD40B94FF0500383F34C
:105C40001188BFF36F8FBFF34F8FFEE710B50C467F
:105C5000884208D24FF0500383F31188BFF36F8F4F
:105C6000BFF34F8FFEE702220021FFF79EFF00B136
:105C7000846310BDF0B585B0019288B10F461D4612
:105C80000446B1B1022D20D1E36B012B1DD04FF0A2
:105C9000500383F31188BFF36F8FBFF34F8FFEE77D
:105CA0004FF0500383F31188BFF36F8FBFF34F8F13
:105CB000FEE7036C002BE5D04FF0500383F311880F
:105CC000BFF36F8FBFF34F8FFEE701F03DF806463D
:105CD00058B9019B002B48D04FF0500383F3118833
:105CE000BFF36F8FBFF34F8FFEE700263DE02A46DC
:105CF00039462046FFF72FFE636A7BB948B14FF063
:105D0000E0234FF08052C3F8042DBFF34F8FBFF351
:105D10006F8F01F031FF012005B0F0BD04F12400C8
:105D200000F078FF0028F4D04FF0E0234FF08052CD
:105D3000C3F8042DBFF34F8FBFF36F8FE9E701F076
:105D40001BFF0020E8E702A800F0AAFF012619E0E7
:105D5000002384F8443021E0002384F8453023E018
:105D60002046FFF745FE00F035FE01F0E3FEA26B92
:105D7000E36B9A42BBD3022DB9D0019B002BDED03E
:105D8000002EE0D001F0F8FE00F082FD01F0D2FE1E
:105D900094F8442052B2B2F1FF3FD9D094F8452094
:105DA00052B2B2F1FF3FD7D001F0E6FE01A902A83E
:105DB00000F082FFD8B92046FFF7B1FD0028CFD010
:105DC000019904F1100000F0F1FE2046FFF710FEEB
:105DD00000F000FE0028C8D14FF0E0234FF08052C1
:105DE000C3F8042DBFF34F8FBFF36F8FBDE720467D
:105DF000FFF7FEFD00F0EEFD00208DE72DE9F843F2
:105E000090B10F4616461C460546B1B1022C20D172
:105E1000EB6B012B1DD04FF0500383F31188BFF3C0
:105E20006F8FBFF34F8FFEE74FF0500383F311885E
:105E3000BFF36F8FBFF34F8FFEE7036C002BE5D0EE
:105E40004FF0500383F31188BFF36F8FBFF34F8F71
:105E5000FEE701F095FFEFF311894FF0500383F354
:105E60001188BFF36F8FBFF34F8FAA6BEB6B9A4212
:105E700006D3022C04D0002089F31188BDE8F883F2
:105E800095F845804FFA88F8AB6B2246394628468C
:105E9000FFF761FDB8F1FF3F06D008F101035BB2E7
:105EA00085F845300120E7E76B6A0BB90120E3E78D
:105EB00005F1240000F0AEFE18B126B101203060DB
:105EC000DAE70120D8E70120D6E768B170B50C46C3
:105ED0000546036C8BB14FF0500383F31188BFF379
:105EE0006F8FBFF34F8FFEE74FF0500383F311889E
:105EF000BFF36F8FBFF34F8FFEE70368EBB101F085
:105F00003FFFEFF311864FF0500383F31188BFF387
:105F10006F8FBFF34F8FAA6BEB6B934226D995F827
:105F200045305BB20132AA63B3F1FF3F11D00133B8
:105F30005BB285F84530012019E08368002BDED084
:105F40004FF0500383F31188BFF36F8FBFF34F8F70
:105F5000FEE76B6A0BB9012009E005F1240000F0AF
:105F600059FE38B144B10120206000E0002086F3E2
:105F7000118870BD0120FAE70120F8E7F0B585B07F
:105F8000019290B10F460446C1B100F0DDFE064615
:105F900000BB019B002B5ED04FF0500383F31188B0
:105FA000BFF36F8FBFF34F8FFEE74FF0500383F3C4
:105FB0001188BFF36F8FBFF34F8FFEE7036C002B89
:105FC000E3D04FF0500383F31188BFF36F8FBFF31B
:105FD0004F8FFEE700263EE039462046FFF7F6FCED
:105FE000013DA563236923B901F0C6FD012005B079
:105FF000F0BD04F1100000F00DFE0028F4D04FF0C9
:10600000E0234FF08052C3F8042DBFF34F8FBFF34E
:106010006F8FE9E701F0B0FD0020E8E702A800F08B
:106020003FFE012621E0002384F8443029E00023CC
:1060300084F845302BE02046FFF7DAFC00F0CAFC7C
:1060400009E02046FFF7D4FC00F0C4FC2046FFF72F
:1060500075FC00283FD101F06DFDA56B002DBBD173
:10606000019B002BD6D0002ED8D001F085FD00F08A
:106070000FFC01F05FFD94F844305BB2B3F1FF3FD9
:10608000D1D094F845305BB2B3F1FF3FCFD001F0EF
:1060900073FD01A902A800F00FFE0028D1D120460F
:1060A000FFF74CFC0028C6D0019904F1240000F051
:1060B0007DFD2046FFF79CFC00F08CFC0028CAD137
:1060C0004FF0E0234FF08052C3F8042DBFF34F8F01
:1060D000BFF36F8FBFE7002089E770B584B00191EF
:1060E00058B10446036C8BB14FF0500383F3118811
:1060F000BFF36F8FBFF34F8FFEE74FF0500383F373
:106100001188BFF36F8FBFF34F8FFEE700F01CFEC7
:10611000054650B9019B5BB14FF0500383F31188E2
:10612000BFF36F8FBFF34F8FFEE70026354655E074
:10613000064653E0013BA36323683BB123694BB997
:1061400001F01AFD0126304604B070BD00F0F0FEEB
:10615000A060F3E704F1100000F05CFD0028EFD030
:106160004FF0E0234FF08052C3F8042DBFF34F8F60
:10617000BFF36F8FE4E746B14FF0500383F311880C
:10618000BFF36F8FBFF34F8FFEE701F0F5FCDAE747
:1061900002A800F085FD01252AE0002384F84430A0
:1061A00032E0002384F8453034E001F0C3FCA068FD
:1061B00000F0DAFD064601F0DFFC3BE02046FFF789
:1061C00017FC00F007FC09E02046FFF711FC00F087
:1061D00001FC2046FFF7B2FB002842D101F0AAFCE7
:1061E000A36B002BA6D1019B002BC4D0002DCFD0D8
:1061F00001F0C2FC00F04CFB01F09CFC94F8443030
:106200005BB2B3F1FF3FC8D094F845305BB2B3F155
:10621000FF3FC6D001F0B0FC01A902A800F04CFD80
:106220000028D1D12046FFF789FB0028C6D023687B
:10623000002BBAD0019904F1240000F0B7FC2046ED
:10624000FFF7D6FB00F0C6FB0028C7D14FF0E023D4
:106250004FF08052C3F8042DBFF34F8FBFF36F8F01
:10626000BCE70EB900266EE701F064FC2046FFF79C
:106270004EFB0146A06800F00BFE01F07DFCF1E74B
:106280002DE9F843B0B10D4616460446D9B101F0E8
:1062900077FDEFF311884FF0500383F31188BFF3BC
:1062A0006F8FBFF34F8FA76BCFB9002088F3118892
:1062B000BDE8F8834FF0500383F31188BFF36F8F6D
:1062C000BFF34F8FFEE7036C002BE0D04FF050037D
:1062D00083F31188BFF36F8FBFF34F8FFEE794F8FE
:1062E00044904FFA89F929462046FFF76FFB013F9A
:1062F000A763B9F1FF3F06D009F101035BB284F84F
:1063000044300120D2E723690BB90120CEE704F124
:10631000100000F07FFC18B126B101203060C5E705
:106320000120C3E70120C1E70023072B0CD8074A4F
:1063300052F833200AB10133F7E7044A42F8331028
:1063400002EBC30358607047704700BF840A002007
:106350000023072B0FD8084A02EBC302526882427F
:1063600001D00133F5E7044A002142F8331002EB73
:10637000C303596070477047840A002038B110B5D4
:106380000446FFF7E5FF94F846304BB110BD4FF0DF
:10639000500383F31188BFF36F8FBFF34F8FFEE776
:1063A000204601F01DFBF1E770B504460D46164688
:1063B00001F0C0FB94F844305BB2B3F1FF3F0DD065
:1063C00094F845305BB2B3F1FF3F0BD001F0D4FB42
:1063D000A36B5BB12046FFF70BFB70BD002384F875
:1063E0004430EDE7002384F84530EFE73246294694
:1063F00004F1240000F0F2FBECE70000084B1B68FE
:106400001B6823B9074B4FF0FF321A607047044BEB
:106410001B68DB68DB685A68024B1A60704700BF74
:10642000C80A0020700F00202DE9F04780460D4675
:1064300017469946089EDDF824A00A9C9200A521E3
:10644000206B06F075F8236B6FF040423A4403EB83
:10645000820727F00707B5B34FF0000CBCF10F0F10
:106460000BD815F80C2004EB0C0383F8342015F836
:106470000C3013B10CF1010CF0E7002384F8433029
:10648000372E00D93726E662E66400252565201DF3
:10649000FFF703FA04F11800FFF7FFF92461C6F1D2
:1064A0003806A6616462656584F858504A464146DC
:1064B000384601F011FB2060BAF1000F01D0CAF894
:1064C0000040BDE8F087002384F83430D8E70000AE
:1064D00038B5002407E004EB840293000E4818440A
:1064E000FFF7D0F90134372CF5D90C4D2846FFF7CA
:1064F000C9F90B4C2046FFF7C5F90A48FFF7C2F966
:106500000948FFF7BFF90948FFF7BCF9084B1D60C0
:10651000084B1C6038BD00BFD00A0020440F00208B
:10652000580F00207C0F0020A80F0020940F00209F
:10653000C80A0020CC0A002010B5044601F0FAFA7F
:10654000224A136801331360214B1B685BB1214B56
:106550001B686BB91E4B1B68DA6AE36A9A4207D85C
:106560001B4B1C6004E01A4B1C601368012B29D0E4
:10657000194A1368013313606364E06A174B1B68A0
:10658000984201D9154B186000EB8000211D144B77
:1065900003EB8000FFF784F901F0EEFA0D4B1B6866
:1065A0007BB10B4B1B68DA6AE36A9A4209D24FF05F
:1065B000E0234FF08052C3F8042DBFF34F8FBFF399
:1065C0006F8F10BDFFF784FFD2E700BF300F0020B0
:1065D000C40A0020900F00203C0F0020400F002034
:1065E000D00A002010B5044690F8593063B1012B51
:1065F00011D0022B0ED04FF0500383F31188BFF35C
:106600006F8FBFF34F8FFEE7006B01F0E9F9204673
:1066100001F0E6F910BD01F0E3F9FBE70F4B1B6851
:10662000D3B110B501F086FA0D4BDB68DC68201D94
:10663000FFF75AF90B4A1368013B1360074A1368C6
:10664000013B136001F098FA2046FFF7CBFF034BA4
:106650001B68002BE6D110BD704700BF340F00202F
:10666000A80F0020300F002008B5FFF7D7FF074B19
:106670001B68012BF9D94FF0E0234FF08052C3F88B
:10668000042DBFF34F8FBFF36F8FEEE7D00A0020CA
:1066900070B504460D46194B1E68194B1868043036
:1066A000FFF722F9B4F1FF3F14BF00230123002DAF
:1066B00008BF00236BB93444114B1B685C60A642D1
:1066C0000ED9104B18680E4B19680431FFF7F3F818
:1066D00070BD0B4B196804310B48FFF7E1F8F7E781
:1066E0000A4B1868064B19680431FFF7E4F8084BA9
:1066F0001B68A342ECD9064B1C60E9E7BC0F0020E5
:10670000C40A0020CC0A0020940F0020C80A0020F0
:10671000700F002030B587B00B9C7CB10C9DB5B1DB
:106720005C250495049D5C2D1AD04FF0500383F333
:106730001188BFF36F8FBFF34F8FFEE74FF0500309
:1067400083F31188BFF36F8FBFF34F8FFEE74FF0D6
:10675000500383F31188BFF36F8FBFF34F8FFEE7B2
:10676000049D0C9D2C63022485F859400024039459
:10677000029505AC01940A9C0094FFF755FE0C9815
:10678000FFF7DAFE059807B030BD2DE9F04385B07C
:106790000746884614461E46900001F0A3F800B351
:1067A00081465C2001F09EF80546B0B1C0F83090FB
:1067B000E5B1002385F85930039302950D9B0193B1
:1067C0000C9B00933346224641463846FFF72CFE89
:1067D0002846FFF7B1FE012005E0484601F000F928
:1067E000E6E74FF0FF3005B0BDE8F0834FF0FF3033
:1067F000F9E7000010B588B000240594069407AAB4
:1068000006A905A800F0F2FF059B0293069B0193E1
:1068100000942346079A18491848FFF77BFF184B46
:10682000186040B100F002FC012806D0B0F1FF3F33
:1068300018D008B010BD0020F6E74FF0500383F3E6
:106840001188BFF36F8FBFF34F8F0E4B4FF0FF32A6
:106850001A600D4B01221A600C4B00221A6001F0E5
:1068600003FAE6E74FF0500383F31188BFF36F8F0D
:10687000BFF34F8FFEE700BFBCD800086966000871
:106880006C0F0020700F0020900F0020BC0F002024
:10689000024A136801331360704700BF380F0020AD
:1068A000014B1868704700BFBC0F002008B501F00D
:1068B00067FA014B186808BDBC0F0020F8B53A4BC9
:1068C0001B68002B69D1394B1D6801351D60C5B9A6
:1068D000374B1B681B6843B14FF0500383F311889B
:1068E000BFF36F8FBFF34F8FFEE7314A1168314B13
:1068F000186810601960304A136801331360FFF79D
:106900007DFD2E4B1B68AB423DD900272C4B1B68ED
:10691000DB6A03EB83039A002A4B9B58012B00D9B7
:106920000127294B1B68002B3CD001273AE00127A7
:106930001F4B1B681B6843B31D4B1B68DB68DC687F
:1069400063689D4226D3261D3046FEF7CDFFA36A1D
:106950001BB104F11800FEF7C7FFE36A1B4A126877
:10696000934201D9194A136003EB83039A0031461D
:1069700014481044FEF794FFE26A114B1B68DB6A6F
:106980009A42D4D2D4E70027D2E70C4B4FF0FF3223
:106990001A60BBE7094A1360B8E70D4A1368013370
:1069A000136000273846F8BD380F0020BC0F0020C8
:1069B000C80A0020CC0A0020740F0020700F0020AD
:1069C000C40A0020D00A0020C00F0020400F002081
:1069D000780F002038B5354B1B6843B94FF0500392
:1069E00083F31188BFF36F8FBFF34F8FFEE701F082
:1069F000A1F82E4B1A68013A1A601B68002B4FD180
:106A00002B4B1B680BB900244BE00024294B1B685F
:106A10001BB3284BDB68DC6804F11800FEF764FF49
:106A2000251D2846FEF760FFE06A234B1B6898424D
:106A300001D9214B186000EB800029461F4B03EB66
:106A40008000FEF72DFFE26A1D4B1B68DB6A9A424D
:106A5000DCD31C4B01221A60D8E70CB1FFF7CEFC47
:106A6000194B1C6884B9174B1C68D4B14FF0E02354
:106A70004FF08052C3F8042DBFF34F8FBFF36F8FD9
:106A800001240EE0013C07D0FFF718FF0028F9D0E1
:106A90000C4B01221A60F5E70B4B00221A60E2E76B
:106AA000002401F069F8204638BD00BF380F0020EF
:106AB000300F00207C0F0020400F0020D00A002063
:106AC000C40A0020C00F0020780F002010B5A8B124
:106AD0000446104B1B6843B14FF0500383F31188F9
:106AE000BFF36F8FBFF34F8FFEE7FFF7D1FE00219B
:106AF0002046FFF7CDFDFFF76DFF48B94FF0E023CB
:106B00004FF08052C3F8042DBFF34F8FBFF36F8F48
:106B100010BD00BF380F00201F4B1B681BB11F4B5F
:106B200001221A6070471D4B00221A601C4B1B6823
:106B300003EB83018A001B498A585AB90BB1013B08
:106B4000F6E74FF0500383F31188BFF36F8FBFF365
:106B50004F8FFEE703EB830082000A4450684068D1
:106B6000506003EB830C4FEA8C02083211448842D8
:106B70000BD003EB830291000A4A0A445268D168A1
:106B8000094A1160064A13607047406862469100E6
:106B9000044A0A445060ECE7380F0020C00F002080
:106BA000400F0020D00A0020C40A002058B110B5C0
:106BB0000C46094A11681831FEF77DFE0121204676
:106BC000FFF766FD10BD4FF0500383F31188BFF34C
:106BD0006F8FBFF34F8FFEE7C40A002038B570B146
:106BE0000D4614460A4A11681831FEF759FE0CB1D9
:106BF0004FF0FF3521462846FFF74AFD38BD4FF0DC
:106C0000500383F31188BFF36F8FBFF34F8FFEE7FD
:106C1000C40A002038B5C368DC6824B304F1180541
:106C20002846FEF761FE184B1B682BBB251D284626
:106C3000FEF75AFEE06A154B1B68984201D9134BC8
:106C4000186000EB80002946114B03EB8000FEF733
:106C500027FEE26A0F4B1B68DB6A9A4211D90120BA
:106C60000D4B186038BD4FF0500383F31188BFF30C
:106C70006F8FBFF34F8FFEE729460848FEF710FEDF
:106C8000E7E70020EEE700BF380F0020400F0020AC
:106C9000D00A0020C40A0020C00F00207C0F002072
:106CA000034B1B680360034B1B684360704700BFC6
:106CB000740F0020BC0F0020F8B5C8B10C46054683
:106CC000F9B100F037FF1B4B19686B68C81A2268CE
:106CD000B2F1FF3F26D0184E36682F68B74201D078
:106CE0008B4224D9824215D80023236001241AE064
:106CF0004FF0500383F31188BFF36F8FBFF34F8FB3
:106D0000FEE74FF0500383F31188BFF36F8FBFF39B
:106D10004F8FFEE75B1A134423602846FFF7C0FF3E
:106D2000002400E0002400F027FF2046F8BD0124E5
:106D3000F9E700BFBC0F0020740F0020014B0122B7
:106D40001A607047C00F0020054B1B6833B1054B1C
:106D50001B680BB10020704702207047012070476C
:106D6000900F0020380F002000283ED038B5044690
:106D7000C36A204A1268D26A93422ED28269002ADC
:106D800005DB1C4A1268D26AC2F13802826161696D
:106D900003EB8303184A02EB8303994205D0154B9A
:106DA0001B68DB6AE362012038BD251D2846FEF71B
:106DB0009BFD104B1B68D86AE062104B1B68984221
:106DC00001D90E4B186000EB800029460A4B03EBFB
:106DD0008000FEF765FD0120E6E7C26C054B1B68ED
:106DE000DB6A9A4203D30020DEE7002070470120CF
:106DF000DAE700BFC40A0020D00A0020400F0020BC
:106E000000283BD038B504461E4B1B68834208D08F
:106E10004FF0500383F31188BFF36F8FBFF34F8F91
:106E2000FEE7036D43B94FF0500383F31188BFF3BE
:106E30006F8FBFF34F8FFEE7013B0365C16AC26CE2
:106E400091421DD00BB1002038BD051D2846FEF72C
:106E50004BFDE06CE062C0F13803A3610A4B1B6894
:106E6000984201D9084B186000EB80002946074B77
:106E700003EB8000FEF714FD0120E5E700207047DA
:106E80000020E1E7C40A0020400F0020D00A0020C3
:106E9000002846D038B50446036D43B94FF050037F
:106EA00083F31188BFF36F8FBFF34F8FFEE7C26C80
:106EB0008A4200D20A46E16A914201D0012B00D0F9
:106EC00038BD184B1B68A34222D0E262A369002B95
:106ED00002DBC2F13802A261626901EB8101124B4F
:106EE00003EB81018A42EBD1251D2846FEF7FCFC0D
:106EF000E06A0E4B1B68984201D90C4B186000EBFE
:106F000080002946084B03EB8000FEF7C9FCD7E759
:106F10004FF0500383F31188BFF36F8FBFF34F8F90
:106F2000FEE77047C40A0020D00A0020400F00206E
:106F3000054B1B6823B1044B1A68136D01331365AD
:106F4000014B1868704700BFC40A0020064B1A683E
:106F500013682BB90123036023B9D36818687047FD
:106F60000023F8E700207047C40F002008B54160F7
:106F7000006191420CD8D21A83699A4201D3012050
:106F800008BD011D0B4B1868FEF795FC0020F7E7C4
:106F90009A422CBF00220122994238BF00220AB136
:106FA0000120EDE7011D044B1868FEF784FC00206A
:106FB000E6E700BFC80F0020C40F002030B583B043
:106FC00000F0B8FD114B1B681BB100F0D5FD03B0FC
:106FD00030BD0F4D2846FEF755FC0E4C2046FEF7FF
:106FE00051FC0D4B1D600D4B1C60002300930C4B9E
:106FF0000C4A10210A20FEF785FD044B186000287A
:10700000E3D00949FFF790F9DFE700BFE81000205F
:107010006C10002080100020C40F0020C80F00203A
:1070200098100020CC0F0020C4D8000810B588B0FC
:10703000FFF7C4FF124B1B68CBB1002405940694E4
:1070400007AA06A905A800F0DDFB059B0293069B95
:107050000193022300932346079A0A490A48FFF73F
:1070600059FB0A4B186010B1012008B010BD4FF059
:10707000500383F31188BFF36F8FBFF34F8FFEE789
:10708000E8100020CCD8000895730008EC10002010
:10709000B8B19C4603461848006858B300B585B09F
:1070A00000910192029305291CDCFFF74DFE022896
:1070B00010D000231A4669460F480068FEF7DAFD33
:1070C00015E04FF0500383F31188BFF36F8FBFF3C8
:1070D0004F8FFEE70023069A694607480068FEF7CF
:1070E000C9FD04E0002362466946FEF787FE05B04D
:1070F0005DF804FB00207047E810002070B582B0F6
:107100001B4B1B681A6862B3DB681E68DC68251DB0
:107110002846FEF7E9FB236A2046984794F8283072
:1071200013F0040FECD0A36933449E4207D263608E
:10713000246129460E4B1868FEF7BDFBE0E70021ED
:1071400000910B4632462046FFF7A2FF0028D7D118
:107150004FF0500383F31188BFF36F8FBFF34F8F4E
:10716000FEE7044A106802490860136002B070BD6F
:10717000C40F0020C80F002038B50546FFF790FB6C
:107180000446074B1B68834205D800232B60044B41
:107190001C60204638BDFFF7B1FF01232B60F6E7E6
:1071A0009410002070B582B006460D461749096854
:1071B000C968CC68201DFEF797FB94F828C01CF026
:1071C000040F08D12CF0010C84F828C0236A204653
:1071D000984702B070BDA16933462A463144204623
:1071E000FFF7C4FE0028F1D0002100910B46324683
:1071F0002046FFF74DFF0028E8D14FF0500383F3FE
:107200001188BFF36F8FBFF34F8FFEE7C40F0020CD
:1072100070B582B006460C46FFF73AFB01A8FFF7AF
:10722000ABFF019B3BBB0546B04228BF002C19D0E9
:1072300024B1134A12681268DAB901242246711B7C
:10724000104B1868FFF7B0F8FFF7C4FBA8B94FF070
:10725000E0234FF08052C3F8042DBFF34F8FBFF3EC
:107260006F8F0AE0FFF7B6FB29463046FFF79AFF1B
:1072700003E01C46E2E7FFF7ADFB02B070BD00BFC4
:10728000C80F0020E810002010B588B002E0049B71
:10729000002B0FDA002204A93D4B1868FEF76EFEA2
:1072A000002873D0049B002BF1DA07990698059B00
:1072B0009847ECE7069C636913B1201DFEF714FBA9
:1072C00003A8FFF759FF049B092BE3D8DFE803F07D
:1072D0000505053037500505303794F8283043F060
:1072E000010384F82830059BA16902461944204611
:1072F000FFF73CFE0028CDD0236A2046984794F83B
:10730000283013F0040FC5D0A269002100910B466C
:10731000059802442046FFF7BBFE0028BAD14FF083
:10732000500383F31188BFF36F8FBFF34F8FFEE7D6
:1073300094F8283023F0010384F82830AAE794F861
:10734000283043F0010384F828300599A16131B158
:107350000346024601442046FFF708FE9AE74FF035
:10736000500383F31188BFF36F8FBFF34F8FFEE796
:1073700094F8283013F0020F04D023F0010384F8AE
:10738000283087E7204600F02BFB83E708B010BDCC
:10739000E810002000B583B001A8FFF7D7FD0199E0
:1073A000FFF736FFFFF770FFF6E708B54FF0E02371
:1073B0001B69FFF7C9FC012800D108BD00F02AFCB9
:1073C000FBE70000EFF305832BB9064B186828B9DB
:1073D00001221A6070476FF0050070474FF0FF30D0
:1073E000704700BF4C13002008B5FFF7ADFC40B15B
:1073F0000346022806D0044B1B68012B02D0002351
:1074000000E00323184608BD4C130020EFF305836A
:1074100073B90A4B1B68012B0DD110B50024084B22
:10742000DC77064B02221A60FFF7E4F9204610BD14
:107430006FF0050070474FF0FF3070474C1300208D
:1074400000ED00E008B5EFF3058313B1FFF72EFA66
:1074500008BDFFF725FAFBE7F0B587B000240594D7
:10746000EFF3058474BB68B322B31568936903B95D
:1074700018235C1E372C49D8546814F0010F47D1EB
:1074800056696EB14FEA960C94682CB1D7685B2FA1
:1074900002D9176907B1C6B92CB14FF0FF340EE01D
:1074A0004FF0800CF0E7D4688CB9146994B14FF0B8
:1074B000FF3404E01546002418234FF0800C012C03
:1074C0000AD0ACB1059807B0F0BD0124F7E74FF042
:1074D000FF34F4E70024F2E7146992680292019401
:1074E00000930B4662462946FFF714F90590E9E739
:1074F00005AA019200930B461FFA8CF22946FFF76A
:1075000044F90128DED000230593DBE70020DAE709
:107510000020D8E708B5EFF3058333B908B9002098
:1075200008BDFFF7D3FA0020FAE76FF00500F7E790
:1075300070B582B0EFF30583002B4DD10E46144693
:10754000884234BF00230123002849D0002B47D0B4
:107550004AB1956815B1D3684F2B14D8002D41D18D
:10756000E3680BB139E0002301280ED073BB31462C
:10757000FEF762FB054685B304B124682146284620
:10758000FEF7D2FE29E00123EEE7B3B90322002182
:107590000120FEF70AFB0546002D18BF002EEAD099
:1075A00000231A4619462846FEF764FB0128E2D05C
:1075B0002846FEF7E3FE00250FE0A36803220092B1
:1075C00000221146FEF79EFA0546E5E7A26831461D
:1075D000FEF70FFB0546CEE70025284602B070BD3A
:1075E0000025FAE70025F8E720B310B582B00C4675
:1075F000EFF30583B3B101BB0021019101AAFEF7AE
:107600003FFE01281CD1019850B14FF0E0234FF00C
:107610008052C3F8042DBFF34F8FBFF36F8F00204C
:1076200002B010BDFEF759FD01280CD06CB16FF00F
:107630000100F5E76FF0030070476FF00300EFE71C
:107640006FF00200ECE70020EAE76FF00200E7E7E6
:1076500020B300B583B0EFF30583A3B100230193FA
:1076600001A9FEF732FC01281BD1019898B14FF017
:10767000E0234FF08052C3F8042DBFF34F8FBFF3C8
:107680006F8F002007E000231A461946FEF7F2FA32
:10769000012809D1002003B05DF804FB6FF003005E
:1076A00070476FF00200F6E76FF00200F3E7EFF3C8
:1076B00005834BB910B5044648B1FEF749FE204694
:1076C000FEF75CFE002010BD6FF0050070476FF004
:1076D0000300F8E770B582B0EFF30583002B3DD1CE
:1076E00014460B1E18BF012300283BD0002B39D0B5
:1076F0006AB393684BB1D2684F2A06D9226922B186
:1077000001FB00F56669AE421BD273B14FF0FF3347
:1077100053BB0022FEF749FA054605B304B12468BD
:1077200021462846FEF700FE19E0E3688BB923697D
:1077300013B14FF0FF33EBE763696BB14FF0FF33E9
:10774000E6E700250095FEF7DDF90546E5E70023AD
:10775000DEE74FF0FF33DBE70023D9E700252846BB
:1077600002B070BD0025FAE70025F8E710B582B039
:107770001C46EFF30583D3B1002918BF002823D09E
:107780002CBB0023019301AAFEF77AFD012821D129
:10779000019850B14FF0E0234FF08052C3F8042D10
:1077A000BFF34F8FBFF36F8F002002B010BD0029D1
:1077B00018BF002811D02246FEF7E0FB01280FD0A9
:1077C00084B16FF00100F0E76FF00300EDE76FF0B8
:1077D0000300EAE76FF00200E7E76FF00300E4E779
:1077E0000020E2E76FF00200DFE70000034B0360D8
:1077F000034B0B6080231360704700BFF012002022
:10780000F0100020034B0360034B0B604FF48073B8
:10781000136070475017002050130020124A12F0D6
:10782000070F1ED0D11D21F00701C1F5705313447D
:107830000A460E480260002141601344083B23F0D1
:1078400007030B48036059601960991A516013606F
:10785000084B1960084B1960084B4FF000421A6042
:1078600070474FF47053E4E7B0170020C453002072
:10787000AC170020B8530020B4530020B0530020B0
:10788000164B1A461B688342FBD3516802EB010C6E
:10789000844509D0416800EB010C634509D00360C1
:1078A000904219D010607047406801445160104602
:1078B000F0E710B40A4C2468A3420BD05B6819446B
:1078C000416013681B680360904200D010605DF84F
:1078D000044B70470460F7E7704700BFC4530020B3
:1078E000AC17002070B50546FEF7D2FF364B1B687B
:1078F000A3B1364B1B681D424ED135B1083515F08A
:10790000070F02D025F007050835002D46D0304B73
:107910001B68AB4251D32F4A146804E0FFF77EFF87
:10792000E7E722461C466368AB4202D22368002B7D
:10793000F7D1254B1B68A34241D01668083623684F
:10794000136063685B1B102B10D9601910F0070FD0
:1079500008D04FF0500383F31188BFF36F8FBFF34C
:107960004F8FFEE743606560FFF78AFF6268184942
:107970000B689B1A0B60184909688B4201D21649A3
:107980000B60124B1B681343636000232360134A90
:1079900013680133136002E0002600E00026FFF7C1
:1079A00019F816F0070F0CD04FF0500383F311882D
:1079B000BFF36F8FBFF34F8FFEE70026EFE7002680
:1079C000EDE7304670BD00BFAC170020B05300207B
:1079D000B4530020C4530020B8530020BC530020EF
:1079E000002834D038B50446A0F1080550F8043C0E
:1079F000174A1268134208D14FF0500383F31188DD
:107A0000BFF36F8FBFF34F8FFEE750F8081C41B1F3
:107A10004FF0500383F31188BFF36F8FBFF34F8F85
:107A2000FEE723EA020340F8043CFEF731FF54F876
:107A3000041C084A13680B4413602846FFF720FF14
:107A4000054A136801331360FEF7C4FF38BD704761
:107A5000B0530020B4530020C053002082B0002354
:107A600001930D4B1B68B3F1FF3F08D04FF050035B
:107A700083F31188BFF36F8FBFF34F8FFEE74FF093
:107A8000500383F31188BFF36F8FBFF34F8F019BB8
:107A9000002BFCD002B0704710000020084800689E
:107AA000006880F308884FF0000080F3148862B605
:107AB00061B6BFF34F8FBFF36F8F00DF00BF0000D1
:107AC00008ED00E0DFF80C00016841F4700101608E
:107AD0007047000088ED00E04FF0807340F8043CF0
:107AE00021F0010140F8081C054B40F80C3C40F81F
:107AF000202C6FF0020340F8243C4438704700BF4C
:107B00005D7A000800000000000000000000000096
:107B1000074B19680868B0E8F04F80F30988BFF395
:107B20006F8F4FF0000080F311887047AFF3008033
:107B3000C40A00204FF0500383F31188BFF36F8F06
:107B4000BFF34F8F0B4A136801331360012B00D032
:107B500070474FF0E023D3F8043D13F0FF0FF7D048
:107B60004FF0500383F31188BFF36F8FBFF34F8F34
:107B7000FEE700BF10000020094B1B6843B94FF01F
:107B8000500383F31188BFF36F8FBFF34F8FFEE76E
:107B9000013B034A13600BB983F31188704700BFA0
:107BA00010000020000000000000000000000000A5
:107BB000EFF30980BFF36F8F154B1A681EF0100F9B
:107BC00008BF20ED108A20E9F04F10602DE9090070
:107BD0004FF0500080F31188BFF34F8FBFF36F8FCA
:107BE000FEF79AFF4FF0000080F3118809BC196876
:107BF0000868B0E8F04F1EF0100F08BFB0EC108A14
:107C000080F30988BFF36F8F704700BFAFF3008028
:107C1000C40A002008B54FF0500383F31188BFF366
:107C20006F8FBFF34F8FFEF749FE28B14FF0E0236F
:107C30004FF08052C3F8042D002383F3118808BD50
:107C40004FF0E022002313619361054B1B68054947
:107C5000A1FB03139B09013B536107231361704789
:107C600008000020D34D62104FF0E023D3F8002D20
:107C70003D4B9A421CD04FF0E023D3F8002D3B4BF4
:107C80009A421ED030B583B0394B1A78D2B20192E5
:107C9000FF221A701B78DBB28DF803309DF8033099
:107CA00003F05003334A1370334B07221A601BE072
:107CB0004FF0500383F31188BFF36F8FBFF34F8FE3
:107CC000FEE74FF0500383F31188BFF36F8FBFF3CC
:107CD0004F8FFEE7284A1368013B13609DF803307D
:107CE0005B00DBB28DF803309DF8033013F0800F9A
:107CF000F0D1214B1B68032B08D04FF0500383F3C6
:107D00001188BFF36F8FBFF34F8FFEE71B021A4A34
:107D1000136003F4E0631360019BDBB2144A137039
:107D20004FF0E024D4F8203D43F47003C4F8203D24
:107D3000D4F8203D43F07043C4F8203DFFF780FFA6
:107D400000250E4B1D60FFF7BDFED4F8343F43F015
:107D50004043C4F8343FFFF7A1FEFEF7DDFEFFF716
:107D60007DFE284603B030BD71C20F4170C20F4185
:107D700000E400E0CC530020D0530020100000208D
:107D8000EFF305830F2B0FD9114A9B5CDBB2114A2D
:107D900012789A4208D94FF0500383F31188BFF349
:107DA0006F8FBFF34F8FFEE74FF0E023D3F80C3D0A
:107DB00003F4E063084A1268934208D94FF0500375
:107DC00083F31188BFF36F8FBFF34F8FFEE77047C8
:107DD000F0E300E0CC530020D0530020026852E8CA
:107DE000003F23F4907342E800310029F6D1026885
:107DF00002F1080353E8001F0D4B0B40083242E824
:107E000000310029F3D1C36E012B06D02023C0F826
:107E10008C300023C36643677047026852E8003F16
:107E200023F0100342E800310029F6D1EEE700BF4D
:107E3000FEFFFFEF704708B5026852E8003F23F0ED
:107E4000400342E800310029F6D12023C0F88830F1
:107E500000238367FFF7EEFF08BD704708B5806B0E
:107E60000023A0F85E30FFF7F8FF08BD7047000060
:107E700070B504460168CB6908688D6840F60F024A
:107E80001A4008D113F0200F05D010F0200F34D184
:107E900015F0805F31D12AB18B4A2A4033D18B4E05
:107EA000304230D1E26E012A00F0C68013F4801F08
:107EB00003D015F4800F40F0A98113F0800F07D094
:107EC00010F0800F40F0A98115F4000F40F0A5815B
:107ED00013F0400F03D010F0400F40F0A58113F4D1
:107EE000000F03D010F0804F40F0A28113F0807F8C
:107EF00002D00028C0F2A08170BD636F002BFBD0C0
:107F000020469847F8E713F0010F09D010F4807F5E
:107F100006D001260E62D4F890103143C4F89010B8
:107F200013F0020F0BD015F0010F08D021680226C4
:107F30000E62D4F8901041F00401C4F8901013F0D0
:107F4000040F0BD015F0010F08D0216804260E6233
:107F5000D4F8901041F00201C4F8901013F0080F0B
:107F60000BD010F0200F00D13AB122680821116225
:107F7000D4F890200A43C4F8902013F4006F0CD07A
:107F800010F0806F09D022684FF400611162D4F8BC
:107F9000902042F02002C4F89020D4F89020002ACB
:107FA000AAD013F0200F09D010F0200F02D115F045
:107FB000805F03D0636F0BB120469847D4F89020C0
:107FC00023689B6813F0400F02D112F0280F2CD0C9
:107FD0002046FFF703FF23689B6813F0400F20D073
:107FE000226802F1080353E8003F23F040030832FF
:107FF00042E800310029F3D1D4F880306BB1344A23
:108000001A65D4F88000FCF795FD00283FF474AFA2
:10801000D4F88000036D98476EE72046FFF71DFFF8
:108020006AE72046FFF719FF66E72046FFF715FFCE
:108030000023C4F890305FE713F0100F3FF436AF21
:1080400010F0100F3FF432AF10230B6223689B68CF
:1080500013F0400F00F0A080D4F8802013681D4872
:108060001D498B4218BF834238D018318B4235D01E
:1080700018318B4232D018318B422FD018318B42BD
:108080002CD018318B4229D018318B4226D001F5E3
:1080900056718B4222D018318B421FD018318B423F
:1080A0001CD018318B4219D018318B4216D01831A0
:1080B0008B4213D018318B4210D018318B420DD027
:1080C0005B689BB20CE000BF0100001020010004BF
:1080D0005D7E000810000240280002405B689BB2F1
:1080E000002B49D0B4F85C10994245D9A4F85E3011
:1080F000D369B3F5807F32D0226852E8003F23F481
:10810000807342E800310029F6D1226802F10803A9
:1081100053E8003F23F00103083242E80031002910
:10812000F3D1226802F1080353E8003F23F0400333
:10813000083242E800310029F3D12023C4F88C3002
:108140000023E366226852E8003F23F0100342E870
:1081500000310029F6D1D4F88000FCF74BFB022354
:108160002367B4F85C10B4F85E309BB2C91A89B2C8
:108170002046FFF77BFEBFE6B4F85C1099427FF41F
:10818000BBAED369B3F5807F7FF4B6AE022323671D
:108190002046FFF76BFEAFE6B4F85C10B4F85E3033
:1081A0009BB2C91A89B2B4F85E309BB2002B3FF47F
:1081B000A3AE00293FF4A0AE226852E8003F23F4AA
:1081C000907342E800300028F6D1226802F10803DB
:1081D00053E8000F1A4B0340083242E800300028F1
:1081E000F3D12023C4F88C300023E3666367226850
:1081F00052E8003F23F0100342E800300028F6D197
:10820000022323672046FFF731FE75E64FF4801303
:108210000B62204600F0F0FC6EE6A36F002B3FF4EB
:108220006BAE2046984767E62046FFF704FE63E6FC
:10823000204600F0E3FC5FE6204600F0DEFC5BE653
:10824000FEFFFFEF70B586B00446016883680269DF
:10825000134342691343C26913430868884A0240C2
:1082600013430B602268536823F44053E1680B43C7
:108270005360A1692268834B9A4201D0236A194353
:108280009068814B03400B4393602268D36A23F0CC
:108290000F03616A0B43D36222687C4B9A4221D060
:1082A0007B4B9A4200F08C807A4B9A4200F0A2807D
:1082B000794B9A4200F0B580784B9A4200F0C88022
:1082C000774B9A4200F0F480764B9A4200F0198185
:1082D000754B9A4200F02C816A4B9A4200F03F8124
:1082E000802333E0714B5B6D03F03803282B65D896
:1082F000DFE813F029006400640064006400640097
:10830000640064004D016400640064006400640063
:10831000640064002B006400640064006400640076
:10832000640064005E006400640064006400640033
:108330006400640060006400640064006400640021
:10834000640064006200012300E008234D498A4272
:1083500000F02F81E069B0F5004F00F0AF81202BD5
:1083600000F20782202B00F25182DFE813F01E0298
:1083700024024F024F0227024F024F024F022C02EB
:108380004F024F024F024F024F024F024F02310283
:108390004F024F024F024F024F024F024F024F0255
:1083A0004F024F024F024F024F024F024F023D0257
:1083B0001023CBE72023C9E74023C7E78023C5E785
:1083C0003A4B5B6D03F00703052B11D8DFE813F080
:1083D0000600E10008000A000C000E000023B5E7CB
:1083E0000823B3E71023B1E72023AFE74023ADE72D
:1083F0008023ABE72D4B5B6D03F00703052B0ED8F5
:10840000DFE803F003C90507090B00239EE70823F3
:108410009CE710239AE7202398E7402396E78023E0
:1084200094E7224B5B6D03F00703052B0ED8DFE8C2
:1084300003F003B40507090B002387E7082385E74A
:10844000102383E7202381E740237FE780237DE714
:10845000164B5B6D03F00703052B0ED8DFE803F026
:10846000039F0507090B002370E708236EE710231D
:108470006CE720236AE7402368E7802366E700BFB4
:10848000F369FFCF000C0058FFF4FF11001001400A
:108490000044004000480040004C004000500040B4
:1084A0000014014000780040007C00400044025865
:1084B0007D4B5B6D03F03803282B20D8DFE803F0F9
:1084C000151F1F1F1F1F1F1F711F1F1F1F1F1F1F74
:1084D000171F1F1F1F1F1F1F191F1F1F1F1F1F1FBA
:1084E0001B1F1F1F1F1F1F1F1D0001232EE7082317
:1084F0002CE710232AE7202328E7402326E78023C0
:1085000024E7694B5B6D03F00703052B0ED8DFE80A
:1085100003F0034A0507090B002317E7082315E7B3
:10852000102313E7202311E740230FE780230DE7F3
:108530005D4B5B6D03F00703052B0ED8DFE803F0FE
:1085400003350507090B002300E70823FEE6102387
:10855000FCE62023FAE64023F8E68023F6E603F55E
:108560000E339B6D03F00703052B0ED8DFE803F0F5
:10857000031F0507090B0223E8E60823E6E610239C
:10858000E4E62023E2E64023E0E68023DEE604235F
:10859000DCE60423DAE60423D8E60423D6E6042343
:1085A000D4E60423D2E60423D0E60423CEE6042353
:1085B000CCE6202B27D8022BC0F01A81023B1E2BC1
:1085C00000F21881DFE813F0500016015600160182
:1085D000160116015B00160116011601160116019F
:1085E000160116016000160116011601160116018A
:1085F00016011601160116011601160116011601C3
:10860000160116016C00402B2CD14FF40040626A19
:10861000264B33F81220B0FBF2F3656805EB4501F9
:10862000994200F2E980B3EB053F00F2E7800026B3
:1086300033463146F7F7ACFE090241EA1061000209
:108640006B08C0182A46334641F10001F7F7A0FE37
:10865000A0F54072164B9A4200F2D2802368D8608F
:108660003046D4E00120D2E0FAF734FE0028CED123
:108670000020CCE003A8FAF73FFE0498F6E768462E
:10868000FAF736FF0198F1E7074B1B6813F0200F4C
:1086900008D0054B1B68C3F3C1030648D840E5E783
:1086A0000548B4E70348B2E700440258D4D80008AC
:1086B000FFFC0F000090D00300093D00202B15D8CF
:1086C000202B00F29F80DFE803F031379D9D3A9D1B
:1086D0009D9D3F9D9D9D9D9D9D9D449D9D9D9D9D81
:1086E0009D9D9D9D9D9D9D9D9D9D5000402B1BD1C1
:1086F000626A4D4B33F81230B0FBF3F062685308F6
:1087000003EB4000B0FBF2F0A0F110024FF6EF7364
:108710009A4279D883B223F00F03C0F34200184382
:108720002368D860002072E0012070E0F9F732FF82
:108730000028DDD100206AE0F9F73EFFF8E703A842
:10874000FAF7DAFD0498F3E76846FAF7D1FE0198E4
:10875000EEE7364B1B6813F0200F08D0334B1B6835
:10876000C3F3C1033248D840E2E73248C0E730489B
:10877000BEE7402B17D14FF40040626A2A4B33F812
:108780001230B0FBF3F0636800EB5300B0FBF3F082
:10879000A0F110024FF6EF739A4242D8236880B2DC
:1087A000D860002033E0012031E0F9F7F3FE002823
:1087B000E3D100202BE0F9F7FFFEF8E703A8FAF772
:1087C0009BFD0498F3E76846FAF792FE0198EEE7FE
:1087D000164B1B6813F0200F08D0144B1B68C3F313
:1087E000C1031348D840E2E71248C6E71048C4E77F
:1087F00001200CE001200AE0012008E0012006E051
:10880000012004E0012002E0012000E0012001231A
:10881000A4F86A30A4F8683000236367A36706B041
:1088200070BD0120F3E700BFD4D80008004402580F
:108830000090D00300093D00836A13F0080F06D0B2
:108840000268536823F40043816B0B435360836ACF
:1088500013F0010F06D00268536823F40033C16A95
:108860000B435360836A13F0020F06D0026853680B
:1088700023F48033016B0B435360836A13F0040FBE
:1088800006D00268536823F48023416B0B43536086
:10889000836A13F0100F06D00268936823F48053A4
:1088A000C16B0B439360836A13F0200F06D00268FC
:1088B000936823F40053016C0B439360836A13F0B5
:1088C000400F0AD00268536823F48013416C0B43B5
:1088D0005360436CB3F5801F0BD0836A13F0800F95
:1088E00006D00268536823F40023C16C0B43536025
:1088F00070470268536823F4C003816C0B435360D4
:10890000EBE72DE9F84305460E4617469946DDF894
:1089100020802C68E46936EA04030CBF4FF0010C98
:108920004FF0000CBC453AD1B8F1FF3FF1D0FCF755
:1089300039FEA0EB0900404534D8B8F1000F33D020
:108940002B681A6812F0040FE3D0B6F1400218BF8A
:108950000122802EDDD0002ADBD0DA6912F0080F68
:1089600011D1DA6912F4006FD3D04FF400621A62A9
:108970002846FFF733FA2023C5F89030002385F806
:10898000843003200CE008241C622846FFF726FAF6
:10899000C5F89040002385F88430012000E00020D5
:1089A000BDE8F8830320FBE70320F9E72DE9F04158
:1089B00082B01E46D0F88830202B5BD104460D468D
:1089C0009046002A18BF002901D1012053E000235E
:1089D000C0F890302123C0F88830FCF7E3FD07464B
:1089E000A4F85480A4F85680A368B3F5805F02D041
:1089F0004FF0000816E0236943B34FF0000811E080
:108A00002023C4F88830032035E038F8023B226880
:108A1000C3F308039362B4F8562092B2013A92B2BB
:108A2000A4F85620B4F856309BB293B100963B465A
:108A3000002280212046FFF764FF0028E0D1002DAE
:108A4000E3D015F8012B23689A62E4E7A8460025D5
:108A5000E8E700963B46002240212046FFF751FF01
:108A600018B92023C4F8883005E02023C4F88830E2
:108A7000032000E0022002B0BDE8F08130B583B0F1
:108A800004460023C0F89030FCF78CFD05462268B0
:108A9000126812F0080F10D123681B6813F0040F3E
:108AA00028D12023C4F88830C4F88C300020E06638
:108AB000206784F8840003B030BD6FF07E430093DC
:108AC000034600224FF400112046FFF71AFF00284A
:108AD000E2D0226852E8003F23F0800342E80031F0
:108AE0000029F6D12023C4F88830002384F884308C
:108AF0000320E0E76FF07E4300932B4600224FF403
:108B000080012046FFF7FDFE0028CAD0226852E807
:108B1000003F23F4907342E800310029F6D1226827
:108B200002F1080353E8003F23F00103083242E852
:108B300000310029F3D12023C4F88C30002384F8BD
:108B400084300320B7E778B310B50446D0F88830F6
:108B50000BB32423C4F888302268136823F0010380
:108B60001360A36AE3B92046FFF76CFB012811D01C
:108B70002268536823F4904353602268936823F07B
:108B80002A0393602268136843F0010313602046B0
:108B9000FFF774FF10BD80F88430F8F72FFDD8E799
:108BA0002046FFF749FEDEE701207047436E2BB9F0
:108BB0000123A0F86A30A0F86830704730B4036829
:108BC0009A68C2F342629968490F094D6B5C1B01B8
:108BD000084C615C93FBF1F3A0F86A30AB5C1B01BD
:108BE000A25C93FBF2F3A0F8683030BC704700BF82
:108BF000F4D80008ECD8000870477047704790F828
:108C00008430012B18D0012380F884302423C0F84D
:108C1000883003681A68196821F00101196022F090
:108C200000520023436601680A602022C0F88820B1
:108C300080F88430184670470220704738B590F8A5
:108C40008430012B1DD00446012380F88430242376
:108C5000C0F8883003681D681A6822F001021A60A3
:108C60000268936823F0604319439160FFF79EFF09
:108C700023681D602023C4F88830002084F8840015
:108C800038BD0220FCE738B590F88430012B1DD0A8
:108C90000446012380F884302423C0F88830036818
:108CA0001D681A6822F001021A600268936823F0B6
:108CB000606319439160FFF779FF23681D602023EB
:108CC000C4F88830002084F8840038BD0220FCE716
:108CD0000F2801D90120704710B58AB00446002240
:108CE00001461920F8F708FE1920F8F73BFE174B4C
:108CF0001C60174BD3F8F02042F00102C3F8F020BB
:108D0000D3F8F03003F001030093009B01A902A8FF
:108D1000F9F764FCF9F750FC43000E48A0FB03236D
:108D20009B0C013B0C480D4A026040F2E732C260E6
:108D3000436000230361836000F0FEFA10B101205C
:108D40000AB010BD044800F06BF9F9E704000020F8
:108D50000044025883DE1B43D4530020000001402E
:108D600008B513460A460146024801F0C3FA00B1AD
:108D7000012008BD6804002008B513460A460146D4
:108D8000024801F027FB00B1012008BD6804002063
:108D900008B5034801F074FE043818BF012008BD6F
:108DA0006804002008B50146014801F0ABFD08BD8C
:108DB0006804002082B001238DF807309DF8070079
:108DC00002B0704738B5FFF7F5FF012802D0022541
:108DD000284638BD0446074801F063FE05460028D2
:108DE000F6D14FF48041034801F09EFD0028EFD0FA
:108DF0002546EDE76804002008B5074B01221A70EC
:108E0000FFF7C6FF20B9044A137803F0FE0313707E
:108E1000014B187808BD00BF1400002010B50446AF
:108E2000164B01221A70FEF7DFFA022802D0134B0C
:108E3000187810BDFFF7C6FF88B1104B1B78DBB266
:108E4000012BF4D00E4B1B687BB10D4B1B68002B24
:108E5000EDD10A4A137843F001031370E7E7204687
:108E6000FFF7CAFF054B1870E7E7002202210A202E
:108E7000FEF730FC024B1860E7E700BF140000204B
:108E80002054002008B5FFF7B7FF08BD38B50546E8
:108E9000FEF7D8FA0446FEF7D5FA001BA84205D221
:108EA000FFF776FF0028F6D1002001E04FF0FF30F9
:108EB00038BD000070B582B00C4615461E4647F21C
:108EC0003050FFF7E3FF002828DB324629462046D2
:108ED000FFF746FF08B1012021E047F2305300229E
:108EE0000DF1060110480068FEF740FCC8B9BDF856
:108EF0000630012B01D0012011E0FEF7A3FA044651
:108F0000FEF7A0FA001B47F22F53984204D8FFF750
:108F10003FFF0028F4D102E0012000E0012002B070
:108F200070BD0120FBE700BF2054002070B582B067
:108F30000C4615461E4647F23050FFF7A7FF0028A3
:108F400028DB324629462046FFF716FF08B10120EC
:108F500021E047F2305300220DF10601104800686D
:108F6000FEF704FCC8B9BDF80630022B01D0012081
:108F700011E0FEF767FA0446FEF764FA001B47F2B9
:108F80002F53984204D8FFF703FF0028F4D102E0E2
:108F9000012000E0012002B070BD0120FBE700BF0E
:108FA0002054002030B58BB0134B187810F001041A
:108FB0001BD1154603291CD8DFE801F002040A1072
:108FC0000C4613E001A8FFF7EDFE079B2B600DE0B8
:108FD00001A8FFF7E7FE089B2B8007E001A8FFF739
:108FE000E1FE089B5B0A2B6000E0032420460BB0E7
:108FF00030BD0424FAE700BF1400002008B503497F
:10900000034803F013FA034B187008BD24540020E2
:10901000FCD800082854002000207047704700004A
:1090200090F83D30DBB2012B3AD1022380F83D307D
:109030000268D36843F00103D36003681A4AB3F1AE
:10904000804F18BF93421DD0A2F57C42934219D0A5
:1090500002F58062934215D002F58062934211D0EE
:1090600002F5784293420DD0A2F56C42934209D0AA
:1090700002F59432934205D01A6842F001021A6058
:10908000002070479968094A0A40062A18BFB2F5BD
:10909000803F07D01A6842F001021A600020704732
:1090A00001207047002070470000014007000100C8
:1090B000704770477047704770B504460368DE68B4
:1090C0001D6915F0020F10D016F0020F0DD06FF0D1
:1090D00002021A610123037703689B6913F0030FEF
:1090E00064D0FFF7E6FF0023237715F0040F12D0BA
:1090F00016F0040F0FD023686FF004021A610223E8
:10910000237723689B6913F4407F55D02046FFF7EF
:10911000D0FF0023237715F0080F12D016F0080FA8
:109120000FD023686FF008021A61042323772368A5
:10913000DB6913F0030F46D02046FFF7BAFF002388
:10914000237715F0100F12D016F0100F0FD02368F0
:109150006FF010021A61082323772368DB6913F488
:10916000407F37D02046FFF7A4FF0023237715F078
:10917000010F02D016F0010F33D115F4025F02D0B7
:1091800016F0800F35D115F4807F02D016F0800FD5
:1091900037D115F0400F02D016F0400F39D115F03D
:1091A000200F02D016F0200F3BD170BDFFF780FFDB
:1091B0002046FFF77FFF96E72046FFF779FF20461E
:1091C000FFF778FFA5E72046FFF772FF2046FFF77D
:1091D00071FFB4E72046FFF76BFF2046FFF76AFFF9
:1091E000C3E723686FF001021A612046F7F7BEFB60
:1091F000C3E723686FF402521A61204600F0CDF8ED
:10920000C1E723686FF480721A61204600F0C6F847
:10921000BFE723686FF040021A612046FFF74BFF5B
:10922000BDE723686FF020021A61204600F0B4F811
:10923000BBE7000070B40368394A904214BF0022B3
:109240000122B0F1804F14BF144642F00104ACB9C2
:10925000344DA84214BF00250125334EB0420DD035
:1092600065B905F1804505F58235A84214BF002592
:10927000012506F50066B04200D01DB123F0700351
:109280004D682B4314BB274CA04214BF002401247B
:10929000254DA8421AD0CCB904F1804404F582349B
:1092A000A04214BF0024012405F50065A8420DD09A
:1092B00064B91E4CA04214BF0024012405F59A3560
:1092C000A84203D014B91A4CA04203D123F440732E
:1092D000CC68234323F080034C6923438C68C46229
:1092E0000C688462134CA04208BF42F0010262B9CC
:1092F0000E4A904214BF0022012204F57054A0428D
:1093000003D012B90A4A904201D10A690263026885
:1093100042F00402026001224261036070BC7047A7
:1093200000000140000800400004004000440140EB
:10933000004801400004014060B310B5044690F8B5
:109340003D3013B3022384F83D30214651F8040B1D
:10935000FFF770FF012384F8483084F83E3084F82A
:109360003F3084F8403084F8413084F8423084F84B
:10937000433084F8443084F8453084F8463084F82B
:10938000473084F83D30002010BD80F83C30FFF7B6
:1093900045FED7E7012070477047704770470000CF
:1093A000002848D010B5044690F83530002B32D054
:1093B000022384F83530A3690BB10023636222686D
:1093C00011681E4B0B401360226811686368606966
:1093D0000343E068034320690343A0680343A06993
:1093E0000343206A0343606A0343A06A0343E06ABD
:1093F0000343206B03430B4313606368102B0DD0B2
:109400002268D36843F01E03D3600020E064012388
:1094100084F8353010BDF7F717FFC9E7237F627F67
:1094200043EA0223A27F43EA0243E17F226843EA40
:1094300001639361E4E70120704700BF07F0E0FF9C
:1094400038B5044603680A4ADA60FCF7ABF805460B
:109450002368DB6813F0200F07D1FCF7A3F8401B4B
:10946000B0F57A7FF4D9032000E0002038BD00BFBA
:109470005FFF030070B50368DA6812F0400F02D096
:109480000025284670BD04464FF0FF32DA60FCF735
:1094900089F8064600252368DB6813F0400FF0D1F9
:1094A000032DEED0FCF77EF8831BB3F57A7FF2D95B
:1094B000032584F82150EEE710B50446114BDA6815
:1094C00022F08002DA609B6813F0200F07D1FFF7CB
:1094D000B7FF0346A0B1032384F8213010E0094A06
:1094E000936823F020039360FFF7AAFF034610B1AF
:1094F000032384F8213003498A6842F020028A60FD
:10950000184610BD0040005800284AD038B504461F
:1095100090F8213063B1022384F821302368DA689F
:1095200012F0100F09D00020012384F8213038BD3B
:1095300080F82030F7F7CAFFEDE7CA225A622368A5
:1095400053225A622046FFF795FF90B158B922681E
:10955000D36C23F00303D3642168CB6CE2696569A3
:109560002A431343CB642368FF225A620028DED1CA
:10957000DAE7226891680C4B0B40936021688A6897
:10958000636820690343A069034313438B60A168A8
:10959000E368226843EA014313612046FFF78CFF2A
:1095A000D4E70120704700BFBFFF8FFF002302E018
:1095B00001330A38C0B20928FAD81B01DBB21843BC
:1095C0007047000090F82030012B5BD070B5044646
:1095D0000D461646012380F82030022380F8213002
:1095E0000368CA225A62036853225A62FFF742FF95
:1095F00058BB002E34D123689B6813F0400F01D173
:109600000023EB702878FFF7D1FF06046878FFF796
:10961000CDFF46EA0026A878FFF7C8FF3043EB7875
:1096200040EA83502268184B034013602268936815
:1096300023F48023936021688B68EA6828690243D9
:1096400013438B602046FFF737FF2368FF225A62DF
:1096500010B9012384F82130002384F8203070BD34
:1096600023689B6813F0400F01D10023EB702B7827
:109670006878000240EA0340AB781843EB7840EA90
:109680008350CFE7022070477F7F7F0090F8203023
:10969000012B4AD070B504460E46012380F82030D5
:1096A000022380F821303AB94B7813F0100F03D021
:1096B00003F0EF030A334B7022BBF078FFF776FF1D
:1096C00005047078FFF772FF45EA0025B078FFF7D0
:1096D0006DFF0543307845EA40352368CA225A6257
:1096E000236853225A622046FFF7C4FEA8B12368BC
:1096F000FF225A6210B9012384F82130002384F834
:10970000203070BDF37875782D0245EA0345B078B6
:109710000543307845EA4035DFE72268044B2B40AB
:1097200053602046FFF7C8FEE1E70220704700BF04
:109730003FFFFF00F8B590F82030012B57D00446CA
:109740000E461546012380F82030022380F8213090
:109750000368CA225A62036853225A62254B9A68E8
:1097600022F480629A60DB6813F0400F27D02368F0
:109770005E6121688B6823F007032B438B604FF0F9
:10978000B043D3F8802042F40022C3F880201A6846
:1097900042F400221A602268936843F48043936085
:1097A0002268936843F4806393602368FF225A62BF
:1097B000012384F82130002084F82000F8BDFBF755
:1097C000F1FE07462368DB6813F0040FCFD1FBF7E7
:1097D000E9FEC01BB0F57A7FF4D92368FF225A62F4
:1097E000032084F82100002384F82030E6E70220DB
:1097F000E4E700BF00400058704710B504464FF042
:10980000B0434FF40022C3F888200368DA6812F4EA
:10981000806F03D1012384F8213010BDDA68D2B201
:1098200062F49062DA60FFF7E7FFF3E70B4B1B6827
:109830000B4AA2FB03235B0A41F2883202FB03F3CB
:109840001A46013B3AB1426B12F0800FF8D0054B3B
:109850008363002070474FF00040704708000020ED
:10986000D34D6210C500200084B00DF1040C8CE8CB
:109870000E000B461343039A1343049A1343059AAD
:1098800013434168034A0A4013434360002004B075
:10989000704700BF002CC0FFD0F8800070470368FD
:1098A00043F00303036000207047006800F00300EA
:1098B000704700000B6883604B688A681343CA686E
:1098C00013430A691343C168024A0A401343C36041
:1098D00000207047C0E0FEFF0069C0B2704714303E
:1098E000405870470B6843624B6883628B68CA6854
:1098F00013430A6913434A691343C26A22F0FF0201
:109900001343C3620020704710B586B0044600239D
:1099100001930293039304934FF48053059301A999
:10992000FFF7C8FF2046FFF781FF06B010BD00001B
:1099300070B505460E46514B1B685149A1FB0313F8
:109940005B0A03FB02F21346013A002B5ED06C6BFC
:109950004C4B2340002BF6D014F4005FF3D16B6B1B
:1099600013F0040F06D16B6B13F0010F05D001202B
:10997000A8634DE00420A8634AE0434BAB6328464C
:10998000FFF7AAFFB04201D0012041E000212846A4
:10999000FFF7A5FF03463D481840C8B3002B38DB4E
:1099A00013F0804F38D113F0005F37D113F0805F90
:1099B00036D113F0006F36D113F0806F36D113F02B
:1099C000807F36D113F4000F36D113F4800F36D1D7
:1099D00013F4001F36D113F4801F36D113F4802FF7
:1099E00036D113F4003F36D113F4803F36D113F44F
:1099F000004F36D113F4804F36D113F4005F36D1C7
:109A000013F0080F36D04FF4000001E04FF0004093
:109A100070BD4FF00070FBE74020F9E78020F7E7CA
:109A20004FF48070F4E74FF40070F1E74FF480607A
:109A3000EEE74FF40060EBE74FF48050E8E74FF4B7
:109A40000050E5E74FF48040E2E74FF40040DFE7E5
:109A50004FF40030DCE74FF48020D9E74FF40020CA
:109A6000D6E74FF48010D3E74FF40010D0E74FF45F
:109A70008000CDE74FF48030CAE700BF0800002027
:109A8000D34D621045002000C500200008E0FFFD16
:109A900030B587B004460191102502954FF48073CC
:109AA0000393002304934FF48053059301A9FFF718
:109AB00001FF41F2883229462046FFF739FF07B0FF
:109AC00030BD30B587B004460191112502954FF4A1
:109AD00080730393002304934FF48053059301A9EB
:109AE000FFF7E8FE41F2883229462046FFF720FFC3
:109AF00007B030BD30B587B00446019112250295FC
:109B00004FF480730393002304934FF48053059321
:109B100001A9FFF7CFFE41F2883229462046FFF720
:109B200007FF07B030BD30B587B004460191182556
:109B300002954FF480730393002304934FF48053F2
:109B4000059301A9FFF7B6FE41F288322946204667
:109B5000FFF7EEFE07B030BD30B587B00446019187
:109B6000192502954FF480730393002304934FF457
:109B70008053059301A9FFF79DFE41F288322946E3
:109B80002046FFF7D5FE07B030BD30B587B004469C
:109B90000191072502954FF48073039300230493EA
:109BA0004FF48053059301A9FFF784FE41F28832F8
:109BB00029462046FFF7BCFE07B030BD30B587B060
:109BC00004460191372502954FF4807303930023D7
:109BD00004934FF48053059301A9FFF76BFE41F204
:109BE000883229462046FFF7A3FE07B030BD30B5C6
:109BF00087B004460191062502954FF480730393C4
:109C0000002304934FF48053059301A9FFF752FEFC
:109C100041F2883229462046FFF78AFE07B030BD60
:109C200030B587B0044600230193332502954FF4E5
:109C30008072039204934FF48053059301A9FFF7B8
:109C400039FE41F2883229462046FFF771FE07B0FF
:109C500030BD30B587B0044601910D2502954FF413
:109C600080730393002304934FF48053059301A959
:109C7000FFF720FE41F2883229462046FFF758FEC2
:109C800007B030BD30B587B00446002301930D25E1
:109C900002954FF48072039204934FF4805305931E
:109CA00001A9FFF707FE41F2883229462046FFF757
:109CB0003FFE07B030BD00000146144B1B68144A3C
:109CC000A2FB03235B0A41F2883202FB03F31A462C
:109CD000013BBAB14A6B12F0450FF8D012F4005FA5
:109CE000F5D14B6B13F0040F06D1486B10F0010057
:109CF00005D1084B8B6370470420886370470120AF
:109D0000886370474FF00040704700BF0800002094
:109D1000D34D6210C500200010B586B00446002364
:109D20000193022202924FF44072039204934FF483
:109D30008053059301A9FFF7BDFD2046FFF7BCFF47
:109D400006B010BD10B586B00446019109230293F8
:109D50004FF440730393002304934FF4805305930F
:109D600001A9FFF7A7FD2046FFF7A6FF06B010BD2B
:109D70000146104B1B68104AA2FB03235B0A41F209
:109D8000883202FB03F31A46013B82B14A6B12F0A0
:109D9000450FF8D012F4005FF5D1486B10F00400C5
:109DA00002D1064B8B6370470420886370474FF0E5
:109DB0000040704708000020D34D6210C50020000D
:109DC00010B586B004460191292302934FF48073A5
:109DD0000393002304934FF48053059301A9FFF7E5
:109DE00069FD2046FFF7C4FF06B010BDF8B5054673
:109DF0000E461746234B1B68234AA2FB03235B0A2C
:109E000041F2883202FB03F31A46013B8AB36C6BC2
:109E100014F0450FF8D014F4005FF5D16B6B13F01C
:109E2000040F06D16B6B13F0010F05D00120A8635E
:109E300021E00420A8631EE02846FFF74DFDB04254
:109E400001D0012017E0114BAB6300212846FFF73A
:109E500046FD034610F4604008D013F4804F0BD148
:109E600013F4004F0BD04FF4805004E01B0C3B80E8
:109E700001E04FF00040F8BD4FF40050FBE74FF415
:109E80008030F8E708000020D34D6210C5002000A4
:109E900070B586B004460D46002301930326029652
:109EA0004FF48072039204934FF48053059301A9F9
:109EB000FFF700FD2A4631462046FFF797FF06B020
:109EC00070BD00000146164B1B68164AA2FB032317
:109ED0005B0A41F2883202FB03F31A46013BE2B10E
:109EE0004A6B12F0450FF8D012F4005FF5D14B6BBE
:109EF00013F0040F0BD14B6B13F001030AD1486B25
:109F000010F040000BD040228A63184670470420AE
:109F1000886370470120886370474FF000407047A6
:109F200008000020D34D621010B586B004464FF4EF
:109F3000D5730193082302934FF480730393002396
:109F400004934FF48053059301A9FFF7B3FC204617
:109F5000FFF7B8FF06B010BD70B582B0044600230D
:109F600001930068FFF7D0FC054610B1284602B007
:109F700070BD2068FFF7D8FFB0F1004F07D0012374
:109F8000E363E36B012B0BD02E46284614E000233D
:109F9000E3632068FFF7B8FC0028F2D00546E5E748
:109FA00000212068FFF70AFE0028EDD04FF0805511
:109FB000DCE7019B01330193019A4FF6FE739A424D
:109FC00013D896B900212068FFF7F8FDD0B91249DF
:109FD0002068FFF7F5FE0646B0B900212068FFF7BC
:109FE0007EFCC30FE5D01E46E3E7019A4FF6FE73F1
:109FF0009A420CD80023A36310F080430AD00123B7
:10A00000A363B3E70546B1E74FF08055AEE74FF0E5
:10A010008075ABE71D46A9E7000010C1F0B587B019
:10A0200005460E46FBF7BEFA074600212868FFF7F3
:10A0300056FC10F0007F64D140212868FFF728FD0E
:10A04000034610B16A6B6A635DE0696C09042868B5
:10A05000FFF7B4FD034610B16A6B6A6353E04FF03B
:10A06000FF33009340230193602302930223039361
:10A07000002304930123059369462868FFF732FC07
:10A080002868FFF7FFFD034680B16A6B6A633AE018
:10A090002868FFF701FC46F8040B0134072CF7D9B8
:10A0A000FBF780FAC01BB0F1FF3F2FD02B685C6B31
:10A0B00014F4957404D15B6B13F4004FF0D0EDE70A
:10A0C0005A6B12F0080F24D15A6B12F0020F22D1F2
:10A0D0005B6B13F0200F20D12868436B13F480537F
:10A0E0000CD0FFF7D9FB46F8040BFBF75BFAC01B5B
:10A0F000B0F1FF3FF0D14FF0004304E0084A826323
:10A1000001E04FF40063184607B0F0BD4FF0004384
:10A11000F9E70823F7E70223F5E72023F3E700BF79
:10A120003A0F0018F0B589B004460F46FBF73AFA2B
:10A13000054600230093019308212068FFF7A8FC3F
:10A14000064610B1304609B0F0BD616C09042068C4
:10A15000FFF734FD06460028F4D14FF0FF33029399
:10A1600008230393302304930223059300230693CB
:10A170000123079302A92068FFF7B4FB2068FFF7CB
:10A180004FFD064630B1DDE7FBF70CFA431BB3F198
:10A19000FF3F46D02068426B40F22A531A420ED14C
:10A1A000436B13F4002FEFD1002EEDD1FFF774FBBA
:10A1B00000902068FFF770FB01900136E4E7436BE5
:10A1C00013F0080F24D1436B13F0020F23D1466B19
:10A1D00016F0200622D1144B8363019A130203F474
:10A1E0007F0343EA0263110A01F47F410B4343EA10
:10A1F00012633B60009A130203F47F0343EA026395
:10A20000110A01F47F410B4343EA12637B6099E733
:10A210000826866396E70226866393E720268663F0
:10A2200090E74FF000468DE73A0F001810B582B066
:10A2300004460021009101910068FFF750FB10F0E7
:10A24000007F13D169462046FFF76CFF80B9019B60
:10A2500013F4802F0ED0616C09042068FFF7AEFC68
:10A2600030B902212068FFF7C2FC01E04FF4006022
:10A2700002B010BD4FF08060FAE710B582B004461E
:10A280000021009101910068FFF729FB10F0007F89
:10A2900013D169462046FFF745FF80B9019B13F4AF
:10A2A000803F0ED0616C09042068FFF787FC30B94D
:10A2B00000212068FFF79BFC01E04FF4006002B032
:10A2C00010BD4FF08060FAE770B581B104460E46CC
:10A2D000416C09040068FFF7BCFC054608B128463C
:10A2E00070BD00212068FFF7FAFA3060F7E74FF001
:10A2F0000065F4E72DE9F04186B00446002949D015
:10A3000016461F46884690F83050EDB2012D5AD1BE
:10A3100000234363D319026D934241D8032380F88D
:10A32000303003680022DA6261627B028362826BF2
:10A33000012A00D076024FF0FF3200920193902361
:10A340000293022303930023049305936946206834
:10A35000FFF7C8FA2268D36843F04003D36023684C
:10A36000C3F85880236801221A6597421DD98223B9
:10A37000E36231462068FFF7BDFBE8B12368144A69
:10A380009A63636B18436063012384F830300023C1
:10A39000E36219E0436B43F000634363012513E07C
:10A3A000436B43F0007343630EE08123E362314665
:10A3B0002068FFF786FBE0E72268D36B43F49573D0
:10A3C000D363002500E00225284606B0BDE8F081F1
:10A3D000FF0FE01F2DE9F04186B00446002948D068
:10A3E00016461F46884690F83050EDB2012D59D1DF
:10A3F00000234363D319026D934240D8032380F8AE
:10A40000303003680022DA62E1617B020362826B12
:10A41000012A00D076024FF0FF3200920193902380
:10A420000293002303930493059369462068FFF782
:10A4300059FA2268D36843F04003D3602368C3F815
:10A440005880236801221A6597421DD9A023E36230
:10A4500031462068FFF780FBE8B12368144A9A630D
:10A46000636B18436063012384F830300023E36298
:10A4700019E0436B43F000634363012513E0436B32
:10A4800043F0007343630EE09023E362314620689B
:10A49000FFF749FBE0E72268D36B43F48D73D36386
:10A4A000002500E00225284606B0BDE8F08100BF87
:10A4B000FF0FE01FC36D9B0F0B70C36DC3F383636E
:10A4C0004B7090F85F3003F003038B7090F85E30B0
:10A4D000CB7090F85D300B7190F85C304B71036E6F
:10A4E0001B0DCB80B0F8623003F00F030B72036ECC
:10A4F000C3F3C0334B72036EC3F380338B72036EAE
:10A50000C3F34033CB72036EC3F300330B730023EA
:10A510004B73836B002B40F08680026E40F6FC7319
:10A5200003EA8203426E43EA92730B61436EC3F304
:10A53000C2630B7590F8673003F007034B75436EE9
:10A54000C3F342538B75436EC3F38243CB75436EA3
:10A55000C3F3C2330B760B69013383640A7E02F0C6
:10A5600007020232934083640A7A02F00F0C012240
:10A5700002FA0CF2C264520A02FB03F303654FF4C1
:10A5800000734365436EC3F380334B76436EC3F36E
:10A59000C6138B76436E03F07F03CB76836EDB0F9F
:10A5A0000B77836EC3F341734B77836EC3F3826380
:10A5B0008B77836EC3F38353CB77836EC3F34053A0
:10A5C00081F82030002381F82130B0F86A2002F0B1
:10A5D000010281F82220826EC2F3C03281F823206A
:10A5E000826EC2F3803281F82420826EC2F3403240
:10A5F00081F82520826EC2F3003281F82620826E17
:10A60000C2F3812281F82720826EC2F3012281F8F1
:10A610002820826EC2F3460281F82920012281F8A7
:10A620002A2018467047012B11D1036E1B0403F436
:10A630007C13B0F8662013430B610B6901339B0256
:10A64000836403654FF40073C36443659AE703684A
:10A65000054A9A63436B43F080534363012380F8B8
:10A6600030301846704700BFFF0FE01F30B58DB087
:10A6700004460023ADF80230FAF794FF054620683F
:10A68000FFF713F9002867D0A36B032B17D1A36B37
:10A69000032B2FD0BDF8023063BB0DF102012068FF
:10A6A000FFF7F6FB0346002858D1FAF77BFF431B60
:10A6B00041F287329342EDD94FF000434EE02068DB
:10A6C000FFF72AFB0346002848D100212068FFF746
:10A6D00006F9E06604212068FFF701F920670821E8
:10A6E0002068FFF7FCF860670C212068FFF7F7F897
:10A6F000A067CCE7A36B032B1CD0BDF802106164EC
:10A7000009042068FFF71EFB034638BB00212068C0
:10A71000FFF7E5F8E06504212068FFF7E0F8206620
:10A7200008212068FFF7DBF860660C212068FFF73E
:10A73000D6F8A06604212068FFF7D1F8000D206448
:10A7400001A92046FFF7B6FE58B9616C09042068DC
:10A75000FFF71BFA034601E04FF0806318460DB087
:10A7600030BD4FF08053F9E770B588B00446002340
:10A7700003930493059306934FF480300021F9F777
:10A78000AFF838B9012084F830004FF000636363FC
:10A7900008B070BD0646050A234BA3FB05352D09FD
:10A7A000079508AB13E903008DE8030003AB0ECB5C
:10A7B0002068FFF759F82068FFF771F815B16D00B0
:10A7C000B6FBF5F65EB92046FFF7C6FB024668B158
:10A7D000012084F83000636B13436363D8E71348A8
:10A7E000B0FBF6F00130FAF7E3FEECE72046FFF7A6
:10A7F0003DFF024630B1012084F83000636B134303
:10A800006363C5E74FF400712068FFF741F908B9A9
:10A810000020BDE7236806499963636B03436363C4
:10A82000012084F83000B3E7598B4F01102101005B
:10A83000FF0FE01F30B591B090F83030DBB2032B42
:10A8400059D004460D466946FFF7E8FBB8B12368C6
:10A850002B499963636B03436363012584F830508C
:10A860004FF400712068FFF713F9002844D02268E4
:10A87000234991636063012584F830503CE0009ADD
:10A88000C2F381132B70C2F340136B70130A23F0D1
:10A89000FF0343EA12639BB26B80019A130203F435
:10A8A0007F0343EA0263110A01F47F410B4343EA49
:10A8B00012636B60029BDAB22A72C3F307226A72D8
:10A8C000C3F30352AA721B0C039AD1B223F0FF0305
:10A8D0000B43AB81C2F38523AB73C2F30123EB734C
:10A8E000C2F303132B7402F00F026A749DF8133045
:10A8F000AB740025B4E70125284611B030BD00BF78
:10A90000FF0FE01F836B0B60C36B4B60036C8B60AE
:10A91000436CCB60836C0B61C36C4B61036D8B61CB
:10A92000436DCB610020704730B589B004460D46B9
:10A93000032380F83030836B032B1CD0B1F5004F1C
:10A9400008D0B1F5804F0AD079B1436B43F0006372
:10A95000436314E0436B43F0805343630FE0FFF71E
:10A9600065FC636B0343636309E0FFF786FC636B7D
:10A970000343636303E0436B43F080534363636BC0
:10A98000B3B123683A4A9A6301254FF400712068F5
:10A99000FFF77EF830B1236835499963636B034351
:10A9A00063630125012384F83030284609B030BDA7
:10A9B0004FF480300021F8F793FF0246002850D072
:10A9C00063680393A36804930595236906936169FB
:10A9D000284BA3FB0203180EB1EB136F0CD30791A6
:10A9E00008AB13E903008DE8030003AB0ECB20682E
:10A9F000FEF73AFF0025C8E7A36DB3F5007F08D046
:10AA0000B3F5807F07D011BB1B4B9A421DD907902D
:10AA1000E6E70791E4E751B9184B9A4205D9154B7F
:10AA2000A3FB02235B0E0793DAE70791D8E74B00FD
:10AA3000B2FBF3F31148834205D90E4BA3FB02236B
:10AA40005B0E0793CCE70791CAE70791C8E74B0075
:10AA5000B2FBF3F2084B9A4201D90790C0E7079185
:10AA6000BEE7636B43F00063636301258DE700BFBE
:10AA7000FF0FE01F893BE65540787D0180F0FA0228
:10AA800010B582B004460023019301A9FFF71CFC16
:10AA900010B1636B034363630198C0F3432002B0BA
:10AAA00010BD70B586B0002854D0044690F8303000
:10AAB00053B1042384F830302046FFF755FE38B1F7
:10AAC0000125284606B070BD0376F6F72FFDF0E7A6
:10AAD00001A92046FFF7AEFE00283DD19DF81430B5
:10AAE000DAB29DF81530DBB2A16B01290BD0012938
:10AAF0000FD00023A365E1682046FFF715FF054648
:10AB000058B10125DDE71343F1D04FF40073A3657D
:10AB1000F1E74FF48073A365EDE7FAF743FD0646CE
:10AB20002046FFF7ADFF04280DD0FAF73BFD801B50
:10AB3000B0F1FF3FF4D14FF000436363012384F889
:10AB400030300325BDE700236363E362012384F80B
:10AB50003030B6E70125B4E70125B2E708B5044B6C
:10AB600003EB8002526852680344187A904708BD8C
:10AB700054540020094B1B5C73B910B50446074BB5
:10AB800003EB8002526812680344187A904710B9A8
:10AB9000024B01221A5510BD00207047545400206A
:10ABA00038B5044C04EB80056D68AD680444207A28
:10ABB000A84738BD5454002038B5044C04EB800538
:10ABC0006D68ED680444207AA84738BD54540020CD
:10ABD00010B5044B03EB8004646824690344187ABD
:10ABE000A04710BD545400204278007840EA02206B
:10ABF0007047C278837843EA0222437843EA02230B
:10AC0000007840EA032070470170090A41707047DC
:10AC10000170C1F307234370C1F307438370090E2A
:10AC2000C1707047944632B10A7801310270013028
:10AC3000BCF1010CF8D1704701700130013AFBD131
:10AC4000704784469CF800000CF1010C0B78013130
:10AC5000C01A013A01D00028F4D07047034600E042
:10AC60000133187808B18842FAD1704710B44FF018
:10AC7000000C634602E04FF0010C0133012B15D8A4
:10AC80001A01184CA258002AF5D00468A242F4D147
:10AC9000144A02EB0312546882689442EDD1114ABF
:10ACA00002EB0312946842699442E6D1022B0BD066
:10ACB000B1B90C4A02EB03139B89B3F5807F0DD029
:10ACC00000205DF8044B7047022914BF63464CF026
:10ACD00001030BB10020F4E71220F2E71020F0E7A7
:10ACE0001020EEE730540020002000E00130012861
:10ACF00004D80301034AD358002BF7D1023818BFF8
:10AD0000012070473054002070B4002300E001336C
:10AD1000012B13D81A01244CA45802689442F6D18E
:10AD2000214A02EB0312546882689442EFD11E4A12
:10AD300002EB0312946842699442E8D1022B0DD0D1
:10AD400021B1194A02EB0312928952BBF1B9164A9A
:10AD500002EB03129189013189B219E00023012B22
:10AD600005D81A01104CA2580AB10133F7E7022B9B
:10AD700015D00D4D1C0105EB031206682E51846899
:10AD800054604069906000209081D9E74FF4807151
:10AD9000054A02EB03129181581C70BC70470020D9
:10ADA000FBE70020F9E700BF3054002001380128FC
:10ADB00015D80D4B03EB00139B89B3F5807F03D0AF
:10ADC0001BB1013B9BB200E00023074A02EB0012DB
:10ADD000938133B903010020034AD0507047022009
:10ADE00070470020704700BF30540020002303E06C
:10ADF0005DF8044B70470133012B11D81A01094942
:10AE00008A588242F7D110B41A0100248C500133C1
:10AE1000012BEDD81A0103498A588242F7D1F3E792
:10AE2000704700BF3054002002398369023B8B42D7
:10AE300004D94389C06A01FB0300704700207047B2
:10AE40000268C36A0433490A5289B1FBF2F101E096
:10AE5000091A0833186818B18142F9D258680844B1
:10AE6000704770B506460D4601F11A00FFF7BCFEAB
:10AE70003378032B00D070BD044605F11400FFF7B2
:10AE8000B3FE44EA0040F6E770B506460C461546A8
:10AE900091B204F11A00FFF7B7FE3378032B00D00C
:10AEA00070BD290C04F11400FFF7AEFEF8E70000B6
:10AEB0002DE9F84F81468A46D1F8008000F1240B35
:10AEC0000B2220215846FFF7B7FE00252B46082706
:10AED00029E0013618F806305C2B18BF2F2BF8D06C
:10AEE0004644CAF80060002D44D099F82430E52B80
:10AEF00035D0202C37D8042389F82F30002035E0B6
:10AF000014F0800F27D121461B48FFF7A7FE78BB1E
:10AF1000A4F16103DBB2192B01D8203CE4B20BF899
:10AF20000540013533465E1C18F80340202CD7D964
:10AF30005C2C18BF2F2CCDD02E2C18BFAF42DFD8E1
:10AF40002E3C18BF01240B2F08BF44F0010464B944
:10AF500008250B27E6E7803C084B1C5DD3E705235B
:10AF600089F82430C5E70023C6E70620BDE8F88F3E
:10AF70000620FBE70620F9E710D9000820D90008D1
:10AF80000146006808B1024603E04FF0FF30704709
:10AF9000013213783A2B18BF202BF9D83A2B01D065
:10AFA00000207047034613F8010B3038092898BF7A
:10AFB0009A4203D128B901320A6070474FF0FF303E
:10AFC00070474FF0FF30704730B108B5C06801F0EE
:10AFD00043FA00B1012008BD002070472DE9F0417F
:10AFE000C57815B92846BDE8F0810446076B00F125
:10AFF000340801233A4641464078FFF7DDFD054617
:10B00000A0B90023E370636AFB1AE2699342E9D2B4
:10B01000A67808E0E3691F4401233A464146607878
:10B02000FFF7CAFD013E012EF4D8DBE70125D9E781
:10B0300070B5036B8B4202D10026304670BD0446CA
:10B040000D46FFF7CBFF06460028F6D101232A461E
:10B0500004F134016078FFF7A3FD10B101264FF031
:10B06000FF352563E9E7000038B504460023C370C7
:10B070004FF0FF330363FFF7DBFF30BB054604F2FD
:10B080003220FFF7B1FD4AF6552398421FD194F8BC
:10B090003430E92B07D0636B03F0FF130D4A934262
:10B0A00001D0022514E004F16A00FFF7A2FD20F0B0
:10B0B0007F40094B98420BD004F18600FFF799FDC1
:10B0C000064B984204D0022502E0042500E0032547
:10B0D000284638BDEB0090004641540046415433A9
:10B0E0002DE9F04F85B00C46154600230B60FFF7A5
:10B0F00047FF061EC0F24A81B94B53F82670002F55
:10B1000000F046813846FFF75FFF002800F04581D8
:10B11000276005F0FE053B7873B17878FFF71EFDD8
:10B1200010F0010408D1002D00F0338110F0040F5D
:10B1300000F02F810A242CE100233B70F0B27870DC
:10B14000FFF718FD10F0010440F029811DB110F047
:10B15000040F40F0268100213846FFF785FF0228C2
:10B1600000F0B6800026042800F01D81012800F2BE
:10B170001C8107F13F00FFF737FDB0F5007F40F07D
:10B18000168107F14A00FFF72FFD054620B907F1A8
:10B190005800FFF72EFD0546FD6197F84420BA7070
:10B1A000531EDBB2012B00F2048105FB02F897F875
:10B1B0004190A7F80A90B9F1000F00F0FC8009F166
:10B1C000FF3319EA030F40F0F88007F14500FFF75D
:10B1D0000BFD8246388110F00F0F40F0F08007F130
:10B1E0004700FFF701FD834620B907F15400FFF740
:10B1F00000FD834607F14200FFF7F6FC02460028F7
:10B2000000F0DF8000EB080303EB1A139B45C0F04E
:10B21000DA80ABEB030BBBFBF9F1CB45C0F0D5807B
:10B220004FF6F57081426BD94FF0030B40F6F57085
:10B23000814201D84FF0010B01F10209C7F81890C3
:10B240003E6232447A623344FB62BBF1030F5AD050
:10B25000BAF1000F00F0BF804244BA62BBF1020FA6
:10B2600062D009EB490309F0010909EB530909F21E
:10B27000FF13B5EB532FC0F0B0804FF0FF337B616D
:10B280003B6180233B71BBF1030F50D087F800B0C6
:10B29000544A138801339BB21380FB803846FFF772
:10B2A000A5FD76E0002004AB03EB850343F8100C0A
:10B2B0000135032D0ED807F134002B0103F5DF73A0
:10B2C00018440379002BEDD00830FFF792FCEAE731
:10B2D0000025EEE700250AE031463846FFF7C4FEB8
:10B2E00001287FF640AF0135032D3FF63CAF04AB9C
:10B2F00003EB850353F8106C002EEDD10320F2E729
:10B300004FF0020B92E707F15E00FFF76DFC00289B
:10B310005DD1BAF1000F5CD107F16000FFF769FC65
:10B32000B8624FEA8909A2E74FEA49099FE707F1A6
:10B330006400FFF759FC0128A8D1711C3846FFF7BB
:10B3400077FE0028A2D100233B7107F23220FFF7DD
:10B350004BFC4AF65523984298D107F13400FFF789
:10B3600048FC214B984291D107F50670FFF741FC4C
:10B370001E4B98428AD107F50770FFF73AFC7861B7
:10B3800007F50870FFF735FC38617FE70B2400E014
:10B390000C24204605B0BDE8F08F0F24F9E7032404
:10B3A000F7E70A24F5E70124F3E70D24F1E70D247C
:10B3B000EFE70D24EDE70D24EBE70D24E9E70D247D
:10B3C000E7E70D24E5E70D24E3E70D24E1E70D248D
:10B3D000DFE70D24DDE70D24DBE70D24D9E700BF0F
:10B3E0002C5400205054002052526141727241612D
:10B3F0002DE9F04701297ED907460C461646836998
:10B400008B427AD90378022B45D0032B57D0012BDE
:10B4100003D002252846BDE8F08701EB5108416AB8
:10B4200001EB5821FFF704FE05460028F2D107F191
:10B43000340A08F10109C8F3080814F001041FD008
:10B440001AF9083003F00F03320102F47F6213434C
:10B45000DBB20AF808300123FB70796A01EB59214D
:10B460003846FFF7E5FD05460028D3D1C9F30809A2
:10B4700044B1C6F307120AF809200123FB70C9E79B
:10B48000F3B2E6E71AF9092022F00F02C6F3032609
:10B490003243D2B2EFE7416A01EB1421FFF7C8FD56
:10B4A00005460028B6D107F13400640004F4FF74A7
:10B4B000B1B22044FFF7A8FB0123FB70AAE7416A61
:10B4C00001EBD411FFF7B4FD05460028A2D126F008
:10B4D000704607F13403A40004F4FE741C442046B3
:10B4E000FFF787FB00F0704131432046FFF790FBE8
:10B4F0000123FB708EE702258CE702258AE7F8B569
:10B500000568012956D90C46AB698B4254D92B7872
:10B51000022B2DD0032B3BD0012B01D001204AE080
:10B5200001EB5106696A01EB56212846FFF780FDC1
:10B5300010B14FF0FF303EE0771CC6F308062E44F2
:10B5400096F83460696A01EB57212846FFF770FDD1
:10B55000A0BBC7F308073D4495F8340046EA002035
:10B5600014F0010F01D0000925E0C0F30B0022E028
:10B57000696A01EB14212846FFF75AFD08BB05F163
:10B580003400640004F4FF742044FFF72DFB12E044
:10B59000696A01EBD4112846FFF74AFDA0B905F10D
:10B5A0003400A40004F4FE742044FFF722FB20F0D2
:10B5B000704000E00120F8BD0120FCE74FF0FF30B3
:10B5C000F9E74FF0FF30F6E74FF0FF30F3E72DE9F2
:10B5D000F041D0F80080B1F5001F40D206460F467A
:10B5E00011F01F0F3DD1416184682CB998F80030EB
:10B5F000022B01D9D8F82840B4B9B8F80830B3EB19
:10B60000571F30D9D8F82830F361B461F36993B388
:10B6100003EB5723F36108F13403C7F3080119441E
:10B6200031620020BDE8F081B8F80A506D02AF42E7
:10B630000FD321463046FFF762FF0446B0F1FF3FCB
:10B6400013D0012813D9D8F81830834211D97F1BA1
:10B65000EDE721464046FFF7E7FBF061D5E7022022
:10B66000E0E70220DEE70220DCE70120DAE7022043
:10B67000D8E70220D6E70220D4E72DE9F0410546BD
:10B6800006680F4651B9D6F81080B8F1000F12D0F5
:10B69000B369434511D84FF001080EE0FFF72FFFC3
:10B6A000034601284CD9B0F1FF3F4ED0B269824227
:10B6B0004BD8B84601E04FF0010844460CE0214663
:10B6C0002846FFF71CFF034678B1B0F1FF3F18BFD3
:10B6D00001283AD0444537D00134B369A342EED8AB
:10B6E000B8F1010F2ED90224E9E74FF0FF322146CD
:10B6F0003046FFF77DFE0346B0FA80F04009002F88
:10B7000008BF002070B9A3B934617269B369023B04
:10B710009A4201D8013A7261337943F001033371DF
:10B72000234612E0224639463046FFF761FE0346C3
:10B73000E9E7012B01D0012307E04FF0FF3304E0DC
:10B74000012302E0002300E000231846BDE8F08159
:10B75000F8B50C46056801292ED906461146AB6995
:10B76000A3422BD94AB14FF0FF322846FFF740FEE3
:10B77000074610B123E0A24221D927462146304690
:10B78000FFF7BDFE0446E0B101281CD0B0F1FF3F39
:10B790001BD0002239462846FFF72AFE074670B91B
:10B7A0006B69AA69911E8B42E5D201336B612B79DB
:10B7B00043F001032B71DEE7022700E00227384641
:10B7C000F8BD0027FBE70227F9E70127F7E72DE996
:10B7D000F04706684569C369002B6CD0044688466B
:10B7E0002035B5F5001F68D2C5F308073FB901330E
:10B7F000C361816979B93389B3EB551F07D9656195
:10B8000006F134033B4423620020BDE8F0870023A7
:10B81000C3610420F9E77389013B13EA5529EED18E
:10B82000FFF76DFE8246012849D9B0F1FF3F48D0AD
:10B83000B369834237D8B8F1000F11D0A16920460F
:10B84000FFF71BFF824600283DD001283DD0B0F114
:10B85000FF3F3CD03046FFF7C1FB28B10120D4E7C1
:10B860000023E3610420D0E74FF40072002106F1C9
:10B870003400FFF7E1F951463046FFF7D5FA30635F
:10B88000738999450BD20123F3703046FFF7A6FB6D
:10B89000F8B909F10109336B01333363F0E7336B16
:10B8A000A3EB09033363C4F818A051463046FFF7F1
:10B8B000BBFAE061A3E70420A7E70420A5E7022084
:10B8C000A3E70120A1E707209FE702209DE70120D1
:10B8D0009BE7012099E770B5044606680021FFF751
:10B8E00076FE054640B1284670BD00212046FFF790
:10B8F0006EFF05460028F6D1E1693046FFF798FB58
:10B9000005460028EFD1206A03787BB1C37A03F0A3
:10B910003F03A371C37A13F0080FE6D10B2204F1A1
:10B920002401FFF78EF90028DFD1DCE70425DAE7F0
:10B9300030B583B004460191056801E001330193FD
:10B94000019B1A785C2A18BF2F2AF7D00022A26028
:10B950001B781F2B1ED901A92046FFF7A9FA034621
:10B9600000BB2046FFF7B7FF94F82F200346E0B94D
:10B9700012F0040F16D1A37913F0100F1CD005F1AB
:10B9800034036169C1F3080119442846FFF769FAD5
:10B99000A060E0E7802384F82F3011462046FFF7AF
:10B9A00016FE0346184603B030BD0428FAD112F043
:10B9B000040FF7D10523F5E70523F3E7F8B50446AF
:10B9C0000E4607680021FFF702FE0246B8B90025BF
:10B9D00006E0002501212046FFF7F9FE024670B976
:10B9E000E1693846FFF724FB024640B9236A1B7819
:10B9F000002B18BFE52BECD10135B542EAD1042A62
:10BA000001D01046F8BD0722FBE770B50446066872
:10BA10000121FFF7D3FF054608B1284670BDE16953
:10BA20003046FFF705FB05460028F6D1202200210D
:10BA3000206AFFF701F90B2204F12401206AFFF7C5
:10BA4000F1F80123F370E8E7002818BF0C290CD0A7
:10BA500008B5B1F10F0218BF01220B2900D002B9BD
:10BA600008BDC06800F002FDFAE7704738B50D4622
:10BA7000044608B3006808B3037813B3A288C388E8
:10BA80009A4203D0092000242C6038BDFFF79CFAAD
:10BA900010B90F200024F7E723685878FFF75EF805
:10BAA00010F0010001D12468EEE700212068FFF7C3
:10BAB000CBFF09200024E7E70920E5E70446092039
:10BAC000E2E709200024DFE770B50446FFF786FAB5
:10BAD000054648B92378032B08D000221146607828
:10BAE000FFF776F800B10125284670BD2379012BB8
:10BAF000F3D104F134064FF4007200213046FFF711
:10BB00009BF84AF6552104F23220FFF77DF80F49E1
:10BB10003046FFF77DF80E4904F50670FFF778F818
:10BB2000616904F50770FFF773F8216904F508707F
:10BB3000FFF76EF8226A01322263012331466078F2
:10BB4000FFF73AF800232371C7E700BF5252614163
:10BB50007272416170B584B00190009116460391F4
:10BB600003A8FFF70DFA041E30DB1B4B53F82450DB
:10BB700045B12846FFF73AF9E86800F068FC38B3A9
:10BB800000232B70019B3BB100221A7001990C31EC
:10BB9000E0B200F050FCE8B1019B0F4A42F82430BB
:10BBA000721E18BF0122002B08BF42F001021AB119
:10BBB0000024204604B070BD01A96846FFF790FA42
:10BBC000044601460198FFF73FFFF2E70B24F0E738
:10BBD0000224EEE70224ECE72C5400202DE9F04388
:10BBE00091B00191002800F012811546064602F03E
:10BBF0003F073A4603A901A8FFF772FA044650B17D
:10BC00000CB10023336021460398FFF71DFF204647
:10BC100011B0BDE8F083039B0493019904A8FFF7DA
:10BC200087FE044660B99DF93F30002B50DB37F0AA
:10BC3000010314BF0121002104A8FFF717F80446EF
:10BC400015F01C0F5AD0002C4ED0042C42D047F0D7
:10BC50000807002C61D117F0080F5ED0FDF7DCF962
:10BC6000054601460C980E30FEF7D2FF29460C9887
:10BC70001630FEF7CDFF0C9B2022DA72DDF80C8027
:10BC8000DDF8309049464046FFF7EBF805460022C4
:10BC900049464046FFF7F8F800210C981C30FEF7A3
:10BCA000B7FF039B0122DA70BDB3039BD3F830804A
:10BCB0000022294604A8FFF74BFD044668BB414615
:10BCC0000398FFF7B5F90446013D039B1D6124E08D
:10BCD0000624B5E7FFF708F808B91224B7E704A867
:10BCE000FFF793FE0446B2E79DF8163013F0110FEC
:10BCF00012D115F0040FACD008240EE06CB99DF8F9
:10BD0000163013F0100F4CD115F0020F05D013F0C0
:10BD1000010F02D0072416E00724A4B917F0080F7A
:10BD200001D047F04007039B1B6B73620C9BB3620F
:10BD300037F0010314BF0121002104A8FEF7E4FF3E
:10BD40003061002861D0002C7FF45AAF039DDDF8EC
:10BD5000308041462846FFF784F8B06008F11C00A7
:10BD6000FEF747FFF0600021F1623560EB88B38099
:10BD7000377571753162B16106F130084FF40072A8
:10BD80004046FEF759FF17F0200F3FF439AFF56832
:10BD9000002D3FF435AFB561039B5F897F02B16829
:10BDA00005E00424CFE7B1F1FF3F0FD0ED1BB4FA5B
:10BDB00084F35B09BD4298BF00234BB13046FFF7C7
:10BDC0009EFB01460128EED80224ECE70124EDE7B2
:10BDD000F161002C7FF414AFC5F30803002B3FF48E
:10BDE0000FAF039F3846FFF71FF808B9022408E792
:10BDF00000EB55223262012341467878FEF7D0FEEF
:10BE000000283FF4FDAE0124FBE60224F8E60924F5
:10BE1000FDE62DE9F04F85B0044688461546994663
:10BE20000023C9F8003003A9FFF720FE019068B98C
:10BE3000637D019353B9237D13F0010F0ED0E668A3
:10BE4000A369F61AAE4275D32E4673E001990398A2
:10BE5000FFF7FAFD019805B0BDE8F08F07210398C0
:10BE6000FFF7F2FD07230193F4E7E36A1BB12046D5
:10BE7000FEF7E6FF6EE0E1692046FFF740FB69E070
:10BE80000225657529460398FFF7DEFD0195E1E778
:10BE90000125657529460398FFF7D6FD0195D9E779
:10BEA0000225657529465846FFF7CEFD0195D1E775
:10BEB0000125657529460398FFF7C6FD0195C9E779
:10BEC000206AA0EB0A00A8426BD24FF4007204F182
:10BED000300108EB4020FEF7A5FE62E0226A5245E1
:10BEE0000DD094F91430002B5DDB0123524604F190
:10BEF000300103984078FEF753FE002868D1C4F85B
:10BF000020A0A369C3F30803C3F50075AE4200D2B5
:10BF1000354604F130012A4619444046FEF782FEB8
:10BF2000A844A3692B44A361D9F800302B44C9F875
:10BF30000030761B002E53D0A169C1F30803002BFB
:10BF4000DFD1039B5F89013F17EA512708D1002900
:10BF50008BD1A068012893D9B0F1FF3F98D0E06160
:10BF6000DDF80CB0E1695846FEF75EFF8246002816
:10BF700096D0BA44750AB6F5007FAFD37B19BBF8EB
:10BF80000A20934200D9D51B2B46524641469BF8C6
:10BF90000100FEF705FE00288AD194F91430002B29
:10BFA0008EDB6D02BCE7012304F130019BF8010038
:10BFB000FEF702FE20B9237D03F07F03237594E78B
:10BFC0000125657529460398FFF73EFD019541E778
:10BFD0000125657529460398FFF736FD019539E778
:10BFE00000210398FFF730FD34E72DE9F04F85B0CD
:10BFF00004468846164699460023C9F8003003A92E
:10C00000FFF734FD019060B9637D01934BB9237D47
:10C0100013F0020F0DD0A369F342C0F0BE80DE43DF
:10C02000BBE001990398FFF70FFD019805B0BDE84B
:10C03000F08F07210398FFF707FD07230193F4E72B
:10C04000E36A002B36D02046FEF7FAFE002800F007
:10C05000CE80012833D0B0F1FF3F38D0E061A36833
:10C0600003B9A06094F91430002B38DBDDF80CB074
:10C07000E1695846FEF7D8FE8246002845D0BA440A
:10C08000750AB6F5007F5DD37B19BBF80A20934291
:10C0900000D9D51B2B46524641469BF80100FEF7BE
:10C0A0008BFD002839D1216AA1EB0A01A9423CD3BA
:10C0B0006D0263E0E1692046FFF7DFFAC6E702257B
:10C0C000657529460398FFF7BFFC0195ADE701258B
:10C0D000657529460398FFF7B7FC0195A5E701238D
:10C0E000226A04F1300103984078FEF765FD20B91B
:10C0F000237D03F07F032375B8E701256575294685
:10C100000398FFF7A1FC01958FE702256575294685
:10C110005846FFF799FC019587E701256575294683
:10C120000398FFF791FC01957FE74FF4007208EB4D
:10C13000412104F13000FEF775FD237D03F07F03FC
:10C140002375B5E7236A534503D0A269E3689A4291
:10C150003BD3C4F820A0A369C3F30803C3F500755B
:10C16000AE4200D2354604F130002A46414618441A
:10C17000FEF758FD237D63F07F032375A844A36970
:10C180002B44A361E268934238BF1346E360D9F8B9
:10C1900000302B44C9F80030761B46B3A169C1F3C7
:10C1A0000803002BD7D1039B5F89013F17EA512772
:10C1B0007FF458AF00297FF443AFA06800287FF4D4
:10C1C00045AF2046FFF759FA40E70123524604F1F4
:10C1D00030019BF80100FEF7E3FC0028B9D00125EF
:10C1E000657529460398FFF72FFC01951DE7237D10
:10C1F00043F04003237500210398FFF725FC14E763
:10C2000070B582B0044601A9FFF730FC054678B945
:10C21000237D13F0400F0BD013F0800F0FD1FCF7EC
:10C22000FBFE0646616A0198FEF702FF0546D0B1A3
:10C2300029460198FFF708FC284602B070BD01238B
:10C24000226A04F1300101984078FEF7B5FC20B96C
:10C25000237D03F07F032375E1E701210198FFF7B8
:10C26000F3FB0125E8E7A56AEB7A43F02003EB72C4
:10C27000A26829462068FEF707FEE16805F11C0068
:10C28000FEF7C6FC314605F11600FEF7C1FC0021A1
:10C2900005F11200FEF7B8FC019B0122DA7001984B
:10C2A000FFF712FC0546237D23F040032375BFE70B
:10C2B00030B583B00446FFF7A3FF054610B128460A
:10C2C00003B030BD01A92046FFF7D0FB054600288A
:10C2D000F5D12069FEF76AFD054608B90023236001
:10C2E00000210198FFF7B0FBE9E72DE9F04788B09E
:10C2F000019089461446002207A901A8FEF7F0FE26
:10C30000074600285ED1079B23605A699D69A91ED4
:10C310008A4202D8C9F8002054E01E78012E05D0C8
:10C32000D3F824A000242646A04632E0029302243B
:10C330004FF0000804E00134079B9B69A34238D901
:10C34000214602A8FFF7DBF8B0F1FF3F30D001280B
:10C3500040D00028EFD108F10108ECE70AF101060E
:10C3600051460798FEF764FE074610BB079C34341D
:10C37000B2464FF400760EE02046FEF735FC08B9D1
:10C3800008F101080234023E01E00434043E013D9C
:10C390000FD0002EE2D0079B1B78022BECD020465A
:10C3A000FEF727FC30F07043EFD108F10108ECE70D
:10C3B0003746C9F80080079BC3F814801A7942F009
:10C3C00001021A7139460798FFF73EFB384608B05C
:10C3D000BDE8F0870227ECE7134B5B7A13BB10B57F
:10C3E000044603F0FF00104B93F809C05FFA8CFC81
:10C3F0004FF0000E03F80CE093F809C003EB8C0C2F
:10C40000CCF804405C7A1C4422725A7A541CE4B280
:10C410005C7230320A703A234B702F238B7081F894
:10C4200003E010BD012070475454002008B50022DD
:10C43000FFF7D2FF08BD10B50C46002201210846C7
:10C44000FBF776F82060003818BF012010BD08B552
:10C45000FBF72DF9012008BD08B54FF47A71FBF701
:10C46000C3F808B1002008BD0120FCE708B5FBF7C0
:10C47000EFF808BDDFF838D0F9F7F6F9F9F77AF9EF
:10C480000C480D490D4A002302E0D458C45004332F
:10C49000C4188C42F9D30A4A0A4C002301E0136005
:10C4A0000432A242FBD300F011F8F4F7E9FB704725
:10C4B00000000220000000207C00002044DA000878
:10C4C0008000002074540020FEE7000070B50D4D80
:10C4D0000D4C641BA4100026A64209D10B4D0C4C38
:10C4E00000F0EAFC641BA4100026A64205D170BD32
:10C4F00055F8043B98470136EEE755F8043B98475A
:10C500000136F2E73CDA00083CDA00083CDA0008C1
:10C5100040DA00080A44914200F1FF3300D170472D
:10C5200010B511F8014B03F8014F9142F9D110BD3C
:10C5300002440346934200D1704703F8011BF9E718
:10C540000CB430B5174B0C1E1D689DB008DA8B2358
:10C550002B604FF0FF301DB0BDE8304002B0704797
:10C560004FF40273ADF8143014BF04F1FF332346C7
:10C57000049307934FF6FF7302900690ADF81630C0
:10C58000209A21AB02A92846019300F085F9431CAB
:10C59000BCBF8B232B60002CDDD0029B00221A70C5
:10C5A000D9E700BF1800002030B51446002C9BB01E
:10C5B00005461A4605DA8B2303604FF0FF301BB0A7
:10C5C00030BD4FF40273ADF80C3014BF04F1FF33EB
:10C5D0002346029305934FF6FF7300910491ADF843
:10C5E0000E3069461E9B00F057F9431CBCBF8B23DD
:10C5F0002B60002CE3D0009B00221A70DFE70000C4
:10C6000007B5009313460A46014603480068FFF742
:10C61000CBFF03B05DF804FB1800002070477047A3
:10C6200037B5002944D051F8043C0190002BA1F10A
:10C630000404B8BFE41800F0EDFB1E4A019813682B
:10C6400033B96360146003B0BDE8304000F0E8BB6C
:10C65000A34208D9256861198B4201BF19685B683C
:10C6600049192160EDE71A465B680BB1A342FAD97C
:10C6700011685518A5420BD1246821445418A342CF
:10C680001160E0D11C685B68536021441160DAE7F7
:10C6900002D90C230360D6E7256861198B4204BFD9
:10C6A00019685B68636004BF491921605460CAE778
:10C6B00003B030BD6454002070B50E4E0C46316896
:10C6C000054611B900F07CFB30602146284600F099
:10C6D00077FB431C0AD0C41C24F00304A04207D0FB
:10C6E000211A284600F06CFB013001D14FF0FF34D5
:10C6F000204670BD685400202DE9F041CD1C25F086
:10C70000030508350C2D38BF0C25002D074601DB2D
:10C71000A94205D90C233B6000263046BDE8F081D4
:10C720002E4E00F077FB33681C4634BB2946384652
:10C73000FFF7C2FF431C04464DD134682646002E45
:10C7400040D123683146384604EB030800F038FB3B
:10C7500080453AD1216803356D1A25F00305083567
:10C760000C2D38BF0C2529463846FFF7A5FF0130B0
:10C770002BD023682B4423600EE02268521B1ED46A
:10C780000B2A16D96119A342256018BF5960636846
:10C7900008BF316062514B60384604F10B0600F06F
:10C7A0003FFB26F00706231DF21AB6D09B1BA350B1
:10C7B000B3E76268A3420CBF32605A60ECE72346DD
:10C7C0006468B2E734467668B9E70C233B603846C4
:10C7D00000F026FBA1E72560DEE700BF64540020DF
:10C7E0002DE9F0478E689E4282460C4690461F46D1
:10C7F00038D88A8912F4906F32D025680969A5EB80
:10C800000109656905EB450505EBD57501334B4419
:10C810006D109D4238BF1D46530531D52946FFF79F
:10C820006BFF064650B90C23CAF80030A38943F0C9
:10C830004003A3814FF0FF30BDE8F08721694A46ED
:10C84000FFF768FEA38923F4906343F08003A3817C
:10C85000266165614E44A5EB09052660A5603E464C
:10C86000BE4200D93E4620683246414600F0B8FA42
:10C87000A3689B1BA3602368334423600020DBE78D
:10C880002A4600F0D3FA06460028E1D12169504635
:10C89000FFF7C6FEC7E700002DE9F04F98468B89E9
:10C8A0001B069DB007460D4614460ED50B6963B9AD
:10C8B0004021FFF721FF2860286120B90C233B604D
:10C8C0004FF0FF30D1E040236B6100230993202318
:10C8D0008DF82930CDF80C803023DFF8A8818DF851
:10C8E0002A304FF0010923469A4613F8012B0AB16A
:10C8F000252AF9D1BAEB040B0BD05B462246294618
:10C900003846FFF76DFF013000F0AA80099A5A44BB
:10C9100009929AF80030002B00F0A28000234FF01B
:10C92000FF32CDE905230AF1010A049307938DF83C
:10C9300053301A935446052214F8011B5148F3F75B
:10C94000D7FC049AD8B9D00644BF20238DF85330C1
:10C95000110744BF2B238DF853309AF800302A2B4F
:10C9600015D0079A544600204FF00A0C214611F8C2
:10C97000013B303B092B4ED9B0B1079214E0A0EB3C
:10C98000080309FA03F313430493A246D2E7039B77
:10C99000191D1B680391002BBBBF5B4242F00202D2
:10C9A00007930793B8BF049223782E2B0CD163789A
:10C9B0002A2B35D1039B1A1D1B680392002BB8BF8D
:10C9C0004FF0FF3302340593DFF8C8A0217803222B
:10C9D0005046F3F78DFC40B14023A0EB0A0003FA68
:10C9E00000F0049B03430134049314F8011B264810
:10C9F0008DF828100622F3F77BFC002838D0234B53
:10CA00001BBB039B073323F0070308330393099BE6
:10CA10003344099367E70CFB02320C460120A5E77B
:10CA200000230134059319464FF00A0C204610F8F4
:10CA3000012B303A092A03D9002BC5D00591C3E751
:10CA40000CFB012104460123F0E703AB00932A46C7
:10CA50000F4B04A93846AFF30080421C0646D6D1DE
:10CA6000AB895B063FF52CAF09981DB0BDE8F08F90
:10CA700003AB00932A46064B04A9384600F07AF827
:10CA8000EBE700BFA0D90008AAD900080000000009
:10CA9000E1C70008A6D900082DE9F04716469946D7
:10CAA0008A680B69DDF820809342B8BF1346336073
:10CAB00091F8432007460C460AB1013333602368DE
:10CAC000990642BF336802333360256815F00605C6
:10CAD00006D104F1190AE36832689B1AAB4226DCDE
:10CAE00094F84320131E226818BF012392062BD40A
:10CAF00004F1430249463846C04701301ED023683E
:10CB0000E568326803F00603042B08BFAD1AA3687A
:10CB100022690CBF25EAE57500259342C4BF9B1A24
:10CB2000ED1800261A34B5421AD1002008E001237E
:10CB3000524649463846C047013003D14FF0FF30D6
:10CB4000BDE8F0870135C6E7E1185A1C302081F8AE
:10CB50004300224494F8451082F843100233C7E79B
:10CB60000123224649463846C0470130E6D0013607
:10CB7000D9E700002DE9FF470F7E0C9D782F9146E5
:10CB800080460C469A4601F1430207D8622F0AD824
:10CB9000002F00F0D880582F00F0A38004F1420548
:10CBA00084F842703AE0A7F16303152BF6D801A18F
:10CBB00051F823F00DCC000821CC00089DCB0008D3
:10CBC0009DCB00089DCB00089DCB000821CC000820
:10CBD0009DCB00089DCB00089DCB00089DCB000895
:10CBE0002DCD000851CC00080FCD00089DCB0008CA
:10CBF0009DCB00084FCD00089DCB000851CC00080C
:10CC00009DCB00089DCB000817CD00082B681A1D8E
:10CC10001B682A6004F1420584F842300123A3E036
:10CC200020682968060601F104030AD50E682B6006
:10CC3000002E03DA2D23764284F843305E480A231F
:10CC400019E00E682B6010F0400F18BF36B2EFE706
:10CC50002B682068191D2960010601D51E6802E0B5
:10CC60004606FBD51E8854486F2F0CBF08230A23A5
:10CC7000002184F843106568A560002DA2BF2168DB
:10CC800021F0040121600EB9002D4DD01546B6FBF0
:10CC9000F3F103FB1167C75D05F8017D3746BB4221
:10CCA0000E46F4D9082B0BD12368DE0708D523697B
:10CCB00061689942DEBF302305F8013C05F1FF357C
:10CCC000521B2261CDF800A04B4603AA21464046E4
:10CCD000FFF7E2FE01304CD14FF0FF3004B0BDE869
:10CCE000F087354881F845702968236851F8046B4E
:10CCF00029601D0614D5DF0744BF43F020032360DD
:10CD00001EB9236823F0200323601023B0E72368B3
:10CD100043F0200323607823284884F84530E3E774
:10CD2000590648BFB6B2E6E71546BBE72B6826684A
:10CD30006169181D286035061B6801D5196002E07D
:10CD40007006FBD51980002323611546BAE72B68CE
:10CD50001A1D2A601D68626800212846F3F7C8FA88
:10CD600008B1401B606063682361002384F843308E
:10CD7000A8E723692A4649464046D0470130ABD050
:10CD800023689B0713D4E068039B9842B8BF1846FA
:10CD9000A4E70123324649464046D04701309BD0A4
:10CDA0000135E36803995B1AAB42F2DCEBE700253F
:10CDB00004F11906F5E700BFB1D90008C2D900088F
:10CDC00038B5064D0023044608462B6000F066F88F
:10CDD000431C02D12B6803B1236038BD6C54002082
:10CDE000884210B501EB020402D98442234607D8D9
:10CDF000431EA14208D011F8012B03F8012FF8E7D8
:10CE0000024401468A4200D110BD13F8014D02F8D8
:10CE1000014DF7E70148FFF701BC00BF6054002057
:10CE20000148FFF7FCBB00BF605400202DE9F04132
:10CE3000804614460E4621B9BDE8F0411146FFF781
:10CE40005BBC2AB9FFF7ECFB25462846BDE8F0811C
:10CE500000F01BF88442074602D8B4EB500F12D8FA
:10CE600021464046FFF748FC05460028EDD0BC426D
:10CE70002246314628BF3A46FFF74CFB3146404632
:10CE8000FFF7CEFBE1E73546DFE751F8043C181F1A
:10CE9000002BBCBF0B58C01870470000044A05495E
:10CEA0001368002B08BF0B461844106018467047E3
:10CEB0007054002078540020F8B500BFF8BC08BCBE
:10CEC0009E467047F8B500BFF8BC08BC9E46704748
:10CED0004641494C000000004F4B00000D0A3D3D0B
:10CEE0003D20534420436172642054657374203D97
:10CEF0003D3D0D0A000000004E4F54453A20496662
:10CF0000206D6F756E74206661696C732C20636888
:10CF100065636B3A0D0A00002020312E2053442017
:10CF20006361726420666F726D6174746564206100
:10CF3000732046415433320D0A0000002020322E67
:10CF4000205573652073645F6469736B696F5F66F6
:10CF5000697865642E6320666F7220616C69676E04
:10CF60006D656E740D0A0000302E20436865636B9A
:10CF7000205344204465746563742050696E2E2EDE
:10CF80002E000000536B69700D0A0000202020570E
:10CF9000616974696E6720666F7220534420636113
:10CFA00072642072656164792E2E2E00446F6E6566
:10CFB0000D0A0000312E20436865636B20425350F8
:10CFC00020534420496E69742E2E2E0052657375CD
:10CFD0006C743D2564200000284F4B290D0A000089
:10CFE0002020204361726420547970653A20256CBA
:10CFF000750D0A002020204361726420566572730B
:10D00000696F6E3A20256C750D0A000020202043C0
:10D010006172642053697A653A20256C75204D420F
:10D020000D0A0000284641494C290D0A0000000065
:10D030002020204572726F7220636F6465733A0D11
:10D040000A00000020202031203D204D53445F4540
:10D0500052524F5220284E6F205344206361726415
:10D06000206465746563746564290D0A000000001E
:10D0700020202032203D204D53445F4552524F52D4
:10D080005F53445F4E4F545F50524553454E540DCD
:10D090000A000000202020536F6C7574696F6E7356
:10D0A0003A0D0A002020202D20436865636B205331
:10D0B00044206361726420697320696E73657274C1
:10D0C00065640D0A000000002020202D20436865C3
:10D0D000636B2053444D4D432070696E7320696E1D
:10D0E00020437562654D580D0A0000002020202D58
:10D0F0002054727920646966666572656E74205387
:10D100004420636172640D0A000000002020202D7D
:10D11000205265647563652053444D4D4320636C14
:10D120006F636B2073706565640D0A000D0A3D3DE9
:10D130003D2044657461696C6564204D6F756E7443
:10D14000204465627567203D3D3D0D0A00000000EA
:10D15000312E2054657374696E67206469736B2087
:10D160006472697665722E2E2E0D0A0020202064CE
:10D1700069736B5F696E697469616C697A6528307F
:10D1800029203D203078253032580D0A000000005B
:10D190002020205B4F4B5D204469736B20726561DA
:10D1A00064790D0A000000002020205B4641494CB4
:10D1B0005D204469736B206572726F723A0D0A00CC
:10D1C00020202020202D205354415F4E4F494E49AE
:10D1D000543A204E6F7420696E697469616C697A83
:10D1E00065640D0A0000000020202020202D20531F
:10D1F00054415F4E4F4449534B3A204E6F2064696F
:10D20000736B0D0A0000000020202020202D2053E9
:10D2100054415F50524F544543543A2057726974F9
:10D22000652070726F7465637465640D0A00000098
:10D230000D0A322E2054657374696E6720665F6D27
:10D240006F756E742E2E2E0D0A000000303A00000D
:10D25000202020665F6D6F756E7420726573756C2B
:10D2600074203D2025640D0A000000002020205B72
:10D270004F4B5D204D6F756E746564210D0A000083
:10D280002020205B4641494C5D2046525F44495373
:10D290004B5F45525220283129202D20486172646D
:10D2A00077617265206572726F720D0A000000006E
:10D2B0002020205B4641494C5D2046525F4E4F5432
:10D2C0005F524541445920283329202D2044697359
:10D2D0006B206E6F742072656164790D0A00000026
:10D2E0002020205B4641494C5D2046525F4E4F5FF7
:10D2F00046494C4553595354454D20283133290D47
:10D300000A0000002020202A2A2A205344204341DA
:10D310005244204E4F5420464F524D4154544544A0
:10D3200020415320464154333221202A2A2A0D0A13
:10D33000000000002020202A2A2A20464F524D417A
:10D3400054204954204F4E20504320415320464101
:10D35000543332202A2A2A0D0A0000002020205BA4
:10D360004641494C5D2046525F494E56414C494426
:10D370005F445249564520283131290D0A000000EA
:10D380002020205B4641494C5D204572726F723A05
:10D390002025640D0A0000000D0A332E2054657309
:10D3A00074696E67206469736B20726561642E2EE8
:10D3B0002E0D0A002020206469736B5F7265616422
:10D3C000203D2025642000004F4B0D0A0000000086
:10D3D000202020536563746F7220303A202530324C
:10D3E00058202530325820253032582025303258E8
:10D3F0002E2E2E0D0A0000004641494C0D0A000059
:10D400000D0A3D3D3D3D3D3D3D3D3D3D3D3D3D3DAF
:10D410003D3D3D3D3D3D3D3D0D0A0D0A00000000F6
:10D42000322E204D6F756E742053442E2E2E000028
:10D43000322E20577269746520646174612E2E2E1D
:10D44000000000004641494C20282564290D0A00AF
:10D450000D0A3D3D3D204661744653204D6F756E6B
:10D4600074204465627567203D3D3D0D0A00000053
:10D47000665F6D6F756E742046524553554C54204F
:10D480003D2025640D0A00000D0A46524553554CB7
:10D490005420636F6465733A0D0A00002020302029
:10D4A0003D2046525F4F4B2028537563636573736D
:10D4B000290D0A00202031203D2046525F44495367
:10D4C0004B5F455252202848617264776172652033
:10D4D0006572726F72290D0A000000002020322050
:10D4E0003D2046525F494E545F45525220284173B9
:10D4F00073657274206661696C6564290D0A0000A9
:10D50000202033203D2046525F4E4F545F5245410C
:10D51000445920284469736B206E6F7420726561D2
:10D520006479290D0A000000202034203D20465255
:10D530005F4E4F5F46494C450D0A000020203520C4
:10D540003D2046525F4E4F5F504154480D0A000047
:10D55000202036203D2046525F494E56414C4944DA
:10D560005F4E414D450D0A00202037203D20465298
:10D570005F44454E4945440D0A00000020203820F4
:10D580003D2046525F45584953540D0A00000000A3
:10D59000202039203D2046525F494E56414C494497
:10D5A0005F4F424A4543540D0A00000020313020AD
:10D5B0003D2046525F57524954455F50524F5445A3
:10D5C000435445440D0A0000203131203D2046528D
:10D5D0005F494E56414C49445F44524956450D0AF5
:10D5E00000000000203132203D2046525F4E4F5453
:10D5F0005F454E41424C45440D0A00002031332026
:10D600003D2046525F4E4F5F46494C455359535457
:10D61000454D20284E6F7420666F726D617474657D
:10D620006420464154290D0A0000000020313420B6
:10D630003D2046525F4D4B46535F41424F52544549
:10D64000440D0A00203135203D2046525F54494D9B
:10D65000454F55540D0A00000D0A3D3D3D204469DB
:10D66000736B204472697665722054657374203D33
:10D670003D3D0D0A000000006469736B5F696E69CF
:10D680007469616C697A65203D20307825303258A4
:10D690000D0A0000202030783030203D204F4B0D07
:10D6A0000A000000202030783031203D20535441C2
:10D6B0005F4E4F494E495420284E6F7420696E6961
:10D6C0007469616C697A6564290D0A0020203078DC
:10D6D0003032203D205354415F4E4F4449534B203C
:10D6E000284E6F206469736B290D0A002020307862
:10D6F0003034203D205354415F50524F54454354E1
:10D70000202857726974652070726F746563746540
:10D7100064290D0A000000000D0A3D3D3D204E6FBA
:10D720002066696C6573797374656D2064657465D2
:10D7300063746564203D3D3D0D0A00005344206341
:10D74000617264206E6565647320746F2062652069
:10D75000666F726D61747465642061732046415414
:10D7600033320D0A000000004F7074696F6E733A17
:10D770000D0A00002020312E20466F726D6174204A
:10D780006F6E2050432061732046415433320D0A9E
:10D79000000000002020322E204F72207472792069
:10D7A000665F6D6B6673282920746F20666F726DDB
:10D7B000617420686572650D0A00000025730D0A0A
:10D7C00000000000332E20526561642064617461A2
:10D7D0002E2E2E004F4B2028256C75206279746503
:10D7E00073290D0A000000002020204572726F721C
:10D7F00020617420627974652025640D0A000000A0
:10D8000020202044617461207665726966696564D0
:10D81000204F4B0D0A000000342E20496E666F3AEF
:10D820000D0A0000202020467265653A20256C759F
:10D83000204B420D0A000000202020557365643AF9
:10D8400020256C75204B420D0A0000000D0A3D3D5D
:10D850003D205465737420446F6E65203D3D3D0D41
:10D860000A00000064656661756C745461736B0036
:10D8700064D8000800000000000000000000000064
:10D88000000000000002000018000000000000007E
:10D8900000000000303A7363695F256C752E646187
:10D8A00074000000000610160006101600000000AC
:10D8B00001020304010203040607080949444C4518
:10D8C00000000000546D725100000000546D722081
:10D8D00053766300010002000400060008000A00FD
:10D8E0000C00100020004000800000010804020429
:10D8F0000801010101010103070100001D8E00085C
:10D90000858E0008B58E00082D8F0008A58F0008B1
:10D91000222A2B2C3A3B3C3D3E3F5B5D7C7F000046
:10D9200043554541414141434545454949494141A7
:10D930004592924F4F4F5555594F554F9C4F9E9F73
:10D9400041494F55A5A5A6A7A8A9AAABACADAEAFB6
:10D95000B0B1B2B3B4414141B8B9BABBBCBDBEBFAE
:10D96000C0C1C2C3C4C54141C8C9CACBCCCDCECF4A
:10D97000D1D145454549494949D9DADBDCDD49DFA3
:10D980004FE14F4F4F4FE6E8E85555555959EEEFE7
:10D99000F0F1F2F3F4F5F6F7F8F9FAFBFCFDFEFF0F
:10D9A000232D302B2000686C4C0065666745464788
:10D9B000003031323334353637383941424344450B
:10D9C000460030313233343536373839616263647A
:10D9D000656600000000000000000000000000007C
:10D9E0000000000000000000000000000000000037
:10D9F0000000000000000000000000000000000027
:10DA00000000000000000000000000000000000016
:10DA10000000000000000000000000000000000006
:10DA200000000000000000000000000000000000F6
:04DA300000000000F2
:08DA34008C29FF7F01000000B6
:04DA3C00C502000817
:04DA4000A102000837
:10DA440001000000100000000090D0030090D003FB
:10DA5400AAAAAAAA010000001C00002000000000DD
:10DA6400F4D9000814DA0008D4D900080000000032
:10DA740000000000000000000000000000000000A2
:10DA84000000000000000000000000000000000092
:10DA94000000000000000000000000000000000082
:10DAA4000000000000000000000000000000000072
:0CDAB40000000000000000000000000066
:040000050800C475B6
:00000001FF
