ARM GAS  C:\Users\admin\AppData\Local\Temp\ccwPfCrn.s 			page 1


   1              		.cpu cortex-m7
   2              		.arch armv7e-m
   3              		.fpu fpv5-d16
   4              		.eabi_attribute 28, 1
   5              		.eabi_attribute 20, 1
   6              		.eabi_attribute 21, 1
   7              		.eabi_attribute 23, 3
   8              		.eabi_attribute 24, 1
   9              		.eabi_attribute 25, 1
  10              		.eabi_attribute 26, 1
  11              		.eabi_attribute 30, 1
  12              		.eabi_attribute 34, 1
  13              		.eabi_attribute 18, 4
  14              		.file	"logic_comm.c"
  15              		.text
  16              	.Ltext0:
  17              		.cfi_sections	.debug_frame
  18              		.section	.text.reset,"ax",%progbits
  19              		.align	1
  20              		.syntax unified
  21              		.thumb
  22              		.thumb_func
  24              	reset:
  25              	.LFB153:
  26              		.file 1 "Core/Logic/logic_comm.c"
   1:Core/Logic/logic_comm.c **** #include "logic_comm.h"
   2:Core/Logic/logic_comm.c **** #include "logic.h"
   3:Core/Logic/logic_comm.c **** #include "packet_protocol.h"
   4:Core/Logic/logic_comm.c **** #include "lora_e32.h"
   5:Core/Logic/logic_comm.c **** #include "hardware.h"
   6:Core/Logic/logic_comm.c **** #include "sdcard.h"
   7:Core/Logic/logic_comm.c **** #include "OV2640.h"
   8:Core/Logic/logic_comm.c **** #include "INA219.h"
   9:Core/Logic/logic_comm.c **** #include <string.h>
  10:Core/Logic/logic_comm.c **** #include <stdlib.h>
  11:Core/Logic/logic_comm.c **** 
  12:Core/Logic/logic_comm.c **** extern lora_e32_handle_t lora_handle;
  13:Core/Logic/logic_comm.c **** extern lora_e32_config_t lora_config;
  14:Core/Logic/logic_comm.c **** 
  15:Core/Logic/logic_comm.c **** static comm_phase_t current_phase = COMM_PHASE_STANDBY;
  16:Core/Logic/logic_comm.c **** static uint32_t comm_start_tick = 0;
  17:Core/Logic/logic_comm.c **** 
  18:Core/Logic/logic_comm.c **** static lora_t lora;
  19:Core/Logic/logic_comm.c **** static beacon_t beacon;
  20:Core/Logic/logic_comm.c **** static datatx_t dtx;
  21:Core/Logic/logic_comm.c **** static end_t end_state;
  22:Core/Logic/logic_comm.c **** static uint32_t listen_tick;
  23:Core/Logic/logic_comm.c **** 
  24:Core/Logic/logic_comm.c **** // Static buffer for data transmission (can store image data)
  25:Core/Logic/logic_comm.c **** static uint8_t dtx_buffer[51200];  // 50KB buffer
  26:Core/Logic/logic_comm.c **** 
  27:Core/Logic/logic_comm.c **** static void reset(void);
  28:Core/Logic/logic_comm.c **** static comm_error_t Logic_Comm_Phase_Prep(void);
  29:Core/Logic/logic_comm.c **** static comm_error_t Logic_Comm_Phase_Beacon(void);
  30:Core/Logic/logic_comm.c **** static comm_error_t Logic_Comm_Phase_Listen(void);
  31:Core/Logic/logic_comm.c **** static comm_error_t Logic_Comm_Phase_DataTx(void);
  32:Core/Logic/logic_comm.c **** static comm_error_t Logic_Comm_Phase_End(void);
ARM GAS  C:\Users\admin\AppData\Local\Temp\ccwPfCrn.s 			page 2


  33:Core/Logic/logic_comm.c **** static void Logic_Comm_Handle_Command(packet_type_t type, const uint8_t* pkt, uint16_t len);
  34:Core/Logic/logic_comm.c **** 
  35:Core/Logic/logic_comm.c **** comm_error_t Logic_Comm_Init(void)
  36:Core/Logic/logic_comm.c **** {
  37:Core/Logic/logic_comm.c ****   reset();
  38:Core/Logic/logic_comm.c ****   current_phase = COMM_PHASE_PREP;
  39:Core/Logic/logic_comm.c ****   comm_start_tick = HAL_GetTick();
  40:Core/Logic/logic_comm.c ****   Logic_Log("COMM: Init\r\n");
  41:Core/Logic/logic_comm.c ****   return COMM_OK;
  42:Core/Logic/logic_comm.c **** }
  43:Core/Logic/logic_comm.c **** 
  44:Core/Logic/logic_comm.c **** comm_error_t Logic_Comm_Process(void)
  45:Core/Logic/logic_comm.c **** {
  46:Core/Logic/logic_comm.c ****   uint32_t total_timer = HAL_GetTick() - comm_start_tick;
  47:Core/Logic/logic_comm.c ****   system_health_t* health = Logic_GetHealth();
  48:Core/Logic/logic_comm.c **** 
  49:Core/Logic/logic_comm.c ****   // Check total timeout only, NO fixed phase timeouts
  50:Core/Logic/logic_comm.c ****   // Allow flexible timing for camera image transmission
  51:Core/Logic/logic_comm.c ****   if (total_timer > TIMEOUT_COMM_TOTAL && current_phase != COMM_PHASE_DATA_TX)
  52:Core/Logic/logic_comm.c ****   {
  53:Core/Logic/logic_comm.c ****     Logic_Log("COMM: Total timeout\r\n");
  54:Core/Logic/logic_comm.c ****     reset();
  55:Core/Logic/logic_comm.c ****     return COMM_ERR_TIMEOUT;
  56:Core/Logic/logic_comm.c ****   }
  57:Core/Logic/logic_comm.c **** 
  58:Core/Logic/logic_comm.c ****   // Battery critical check
  59:Core/Logic/logic_comm.c ****   if (Logic_Battery_Check_Critical())
  60:Core/Logic/logic_comm.c ****   {
  61:Core/Logic/logic_comm.c ****     Logic_Log("COMM: Battery critical\r\n");
  62:Core/Logic/logic_comm.c ****     return COMM_ERR_BATTERY_CRITICAL;
  63:Core/Logic/logic_comm.c ****   }
  64:Core/Logic/logic_comm.c **** 
  65:Core/Logic/logic_comm.c ****   if (health->lora_fail_count >= LORA_FAIL_MAX)
  66:Core/Logic/logic_comm.c ****   {
  67:Core/Logic/logic_comm.c ****     Logic_Log("COMM: LoRa failed\r\n");
  68:Core/Logic/logic_comm.c ****     reset();
  69:Core/Logic/logic_comm.c ****     return COMM_ERR_LORA_FAIL;
  70:Core/Logic/logic_comm.c ****   }
  71:Core/Logic/logic_comm.c **** 
  72:Core/Logic/logic_comm.c ****   switch (current_phase)
  73:Core/Logic/logic_comm.c ****   {
  74:Core/Logic/logic_comm.c ****   case COMM_PHASE_PREP:
  75:Core/Logic/logic_comm.c ****     if (Logic_Comm_Phase_Prep() == COMM_OK) {
  76:Core/Logic/logic_comm.c ****       current_phase = COMM_PHASE_BEACON;
  77:Core/Logic/logic_comm.c ****       Logic_Log("COMM: PREP done\r\n");
  78:Core/Logic/logic_comm.c ****     }
  79:Core/Logic/logic_comm.c ****     break;
  80:Core/Logic/logic_comm.c ****     
  81:Core/Logic/logic_comm.c ****   case COMM_PHASE_BEACON:
  82:Core/Logic/logic_comm.c ****     if (Logic_Comm_Phase_Beacon() == COMM_OK) {
  83:Core/Logic/logic_comm.c ****       current_phase = COMM_PHASE_LISTEN;
  84:Core/Logic/logic_comm.c ****       listen_tick = HAL_GetTick();
  85:Core/Logic/logic_comm.c ****       Logic_Log("COMM: BEACON done\r\n");
  86:Core/Logic/logic_comm.c ****     }
  87:Core/Logic/logic_comm.c ****     break;
  88:Core/Logic/logic_comm.c ****     
  89:Core/Logic/logic_comm.c ****   case COMM_PHASE_LISTEN:
ARM GAS  C:\Users\admin\AppData\Local\Temp\ccwPfCrn.s 			page 3


  90:Core/Logic/logic_comm.c ****     Logic_Comm_Phase_Listen();
  91:Core/Logic/logic_comm.c ****     // Timeout or received GET_DATA
  92:Core/Logic/logic_comm.c ****     if (HAL_GetTick() - listen_tick > TIMEOUT_RX_LISTEN || dtx.requested) {
  93:Core/Logic/logic_comm.c ****       current_phase = dtx.requested ? COMM_PHASE_DATA_TX : COMM_PHASE_END;
  94:Core/Logic/logic_comm.c ****       Logic_Log("COMM: LISTEN done\r\n");
  95:Core/Logic/logic_comm.c ****     }
  96:Core/Logic/logic_comm.c ****     break;
  97:Core/Logic/logic_comm.c ****     
  98:Core/Logic/logic_comm.c ****   case COMM_PHASE_DATA_TX:
  99:Core/Logic/logic_comm.c ****     // NO TIMEOUT - continues until transmission complete or error
 100:Core/Logic/logic_comm.c ****     if (Logic_Comm_Phase_DataTx() == COMM_OK) {  
 101:Core/Logic/logic_comm.c ****       current_phase = COMM_PHASE_END;
 102:Core/Logic/logic_comm.c ****       Logic_Log("COMM: DATA_TX done\r\n");
 103:Core/Logic/logic_comm.c ****     }
 104:Core/Logic/logic_comm.c ****     break;
 105:Core/Logic/logic_comm.c ****     
 106:Core/Logic/logic_comm.c ****   case COMM_PHASE_END:
 107:Core/Logic/logic_comm.c ****     if (Logic_Comm_Phase_End() == COMM_OK) {
 108:Core/Logic/logic_comm.c ****       current_phase = COMM_PHASE_COMPLETE;
 109:Core/Logic/logic_comm.c ****     }
 110:Core/Logic/logic_comm.c ****     break;
 111:Core/Logic/logic_comm.c **** 
 112:Core/Logic/logic_comm.c ****   case COMM_PHASE_COMPLETE:
 113:Core/Logic/logic_comm.c ****     current_phase = COMM_PHASE_STANDBY;
 114:Core/Logic/logic_comm.c ****     return COMM_OK;
 115:Core/Logic/logic_comm.c ****   }
 116:Core/Logic/logic_comm.c ****   
 117:Core/Logic/logic_comm.c ****   return COMM_IN_PROGRESS;
 118:Core/Logic/logic_comm.c **** }
 119:Core/Logic/logic_comm.c **** 
 120:Core/Logic/logic_comm.c **** static void reset(void)
 121:Core/Logic/logic_comm.c **** {
  27              		.loc 1 121 1 view -0
  28              		.cfi_startproc
  29              		@ args = 0, pretend = 0, frame = 0
  30              		@ frame_needed = 0, uses_anonymous_args = 0
  31 0000 08B5     		push	{r3, lr}
  32              	.LCFI0:
  33              		.cfi_def_cfa_offset 8
  34              		.cfi_offset 3, -8
  35              		.cfi_offset 14, -4
 122:Core/Logic/logic_comm.c ****   if (lora.powered) HW_Power_LoRa_Off();
  36              		.loc 1 122 3 view .LVU1
  37              		.loc 1 122 11 is_stmt 0 view .LVU2
  38 0002 0D4B     		ldr	r3, .L5
  39 0004 1B78     		ldrb	r3, [r3]	@ zero_extendqisi2
  40              		.loc 1 122 6 view .LVU3
  41 0006 A3B9     		cbnz	r3, .L4
  42              	.L2:
 123:Core/Logic/logic_comm.c ****   memset(&lora, 0, sizeof(lora));
  43              		.loc 1 123 3 is_stmt 1 view .LVU4
  44 0008 0B4A     		ldr	r2, .L5
  45 000a 0023     		movs	r3, #0
  46 000c 1360     		str	r3, [r2]
  47 000e 5360     		str	r3, [r2, #4]
 124:Core/Logic/logic_comm.c ****   memset(&beacon, 0, sizeof(beacon));
  48              		.loc 1 124 3 view .LVU5
ARM GAS  C:\Users\admin\AppData\Local\Temp\ccwPfCrn.s 			page 4


  49 0010 0A4A     		ldr	r2, .L5+4
  50 0012 1360     		str	r3, [r2]
  51 0014 5360     		str	r3, [r2, #4]
 125:Core/Logic/logic_comm.c ****   memset(&dtx, 0, sizeof(dtx));
  52              		.loc 1 125 3 view .LVU6
  53 0016 0A4A     		ldr	r2, .L5+8
  54 0018 1360     		str	r3, [r2]
  55 001a 5360     		str	r3, [r2, #4]
  56 001c 9360     		str	r3, [r2, #8]
  57 001e D360     		str	r3, [r2, #12]
  58 0020 1361     		str	r3, [r2, #16]
  59 0022 5361     		str	r3, [r2, #20]
  60 0024 9361     		str	r3, [r2, #24]
 126:Core/Logic/logic_comm.c ****   memset(&end_state, 0, sizeof(end_state));
  61              		.loc 1 126 3 view .LVU7
  62 0026 074A     		ldr	r2, .L5+12
  63 0028 1360     		str	r3, [r2]
  64 002a 5360     		str	r3, [r2, #4]
 127:Core/Logic/logic_comm.c ****   listen_tick = 0;  
  65              		.loc 1 127 3 view .LVU8
  66              		.loc 1 127 15 is_stmt 0 view .LVU9
  67 002c 064A     		ldr	r2, .L5+16
  68 002e 1360     		str	r3, [r2]
 128:Core/Logic/logic_comm.c **** }
  69              		.loc 1 128 1 view .LVU10
  70 0030 08BD     		pop	{r3, pc}
  71              	.L4:
 122:Core/Logic/logic_comm.c ****   memset(&lora, 0, sizeof(lora));
  72              		.loc 1 122 21 is_stmt 1 discriminator 1 view .LVU11
  73 0032 FFF7FEFF 		bl	HW_Power_LoRa_Off
  74              	.LVL0:
  75 0036 E7E7     		b	.L2
  76              	.L6:
  77              		.align	2
  78              	.L5:
  79 0038 00000000 		.word	.LANCHOR0
  80 003c 00000000 		.word	.LANCHOR1
  81 0040 00000000 		.word	.LANCHOR2
  82 0044 00000000 		.word	.LANCHOR3
  83 0048 00000000 		.word	.LANCHOR4
  84              		.cfi_endproc
  85              	.LFE153:
  87              		.section	.text.Logic_Comm_Phase_Prep,"ax",%progbits
  88              		.align	1
  89              		.syntax unified
  90              		.thumb
  91              		.thumb_func
  93              	Logic_Comm_Phase_Prep:
  94              	.LFB154:
 129:Core/Logic/logic_comm.c **** 
 130:Core/Logic/logic_comm.c **** static comm_error_t Logic_Comm_Phase_Prep(void) 
 131:Core/Logic/logic_comm.c **** {
  95              		.loc 1 131 1 view -0
  96              		.cfi_startproc
  97              		@ args = 0, pretend = 0, frame = 0
  98              		@ frame_needed = 0, uses_anonymous_args = 0
  99 0000 38B5     		push	{r3, r4, r5, lr}
ARM GAS  C:\Users\admin\AppData\Local\Temp\ccwPfCrn.s 			page 5


 100              	.LCFI1:
 101              		.cfi_def_cfa_offset 16
 102              		.cfi_offset 3, -16
 103              		.cfi_offset 4, -12
 104              		.cfi_offset 5, -8
 105              		.cfi_offset 14, -4
 132:Core/Logic/logic_comm.c ****   static uint8_t step = 0;
 106              		.loc 1 132 3 view .LVU13
 133:Core/Logic/logic_comm.c ****     
 134:Core/Logic/logic_comm.c ****   switch (step) {
 107              		.loc 1 134 3 view .LVU14
 108 0002 264B     		ldr	r3, .L24
 109 0004 1C78     		ldrb	r4, [r3]	@ zero_extendqisi2
 110 0006 012C     		cmp	r4, #1
 111 0008 11D0     		beq	.L8
 112 000a 022C     		cmp	r4, #2
 113 000c 26D0     		beq	.L9
 114 000e 14B1     		cbz	r4, .L18
 115 0010 0124     		movs	r4, #1
 116              	.L10:
 135:Core/Logic/logic_comm.c ****   case 0:
 136:Core/Logic/logic_comm.c ****     if (!Logic_Battery_Check_Comm()) {
 137:Core/Logic/logic_comm.c ****       step = 0;
 138:Core/Logic/logic_comm.c ****       return COMM_ERR_BATTERY_LOW;
 139:Core/Logic/logic_comm.c ****     }
 140:Core/Logic/logic_comm.c ****     step = 1;
 141:Core/Logic/logic_comm.c ****     break;
 142:Core/Logic/logic_comm.c ****         
 143:Core/Logic/logic_comm.c ****   case 1:
 144:Core/Logic/logic_comm.c ****     if (!lora.powered) {
 145:Core/Logic/logic_comm.c ****       HW_Power_LoRa_On();
 146:Core/Logic/logic_comm.c ****       lora.powered = true;
 147:Core/Logic/logic_comm.c ****       lora.last_tick = HAL_GetTick();
 148:Core/Logic/logic_comm.c ****     }
 149:Core/Logic/logic_comm.c ****     if (HAL_GetTick() - lora.last_tick > 50) {
 150:Core/Logic/logic_comm.c ****       step = 2;
 151:Core/Logic/logic_comm.c ****     }
 152:Core/Logic/logic_comm.c ****     break;
 153:Core/Logic/logic_comm.c ****         
 154:Core/Logic/logic_comm.c ****   case 2:
 155:Core/Logic/logic_comm.c ****     if (!lora.initialized) {
 156:Core/Logic/logic_comm.c ****       if (LoRa_E32_Init(&lora_handle, &lora_config) == LORA_E32_OK) {
 157:Core/Logic/logic_comm.c ****         lora.initialized = true;
 158:Core/Logic/logic_comm.c ****         step = 0;
 159:Core/Logic/logic_comm.c ****         return COMM_OK;
 160:Core/Logic/logic_comm.c ****       }
 161:Core/Logic/logic_comm.c ****       lora.attempts++;
 162:Core/Logic/logic_comm.c ****       if (lora.attempts >= RETRY_LORA) {
 163:Core/Logic/logic_comm.c ****         step = 0;
 164:Core/Logic/logic_comm.c ****         return COMM_ERR_LORA_FAIL;
 165:Core/Logic/logic_comm.c ****       }
 166:Core/Logic/logic_comm.c ****     }
 167:Core/Logic/logic_comm.c ****     break;
 168:Core/Logic/logic_comm.c ****   }
 169:Core/Logic/logic_comm.c ****     
 170:Core/Logic/logic_comm.c ****   return COMM_IN_PROGRESS;
 171:Core/Logic/logic_comm.c **** }
ARM GAS  C:\Users\admin\AppData\Local\Temp\ccwPfCrn.s 			page 6


 117              		.loc 1 171 1 is_stmt 0 view .LVU15
 118 0012 2046     		mov	r0, r4
 119 0014 38BD     		pop	{r3, r4, r5, pc}
 120              	.L18:
 136:Core/Logic/logic_comm.c ****       step = 0;
 121              		.loc 1 136 5 is_stmt 1 view .LVU16
 136:Core/Logic/logic_comm.c ****       step = 0;
 122              		.loc 1 136 10 is_stmt 0 view .LVU17
 123 0016 FFF7FEFF 		bl	Logic_Battery_Check_Comm
 124              	.LVL1:
 136:Core/Logic/logic_comm.c ****       step = 0;
 125              		.loc 1 136 8 view .LVU18
 126 001a 18B1     		cbz	r0, .L19
 140:Core/Logic/logic_comm.c ****     break;
 127              		.loc 1 140 5 is_stmt 1 view .LVU19
 140:Core/Logic/logic_comm.c ****     break;
 128              		.loc 1 140 10 is_stmt 0 view .LVU20
 129 001c 0124     		movs	r4, #1
 130 001e 1F4B     		ldr	r3, .L24
 131 0020 1C70     		strb	r4, [r3]
 141:Core/Logic/logic_comm.c ****         
 132              		.loc 1 141 5 is_stmt 1 view .LVU21
 133 0022 F6E7     		b	.L10
 134              	.L19:
 137:Core/Logic/logic_comm.c ****       return COMM_ERR_BATTERY_LOW;
 135              		.loc 1 137 7 view .LVU22
 137:Core/Logic/logic_comm.c ****       return COMM_ERR_BATTERY_LOW;
 136              		.loc 1 137 12 is_stmt 0 view .LVU23
 137 0024 1D4B     		ldr	r3, .L24
 138 0026 0022     		movs	r2, #0
 139 0028 1A70     		strb	r2, [r3]
 138:Core/Logic/logic_comm.c ****     }
 140              		.loc 1 138 7 is_stmt 1 view .LVU24
 138:Core/Logic/logic_comm.c ****     }
 141              		.loc 1 138 14 is_stmt 0 view .LVU25
 142 002a 0224     		movs	r4, #2
 143 002c F1E7     		b	.L10
 144              	.L8:
 144:Core/Logic/logic_comm.c ****       HW_Power_LoRa_On();
 145              		.loc 1 144 5 is_stmt 1 view .LVU26
 144:Core/Logic/logic_comm.c ****       HW_Power_LoRa_On();
 146              		.loc 1 144 14 is_stmt 0 view .LVU27
 147 002e 1C4B     		ldr	r3, .L24+4
 148 0030 1B78     		ldrb	r3, [r3]	@ zero_extendqisi2
 144:Core/Logic/logic_comm.c ****       HW_Power_LoRa_On();
 149              		.loc 1 144 8 view .LVU28
 150 0032 53B1     		cbz	r3, .L20
 151              	.L12:
 149:Core/Logic/logic_comm.c ****       step = 2;
 152              		.loc 1 149 5 is_stmt 1 view .LVU29
 149:Core/Logic/logic_comm.c ****       step = 2;
 153              		.loc 1 149 9 is_stmt 0 view .LVU30
 154 0034 FFF7FEFF 		bl	HAL_GetTick
 155              	.LVL2:
 149:Core/Logic/logic_comm.c ****       step = 2;
 156              		.loc 1 149 29 view .LVU31
 157 0038 194B     		ldr	r3, .L24+4
ARM GAS  C:\Users\admin\AppData\Local\Temp\ccwPfCrn.s 			page 7


 158 003a 5B68     		ldr	r3, [r3, #4]
 149:Core/Logic/logic_comm.c ****       step = 2;
 159              		.loc 1 149 23 view .LVU32
 160 003c C01A     		subs	r0, r0, r3
 149:Core/Logic/logic_comm.c ****       step = 2;
 161              		.loc 1 149 8 view .LVU33
 162 003e 3228     		cmp	r0, #50
 163 0040 E7D9     		bls	.L10
 150:Core/Logic/logic_comm.c ****     }
 164              		.loc 1 150 7 is_stmt 1 view .LVU34
 150:Core/Logic/logic_comm.c ****     }
 165              		.loc 1 150 12 is_stmt 0 view .LVU35
 166 0042 164B     		ldr	r3, .L24
 167 0044 0222     		movs	r2, #2
 168 0046 1A70     		strb	r2, [r3]
 169 0048 E3E7     		b	.L10
 170              	.L20:
 145:Core/Logic/logic_comm.c ****       lora.powered = true;
 171              		.loc 1 145 7 is_stmt 1 view .LVU36
 172 004a FFF7FEFF 		bl	HW_Power_LoRa_On
 173              	.LVL3:
 146:Core/Logic/logic_comm.c ****       lora.last_tick = HAL_GetTick();
 174              		.loc 1 146 7 view .LVU37
 146:Core/Logic/logic_comm.c ****       lora.last_tick = HAL_GetTick();
 175              		.loc 1 146 20 is_stmt 0 view .LVU38
 176 004e 144D     		ldr	r5, .L24+4
 177 0050 0123     		movs	r3, #1
 178 0052 2B70     		strb	r3, [r5]
 147:Core/Logic/logic_comm.c ****     }
 179              		.loc 1 147 7 is_stmt 1 view .LVU39
 147:Core/Logic/logic_comm.c ****     }
 180              		.loc 1 147 24 is_stmt 0 view .LVU40
 181 0054 FFF7FEFF 		bl	HAL_GetTick
 182              	.LVL4:
 147:Core/Logic/logic_comm.c ****     }
 183              		.loc 1 147 22 view .LVU41
 184 0058 6860     		str	r0, [r5, #4]
 185 005a EBE7     		b	.L12
 186              	.L9:
 155:Core/Logic/logic_comm.c ****       if (LoRa_E32_Init(&lora_handle, &lora_config) == LORA_E32_OK) {
 187              		.loc 1 155 5 is_stmt 1 view .LVU42
 155:Core/Logic/logic_comm.c ****       if (LoRa_E32_Init(&lora_handle, &lora_config) == LORA_E32_OK) {
 188              		.loc 1 155 14 is_stmt 0 view .LVU43
 189 005c 104B     		ldr	r3, .L24+4
 190 005e 5B78     		ldrb	r3, [r3, #1]	@ zero_extendqisi2
 155:Core/Logic/logic_comm.c ****       if (LoRa_E32_Init(&lora_handle, &lora_config) == LORA_E32_OK) {
 191              		.loc 1 155 8 view .LVU44
 192 0060 0BB1     		cbz	r3, .L21
 170:Core/Logic/logic_comm.c **** }
 193              		.loc 1 170 10 view .LVU45
 194 0062 0124     		movs	r4, #1
 195 0064 D5E7     		b	.L10
 196              	.L21:
 156:Core/Logic/logic_comm.c ****         lora.initialized = true;
 197              		.loc 1 156 7 is_stmt 1 view .LVU46
 156:Core/Logic/logic_comm.c ****         lora.initialized = true;
 198              		.loc 1 156 11 is_stmt 0 view .LVU47
ARM GAS  C:\Users\admin\AppData\Local\Temp\ccwPfCrn.s 			page 8


 199 0066 0F49     		ldr	r1, .L24+8
 200 0068 0F48     		ldr	r0, .L24+12
 201 006a FFF7FEFF 		bl	LoRa_E32_Init
 202              	.LVL5:
 156:Core/Logic/logic_comm.c ****         lora.initialized = true;
 203              		.loc 1 156 10 view .LVU48
 204 006e 0446     		mov	r4, r0
 205 0070 40B1     		cbz	r0, .L22
 161:Core/Logic/logic_comm.c ****       if (lora.attempts >= RETRY_LORA) {
 206              		.loc 1 161 7 is_stmt 1 view .LVU49
 161:Core/Logic/logic_comm.c ****       if (lora.attempts >= RETRY_LORA) {
 207              		.loc 1 161 11 is_stmt 0 view .LVU50
 208 0072 0B4A     		ldr	r2, .L24+4
 209 0074 9378     		ldrb	r3, [r2, #2]	@ zero_extendqisi2
 161:Core/Logic/logic_comm.c ****       if (lora.attempts >= RETRY_LORA) {
 210              		.loc 1 161 20 view .LVU51
 211 0076 0133     		adds	r3, r3, #1
 212 0078 DBB2     		uxtb	r3, r3
 213 007a 9370     		strb	r3, [r2, #2]
 162:Core/Logic/logic_comm.c ****         step = 0;
 214              		.loc 1 162 7 is_stmt 1 view .LVU52
 162:Core/Logic/logic_comm.c ****         step = 0;
 215              		.loc 1 162 10 is_stmt 0 view .LVU53
 216 007c 022B     		cmp	r3, #2
 217 007e 08D8     		bhi	.L23
 170:Core/Logic/logic_comm.c **** }
 218              		.loc 1 170 10 view .LVU54
 219 0080 0124     		movs	r4, #1
 220 0082 C6E7     		b	.L10
 221              	.L22:
 157:Core/Logic/logic_comm.c ****         step = 0;
 222              		.loc 1 157 9 is_stmt 1 view .LVU55
 157:Core/Logic/logic_comm.c ****         step = 0;
 223              		.loc 1 157 26 is_stmt 0 view .LVU56
 224 0084 064B     		ldr	r3, .L24+4
 225 0086 0122     		movs	r2, #1
 226 0088 5A70     		strb	r2, [r3, #1]
 158:Core/Logic/logic_comm.c ****         return COMM_OK;
 227              		.loc 1 158 9 is_stmt 1 view .LVU57
 158:Core/Logic/logic_comm.c ****         return COMM_OK;
 228              		.loc 1 158 14 is_stmt 0 view .LVU58
 229 008a 044B     		ldr	r3, .L24
 230 008c 0022     		movs	r2, #0
 231 008e 1A70     		strb	r2, [r3]
 159:Core/Logic/logic_comm.c ****       }
 232              		.loc 1 159 9 is_stmt 1 view .LVU59
 159:Core/Logic/logic_comm.c ****       }
 233              		.loc 1 159 16 is_stmt 0 view .LVU60
 234 0090 BFE7     		b	.L10
 235              	.L23:
 163:Core/Logic/logic_comm.c ****         return COMM_ERR_LORA_FAIL;
 236              		.loc 1 163 9 is_stmt 1 view .LVU61
 163:Core/Logic/logic_comm.c ****         return COMM_ERR_LORA_FAIL;
 237              		.loc 1 163 14 is_stmt 0 view .LVU62
 238 0092 024B     		ldr	r3, .L24
 239 0094 0022     		movs	r2, #0
 240 0096 1A70     		strb	r2, [r3]
ARM GAS  C:\Users\admin\AppData\Local\Temp\ccwPfCrn.s 			page 9


 164:Core/Logic/logic_comm.c ****       }
 241              		.loc 1 164 9 is_stmt 1 view .LVU63
 164:Core/Logic/logic_comm.c ****       }
 242              		.loc 1 164 16 is_stmt 0 view .LVU64
 243 0098 0424     		movs	r4, #4
 244 009a BAE7     		b	.L10
 245              	.L25:
 246              		.align	2
 247              	.L24:
 248 009c 00000000 		.word	.LANCHOR5
 249 00a0 00000000 		.word	.LANCHOR0
 250 00a4 00000000 		.word	lora_config
 251 00a8 00000000 		.word	lora_handle
 252              		.cfi_endproc
 253              	.LFE154:
 255              		.section	.text.Logic_Comm_Phase_Beacon,"ax",%progbits
 256              		.align	1
 257              		.syntax unified
 258              		.thumb
 259              		.thumb_func
 261              	Logic_Comm_Phase_Beacon:
 262              	.LFB155:
 172:Core/Logic/logic_comm.c **** 
 173:Core/Logic/logic_comm.c **** static comm_error_t Logic_Comm_Phase_Beacon(void) 
 174:Core/Logic/logic_comm.c **** {
 263              		.loc 1 174 1 is_stmt 1 view -0
 264              		.cfi_startproc
 265              		@ args = 0, pretend = 0, frame = 32
 266              		@ frame_needed = 0, uses_anonymous_args = 0
 267 0000 30B5     		push	{r4, r5, lr}
 268              	.LCFI2:
 269              		.cfi_def_cfa_offset 12
 270              		.cfi_offset 4, -12
 271              		.cfi_offset 5, -8
 272              		.cfi_offset 14, -4
 273 0002 8DB0     		sub	sp, sp, #52
 274              	.LCFI3:
 275              		.cfi_def_cfa_offset 64
 175:Core/Logic/logic_comm.c ****     static uint8_t retry = 0;
 276              		.loc 1 175 5 view .LVU66
 176:Core/Logic/logic_comm.c ****     system_health_t* health = Logic_GetHealth();
 277              		.loc 1 176 5 view .LVU67
 278              		.loc 1 176 31 is_stmt 0 view .LVU68
 279 0004 FFF7FEFF 		bl	Logic_GetHealth
 280              	.LVL6:
 281 0008 0546     		mov	r5, r0
 282              	.LVL7:
 177:Core/Logic/logic_comm.c ****     cubesat_status_t* status = Logic_GetStatus();
 283              		.loc 1 177 5 is_stmt 1 view .LVU69
 284              		.loc 1 177 32 is_stmt 0 view .LVU70
 285 000a FFF7FEFF 		bl	Logic_GetStatus
 286              	.LVL8:
 178:Core/Logic/logic_comm.c ****     
 179:Core/Logic/logic_comm.c ****     if (!beacon.sent) {
 287              		.loc 1 179 5 is_stmt 1 view .LVU71
 288              		.loc 1 179 16 is_stmt 0 view .LVU72
 289 000e 1B4B     		ldr	r3, .L35
ARM GAS  C:\Users\admin\AppData\Local\Temp\ccwPfCrn.s 			page 10


 290 0010 5B78     		ldrb	r3, [r3, #1]	@ zero_extendqisi2
 291              		.loc 1 179 8 view .LVU73
 292 0012 2BB1     		cbz	r3, .L33
 293              	.LVL9:
 294              	.L27:
 180:Core/Logic/logic_comm.c ****         uint8_t buf[32];
 181:Core/Logic/logic_comm.c ****         uint16_t len = Packet_Build_Beacon(buf, 0x01, HAL_GetTick()/1000,
 182:Core/Logic/logic_comm.c ****                                            health->battery_percent,
 183:Core/Logic/logic_comm.c ****                                            (uint8_t)status->current_state,
 184:Core/Logic/logic_comm.c ****                                            health->working_sensor_count,
 185:Core/Logic/logic_comm.c ****                                            health->flash_free_kb);
 186:Core/Logic/logic_comm.c ****         
 187:Core/Logic/logic_comm.c ****         if (LoRa_E32_Send(&lora_handle, buf, len, BEACON_TX_TIMEOUT_MS) == LORA_E32_OK) {
 188:Core/Logic/logic_comm.c ****             beacon.sent = true;
 189:Core/Logic/logic_comm.c ****             retry = 0;
 190:Core/Logic/logic_comm.c ****             return COMM_OK;
 191:Core/Logic/logic_comm.c ****         }
 192:Core/Logic/logic_comm.c ****         
 193:Core/Logic/logic_comm.c ****         retry++;
 194:Core/Logic/logic_comm.c ****         if (retry >= BEACON_MAX_RETRIES) {
 195:Core/Logic/logic_comm.c ****             retry = 0;
 196:Core/Logic/logic_comm.c ****             return COMM_ERR_LORA_FAIL;
 197:Core/Logic/logic_comm.c ****         }
 198:Core/Logic/logic_comm.c ****     }
 199:Core/Logic/logic_comm.c ****     
 200:Core/Logic/logic_comm.c ****     return beacon.sent ? COMM_OK : COMM_IN_PROGRESS;
 295              		.loc 1 200 5 is_stmt 1 view .LVU74
 296              		.loc 1 200 18 is_stmt 0 view .LVU75
 297 0014 194B     		ldr	r3, .L35
 298 0016 5878     		ldrb	r0, [r3, #1]	@ zero_extendqisi2
 299              		.loc 1 200 34 view .LVU76
 300 0018 80F00100 		eor	r0, r0, #1
 301              	.L31:
 201:Core/Logic/logic_comm.c **** }
 302              		.loc 1 201 1 view .LVU77
 303 001c 0DB0     		add	sp, sp, #52
 304              	.LCFI4:
 305              		.cfi_remember_state
 306              		.cfi_def_cfa_offset 12
 307              		@ sp needed
 308 001e 30BD     		pop	{r4, r5, pc}
 309              	.LVL10:
 310              	.L33:
 311              	.LCFI5:
 312              		.cfi_restore_state
 313              		.loc 1 201 1 view .LVU78
 314 0020 0446     		mov	r4, r0
 315              	.LBB6:
 180:Core/Logic/logic_comm.c ****         uint8_t buf[32];
 316              		.loc 1 180 9 is_stmt 1 view .LVU79
 181:Core/Logic/logic_comm.c ****                                            health->battery_percent,
 317              		.loc 1 181 9 view .LVU80
 181:Core/Logic/logic_comm.c ****                                            health->battery_percent,
 318              		.loc 1 181 55 is_stmt 0 view .LVU81
 319 0022 FFF7FEFF 		bl	HAL_GetTick
 320              	.LVL11:
 183:Core/Logic/logic_comm.c ****                                            health->working_sensor_count,
ARM GAS  C:\Users\admin\AppData\Local\Temp\ccwPfCrn.s 			page 11


 321              		.loc 1 183 59 view .LVU82
 322 0026 2178     		ldrb	r1, [r4]	@ zero_extendqisi2
 181:Core/Logic/logic_comm.c ****                                            health->battery_percent,
 323              		.loc 1 181 24 view .LVU83
 324 0028 2B78     		ldrb	r3, [r5]	@ zero_extendqisi2
 325 002a 154A     		ldr	r2, .L35+4
 326 002c A2FB0002 		umull	r0, r2, r2, r0
 327 0030 A868     		ldr	r0, [r5, #8]
 328 0032 0290     		str	r0, [sp, #8]
 329 0034 287E     		ldrb	r0, [r5, #24]	@ zero_extendqisi2
 330 0036 0190     		str	r0, [sp, #4]
 331 0038 0091     		str	r1, [sp]
 332 003a 9209     		lsrs	r2, r2, #6
 333 003c 0121     		movs	r1, #1
 334 003e 04A8     		add	r0, sp, #16
 335 0040 FFF7FEFF 		bl	Packet_Build_Beacon
 336              	.LVL12:
 337 0044 0246     		mov	r2, r0
 338              	.LVL13:
 187:Core/Logic/logic_comm.c ****             beacon.sent = true;
 339              		.loc 1 187 9 is_stmt 1 view .LVU84
 187:Core/Logic/logic_comm.c ****             beacon.sent = true;
 340              		.loc 1 187 13 is_stmt 0 view .LVU85
 341 0046 4FF4FA63 		mov	r3, #2000
 342 004a 04A9     		add	r1, sp, #16
 343 004c 0D48     		ldr	r0, .L35+8
 344 004e FFF7FEFF 		bl	LoRa_E32_Send
 345              	.LVL14:
 187:Core/Logic/logic_comm.c ****             beacon.sent = true;
 346              		.loc 1 187 12 view .LVU86
 347 0052 58B1     		cbz	r0, .L34
 193:Core/Logic/logic_comm.c ****         if (retry >= BEACON_MAX_RETRIES) {
 348              		.loc 1 193 9 is_stmt 1 view .LVU87
 193:Core/Logic/logic_comm.c ****         if (retry >= BEACON_MAX_RETRIES) {
 349              		.loc 1 193 14 is_stmt 0 view .LVU88
 350 0054 0C4A     		ldr	r2, .L35+12
 351 0056 1378     		ldrb	r3, [r2]	@ zero_extendqisi2
 352 0058 0133     		adds	r3, r3, #1
 353 005a DBB2     		uxtb	r3, r3
 354 005c 1370     		strb	r3, [r2]
 194:Core/Logic/logic_comm.c ****             retry = 0;
 355              		.loc 1 194 9 is_stmt 1 view .LVU89
 194:Core/Logic/logic_comm.c ****             retry = 0;
 356              		.loc 1 194 12 is_stmt 0 view .LVU90
 357 005e 022B     		cmp	r3, #2
 358 0060 D8D9     		bls	.L27
 195:Core/Logic/logic_comm.c ****             return COMM_ERR_LORA_FAIL;
 359              		.loc 1 195 13 is_stmt 1 view .LVU91
 195:Core/Logic/logic_comm.c ****             return COMM_ERR_LORA_FAIL;
 360              		.loc 1 195 19 is_stmt 0 view .LVU92
 361 0062 1346     		mov	r3, r2
 362 0064 0022     		movs	r2, #0
 363 0066 1A70     		strb	r2, [r3]
 196:Core/Logic/logic_comm.c ****         }
 364              		.loc 1 196 13 is_stmt 1 view .LVU93
 196:Core/Logic/logic_comm.c ****         }
 365              		.loc 1 196 20 is_stmt 0 view .LVU94
ARM GAS  C:\Users\admin\AppData\Local\Temp\ccwPfCrn.s 			page 12


 366 0068 0420     		movs	r0, #4
 367 006a D7E7     		b	.L31
 368              	.L34:
 188:Core/Logic/logic_comm.c ****             retry = 0;
 369              		.loc 1 188 13 is_stmt 1 view .LVU95
 188:Core/Logic/logic_comm.c ****             retry = 0;
 370              		.loc 1 188 25 is_stmt 0 view .LVU96
 371 006c 034B     		ldr	r3, .L35
 372 006e 0122     		movs	r2, #1
 373 0070 5A70     		strb	r2, [r3, #1]
 189:Core/Logic/logic_comm.c ****             return COMM_OK;
 374              		.loc 1 189 13 is_stmt 1 view .LVU97
 189:Core/Logic/logic_comm.c ****             return COMM_OK;
 375              		.loc 1 189 19 is_stmt 0 view .LVU98
 376 0072 054B     		ldr	r3, .L35+12
 377 0074 0022     		movs	r2, #0
 378 0076 1A70     		strb	r2, [r3]
 190:Core/Logic/logic_comm.c ****         }
 379              		.loc 1 190 13 is_stmt 1 view .LVU99
 190:Core/Logic/logic_comm.c ****         }
 380              		.loc 1 190 20 is_stmt 0 view .LVU100
 381 0078 D0E7     		b	.L31
 382              	.L36:
 383 007a 00BF     		.align	2
 384              	.L35:
 385 007c 00000000 		.word	.LANCHOR1
 386 0080 D34D6210 		.word	274877907
 387 0084 00000000 		.word	lora_handle
 388 0088 00000000 		.word	.LANCHOR6
 389              	.LBE6:
 390              		.cfi_endproc
 391              	.LFE155:
 393              		.section	.text.Logic_Comm_Handle_Command,"ax",%progbits
 394              		.align	1
 395              		.syntax unified
 396              		.thumb
 397              		.thumb_func
 399              	Logic_Comm_Handle_Command:
 400              	.LVL15:
 401              	.LFB157:
 202:Core/Logic/logic_comm.c **** 
 203:Core/Logic/logic_comm.c **** static comm_error_t Logic_Comm_Phase_Listen(void) 
 204:Core/Logic/logic_comm.c **** {
 205:Core/Logic/logic_comm.c ****     if (LoRa_E32_DataAvailable(&lora_handle)) {
 206:Core/Logic/logic_comm.c ****         uint8_t buf[256];
 207:Core/Logic/logic_comm.c ****         uint16_t len = sizeof(buf);
 208:Core/Logic/logic_comm.c ****         
 209:Core/Logic/logic_comm.c ****         if (LoRa_E32_Receive(&lora_handle, buf, &len, LISTEN_RX_TIMEOUT_MS) == LORA_E32_OK &&
 210:Core/Logic/logic_comm.c ****             len > 0 && buf[0] == PACKET_HEADER) {
 211:Core/Logic/logic_comm.c ****             
 212:Core/Logic/logic_comm.c ****             if (Packet_Verify_CRC(buf, len)) {
 213:Core/Logic/logic_comm.c ****                 Logic_Comm_Handle_Command(Packet_Parse_Type(buf), buf, len);
 214:Core/Logic/logic_comm.c ****             }
 215:Core/Logic/logic_comm.c ****         }
 216:Core/Logic/logic_comm.c ****     }
 217:Core/Logic/logic_comm.c ****     
 218:Core/Logic/logic_comm.c ****     return COMM_IN_PROGRESS;
ARM GAS  C:\Users\admin\AppData\Local\Temp\ccwPfCrn.s 			page 13


 219:Core/Logic/logic_comm.c **** }
 220:Core/Logic/logic_comm.c **** 
 221:Core/Logic/logic_comm.c **** static void Logic_Comm_Handle_Command(packet_type_t type, const uint8_t* pkt, uint16_t len)
 222:Core/Logic/logic_comm.c **** {
 402              		.loc 1 222 1 is_stmt 1 view -0
 403              		.cfi_startproc
 404              		@ args = 0, pretend = 0, frame = 288
 405              		@ frame_needed = 0, uses_anonymous_args = 0
 406              		.loc 1 222 1 is_stmt 0 view .LVU102
 407 0000 F0B5     		push	{r4, r5, r6, r7, lr}
 408              	.LCFI6:
 409              		.cfi_def_cfa_offset 20
 410              		.cfi_offset 4, -20
 411              		.cfi_offset 5, -16
 412              		.cfi_offset 6, -12
 413              		.cfi_offset 7, -8
 414              		.cfi_offset 14, -4
 415 0002 C9B0     		sub	sp, sp, #292
 416              	.LCFI7:
 417              		.cfi_def_cfa_offset 312
 418 0004 0446     		mov	r4, r0
 419 0006 0F46     		mov	r7, r1
 223:Core/Logic/logic_comm.c ****   uint8_t resp[256];
 420              		.loc 1 223 3 is_stmt 1 view .LVU103
 224:Core/Logic/logic_comm.c ****   uint16_t rlen = 0;
 421              		.loc 1 224 3 view .LVU104
 422              	.LVL16:
 225:Core/Logic/logic_comm.c ****   system_health_t* h = Logic_GetHealth();
 423              		.loc 1 225 3 view .LVU105
 424              		.loc 1 225 24 is_stmt 0 view .LVU106
 425 0008 FFF7FEFF 		bl	Logic_GetHealth
 426              	.LVL17:
 427              		.loc 1 225 24 view .LVU107
 428 000c 0546     		mov	r5, r0
 429              	.LVL18:
 226:Core/Logic/logic_comm.c ****   cubesat_status_t* s = Logic_GetStatus();
 430              		.loc 1 226 3 is_stmt 1 view .LVU108
 431              		.loc 1 226 25 is_stmt 0 view .LVU109
 432 000e FFF7FEFF 		bl	Logic_GetStatus
 433              	.LVL19:
 227:Core/Logic/logic_comm.c ****     
 228:Core/Logic/logic_comm.c ****   switch (type) {
 434              		.loc 1 228 3 is_stmt 1 view .LVU110
 435 0012 A4F11003 		sub	r3, r4, #16
 436 0016 142B     		cmp	r3, #20
 437 0018 7AD8     		bhi	.L38
 438 001a DFE803F0 		tbb	[pc, r3]
 439              	.L40:
 440 001e 0B       		.byte	(.L45-.L40)/2
 441 001f 79       		.byte	(.L38-.L40)/2
 442 0020 79       		.byte	(.L38-.L40)/2
 443 0021 79       		.byte	(.L38-.L40)/2
 444 0022 79       		.byte	(.L38-.L40)/2
 445 0023 79       		.byte	(.L38-.L40)/2
 446 0024 79       		.byte	(.L38-.L40)/2
 447 0025 79       		.byte	(.L38-.L40)/2
 448 0026 79       		.byte	(.L38-.L40)/2
ARM GAS  C:\Users\admin\AppData\Local\Temp\ccwPfCrn.s 			page 14


 449 0027 79       		.byte	(.L38-.L40)/2
 450 0028 79       		.byte	(.L38-.L40)/2
 451 0029 79       		.byte	(.L38-.L40)/2
 452 002a 79       		.byte	(.L38-.L40)/2
 453 002b 79       		.byte	(.L38-.L40)/2
 454 002c 79       		.byte	(.L38-.L40)/2
 455 002d 79       		.byte	(.L38-.L40)/2
 456 002e 1A       		.byte	(.L44-.L40)/2
 457 002f 49       		.byte	(.L43-.L40)/2
 458 0030 52       		.byte	(.L42-.L40)/2
 459 0031 58       		.byte	(.L41-.L40)/2
 460 0032 70       		.byte	(.L39-.L40)/2
 461 0033 00       		.p2align 1
 462              	.L45:
 229:Core/Logic/logic_comm.c ****   case PKT_TYPE_PING:
 230:Core/Logic/logic_comm.c ****     rlen = Packet_Build_Pong(resp, ((ping_packet_t*)pkt)->timestamp);
 463              		.loc 1 230 5 view .LVU111
 464              		.loc 1 230 12 is_stmt 0 view .LVU112
 465 0034 D7F80210 		ldr	r1, [r7, #2]	@ unaligned
 466 0038 08A8     		add	r0, sp, #32
 467              	.LVL20:
 468              		.loc 1 230 12 view .LVU113
 469 003a FFF7FEFF 		bl	Packet_Build_Pong
 470              	.LVL21:
 471 003e 0246     		mov	r2, r0
 472              	.LVL22:
 231:Core/Logic/logic_comm.c ****     break;
 473              		.loc 1 231 5 is_stmt 1 view .LVU114
 474              	.L46:
 232:Core/Logic/logic_comm.c ****         
 233:Core/Logic/logic_comm.c ****   case PKT_TYPE_GET_STATUS: {
 234:Core/Logic/logic_comm.c ****     status_packet_t st = {
 235:Core/Logic/logic_comm.c ****       .header = PACKET_HEADER, .type = PKT_TYPE_STATUS,
 236:Core/Logic/logic_comm.c ****       .current_state = (uint8_t)s->current_state,
 237:Core/Logic/logic_comm.c ****       .battery_percent = h->battery_percent,
 238:Core/Logic/logic_comm.c ****       .sensor_mpu6050 = h->sensor_status[SENSOR_MPU6050],
 239:Core/Logic/logic_comm.c ****       .sensor_hmc5883l = h->sensor_status[SENSOR_HMC5883L],
 240:Core/Logic/logic_comm.c ****       .sensor_tmp117 = h->sensor_status[SENSOR_DS18B20],
 241:Core/Logic/logic_comm.c ****       .sensor_ov2640 = h->sensor_status[SENSOR_CAMERA],
 242:Core/Logic/logic_comm.c ****       .sensor_gps = h->sensor_status[SENSOR_GPS],
 243:Core/Logic/logic_comm.c ****       .flash_free_kb = h->flash_free_kb,
 244:Core/Logic/logic_comm.c ****       .flash_used_kb = 4096 - h->flash_free_kb
 245:Core/Logic/logic_comm.c ****     };
 246:Core/Logic/logic_comm.c ****     rlen = Packet_Build_Status(resp, &st);
 247:Core/Logic/logic_comm.c ****     break;
 248:Core/Logic/logic_comm.c ****   }
 249:Core/Logic/logic_comm.c ****     
 250:Core/Logic/logic_comm.c ****   case PKT_TYPE_GET_DATA:
 251:Core/Logic/logic_comm.c ****     dtx.requested = true;
 252:Core/Logic/logic_comm.c ****     rlen = Packet_Build_ACK(resp, 0);
 253:Core/Logic/logic_comm.c ****     break;
 254:Core/Logic/logic_comm.c ****         
 255:Core/Logic/logic_comm.c ****   case PKT_TYPE_SET_CONFIG:
 256:Core/Logic/logic_comm.c ****     rlen = Packet_Build_ACK(resp, 0);
 257:Core/Logic/logic_comm.c ****     break;
 258:Core/Logic/logic_comm.c ****         
 259:Core/Logic/logic_comm.c ****   case PKT_TYPE_RESET:
ARM GAS  C:\Users\admin\AppData\Local\Temp\ccwPfCrn.s 			page 15


 260:Core/Logic/logic_comm.c ****     rlen = Packet_Build_ACK(resp, 0);
 261:Core/Logic/logic_comm.c ****     LoRa_E32_Send(&lora_handle, resp, rlen, 500);
 262:Core/Logic/logic_comm.c ****     NVIC_SystemReset();
 263:Core/Logic/logic_comm.c ****     return;
 264:Core/Logic/logic_comm.c ****         
 265:Core/Logic/logic_comm.c ****   case PKT_TYPE_ENTER_SAFE:
 266:Core/Logic/logic_comm.c ****     Logic_Command_Set(CMD_ENTER_SAFE);
 267:Core/Logic/logic_comm.c ****     rlen = Packet_Build_ACK(resp, 0);
 268:Core/Logic/logic_comm.c ****     break;
 269:Core/Logic/logic_comm.c ****         
 270:Core/Logic/logic_comm.c ****   default: {
 271:Core/Logic/logic_comm.c ****     resp[0] = PACKET_HEADER;
 272:Core/Logic/logic_comm.c ****     resp[1] = PKT_TYPE_NACK;
 273:Core/Logic/logic_comm.c ****     uint16_t crc = Packet_Calculate_CRC(resp, 2);
 274:Core/Logic/logic_comm.c ****     resp[2] = crc >> 8;
 275:Core/Logic/logic_comm.c ****     resp[3] = crc & 0xFF;
 276:Core/Logic/logic_comm.c ****     rlen = 4;
 277:Core/Logic/logic_comm.c ****     break;
 278:Core/Logic/logic_comm.c ****   }
 279:Core/Logic/logic_comm.c ****   }
 280:Core/Logic/logic_comm.c ****     
 281:Core/Logic/logic_comm.c ****   if (rlen > 0) {
 475              		.loc 1 281 3 view .LVU115
 476              		.loc 1 281 6 is_stmt 0 view .LVU116
 477 0040 2AB1     		cbz	r2, .L37
 478              	.LVL23:
 479              	.L48:
 282:Core/Logic/logic_comm.c ****     LoRa_E32_Send(&lora_handle, resp, rlen, 500);
 480              		.loc 1 282 5 is_stmt 1 view .LVU117
 481 0042 4FF4FA73 		mov	r3, #500
 482 0046 08A9     		add	r1, sp, #32
 483 0048 3A48     		ldr	r0, .L51
 484 004a FFF7FEFF 		bl	LoRa_E32_Send
 485              	.LVL24:
 486              	.L37:
 283:Core/Logic/logic_comm.c ****   }
 284:Core/Logic/logic_comm.c **** }
 487              		.loc 1 284 1 is_stmt 0 view .LVU118
 488 004e 49B0     		add	sp, sp, #292
 489              	.LCFI8:
 490              		.cfi_remember_state
 491              		.cfi_def_cfa_offset 20
 492              		@ sp needed
 493 0050 F0BD     		pop	{r4, r5, r6, r7, pc}
 494              	.LVL25:
 495              	.L44:
 496              	.LCFI9:
 497              		.cfi_restore_state
 498              		.loc 1 284 1 view .LVU119
 499 0052 0646     		mov	r6, r0
 500              	.LBB15:
 234:Core/Logic/logic_comm.c ****       .header = PACKET_HEADER, .type = PKT_TYPE_STATUS,
 501              		.loc 1 234 5 is_stmt 1 view .LVU120
 234:Core/Logic/logic_comm.c ****       .header = PACKET_HEADER, .type = PKT_TYPE_STATUS,
 502              		.loc 1 234 21 is_stmt 0 view .LVU121
 503 0054 1D22     		movs	r2, #29
 504 0056 0021     		movs	r1, #0
ARM GAS  C:\Users\admin\AppData\Local\Temp\ccwPfCrn.s 			page 16


 505 0058 6846     		mov	r0, sp
 506              	.LVL26:
 234:Core/Logic/logic_comm.c ****       .header = PACKET_HEADER, .type = PKT_TYPE_STATUS,
 507              		.loc 1 234 21 view .LVU122
 508 005a FFF7FEFF 		bl	memset
 509              	.LVL27:
 510 005e AA23     		movs	r3, #170
 511 0060 8DF80030 		strb	r3, [sp]
 512 0064 0223     		movs	r3, #2
 513 0066 8DF80130 		strb	r3, [sp, #1]
 236:Core/Logic/logic_comm.c ****       .battery_percent = h->battery_percent,
 514              		.loc 1 236 34 view .LVU123
 515 006a 3378     		ldrb	r3, [r6]	@ zero_extendqisi2
 234:Core/Logic/logic_comm.c ****       .header = PACKET_HEADER, .type = PKT_TYPE_STATUS,
 516              		.loc 1 234 21 view .LVU124
 517 006c 8DF80230 		strb	r3, [sp, #2]
 237:Core/Logic/logic_comm.c ****       .sensor_mpu6050 = h->sensor_status[SENSOR_MPU6050],
 518              		.loc 1 237 27 view .LVU125
 519 0070 2B78     		ldrb	r3, [r5]	@ zero_extendqisi2
 234:Core/Logic/logic_comm.c ****       .header = PACKET_HEADER, .type = PKT_TYPE_STATUS,
 520              		.loc 1 234 21 view .LVU126
 521 0072 8DF80330 		strb	r3, [sp, #3]
 238:Core/Logic/logic_comm.c ****       .sensor_hmc5883l = h->sensor_status[SENSOR_HMC5883L],
 522              		.loc 1 238 41 view .LVU127
 523 0076 AB7B     		ldrb	r3, [r5, #14]	@ zero_extendqisi2
 234:Core/Logic/logic_comm.c ****       .header = PACKET_HEADER, .type = PKT_TYPE_STATUS,
 524              		.loc 1 234 21 view .LVU128
 525 0078 8DF80530 		strb	r3, [sp, #5]
 239:Core/Logic/logic_comm.c ****       .sensor_tmp117 = h->sensor_status[SENSOR_DS18B20],
 526              		.loc 1 239 42 view .LVU129
 527 007c EB7B     		ldrb	r3, [r5, #15]	@ zero_extendqisi2
 234:Core/Logic/logic_comm.c ****       .header = PACKET_HEADER, .type = PKT_TYPE_STATUS,
 528              		.loc 1 234 21 view .LVU130
 529 007e 8DF80630 		strb	r3, [sp, #6]
 240:Core/Logic/logic_comm.c ****       .sensor_ov2640 = h->sensor_status[SENSOR_CAMERA],
 530              		.loc 1 240 40 view .LVU131
 531 0082 6B7B     		ldrb	r3, [r5, #13]	@ zero_extendqisi2
 234:Core/Logic/logic_comm.c ****       .header = PACKET_HEADER, .type = PKT_TYPE_STATUS,
 532              		.loc 1 234 21 view .LVU132
 533 0084 8DF80730 		strb	r3, [sp, #7]
 241:Core/Logic/logic_comm.c ****       .sensor_gps = h->sensor_status[SENSOR_GPS],
 534              		.loc 1 241 40 view .LVU133
 535 0088 2B7C     		ldrb	r3, [r5, #16]	@ zero_extendqisi2
 234:Core/Logic/logic_comm.c ****       .header = PACKET_HEADER, .type = PKT_TYPE_STATUS,
 536              		.loc 1 234 21 view .LVU134
 537 008a 8DF80830 		strb	r3, [sp, #8]
 242:Core/Logic/logic_comm.c ****       .flash_free_kb = h->flash_free_kb,
 538              		.loc 1 242 37 view .LVU135
 539 008e 2B7B     		ldrb	r3, [r5, #12]	@ zero_extendqisi2
 234:Core/Logic/logic_comm.c ****       .header = PACKET_HEADER, .type = PKT_TYPE_STATUS,
 540              		.loc 1 234 21 view .LVU136
 541 0090 8DF80A30 		strb	r3, [sp, #10]
 243:Core/Logic/logic_comm.c ****       .flash_used_kb = 4096 - h->flash_free_kb
 542              		.loc 1 243 25 view .LVU137
 543 0094 AB68     		ldr	r3, [r5, #8]
 234:Core/Logic/logic_comm.c ****       .header = PACKET_HEADER, .type = PKT_TYPE_STATUS,
 544              		.loc 1 234 21 view .LVU138
ARM GAS  C:\Users\admin\AppData\Local\Temp\ccwPfCrn.s 			page 17


 545 0096 CDF80B30 		str	r3, [sp, #11]	@ unaligned
 244:Core/Logic/logic_comm.c ****     };
 546              		.loc 1 244 32 view .LVU139
 547 009a AB68     		ldr	r3, [r5, #8]
 244:Core/Logic/logic_comm.c ****     };
 548              		.loc 1 244 29 view .LVU140
 549 009c C3F58053 		rsb	r3, r3, #4096
 234:Core/Logic/logic_comm.c ****       .header = PACKET_HEADER, .type = PKT_TYPE_STATUS,
 550              		.loc 1 234 21 view .LVU141
 551 00a0 CDF80F30 		str	r3, [sp, #15]	@ unaligned
 246:Core/Logic/logic_comm.c ****     break;
 552              		.loc 1 246 5 is_stmt 1 view .LVU142
 246:Core/Logic/logic_comm.c ****     break;
 553              		.loc 1 246 12 is_stmt 0 view .LVU143
 554 00a4 6946     		mov	r1, sp
 555 00a6 08A8     		add	r0, sp, #32
 556 00a8 FFF7FEFF 		bl	Packet_Build_Status
 557              	.LVL28:
 558 00ac 0246     		mov	r2, r0
 559              	.LVL29:
 247:Core/Logic/logic_comm.c ****   }
 560              		.loc 1 247 5 is_stmt 1 view .LVU144
 561 00ae C7E7     		b	.L46
 562              	.LVL30:
 563              	.L43:
 247:Core/Logic/logic_comm.c ****   }
 564              		.loc 1 247 5 is_stmt 0 view .LVU145
 565              	.LBE15:
 251:Core/Logic/logic_comm.c ****     rlen = Packet_Build_ACK(resp, 0);
 566              		.loc 1 251 5 is_stmt 1 view .LVU146
 251:Core/Logic/logic_comm.c ****     rlen = Packet_Build_ACK(resp, 0);
 567              		.loc 1 251 19 is_stmt 0 view .LVU147
 568 00b0 214B     		ldr	r3, .L51+4
 569 00b2 0122     		movs	r2, #1
 570 00b4 1A70     		strb	r2, [r3]
 252:Core/Logic/logic_comm.c ****     break;
 571              		.loc 1 252 5 is_stmt 1 view .LVU148
 252:Core/Logic/logic_comm.c ****     break;
 572              		.loc 1 252 12 is_stmt 0 view .LVU149
 573 00b6 0021     		movs	r1, #0
 574 00b8 08A8     		add	r0, sp, #32
 575              	.LVL31:
 252:Core/Logic/logic_comm.c ****     break;
 576              		.loc 1 252 12 view .LVU150
 577 00ba FFF7FEFF 		bl	Packet_Build_ACK
 578              	.LVL32:
 579 00be 0246     		mov	r2, r0
 580              	.LVL33:
 253:Core/Logic/logic_comm.c ****         
 581              		.loc 1 253 5 is_stmt 1 view .LVU151
 582 00c0 BEE7     		b	.L46
 583              	.LVL34:
 584              	.L42:
 256:Core/Logic/logic_comm.c ****     break;
 585              		.loc 1 256 5 view .LVU152
 256:Core/Logic/logic_comm.c ****     break;
 586              		.loc 1 256 12 is_stmt 0 view .LVU153
ARM GAS  C:\Users\admin\AppData\Local\Temp\ccwPfCrn.s 			page 18


 587 00c2 0021     		movs	r1, #0
 588 00c4 08A8     		add	r0, sp, #32
 589              	.LVL35:
 256:Core/Logic/logic_comm.c ****     break;
 590              		.loc 1 256 12 view .LVU154
 591 00c6 FFF7FEFF 		bl	Packet_Build_ACK
 592              	.LVL36:
 593 00ca 0246     		mov	r2, r0
 594              	.LVL37:
 257:Core/Logic/logic_comm.c ****         
 595              		.loc 1 257 5 is_stmt 1 view .LVU155
 596 00cc B8E7     		b	.L46
 597              	.LVL38:
 598              	.L41:
 260:Core/Logic/logic_comm.c ****     LoRa_E32_Send(&lora_handle, resp, rlen, 500);
 599              		.loc 1 260 5 view .LVU156
 260:Core/Logic/logic_comm.c ****     LoRa_E32_Send(&lora_handle, resp, rlen, 500);
 600              		.loc 1 260 12 is_stmt 0 view .LVU157
 601 00ce 0021     		movs	r1, #0
 602 00d0 08A8     		add	r0, sp, #32
 603              	.LVL39:
 260:Core/Logic/logic_comm.c ****     LoRa_E32_Send(&lora_handle, resp, rlen, 500);
 604              		.loc 1 260 12 view .LVU158
 605 00d2 FFF7FEFF 		bl	Packet_Build_ACK
 606              	.LVL40:
 607 00d6 0246     		mov	r2, r0
 608              	.LVL41:
 261:Core/Logic/logic_comm.c ****     NVIC_SystemReset();
 609              		.loc 1 261 5 is_stmt 1 view .LVU159
 610 00d8 4FF4FA73 		mov	r3, #500
 611 00dc 08A9     		add	r1, sp, #32
 612 00de 1548     		ldr	r0, .L51
 613 00e0 FFF7FEFF 		bl	LoRa_E32_Send
 614              	.LVL42:
 262:Core/Logic/logic_comm.c ****     return;
 615              		.loc 1 262 5 view .LVU160
 616              	.LBB16:
 617              	.LBI16:
 618              		.file 2 "Drivers/CMSIS/Include/core_cm7.h"
   1:Drivers/CMSIS/Include/core_cm7.h **** /**************************************************************************//**
   2:Drivers/CMSIS/Include/core_cm7.h ****  * @file     core_cm7.h
   3:Drivers/CMSIS/Include/core_cm7.h ****  * @brief    CMSIS Cortex-M7 Core Peripheral Access Layer Header File
   4:Drivers/CMSIS/Include/core_cm7.h ****  * @version  V5.1.1
   5:Drivers/CMSIS/Include/core_cm7.h ****  * @date     28. March 2019
   6:Drivers/CMSIS/Include/core_cm7.h ****  ******************************************************************************/
   7:Drivers/CMSIS/Include/core_cm7.h **** /*
   8:Drivers/CMSIS/Include/core_cm7.h ****  * Copyright (c) 2009-2019 Arm Limited. All rights reserved.
   9:Drivers/CMSIS/Include/core_cm7.h ****  *
  10:Drivers/CMSIS/Include/core_cm7.h ****  * SPDX-License-Identifier: Apache-2.0
  11:Drivers/CMSIS/Include/core_cm7.h ****  *
  12:Drivers/CMSIS/Include/core_cm7.h ****  * Licensed under the Apache License, Version 2.0 (the License); you may
  13:Drivers/CMSIS/Include/core_cm7.h ****  * not use this file except in compliance with the License.
  14:Drivers/CMSIS/Include/core_cm7.h ****  * You may obtain a copy of the License at
  15:Drivers/CMSIS/Include/core_cm7.h ****  *
  16:Drivers/CMSIS/Include/core_cm7.h ****  * www.apache.org/licenses/LICENSE-2.0
  17:Drivers/CMSIS/Include/core_cm7.h ****  *
  18:Drivers/CMSIS/Include/core_cm7.h ****  * Unless required by applicable law or agreed to in writing, software
ARM GAS  C:\Users\admin\AppData\Local\Temp\ccwPfCrn.s 			page 19


  19:Drivers/CMSIS/Include/core_cm7.h ****  * distributed under the License is distributed on an AS IS BASIS, WITHOUT
  20:Drivers/CMSIS/Include/core_cm7.h ****  * WARRANTIES OR CONDITIONS OF ANY KIND, either express or implied.
  21:Drivers/CMSIS/Include/core_cm7.h ****  * See the License for the specific language governing permissions and
  22:Drivers/CMSIS/Include/core_cm7.h ****  * limitations under the License.
  23:Drivers/CMSIS/Include/core_cm7.h ****  */
  24:Drivers/CMSIS/Include/core_cm7.h **** 
  25:Drivers/CMSIS/Include/core_cm7.h **** #if   defined ( __ICCARM__ )
  26:Drivers/CMSIS/Include/core_cm7.h ****   #pragma system_include         /* treat file as system include file for MISRA check */
  27:Drivers/CMSIS/Include/core_cm7.h **** #elif defined (__clang__)
  28:Drivers/CMSIS/Include/core_cm7.h ****   #pragma clang system_header   /* treat file as system include file */
  29:Drivers/CMSIS/Include/core_cm7.h **** #endif
  30:Drivers/CMSIS/Include/core_cm7.h **** 
  31:Drivers/CMSIS/Include/core_cm7.h **** #ifndef __CORE_CM7_H_GENERIC
  32:Drivers/CMSIS/Include/core_cm7.h **** #define __CORE_CM7_H_GENERIC
  33:Drivers/CMSIS/Include/core_cm7.h **** 
  34:Drivers/CMSIS/Include/core_cm7.h **** #include <stdint.h>
  35:Drivers/CMSIS/Include/core_cm7.h **** 
  36:Drivers/CMSIS/Include/core_cm7.h **** #ifdef __cplusplus
  37:Drivers/CMSIS/Include/core_cm7.h ****  extern "C" {
  38:Drivers/CMSIS/Include/core_cm7.h **** #endif
  39:Drivers/CMSIS/Include/core_cm7.h **** 
  40:Drivers/CMSIS/Include/core_cm7.h **** /**
  41:Drivers/CMSIS/Include/core_cm7.h ****   \page CMSIS_MISRA_Exceptions  MISRA-C:2004 Compliance Exceptions
  42:Drivers/CMSIS/Include/core_cm7.h ****   CMSIS violates the following MISRA-C:2004 rules:
  43:Drivers/CMSIS/Include/core_cm7.h **** 
  44:Drivers/CMSIS/Include/core_cm7.h ****    \li Required Rule 8.5, object/function definition in header file.<br>
  45:Drivers/CMSIS/Include/core_cm7.h ****      Function definitions in header files are used to allow 'inlining'.
  46:Drivers/CMSIS/Include/core_cm7.h **** 
  47:Drivers/CMSIS/Include/core_cm7.h ****    \li Required Rule 18.4, declaration of union type or object of union type: '{...}'.<br>
  48:Drivers/CMSIS/Include/core_cm7.h ****      Unions are used for effective representation of core registers.
  49:Drivers/CMSIS/Include/core_cm7.h **** 
  50:Drivers/CMSIS/Include/core_cm7.h ****    \li Advisory Rule 19.7, Function-like macro defined.<br>
  51:Drivers/CMSIS/Include/core_cm7.h ****      Function-like macros are used to allow more efficient code.
  52:Drivers/CMSIS/Include/core_cm7.h ****  */
  53:Drivers/CMSIS/Include/core_cm7.h **** 
  54:Drivers/CMSIS/Include/core_cm7.h **** 
  55:Drivers/CMSIS/Include/core_cm7.h **** /*******************************************************************************
  56:Drivers/CMSIS/Include/core_cm7.h ****  *                 CMSIS definitions
  57:Drivers/CMSIS/Include/core_cm7.h ****  ******************************************************************************/
  58:Drivers/CMSIS/Include/core_cm7.h **** /**
  59:Drivers/CMSIS/Include/core_cm7.h ****   \ingroup Cortex_M7
  60:Drivers/CMSIS/Include/core_cm7.h ****   @{
  61:Drivers/CMSIS/Include/core_cm7.h ****  */
  62:Drivers/CMSIS/Include/core_cm7.h **** 
  63:Drivers/CMSIS/Include/core_cm7.h **** #include "cmsis_version.h"
  64:Drivers/CMSIS/Include/core_cm7.h **** 
  65:Drivers/CMSIS/Include/core_cm7.h **** /* CMSIS CM7 definitions */
  66:Drivers/CMSIS/Include/core_cm7.h **** #define __CM7_CMSIS_VERSION_MAIN  (__CM_CMSIS_VERSION_MAIN)                  /*!< \deprecated [31:1
  67:Drivers/CMSIS/Include/core_cm7.h **** #define __CM7_CMSIS_VERSION_SUB   ( __CM_CMSIS_VERSION_SUB)                  /*!< \deprecated [15:0
  68:Drivers/CMSIS/Include/core_cm7.h **** #define __CM7_CMSIS_VERSION       ((__CM7_CMSIS_VERSION_MAIN << 16U) | \
  69:Drivers/CMSIS/Include/core_cm7.h ****                                     __CM7_CMSIS_VERSION_SUB           )      /*!< \deprecated CMSIS
  70:Drivers/CMSIS/Include/core_cm7.h **** 
  71:Drivers/CMSIS/Include/core_cm7.h **** #define __CORTEX_M                (7U)                                       /*!< Cortex-M Core */
  72:Drivers/CMSIS/Include/core_cm7.h **** 
  73:Drivers/CMSIS/Include/core_cm7.h **** /** __FPU_USED indicates whether an FPU is used or not.
  74:Drivers/CMSIS/Include/core_cm7.h ****     For this, __FPU_PRESENT has to be checked prior to making use of FPU specific registers and fun
  75:Drivers/CMSIS/Include/core_cm7.h **** */
ARM GAS  C:\Users\admin\AppData\Local\Temp\ccwPfCrn.s 			page 20


  76:Drivers/CMSIS/Include/core_cm7.h **** #if defined ( __CC_ARM )
  77:Drivers/CMSIS/Include/core_cm7.h ****   #if defined __TARGET_FPU_VFP
  78:Drivers/CMSIS/Include/core_cm7.h ****     #if defined (__FPU_PRESENT) && (__FPU_PRESENT == 1U)
  79:Drivers/CMSIS/Include/core_cm7.h ****       #define __FPU_USED       1U
  80:Drivers/CMSIS/Include/core_cm7.h ****     #else
  81:Drivers/CMSIS/Include/core_cm7.h ****       #error "Compiler generates FPU instructions for a device without an FPU (check __FPU_PRESENT)
  82:Drivers/CMSIS/Include/core_cm7.h ****       #define __FPU_USED       0U
  83:Drivers/CMSIS/Include/core_cm7.h ****     #endif
  84:Drivers/CMSIS/Include/core_cm7.h ****   #else
  85:Drivers/CMSIS/Include/core_cm7.h ****     #define __FPU_USED         0U
  86:Drivers/CMSIS/Include/core_cm7.h ****   #endif
  87:Drivers/CMSIS/Include/core_cm7.h **** 
  88:Drivers/CMSIS/Include/core_cm7.h **** #elif defined (__ARMCC_VERSION) && (__ARMCC_VERSION >= 6010050)
  89:Drivers/CMSIS/Include/core_cm7.h ****   #if defined __ARM_FP
  90:Drivers/CMSIS/Include/core_cm7.h ****     #if defined (__FPU_PRESENT) && (__FPU_PRESENT == 1U)
  91:Drivers/CMSIS/Include/core_cm7.h ****       #define __FPU_USED       1U
  92:Drivers/CMSIS/Include/core_cm7.h ****     #else
  93:Drivers/CMSIS/Include/core_cm7.h ****       #warning "Compiler generates FPU instructions for a device without an FPU (check __FPU_PRESEN
  94:Drivers/CMSIS/Include/core_cm7.h ****       #define __FPU_USED       0U
  95:Drivers/CMSIS/Include/core_cm7.h ****     #endif
  96:Drivers/CMSIS/Include/core_cm7.h ****   #else
  97:Drivers/CMSIS/Include/core_cm7.h ****     #define __FPU_USED         0U
  98:Drivers/CMSIS/Include/core_cm7.h ****   #endif
  99:Drivers/CMSIS/Include/core_cm7.h **** 
 100:Drivers/CMSIS/Include/core_cm7.h **** #elif defined ( __GNUC__ )
 101:Drivers/CMSIS/Include/core_cm7.h ****   #if defined (__VFP_FP__) && !defined(__SOFTFP__)
 102:Drivers/CMSIS/Include/core_cm7.h ****     #if defined (__FPU_PRESENT) && (__FPU_PRESENT == 1U)
 103:Drivers/CMSIS/Include/core_cm7.h ****       #define __FPU_USED       1U
 104:Drivers/CMSIS/Include/core_cm7.h ****     #else
 105:Drivers/CMSIS/Include/core_cm7.h ****       #error "Compiler generates FPU instructions for a device without an FPU (check __FPU_PRESENT)
 106:Drivers/CMSIS/Include/core_cm7.h ****       #define __FPU_USED       0U
 107:Drivers/CMSIS/Include/core_cm7.h ****     #endif
 108:Drivers/CMSIS/Include/core_cm7.h ****   #else
 109:Drivers/CMSIS/Include/core_cm7.h ****     #define __FPU_USED         0U
 110:Drivers/CMSIS/Include/core_cm7.h ****   #endif
 111:Drivers/CMSIS/Include/core_cm7.h **** 
 112:Drivers/CMSIS/Include/core_cm7.h **** #elif defined ( __ICCARM__ )
 113:Drivers/CMSIS/Include/core_cm7.h ****   #if defined __ARMVFP__
 114:Drivers/CMSIS/Include/core_cm7.h ****     #if defined (__FPU_PRESENT) && (__FPU_PRESENT == 1U)
 115:Drivers/CMSIS/Include/core_cm7.h ****       #define __FPU_USED       1U
 116:Drivers/CMSIS/Include/core_cm7.h ****     #else
 117:Drivers/CMSIS/Include/core_cm7.h ****       #error "Compiler generates FPU instructions for a device without an FPU (check __FPU_PRESENT)
 118:Drivers/CMSIS/Include/core_cm7.h ****       #define __FPU_USED       0U
 119:Drivers/CMSIS/Include/core_cm7.h ****     #endif
 120:Drivers/CMSIS/Include/core_cm7.h ****   #else
 121:Drivers/CMSIS/Include/core_cm7.h ****     #define __FPU_USED         0U
 122:Drivers/CMSIS/Include/core_cm7.h ****   #endif
 123:Drivers/CMSIS/Include/core_cm7.h **** 
 124:Drivers/CMSIS/Include/core_cm7.h **** #elif defined ( __TI_ARM__ )
 125:Drivers/CMSIS/Include/core_cm7.h ****   #if defined __TI_VFP_SUPPORT__
 126:Drivers/CMSIS/Include/core_cm7.h ****     #if defined (__FPU_PRESENT) && (__FPU_PRESENT == 1U)
 127:Drivers/CMSIS/Include/core_cm7.h ****       #define __FPU_USED       1U
 128:Drivers/CMSIS/Include/core_cm7.h ****     #else
 129:Drivers/CMSIS/Include/core_cm7.h ****       #error "Compiler generates FPU instructions for a device without an FPU (check __FPU_PRESENT)
 130:Drivers/CMSIS/Include/core_cm7.h ****       #define __FPU_USED       0U
 131:Drivers/CMSIS/Include/core_cm7.h ****     #endif
 132:Drivers/CMSIS/Include/core_cm7.h ****   #else
ARM GAS  C:\Users\admin\AppData\Local\Temp\ccwPfCrn.s 			page 21


 133:Drivers/CMSIS/Include/core_cm7.h ****     #define __FPU_USED         0U
 134:Drivers/CMSIS/Include/core_cm7.h ****   #endif
 135:Drivers/CMSIS/Include/core_cm7.h **** 
 136:Drivers/CMSIS/Include/core_cm7.h **** #elif defined ( __TASKING__ )
 137:Drivers/CMSIS/Include/core_cm7.h ****   #if defined __FPU_VFP__
 138:Drivers/CMSIS/Include/core_cm7.h ****     #if defined (__FPU_PRESENT) && (__FPU_PRESENT == 1U)
 139:Drivers/CMSIS/Include/core_cm7.h ****       #define __FPU_USED       1U
 140:Drivers/CMSIS/Include/core_cm7.h ****     #else
 141:Drivers/CMSIS/Include/core_cm7.h ****       #error "Compiler generates FPU instructions for a device without an FPU (check __FPU_PRESENT)
 142:Drivers/CMSIS/Include/core_cm7.h ****       #define __FPU_USED       0U
 143:Drivers/CMSIS/Include/core_cm7.h ****     #endif
 144:Drivers/CMSIS/Include/core_cm7.h ****   #else
 145:Drivers/CMSIS/Include/core_cm7.h ****     #define __FPU_USED         0U
 146:Drivers/CMSIS/Include/core_cm7.h ****   #endif
 147:Drivers/CMSIS/Include/core_cm7.h **** 
 148:Drivers/CMSIS/Include/core_cm7.h **** #elif defined ( __CSMC__ )
 149:Drivers/CMSIS/Include/core_cm7.h ****   #if ( __CSMC__ & 0x400U)
 150:Drivers/CMSIS/Include/core_cm7.h ****     #if defined (__FPU_PRESENT) && (__FPU_PRESENT == 1U)
 151:Drivers/CMSIS/Include/core_cm7.h ****       #define __FPU_USED       1U
 152:Drivers/CMSIS/Include/core_cm7.h ****     #else
 153:Drivers/CMSIS/Include/core_cm7.h ****       #error "Compiler generates FPU instructions for a device without an FPU (check __FPU_PRESENT)
 154:Drivers/CMSIS/Include/core_cm7.h ****       #define __FPU_USED       0U
 155:Drivers/CMSIS/Include/core_cm7.h ****     #endif
 156:Drivers/CMSIS/Include/core_cm7.h ****   #else
 157:Drivers/CMSIS/Include/core_cm7.h ****     #define __FPU_USED         0U
 158:Drivers/CMSIS/Include/core_cm7.h ****   #endif
 159:Drivers/CMSIS/Include/core_cm7.h **** 
 160:Drivers/CMSIS/Include/core_cm7.h **** #endif
 161:Drivers/CMSIS/Include/core_cm7.h **** 
 162:Drivers/CMSIS/Include/core_cm7.h **** #include "cmsis_compiler.h"               /* CMSIS compiler specific defines */
 163:Drivers/CMSIS/Include/core_cm7.h **** 
 164:Drivers/CMSIS/Include/core_cm7.h **** 
 165:Drivers/CMSIS/Include/core_cm7.h **** #ifdef __cplusplus
 166:Drivers/CMSIS/Include/core_cm7.h **** }
 167:Drivers/CMSIS/Include/core_cm7.h **** #endif
 168:Drivers/CMSIS/Include/core_cm7.h **** 
 169:Drivers/CMSIS/Include/core_cm7.h **** #endif /* __CORE_CM7_H_GENERIC */
 170:Drivers/CMSIS/Include/core_cm7.h **** 
 171:Drivers/CMSIS/Include/core_cm7.h **** #ifndef __CMSIS_GENERIC
 172:Drivers/CMSIS/Include/core_cm7.h **** 
 173:Drivers/CMSIS/Include/core_cm7.h **** #ifndef __CORE_CM7_H_DEPENDANT
 174:Drivers/CMSIS/Include/core_cm7.h **** #define __CORE_CM7_H_DEPENDANT
 175:Drivers/CMSIS/Include/core_cm7.h **** 
 176:Drivers/CMSIS/Include/core_cm7.h **** #ifdef __cplusplus
 177:Drivers/CMSIS/Include/core_cm7.h ****  extern "C" {
 178:Drivers/CMSIS/Include/core_cm7.h **** #endif
 179:Drivers/CMSIS/Include/core_cm7.h **** 
 180:Drivers/CMSIS/Include/core_cm7.h **** /* check device defines and use defaults */
 181:Drivers/CMSIS/Include/core_cm7.h **** #if defined __CHECK_DEVICE_DEFINES
 182:Drivers/CMSIS/Include/core_cm7.h ****   #ifndef __CM7_REV
 183:Drivers/CMSIS/Include/core_cm7.h ****     #define __CM7_REV               0x0000U
 184:Drivers/CMSIS/Include/core_cm7.h ****     #warning "__CM7_REV not defined in device header file; using default!"
 185:Drivers/CMSIS/Include/core_cm7.h ****   #endif
 186:Drivers/CMSIS/Include/core_cm7.h **** 
 187:Drivers/CMSIS/Include/core_cm7.h ****   #ifndef __FPU_PRESENT
 188:Drivers/CMSIS/Include/core_cm7.h ****     #define __FPU_PRESENT             0U
 189:Drivers/CMSIS/Include/core_cm7.h ****     #warning "__FPU_PRESENT not defined in device header file; using default!"
ARM GAS  C:\Users\admin\AppData\Local\Temp\ccwPfCrn.s 			page 22


 190:Drivers/CMSIS/Include/core_cm7.h ****   #endif
 191:Drivers/CMSIS/Include/core_cm7.h **** 
 192:Drivers/CMSIS/Include/core_cm7.h ****   #ifndef __MPU_PRESENT
 193:Drivers/CMSIS/Include/core_cm7.h ****     #define __MPU_PRESENT             0U
 194:Drivers/CMSIS/Include/core_cm7.h ****     #warning "__MPU_PRESENT not defined in device header file; using default!"
 195:Drivers/CMSIS/Include/core_cm7.h ****   #endif
 196:Drivers/CMSIS/Include/core_cm7.h **** 
 197:Drivers/CMSIS/Include/core_cm7.h ****   #ifndef __ICACHE_PRESENT
 198:Drivers/CMSIS/Include/core_cm7.h ****     #define __ICACHE_PRESENT          0U
 199:Drivers/CMSIS/Include/core_cm7.h ****     #warning "__ICACHE_PRESENT not defined in device header file; using default!"
 200:Drivers/CMSIS/Include/core_cm7.h ****   #endif
 201:Drivers/CMSIS/Include/core_cm7.h **** 
 202:Drivers/CMSIS/Include/core_cm7.h ****   #ifndef __DCACHE_PRESENT
 203:Drivers/CMSIS/Include/core_cm7.h ****     #define __DCACHE_PRESENT          0U
 204:Drivers/CMSIS/Include/core_cm7.h ****     #warning "__DCACHE_PRESENT not defined in device header file; using default!"
 205:Drivers/CMSIS/Include/core_cm7.h ****   #endif
 206:Drivers/CMSIS/Include/core_cm7.h **** 
 207:Drivers/CMSIS/Include/core_cm7.h ****   #ifndef __DTCM_PRESENT
 208:Drivers/CMSIS/Include/core_cm7.h ****     #define __DTCM_PRESENT            0U
 209:Drivers/CMSIS/Include/core_cm7.h ****     #warning "__DTCM_PRESENT        not defined in device header file; using default!"
 210:Drivers/CMSIS/Include/core_cm7.h ****   #endif
 211:Drivers/CMSIS/Include/core_cm7.h **** 
 212:Drivers/CMSIS/Include/core_cm7.h ****   #ifndef __NVIC_PRIO_BITS
 213:Drivers/CMSIS/Include/core_cm7.h ****     #define __NVIC_PRIO_BITS          3U
 214:Drivers/CMSIS/Include/core_cm7.h ****     #warning "__NVIC_PRIO_BITS not defined in device header file; using default!"
 215:Drivers/CMSIS/Include/core_cm7.h ****   #endif
 216:Drivers/CMSIS/Include/core_cm7.h **** 
 217:Drivers/CMSIS/Include/core_cm7.h ****   #ifndef __Vendor_SysTickConfig
 218:Drivers/CMSIS/Include/core_cm7.h ****     #define __Vendor_SysTickConfig    0U
 219:Drivers/CMSIS/Include/core_cm7.h ****     #warning "__Vendor_SysTickConfig not defined in device header file; using default!"
 220:Drivers/CMSIS/Include/core_cm7.h ****   #endif
 221:Drivers/CMSIS/Include/core_cm7.h **** #endif
 222:Drivers/CMSIS/Include/core_cm7.h **** 
 223:Drivers/CMSIS/Include/core_cm7.h **** /* IO definitions (access restrictions to peripheral registers) */
 224:Drivers/CMSIS/Include/core_cm7.h **** /**
 225:Drivers/CMSIS/Include/core_cm7.h ****     \defgroup CMSIS_glob_defs CMSIS Global Defines
 226:Drivers/CMSIS/Include/core_cm7.h **** 
 227:Drivers/CMSIS/Include/core_cm7.h ****     <strong>IO Type Qualifiers</strong> are used
 228:Drivers/CMSIS/Include/core_cm7.h ****     \li to specify the access to peripheral variables.
 229:Drivers/CMSIS/Include/core_cm7.h ****     \li for automatic generation of peripheral register debug information.
 230:Drivers/CMSIS/Include/core_cm7.h **** */
 231:Drivers/CMSIS/Include/core_cm7.h **** #ifdef __cplusplus
 232:Drivers/CMSIS/Include/core_cm7.h ****   #define   __I     volatile             /*!< Defines 'read only' permissions */
 233:Drivers/CMSIS/Include/core_cm7.h **** #else
 234:Drivers/CMSIS/Include/core_cm7.h ****   #define   __I     volatile const       /*!< Defines 'read only' permissions */
 235:Drivers/CMSIS/Include/core_cm7.h **** #endif
 236:Drivers/CMSIS/Include/core_cm7.h **** #define     __O     volatile             /*!< Defines 'write only' permissions */
 237:Drivers/CMSIS/Include/core_cm7.h **** #define     __IO    volatile             /*!< Defines 'read / write' permissions */
 238:Drivers/CMSIS/Include/core_cm7.h **** 
 239:Drivers/CMSIS/Include/core_cm7.h **** /* following defines should be used for structure members */
 240:Drivers/CMSIS/Include/core_cm7.h **** #define     __IM     volatile const      /*! Defines 'read only' structure member permissions */
 241:Drivers/CMSIS/Include/core_cm7.h **** #define     __OM     volatile            /*! Defines 'write only' structure member permissions */
 242:Drivers/CMSIS/Include/core_cm7.h **** #define     __IOM    volatile            /*! Defines 'read / write' structure member permissions */
 243:Drivers/CMSIS/Include/core_cm7.h **** 
 244:Drivers/CMSIS/Include/core_cm7.h **** /*@} end of group Cortex_M7 */
 245:Drivers/CMSIS/Include/core_cm7.h **** 
 246:Drivers/CMSIS/Include/core_cm7.h **** 
ARM GAS  C:\Users\admin\AppData\Local\Temp\ccwPfCrn.s 			page 23


 247:Drivers/CMSIS/Include/core_cm7.h **** 
 248:Drivers/CMSIS/Include/core_cm7.h **** /*******************************************************************************
 249:Drivers/CMSIS/Include/core_cm7.h ****  *                 Register Abstraction
 250:Drivers/CMSIS/Include/core_cm7.h ****   Core Register contain:
 251:Drivers/CMSIS/Include/core_cm7.h ****   - Core Register
 252:Drivers/CMSIS/Include/core_cm7.h ****   - Core NVIC Register
 253:Drivers/CMSIS/Include/core_cm7.h ****   - Core SCB Register
 254:Drivers/CMSIS/Include/core_cm7.h ****   - Core SysTick Register
 255:Drivers/CMSIS/Include/core_cm7.h ****   - Core Debug Register
 256:Drivers/CMSIS/Include/core_cm7.h ****   - Core MPU Register
 257:Drivers/CMSIS/Include/core_cm7.h ****   - Core FPU Register
 258:Drivers/CMSIS/Include/core_cm7.h ****  ******************************************************************************/
 259:Drivers/CMSIS/Include/core_cm7.h **** /**
 260:Drivers/CMSIS/Include/core_cm7.h ****   \defgroup CMSIS_core_register Defines and Type Definitions
 261:Drivers/CMSIS/Include/core_cm7.h ****   \brief Type definitions and defines for Cortex-M processor based devices.
 262:Drivers/CMSIS/Include/core_cm7.h **** */
 263:Drivers/CMSIS/Include/core_cm7.h **** 
 264:Drivers/CMSIS/Include/core_cm7.h **** /**
 265:Drivers/CMSIS/Include/core_cm7.h ****   \ingroup    CMSIS_core_register
 266:Drivers/CMSIS/Include/core_cm7.h ****   \defgroup   CMSIS_CORE  Status and Control Registers
 267:Drivers/CMSIS/Include/core_cm7.h ****   \brief      Core Register type definitions.
 268:Drivers/CMSIS/Include/core_cm7.h ****   @{
 269:Drivers/CMSIS/Include/core_cm7.h ****  */
 270:Drivers/CMSIS/Include/core_cm7.h **** 
 271:Drivers/CMSIS/Include/core_cm7.h **** /**
 272:Drivers/CMSIS/Include/core_cm7.h ****   \brief  Union type to access the Application Program Status Register (APSR).
 273:Drivers/CMSIS/Include/core_cm7.h ****  */
 274:Drivers/CMSIS/Include/core_cm7.h **** typedef union
 275:Drivers/CMSIS/Include/core_cm7.h **** {
 276:Drivers/CMSIS/Include/core_cm7.h ****   struct
 277:Drivers/CMSIS/Include/core_cm7.h ****   {
 278:Drivers/CMSIS/Include/core_cm7.h ****     uint32_t _reserved0:16;              /*!< bit:  0..15  Reserved */
 279:Drivers/CMSIS/Include/core_cm7.h ****     uint32_t GE:4;                       /*!< bit: 16..19  Greater than or Equal flags */
 280:Drivers/CMSIS/Include/core_cm7.h ****     uint32_t _reserved1:7;               /*!< bit: 20..26  Reserved */
 281:Drivers/CMSIS/Include/core_cm7.h ****     uint32_t Q:1;                        /*!< bit:     27  Saturation condition flag */
 282:Drivers/CMSIS/Include/core_cm7.h ****     uint32_t V:1;                        /*!< bit:     28  Overflow condition code flag */
 283:Drivers/CMSIS/Include/core_cm7.h ****     uint32_t C:1;                        /*!< bit:     29  Carry condition code flag */
 284:Drivers/CMSIS/Include/core_cm7.h ****     uint32_t Z:1;                        /*!< bit:     30  Zero condition code flag */
 285:Drivers/CMSIS/Include/core_cm7.h ****     uint32_t N:1;                        /*!< bit:     31  Negative condition code flag */
 286:Drivers/CMSIS/Include/core_cm7.h ****   } b;                                   /*!< Structure used for bit  access */
 287:Drivers/CMSIS/Include/core_cm7.h ****   uint32_t w;                            /*!< Type      used for word access */
 288:Drivers/CMSIS/Include/core_cm7.h **** } APSR_Type;
 289:Drivers/CMSIS/Include/core_cm7.h **** 
 290:Drivers/CMSIS/Include/core_cm7.h **** /* APSR Register Definitions */
 291:Drivers/CMSIS/Include/core_cm7.h **** #define APSR_N_Pos                         31U                                            /*!< APSR
 292:Drivers/CMSIS/Include/core_cm7.h **** #define APSR_N_Msk                         (1UL << APSR_N_Pos)                            /*!< APSR
 293:Drivers/CMSIS/Include/core_cm7.h **** 
 294:Drivers/CMSIS/Include/core_cm7.h **** #define APSR_Z_Pos                         30U                                            /*!< APSR
 295:Drivers/CMSIS/Include/core_cm7.h **** #define APSR_Z_Msk                         (1UL << APSR_Z_Pos)                            /*!< APSR
 296:Drivers/CMSIS/Include/core_cm7.h **** 
 297:Drivers/CMSIS/Include/core_cm7.h **** #define APSR_C_Pos                         29U                                            /*!< APSR
 298:Drivers/CMSIS/Include/core_cm7.h **** #define APSR_C_Msk                         (1UL << APSR_C_Pos)                            /*!< APSR
 299:Drivers/CMSIS/Include/core_cm7.h **** 
 300:Drivers/CMSIS/Include/core_cm7.h **** #define APSR_V_Pos                         28U                                            /*!< APSR
 301:Drivers/CMSIS/Include/core_cm7.h **** #define APSR_V_Msk                         (1UL << APSR_V_Pos)                            /*!< APSR
 302:Drivers/CMSIS/Include/core_cm7.h **** 
 303:Drivers/CMSIS/Include/core_cm7.h **** #define APSR_Q_Pos                         27U                                            /*!< APSR
ARM GAS  C:\Users\admin\AppData\Local\Temp\ccwPfCrn.s 			page 24


 304:Drivers/CMSIS/Include/core_cm7.h **** #define APSR_Q_Msk                         (1UL << APSR_Q_Pos)                            /*!< APSR
 305:Drivers/CMSIS/Include/core_cm7.h **** 
 306:Drivers/CMSIS/Include/core_cm7.h **** #define APSR_GE_Pos                        16U                                            /*!< APSR
 307:Drivers/CMSIS/Include/core_cm7.h **** #define APSR_GE_Msk                        (0xFUL << APSR_GE_Pos)                         /*!< APSR
 308:Drivers/CMSIS/Include/core_cm7.h **** 
 309:Drivers/CMSIS/Include/core_cm7.h **** 
 310:Drivers/CMSIS/Include/core_cm7.h **** /**
 311:Drivers/CMSIS/Include/core_cm7.h ****   \brief  Union type to access the Interrupt Program Status Register (IPSR).
 312:Drivers/CMSIS/Include/core_cm7.h ****  */
 313:Drivers/CMSIS/Include/core_cm7.h **** typedef union
 314:Drivers/CMSIS/Include/core_cm7.h **** {
 315:Drivers/CMSIS/Include/core_cm7.h ****   struct
 316:Drivers/CMSIS/Include/core_cm7.h ****   {
 317:Drivers/CMSIS/Include/core_cm7.h ****     uint32_t ISR:9;                      /*!< bit:  0.. 8  Exception number */
 318:Drivers/CMSIS/Include/core_cm7.h ****     uint32_t _reserved0:23;              /*!< bit:  9..31  Reserved */
 319:Drivers/CMSIS/Include/core_cm7.h ****   } b;                                   /*!< Structure used for bit  access */
 320:Drivers/CMSIS/Include/core_cm7.h ****   uint32_t w;                            /*!< Type      used for word access */
 321:Drivers/CMSIS/Include/core_cm7.h **** } IPSR_Type;
 322:Drivers/CMSIS/Include/core_cm7.h **** 
 323:Drivers/CMSIS/Include/core_cm7.h **** /* IPSR Register Definitions */
 324:Drivers/CMSIS/Include/core_cm7.h **** #define IPSR_ISR_Pos                        0U                                            /*!< IPSR
 325:Drivers/CMSIS/Include/core_cm7.h **** #define IPSR_ISR_Msk                       (0x1FFUL /*<< IPSR_ISR_Pos*/)                  /*!< IPSR
 326:Drivers/CMSIS/Include/core_cm7.h **** 
 327:Drivers/CMSIS/Include/core_cm7.h **** 
 328:Drivers/CMSIS/Include/core_cm7.h **** /**
 329:Drivers/CMSIS/Include/core_cm7.h ****   \brief  Union type to access the Special-Purpose Program Status Registers (xPSR).
 330:Drivers/CMSIS/Include/core_cm7.h ****  */
 331:Drivers/CMSIS/Include/core_cm7.h **** typedef union
 332:Drivers/CMSIS/Include/core_cm7.h **** {
 333:Drivers/CMSIS/Include/core_cm7.h ****   struct
 334:Drivers/CMSIS/Include/core_cm7.h ****   {
 335:Drivers/CMSIS/Include/core_cm7.h ****     uint32_t ISR:9;                      /*!< bit:  0.. 8  Exception number */
 336:Drivers/CMSIS/Include/core_cm7.h ****     uint32_t _reserved0:1;               /*!< bit:      9  Reserved */
 337:Drivers/CMSIS/Include/core_cm7.h ****     uint32_t ICI_IT_1:6;                 /*!< bit: 10..15  ICI/IT part 1 */
 338:Drivers/CMSIS/Include/core_cm7.h ****     uint32_t GE:4;                       /*!< bit: 16..19  Greater than or Equal flags */
 339:Drivers/CMSIS/Include/core_cm7.h ****     uint32_t _reserved1:4;               /*!< bit: 20..23  Reserved */
 340:Drivers/CMSIS/Include/core_cm7.h ****     uint32_t T:1;                        /*!< bit:     24  Thumb bit */
 341:Drivers/CMSIS/Include/core_cm7.h ****     uint32_t ICI_IT_2:2;                 /*!< bit: 25..26  ICI/IT part 2 */
 342:Drivers/CMSIS/Include/core_cm7.h ****     uint32_t Q:1;                        /*!< bit:     27  Saturation condition flag */
 343:Drivers/CMSIS/Include/core_cm7.h ****     uint32_t V:1;                        /*!< bit:     28  Overflow condition code flag */
 344:Drivers/CMSIS/Include/core_cm7.h ****     uint32_t C:1;                        /*!< bit:     29  Carry condition code flag */
 345:Drivers/CMSIS/Include/core_cm7.h ****     uint32_t Z:1;                        /*!< bit:     30  Zero condition code flag */
 346:Drivers/CMSIS/Include/core_cm7.h ****     uint32_t N:1;                        /*!< bit:     31  Negative condition code flag */
 347:Drivers/CMSIS/Include/core_cm7.h ****   } b;                                   /*!< Structure used for bit  access */
 348:Drivers/CMSIS/Include/core_cm7.h ****   uint32_t w;                            /*!< Type      used for word access */
 349:Drivers/CMSIS/Include/core_cm7.h **** } xPSR_Type;
 350:Drivers/CMSIS/Include/core_cm7.h **** 
 351:Drivers/CMSIS/Include/core_cm7.h **** /* xPSR Register Definitions */
 352:Drivers/CMSIS/Include/core_cm7.h **** #define xPSR_N_Pos                         31U                                            /*!< xPSR
 353:Drivers/CMSIS/Include/core_cm7.h **** #define xPSR_N_Msk                         (1UL << xPSR_N_Pos)                            /*!< xPSR
 354:Drivers/CMSIS/Include/core_cm7.h **** 
 355:Drivers/CMSIS/Include/core_cm7.h **** #define xPSR_Z_Pos                         30U                                            /*!< xPSR
 356:Drivers/CMSIS/Include/core_cm7.h **** #define xPSR_Z_Msk                         (1UL << xPSR_Z_Pos)                            /*!< xPSR
 357:Drivers/CMSIS/Include/core_cm7.h **** 
 358:Drivers/CMSIS/Include/core_cm7.h **** #define xPSR_C_Pos                         29U                                            /*!< xPSR
 359:Drivers/CMSIS/Include/core_cm7.h **** #define xPSR_C_Msk                         (1UL << xPSR_C_Pos)                            /*!< xPSR
 360:Drivers/CMSIS/Include/core_cm7.h **** 
ARM GAS  C:\Users\admin\AppData\Local\Temp\ccwPfCrn.s 			page 25


 361:Drivers/CMSIS/Include/core_cm7.h **** #define xPSR_V_Pos                         28U                                            /*!< xPSR
 362:Drivers/CMSIS/Include/core_cm7.h **** #define xPSR_V_Msk                         (1UL << xPSR_V_Pos)                            /*!< xPSR
 363:Drivers/CMSIS/Include/core_cm7.h **** 
 364:Drivers/CMSIS/Include/core_cm7.h **** #define xPSR_Q_Pos                         27U                                            /*!< xPSR
 365:Drivers/CMSIS/Include/core_cm7.h **** #define xPSR_Q_Msk                         (1UL << xPSR_Q_Pos)                            /*!< xPSR
 366:Drivers/CMSIS/Include/core_cm7.h **** 
 367:Drivers/CMSIS/Include/core_cm7.h **** #define xPSR_ICI_IT_2_Pos                  25U                                            /*!< xPSR
 368:Drivers/CMSIS/Include/core_cm7.h **** #define xPSR_ICI_IT_2_Msk                  (3UL << xPSR_ICI_IT_2_Pos)                     /*!< xPSR
 369:Drivers/CMSIS/Include/core_cm7.h **** 
 370:Drivers/CMSIS/Include/core_cm7.h **** #define xPSR_T_Pos                         24U                                            /*!< xPSR
 371:Drivers/CMSIS/Include/core_cm7.h **** #define xPSR_T_Msk                         (1UL << xPSR_T_Pos)                            /*!< xPSR
 372:Drivers/CMSIS/Include/core_cm7.h **** 
 373:Drivers/CMSIS/Include/core_cm7.h **** #define xPSR_GE_Pos                        16U                                            /*!< xPSR
 374:Drivers/CMSIS/Include/core_cm7.h **** #define xPSR_GE_Msk                        (0xFUL << xPSR_GE_Pos)                         /*!< xPSR
 375:Drivers/CMSIS/Include/core_cm7.h **** 
 376:Drivers/CMSIS/Include/core_cm7.h **** #define xPSR_ICI_IT_1_Pos                  10U                                            /*!< xPSR
 377:Drivers/CMSIS/Include/core_cm7.h **** #define xPSR_ICI_IT_1_Msk                  (0x3FUL << xPSR_ICI_IT_1_Pos)                  /*!< xPSR
 378:Drivers/CMSIS/Include/core_cm7.h **** 
 379:Drivers/CMSIS/Include/core_cm7.h **** #define xPSR_ISR_Pos                        0U                                            /*!< xPSR
 380:Drivers/CMSIS/Include/core_cm7.h **** #define xPSR_ISR_Msk                       (0x1FFUL /*<< xPSR_ISR_Pos*/)                  /*!< xPSR
 381:Drivers/CMSIS/Include/core_cm7.h **** 
 382:Drivers/CMSIS/Include/core_cm7.h **** 
 383:Drivers/CMSIS/Include/core_cm7.h **** /**
 384:Drivers/CMSIS/Include/core_cm7.h ****   \brief  Union type to access the Control Registers (CONTROL).
 385:Drivers/CMSIS/Include/core_cm7.h ****  */
 386:Drivers/CMSIS/Include/core_cm7.h **** typedef union
 387:Drivers/CMSIS/Include/core_cm7.h **** {
 388:Drivers/CMSIS/Include/core_cm7.h ****   struct
 389:Drivers/CMSIS/Include/core_cm7.h ****   {
 390:Drivers/CMSIS/Include/core_cm7.h ****     uint32_t nPRIV:1;                    /*!< bit:      0  Execution privilege in Thread mode */
 391:Drivers/CMSIS/Include/core_cm7.h ****     uint32_t SPSEL:1;                    /*!< bit:      1  Stack to be used */
 392:Drivers/CMSIS/Include/core_cm7.h ****     uint32_t FPCA:1;                     /*!< bit:      2  FP extension active flag */
 393:Drivers/CMSIS/Include/core_cm7.h ****     uint32_t _reserved0:29;              /*!< bit:  3..31  Reserved */
 394:Drivers/CMSIS/Include/core_cm7.h ****   } b;                                   /*!< Structure used for bit  access */
 395:Drivers/CMSIS/Include/core_cm7.h ****   uint32_t w;                            /*!< Type      used for word access */
 396:Drivers/CMSIS/Include/core_cm7.h **** } CONTROL_Type;
 397:Drivers/CMSIS/Include/core_cm7.h **** 
 398:Drivers/CMSIS/Include/core_cm7.h **** /* CONTROL Register Definitions */
 399:Drivers/CMSIS/Include/core_cm7.h **** #define CONTROL_FPCA_Pos                    2U                                            /*!< CONT
 400:Drivers/CMSIS/Include/core_cm7.h **** #define CONTROL_FPCA_Msk                   (1UL << CONTROL_FPCA_Pos)                      /*!< CONT
 401:Drivers/CMSIS/Include/core_cm7.h **** 
 402:Drivers/CMSIS/Include/core_cm7.h **** #define CONTROL_SPSEL_Pos                   1U                                            /*!< CONT
 403:Drivers/CMSIS/Include/core_cm7.h **** #define CONTROL_SPSEL_Msk                  (1UL << CONTROL_SPSEL_Pos)                     /*!< CONT
 404:Drivers/CMSIS/Include/core_cm7.h **** 
 405:Drivers/CMSIS/Include/core_cm7.h **** #define CONTROL_nPRIV_Pos                   0U                                            /*!< CONT
 406:Drivers/CMSIS/Include/core_cm7.h **** #define CONTROL_nPRIV_Msk                  (1UL /*<< CONTROL_nPRIV_Pos*/)                 /*!< CONT
 407:Drivers/CMSIS/Include/core_cm7.h **** 
 408:Drivers/CMSIS/Include/core_cm7.h **** /*@} end of group CMSIS_CORE */
 409:Drivers/CMSIS/Include/core_cm7.h **** 
 410:Drivers/CMSIS/Include/core_cm7.h **** 
 411:Drivers/CMSIS/Include/core_cm7.h **** /**
 412:Drivers/CMSIS/Include/core_cm7.h ****   \ingroup    CMSIS_core_register
 413:Drivers/CMSIS/Include/core_cm7.h ****   \defgroup   CMSIS_NVIC  Nested Vectored Interrupt Controller (NVIC)
 414:Drivers/CMSIS/Include/core_cm7.h ****   \brief      Type definitions for the NVIC Registers
 415:Drivers/CMSIS/Include/core_cm7.h ****   @{
 416:Drivers/CMSIS/Include/core_cm7.h ****  */
 417:Drivers/CMSIS/Include/core_cm7.h **** 
ARM GAS  C:\Users\admin\AppData\Local\Temp\ccwPfCrn.s 			page 26


 418:Drivers/CMSIS/Include/core_cm7.h **** /**
 419:Drivers/CMSIS/Include/core_cm7.h ****   \brief  Structure type to access the Nested Vectored Interrupt Controller (NVIC).
 420:Drivers/CMSIS/Include/core_cm7.h ****  */
 421:Drivers/CMSIS/Include/core_cm7.h **** typedef struct
 422:Drivers/CMSIS/Include/core_cm7.h **** {
 423:Drivers/CMSIS/Include/core_cm7.h ****   __IOM uint32_t ISER[8U];               /*!< Offset: 0x000 (R/W)  Interrupt Set Enable Register */
 424:Drivers/CMSIS/Include/core_cm7.h ****         uint32_t RESERVED0[24U];
 425:Drivers/CMSIS/Include/core_cm7.h ****   __IOM uint32_t ICER[8U];               /*!< Offset: 0x080 (R/W)  Interrupt Clear Enable Register 
 426:Drivers/CMSIS/Include/core_cm7.h ****         uint32_t RESERVED1[24U];
 427:Drivers/CMSIS/Include/core_cm7.h ****   __IOM uint32_t ISPR[8U];               /*!< Offset: 0x100 (R/W)  Interrupt Set Pending Register *
 428:Drivers/CMSIS/Include/core_cm7.h ****         uint32_t RESERVED2[24U];
 429:Drivers/CMSIS/Include/core_cm7.h ****   __IOM uint32_t ICPR[8U];               /*!< Offset: 0x180 (R/W)  Interrupt Clear Pending Register
 430:Drivers/CMSIS/Include/core_cm7.h ****         uint32_t RESERVED3[24U];
 431:Drivers/CMSIS/Include/core_cm7.h ****   __IOM uint32_t IABR[8U];               /*!< Offset: 0x200 (R/W)  Interrupt Active bit Register */
 432:Drivers/CMSIS/Include/core_cm7.h ****         uint32_t RESERVED4[56U];
 433:Drivers/CMSIS/Include/core_cm7.h ****   __IOM uint8_t  IP[240U];               /*!< Offset: 0x300 (R/W)  Interrupt Priority Register (8Bi
 434:Drivers/CMSIS/Include/core_cm7.h ****         uint32_t RESERVED5[644U];
 435:Drivers/CMSIS/Include/core_cm7.h ****   __OM  uint32_t STIR;                   /*!< Offset: 0xE00 ( /W)  Software Trigger Interrupt Regis
 436:Drivers/CMSIS/Include/core_cm7.h **** }  NVIC_Type;
 437:Drivers/CMSIS/Include/core_cm7.h **** 
 438:Drivers/CMSIS/Include/core_cm7.h **** /* Software Triggered Interrupt Register Definitions */
 439:Drivers/CMSIS/Include/core_cm7.h **** #define NVIC_STIR_INTID_Pos                 0U                                         /*!< STIR: I
 440:Drivers/CMSIS/Include/core_cm7.h **** #define NVIC_STIR_INTID_Msk                (0x1FFUL /*<< NVIC_STIR_INTID_Pos*/)        /*!< STIR: I
 441:Drivers/CMSIS/Include/core_cm7.h **** 
 442:Drivers/CMSIS/Include/core_cm7.h **** /*@} end of group CMSIS_NVIC */
 443:Drivers/CMSIS/Include/core_cm7.h **** 
 444:Drivers/CMSIS/Include/core_cm7.h **** 
 445:Drivers/CMSIS/Include/core_cm7.h **** /**
 446:Drivers/CMSIS/Include/core_cm7.h ****   \ingroup  CMSIS_core_register
 447:Drivers/CMSIS/Include/core_cm7.h ****   \defgroup CMSIS_SCB     System Control Block (SCB)
 448:Drivers/CMSIS/Include/core_cm7.h ****   \brief    Type definitions for the System Control Block Registers
 449:Drivers/CMSIS/Include/core_cm7.h ****   @{
 450:Drivers/CMSIS/Include/core_cm7.h ****  */
 451:Drivers/CMSIS/Include/core_cm7.h **** 
 452:Drivers/CMSIS/Include/core_cm7.h **** /**
 453:Drivers/CMSIS/Include/core_cm7.h ****   \brief  Structure type to access the System Control Block (SCB).
 454:Drivers/CMSIS/Include/core_cm7.h ****  */
 455:Drivers/CMSIS/Include/core_cm7.h **** typedef struct
 456:Drivers/CMSIS/Include/core_cm7.h **** {
 457:Drivers/CMSIS/Include/core_cm7.h ****   __IM  uint32_t CPUID;                  /*!< Offset: 0x000 (R/ )  CPUID Base Register */
 458:Drivers/CMSIS/Include/core_cm7.h ****   __IOM uint32_t ICSR;                   /*!< Offset: 0x004 (R/W)  Interrupt Control and State Regi
 459:Drivers/CMSIS/Include/core_cm7.h ****   __IOM uint32_t VTOR;                   /*!< Offset: 0x008 (R/W)  Vector Table Offset Register */
 460:Drivers/CMSIS/Include/core_cm7.h ****   __IOM uint32_t AIRCR;                  /*!< Offset: 0x00C (R/W)  Application Interrupt and Reset 
 461:Drivers/CMSIS/Include/core_cm7.h ****   __IOM uint32_t SCR;                    /*!< Offset: 0x010 (R/W)  System Control Register */
 462:Drivers/CMSIS/Include/core_cm7.h ****   __IOM uint32_t CCR;                    /*!< Offset: 0x014 (R/W)  Configuration Control Register *
 463:Drivers/CMSIS/Include/core_cm7.h ****   __IOM uint8_t  SHPR[12U];              /*!< Offset: 0x018 (R/W)  System Handlers Priority Registe
 464:Drivers/CMSIS/Include/core_cm7.h ****   __IOM uint32_t SHCSR;                  /*!< Offset: 0x024 (R/W)  System Handler Control and State
 465:Drivers/CMSIS/Include/core_cm7.h ****   __IOM uint32_t CFSR;                   /*!< Offset: 0x028 (R/W)  Configurable Fault Status Regist
 466:Drivers/CMSIS/Include/core_cm7.h ****   __IOM uint32_t HFSR;                   /*!< Offset: 0x02C (R/W)  HardFault Status Register */
 467:Drivers/CMSIS/Include/core_cm7.h ****   __IOM uint32_t DFSR;                   /*!< Offset: 0x030 (R/W)  Debug Fault Status Register */
 468:Drivers/CMSIS/Include/core_cm7.h ****   __IOM uint32_t MMFAR;                  /*!< Offset: 0x034 (R/W)  MemManage Fault Address Register
 469:Drivers/CMSIS/Include/core_cm7.h ****   __IOM uint32_t BFAR;                   /*!< Offset: 0x038 (R/W)  BusFault Address Register */
 470:Drivers/CMSIS/Include/core_cm7.h ****   __IOM uint32_t AFSR;                   /*!< Offset: 0x03C (R/W)  Auxiliary Fault Status Register 
 471:Drivers/CMSIS/Include/core_cm7.h ****   __IM  uint32_t ID_PFR[2U];             /*!< Offset: 0x040 (R/ )  Processor Feature Register */
 472:Drivers/CMSIS/Include/core_cm7.h ****   __IM  uint32_t ID_DFR;                 /*!< Offset: 0x048 (R/ )  Debug Feature Register */
 473:Drivers/CMSIS/Include/core_cm7.h ****   __IM  uint32_t ID_AFR;                 /*!< Offset: 0x04C (R/ )  Auxiliary Feature Register */
 474:Drivers/CMSIS/Include/core_cm7.h ****   __IM  uint32_t ID_MFR[4U];             /*!< Offset: 0x050 (R/ )  Memory Model Feature Register */
ARM GAS  C:\Users\admin\AppData\Local\Temp\ccwPfCrn.s 			page 27


 475:Drivers/CMSIS/Include/core_cm7.h ****   __IM  uint32_t ID_ISAR[5U];            /*!< Offset: 0x060 (R/ )  Instruction Set Attributes Regis
 476:Drivers/CMSIS/Include/core_cm7.h ****         uint32_t RESERVED0[1U];
 477:Drivers/CMSIS/Include/core_cm7.h ****   __IM  uint32_t CLIDR;                  /*!< Offset: 0x078 (R/ )  Cache Level ID register */
 478:Drivers/CMSIS/Include/core_cm7.h ****   __IM  uint32_t CTR;                    /*!< Offset: 0x07C (R/ )  Cache Type register */
 479:Drivers/CMSIS/Include/core_cm7.h ****   __IM  uint32_t CCSIDR;                 /*!< Offset: 0x080 (R/ )  Cache Size ID Register */
 480:Drivers/CMSIS/Include/core_cm7.h ****   __IOM uint32_t CSSELR;                 /*!< Offset: 0x084 (R/W)  Cache Size Selection Register */
 481:Drivers/CMSIS/Include/core_cm7.h ****   __IOM uint32_t CPACR;                  /*!< Offset: 0x088 (R/W)  Coprocessor Access Control Regis
 482:Drivers/CMSIS/Include/core_cm7.h ****         uint32_t RESERVED3[93U];
 483:Drivers/CMSIS/Include/core_cm7.h ****   __OM  uint32_t STIR;                   /*!< Offset: 0x200 ( /W)  Software Triggered Interrupt Reg
 484:Drivers/CMSIS/Include/core_cm7.h ****         uint32_t RESERVED4[15U];
 485:Drivers/CMSIS/Include/core_cm7.h ****   __IM  uint32_t MVFR0;                  /*!< Offset: 0x240 (R/ )  Media and VFP Feature Register 0
 486:Drivers/CMSIS/Include/core_cm7.h ****   __IM  uint32_t MVFR1;                  /*!< Offset: 0x244 (R/ )  Media and VFP Feature Register 1
 487:Drivers/CMSIS/Include/core_cm7.h ****   __IM  uint32_t MVFR2;                  /*!< Offset: 0x248 (R/ )  Media and VFP Feature Register 2
 488:Drivers/CMSIS/Include/core_cm7.h ****         uint32_t RESERVED5[1U];
 489:Drivers/CMSIS/Include/core_cm7.h ****   __OM  uint32_t ICIALLU;                /*!< Offset: 0x250 ( /W)  I-Cache Invalidate All to PoU */
 490:Drivers/CMSIS/Include/core_cm7.h ****         uint32_t RESERVED6[1U];
 491:Drivers/CMSIS/Include/core_cm7.h ****   __OM  uint32_t ICIMVAU;                /*!< Offset: 0x258 ( /W)  I-Cache Invalidate by MVA to PoU
 492:Drivers/CMSIS/Include/core_cm7.h ****   __OM  uint32_t DCIMVAC;                /*!< Offset: 0x25C ( /W)  D-Cache Invalidate by MVA to PoC
 493:Drivers/CMSIS/Include/core_cm7.h ****   __OM  uint32_t DCISW;                  /*!< Offset: 0x260 ( /W)  D-Cache Invalidate by Set-way */
 494:Drivers/CMSIS/Include/core_cm7.h ****   __OM  uint32_t DCCMVAU;                /*!< Offset: 0x264 ( /W)  D-Cache Clean by MVA to PoU */
 495:Drivers/CMSIS/Include/core_cm7.h ****   __OM  uint32_t DCCMVAC;                /*!< Offset: 0x268 ( /W)  D-Cache Clean by MVA to PoC */
 496:Drivers/CMSIS/Include/core_cm7.h ****   __OM  uint32_t DCCSW;                  /*!< Offset: 0x26C ( /W)  D-Cache Clean by Set-way */
 497:Drivers/CMSIS/Include/core_cm7.h ****   __OM  uint32_t DCCIMVAC;               /*!< Offset: 0x270 ( /W)  D-Cache Clean and Invalidate by 
 498:Drivers/CMSIS/Include/core_cm7.h ****   __OM  uint32_t DCCISW;                 /*!< Offset: 0x274 ( /W)  D-Cache Clean and Invalidate by 
 499:Drivers/CMSIS/Include/core_cm7.h ****         uint32_t RESERVED7[6U];
 500:Drivers/CMSIS/Include/core_cm7.h ****   __IOM uint32_t ITCMCR;                 /*!< Offset: 0x290 (R/W)  Instruction Tightly-Coupled Memo
 501:Drivers/CMSIS/Include/core_cm7.h ****   __IOM uint32_t DTCMCR;                 /*!< Offset: 0x294 (R/W)  Data Tightly-Coupled Memory Cont
 502:Drivers/CMSIS/Include/core_cm7.h ****   __IOM uint32_t AHBPCR;                 /*!< Offset: 0x298 (R/W)  AHBP Control Register */
 503:Drivers/CMSIS/Include/core_cm7.h ****   __IOM uint32_t CACR;                   /*!< Offset: 0x29C (R/W)  L1 Cache Control Register */
 504:Drivers/CMSIS/Include/core_cm7.h ****   __IOM uint32_t AHBSCR;                 /*!< Offset: 0x2A0 (R/W)  AHB Slave Control Register */
 505:Drivers/CMSIS/Include/core_cm7.h ****         uint32_t RESERVED8[1U];
 506:Drivers/CMSIS/Include/core_cm7.h ****   __IOM uint32_t ABFSR;                  /*!< Offset: 0x2A8 (R/W)  Auxiliary Bus Fault Status Regis
 507:Drivers/CMSIS/Include/core_cm7.h **** } SCB_Type;
 508:Drivers/CMSIS/Include/core_cm7.h **** 
 509:Drivers/CMSIS/Include/core_cm7.h **** /* SCB CPUID Register Definitions */
 510:Drivers/CMSIS/Include/core_cm7.h **** #define SCB_CPUID_IMPLEMENTER_Pos          24U                                            /*!< SCB 
 511:Drivers/CMSIS/Include/core_cm7.h **** #define SCB_CPUID_IMPLEMENTER_Msk          (0xFFUL << SCB_CPUID_IMPLEMENTER_Pos)          /*!< SCB 
 512:Drivers/CMSIS/Include/core_cm7.h **** 
 513:Drivers/CMSIS/Include/core_cm7.h **** #define SCB_CPUID_VARIANT_Pos              20U                                            /*!< SCB 
 514:Drivers/CMSIS/Include/core_cm7.h **** #define SCB_CPUID_VARIANT_Msk              (0xFUL << SCB_CPUID_VARIANT_Pos)               /*!< SCB 
 515:Drivers/CMSIS/Include/core_cm7.h **** 
 516:Drivers/CMSIS/Include/core_cm7.h **** #define SCB_CPUID_ARCHITECTURE_Pos         16U                                            /*!< SCB 
 517:Drivers/CMSIS/Include/core_cm7.h **** #define SCB_CPUID_ARCHITECTURE_Msk         (0xFUL << SCB_CPUID_ARCHITECTURE_Pos)          /*!< SCB 
 518:Drivers/CMSIS/Include/core_cm7.h **** 
 519:Drivers/CMSIS/Include/core_cm7.h **** #define SCB_CPUID_PARTNO_Pos                4U                                            /*!< SCB 
 520:Drivers/CMSIS/Include/core_cm7.h **** #define SCB_CPUID_PARTNO_Msk               (0xFFFUL << SCB_CPUID_PARTNO_Pos)              /*!< SCB 
 521:Drivers/CMSIS/Include/core_cm7.h **** 
 522:Drivers/CMSIS/Include/core_cm7.h **** #define SCB_CPUID_REVISION_Pos              0U                                            /*!< SCB 
 523:Drivers/CMSIS/Include/core_cm7.h **** #define SCB_CPUID_REVISION_Msk             (0xFUL /*<< SCB_CPUID_REVISION_Pos*/)          /*!< SCB 
 524:Drivers/CMSIS/Include/core_cm7.h **** 
 525:Drivers/CMSIS/Include/core_cm7.h **** /* SCB Interrupt Control State Register Definitions */
 526:Drivers/CMSIS/Include/core_cm7.h **** #define SCB_ICSR_NMIPENDSET_Pos            31U                                            /*!< SCB 
 527:Drivers/CMSIS/Include/core_cm7.h **** #define SCB_ICSR_NMIPENDSET_Msk            (1UL << SCB_ICSR_NMIPENDSET_Pos)               /*!< SCB 
 528:Drivers/CMSIS/Include/core_cm7.h **** 
 529:Drivers/CMSIS/Include/core_cm7.h **** #define SCB_ICSR_PENDSVSET_Pos             28U                                            /*!< SCB 
 530:Drivers/CMSIS/Include/core_cm7.h **** #define SCB_ICSR_PENDSVSET_Msk             (1UL << SCB_ICSR_PENDSVSET_Pos)                /*!< SCB 
 531:Drivers/CMSIS/Include/core_cm7.h **** 
ARM GAS  C:\Users\admin\AppData\Local\Temp\ccwPfCrn.s 			page 28


 532:Drivers/CMSIS/Include/core_cm7.h **** #define SCB_ICSR_PENDSVCLR_Pos             27U                                            /*!< SCB 
 533:Drivers/CMSIS/Include/core_cm7.h **** #define SCB_ICSR_PENDSVCLR_Msk             (1UL << SCB_ICSR_PENDSVCLR_Pos)                /*!< SCB 
 534:Drivers/CMSIS/Include/core_cm7.h **** 
 535:Drivers/CMSIS/Include/core_cm7.h **** #define SCB_ICSR_PENDSTSET_Pos             26U                                            /*!< SCB 
 536:Drivers/CMSIS/Include/core_cm7.h **** #define SCB_ICSR_PENDSTSET_Msk             (1UL << SCB_ICSR_PENDSTSET_Pos)                /*!< SCB 
 537:Drivers/CMSIS/Include/core_cm7.h **** 
 538:Drivers/CMSIS/Include/core_cm7.h **** #define SCB_ICSR_PENDSTCLR_Pos             25U                                            /*!< SCB 
 539:Drivers/CMSIS/Include/core_cm7.h **** #define SCB_ICSR_PENDSTCLR_Msk             (1UL << SCB_ICSR_PENDSTCLR_Pos)                /*!< SCB 
 540:Drivers/CMSIS/Include/core_cm7.h **** 
 541:Drivers/CMSIS/Include/core_cm7.h **** #define SCB_ICSR_ISRPREEMPT_Pos            23U                                            /*!< SCB 
 542:Drivers/CMSIS/Include/core_cm7.h **** #define SCB_ICSR_ISRPREEMPT_Msk            (1UL << SCB_ICSR_ISRPREEMPT_Pos)               /*!< SCB 
 543:Drivers/CMSIS/Include/core_cm7.h **** 
 544:Drivers/CMSIS/Include/core_cm7.h **** #define SCB_ICSR_ISRPENDING_Pos            22U                                            /*!< SCB 
 545:Drivers/CMSIS/Include/core_cm7.h **** #define SCB_ICSR_ISRPENDING_Msk            (1UL << SCB_ICSR_ISRPENDING_Pos)               /*!< SCB 
 546:Drivers/CMSIS/Include/core_cm7.h **** 
 547:Drivers/CMSIS/Include/core_cm7.h **** #define SCB_ICSR_VECTPENDING_Pos           12U                                            /*!< SCB 
 548:Drivers/CMSIS/Include/core_cm7.h **** #define SCB_ICSR_VECTPENDING_Msk           (0x1FFUL << SCB_ICSR_VECTPENDING_Pos)          /*!< SCB 
 549:Drivers/CMSIS/Include/core_cm7.h **** 
 550:Drivers/CMSIS/Include/core_cm7.h **** #define SCB_ICSR_RETTOBASE_Pos             11U                                            /*!< SCB 
 551:Drivers/CMSIS/Include/core_cm7.h **** #define SCB_ICSR_RETTOBASE_Msk             (1UL << SCB_ICSR_RETTOBASE_Pos)                /*!< SCB 
 552:Drivers/CMSIS/Include/core_cm7.h **** 
 553:Drivers/CMSIS/Include/core_cm7.h **** #define SCB_ICSR_VECTACTIVE_Pos             0U                                            /*!< SCB 
 554:Drivers/CMSIS/Include/core_cm7.h **** #define SCB_ICSR_VECTACTIVE_Msk            (0x1FFUL /*<< SCB_ICSR_VECTACTIVE_Pos*/)       /*!< SCB 
 555:Drivers/CMSIS/Include/core_cm7.h **** 
 556:Drivers/CMSIS/Include/core_cm7.h **** /* SCB Vector Table Offset Register Definitions */
 557:Drivers/CMSIS/Include/core_cm7.h **** #define SCB_VTOR_TBLOFF_Pos                 7U                                            /*!< SCB 
 558:Drivers/CMSIS/Include/core_cm7.h **** #define SCB_VTOR_TBLOFF_Msk                (0x1FFFFFFUL << SCB_VTOR_TBLOFF_Pos)           /*!< SCB 
 559:Drivers/CMSIS/Include/core_cm7.h **** 
 560:Drivers/CMSIS/Include/core_cm7.h **** /* SCB Application Interrupt and Reset Control Register Definitions */
 561:Drivers/CMSIS/Include/core_cm7.h **** #define SCB_AIRCR_VECTKEY_Pos              16U                                            /*!< SCB 
 562:Drivers/CMSIS/Include/core_cm7.h **** #define SCB_AIRCR_VECTKEY_Msk              (0xFFFFUL << SCB_AIRCR_VECTKEY_Pos)            /*!< SCB 
 563:Drivers/CMSIS/Include/core_cm7.h **** 
 564:Drivers/CMSIS/Include/core_cm7.h **** #define SCB_AIRCR_VECTKEYSTAT_Pos          16U                                            /*!< SCB 
 565:Drivers/CMSIS/Include/core_cm7.h **** #define SCB_AIRCR_VECTKEYSTAT_Msk          (0xFFFFUL << SCB_AIRCR_VECTKEYSTAT_Pos)        /*!< SCB 
 566:Drivers/CMSIS/Include/core_cm7.h **** 
 567:Drivers/CMSIS/Include/core_cm7.h **** #define SCB_AIRCR_ENDIANESS_Pos            15U                                            /*!< SCB 
 568:Drivers/CMSIS/Include/core_cm7.h **** #define SCB_AIRCR_ENDIANESS_Msk            (1UL << SCB_AIRCR_ENDIANESS_Pos)               /*!< SCB 
 569:Drivers/CMSIS/Include/core_cm7.h **** 
 570:Drivers/CMSIS/Include/core_cm7.h **** #define SCB_AIRCR_PRIGROUP_Pos              8U                                            /*!< SCB 
 571:Drivers/CMSIS/Include/core_cm7.h **** #define SCB_AIRCR_PRIGROUP_Msk             (7UL << SCB_AIRCR_PRIGROUP_Pos)                /*!< SCB 
 572:Drivers/CMSIS/Include/core_cm7.h **** 
 573:Drivers/CMSIS/Include/core_cm7.h **** #define SCB_AIRCR_SYSRESETREQ_Pos           2U                                            /*!< SCB 
 574:Drivers/CMSIS/Include/core_cm7.h **** #define SCB_AIRCR_SYSRESETREQ_Msk          (1UL << SCB_AIRCR_SYSRESETREQ_Pos)             /*!< SCB 
 575:Drivers/CMSIS/Include/core_cm7.h **** 
 576:Drivers/CMSIS/Include/core_cm7.h **** #define SCB_AIRCR_VECTCLRACTIVE_Pos         1U                                            /*!< SCB 
 577:Drivers/CMSIS/Include/core_cm7.h **** #define SCB_AIRCR_VECTCLRACTIVE_Msk        (1UL << SCB_AIRCR_VECTCLRACTIVE_Pos)           /*!< SCB 
 578:Drivers/CMSIS/Include/core_cm7.h **** 
 579:Drivers/CMSIS/Include/core_cm7.h **** #define SCB_AIRCR_VECTRESET_Pos             0U                                            /*!< SCB 
 580:Drivers/CMSIS/Include/core_cm7.h **** #define SCB_AIRCR_VECTRESET_Msk            (1UL /*<< SCB_AIRCR_VECTRESET_Pos*/)           /*!< SCB 
 581:Drivers/CMSIS/Include/core_cm7.h **** 
 582:Drivers/CMSIS/Include/core_cm7.h **** /* SCB System Control Register Definitions */
 583:Drivers/CMSIS/Include/core_cm7.h **** #define SCB_SCR_SEVONPEND_Pos               4U                                            /*!< SCB 
 584:Drivers/CMSIS/Include/core_cm7.h **** #define SCB_SCR_SEVONPEND_Msk              (1UL << SCB_SCR_SEVONPEND_Pos)                 /*!< SCB 
 585:Drivers/CMSIS/Include/core_cm7.h **** 
 586:Drivers/CMSIS/Include/core_cm7.h **** #define SCB_SCR_SLEEPDEEP_Pos               2U                                            /*!< SCB 
 587:Drivers/CMSIS/Include/core_cm7.h **** #define SCB_SCR_SLEEPDEEP_Msk              (1UL << SCB_SCR_SLEEPDEEP_Pos)                 /*!< SCB 
 588:Drivers/CMSIS/Include/core_cm7.h **** 
ARM GAS  C:\Users\admin\AppData\Local\Temp\ccwPfCrn.s 			page 29


 589:Drivers/CMSIS/Include/core_cm7.h **** #define SCB_SCR_SLEEPONEXIT_Pos             1U                                            /*!< SCB 
 590:Drivers/CMSIS/Include/core_cm7.h **** #define SCB_SCR_SLEEPONEXIT_Msk            (1UL << SCB_SCR_SLEEPONEXIT_Pos)               /*!< SCB 
 591:Drivers/CMSIS/Include/core_cm7.h **** 
 592:Drivers/CMSIS/Include/core_cm7.h **** /* SCB Configuration Control Register Definitions */
 593:Drivers/CMSIS/Include/core_cm7.h **** #define SCB_CCR_BP_Pos                      18U                                           /*!< SCB 
 594:Drivers/CMSIS/Include/core_cm7.h **** #define SCB_CCR_BP_Msk                     (1UL << SCB_CCR_BP_Pos)                        /*!< SCB 
 595:Drivers/CMSIS/Include/core_cm7.h **** 
 596:Drivers/CMSIS/Include/core_cm7.h **** #define SCB_CCR_IC_Pos                      17U                                           /*!< SCB 
 597:Drivers/CMSIS/Include/core_cm7.h **** #define SCB_CCR_IC_Msk                     (1UL << SCB_CCR_IC_Pos)                        /*!< SCB 
 598:Drivers/CMSIS/Include/core_cm7.h **** 
 599:Drivers/CMSIS/Include/core_cm7.h **** #define SCB_CCR_DC_Pos                      16U                                           /*!< SCB 
 600:Drivers/CMSIS/Include/core_cm7.h **** #define SCB_CCR_DC_Msk                     (1UL << SCB_CCR_DC_Pos)                        /*!< SCB 
 601:Drivers/CMSIS/Include/core_cm7.h **** 
 602:Drivers/CMSIS/Include/core_cm7.h **** #define SCB_CCR_STKALIGN_Pos                9U                                            /*!< SCB 
 603:Drivers/CMSIS/Include/core_cm7.h **** #define SCB_CCR_STKALIGN_Msk               (1UL << SCB_CCR_STKALIGN_Pos)                  /*!< SCB 
 604:Drivers/CMSIS/Include/core_cm7.h **** 
 605:Drivers/CMSIS/Include/core_cm7.h **** #define SCB_CCR_BFHFNMIGN_Pos               8U                                            /*!< SCB 
 606:Drivers/CMSIS/Include/core_cm7.h **** #define SCB_CCR_BFHFNMIGN_Msk              (1UL << SCB_CCR_BFHFNMIGN_Pos)                 /*!< SCB 
 607:Drivers/CMSIS/Include/core_cm7.h **** 
 608:Drivers/CMSIS/Include/core_cm7.h **** #define SCB_CCR_DIV_0_TRP_Pos               4U                                            /*!< SCB 
 609:Drivers/CMSIS/Include/core_cm7.h **** #define SCB_CCR_DIV_0_TRP_Msk              (1UL << SCB_CCR_DIV_0_TRP_Pos)                 /*!< SCB 
 610:Drivers/CMSIS/Include/core_cm7.h **** 
 611:Drivers/CMSIS/Include/core_cm7.h **** #define SCB_CCR_UNALIGN_TRP_Pos             3U                                            /*!< SCB 
 612:Drivers/CMSIS/Include/core_cm7.h **** #define SCB_CCR_UNALIGN_TRP_Msk            (1UL << SCB_CCR_UNALIGN_TRP_Pos)               /*!< SCB 
 613:Drivers/CMSIS/Include/core_cm7.h **** 
 614:Drivers/CMSIS/Include/core_cm7.h **** #define SCB_CCR_USERSETMPEND_Pos            1U                                            /*!< SCB 
 615:Drivers/CMSIS/Include/core_cm7.h **** #define SCB_CCR_USERSETMPEND_Msk           (1UL << SCB_CCR_USERSETMPEND_Pos)              /*!< SCB 
 616:Drivers/CMSIS/Include/core_cm7.h **** 
 617:Drivers/CMSIS/Include/core_cm7.h **** #define SCB_CCR_NONBASETHRDENA_Pos          0U                                            /*!< SCB 
 618:Drivers/CMSIS/Include/core_cm7.h **** #define SCB_CCR_NONBASETHRDENA_Msk         (1UL /*<< SCB_CCR_NONBASETHRDENA_Pos*/)        /*!< SCB 
 619:Drivers/CMSIS/Include/core_cm7.h **** 
 620:Drivers/CMSIS/Include/core_cm7.h **** /* SCB System Handler Control and State Register Definitions */
 621:Drivers/CMSIS/Include/core_cm7.h **** #define SCB_SHCSR_USGFAULTENA_Pos          18U                                            /*!< SCB 
 622:Drivers/CMSIS/Include/core_cm7.h **** #define SCB_SHCSR_USGFAULTENA_Msk          (1UL << SCB_SHCSR_USGFAULTENA_Pos)             /*!< SCB 
 623:Drivers/CMSIS/Include/core_cm7.h **** 
 624:Drivers/CMSIS/Include/core_cm7.h **** #define SCB_SHCSR_BUSFAULTENA_Pos          17U                                            /*!< SCB 
 625:Drivers/CMSIS/Include/core_cm7.h **** #define SCB_SHCSR_BUSFAULTENA_Msk          (1UL << SCB_SHCSR_BUSFAULTENA_Pos)             /*!< SCB 
 626:Drivers/CMSIS/Include/core_cm7.h **** 
 627:Drivers/CMSIS/Include/core_cm7.h **** #define SCB_SHCSR_MEMFAULTENA_Pos          16U                                            /*!< SCB 
 628:Drivers/CMSIS/Include/core_cm7.h **** #define SCB_SHCSR_MEMFAULTENA_Msk          (1UL << SCB_SHCSR_MEMFAULTENA_Pos)             /*!< SCB 
 629:Drivers/CMSIS/Include/core_cm7.h **** 
 630:Drivers/CMSIS/Include/core_cm7.h **** #define SCB_SHCSR_SVCALLPENDED_Pos         15U                                            /*!< SCB 
 631:Drivers/CMSIS/Include/core_cm7.h **** #define SCB_SHCSR_SVCALLPENDED_Msk         (1UL << SCB_SHCSR_SVCALLPENDED_Pos)            /*!< SCB 
 632:Drivers/CMSIS/Include/core_cm7.h **** 
 633:Drivers/CMSIS/Include/core_cm7.h **** #define SCB_SHCSR_BUSFAULTPENDED_Pos       14U                                            /*!< SCB 
 634:Drivers/CMSIS/Include/core_cm7.h **** #define SCB_SHCSR_BUSFAULTPENDED_Msk       (1UL << SCB_SHCSR_BUSFAULTPENDED_Pos)          /*!< SCB 
 635:Drivers/CMSIS/Include/core_cm7.h **** 
 636:Drivers/CMSIS/Include/core_cm7.h **** #define SCB_SHCSR_MEMFAULTPENDED_Pos       13U                                            /*!< SCB 
 637:Drivers/CMSIS/Include/core_cm7.h **** #define SCB_SHCSR_MEMFAULTPENDED_Msk       (1UL << SCB_SHCSR_MEMFAULTPENDED_Pos)          /*!< SCB 
 638:Drivers/CMSIS/Include/core_cm7.h **** 
 639:Drivers/CMSIS/Include/core_cm7.h **** #define SCB_SHCSR_USGFAULTPENDED_Pos       12U                                            /*!< SCB 
 640:Drivers/CMSIS/Include/core_cm7.h **** #define SCB_SHCSR_USGFAULTPENDED_Msk       (1UL << SCB_SHCSR_USGFAULTPENDED_Pos)          /*!< SCB 
 641:Drivers/CMSIS/Include/core_cm7.h **** 
 642:Drivers/CMSIS/Include/core_cm7.h **** #define SCB_SHCSR_SYSTICKACT_Pos           11U                                            /*!< SCB 
 643:Drivers/CMSIS/Include/core_cm7.h **** #define SCB_SHCSR_SYSTICKACT_Msk           (1UL << SCB_SHCSR_SYSTICKACT_Pos)              /*!< SCB 
 644:Drivers/CMSIS/Include/core_cm7.h **** 
 645:Drivers/CMSIS/Include/core_cm7.h **** #define SCB_SHCSR_PENDSVACT_Pos            10U                                            /*!< SCB 
ARM GAS  C:\Users\admin\AppData\Local\Temp\ccwPfCrn.s 			page 30


 646:Drivers/CMSIS/Include/core_cm7.h **** #define SCB_SHCSR_PENDSVACT_Msk            (1UL << SCB_SHCSR_PENDSVACT_Pos)               /*!< SCB 
 647:Drivers/CMSIS/Include/core_cm7.h **** 
 648:Drivers/CMSIS/Include/core_cm7.h **** #define SCB_SHCSR_MONITORACT_Pos            8U                                            /*!< SCB 
 649:Drivers/CMSIS/Include/core_cm7.h **** #define SCB_SHCSR_MONITORACT_Msk           (1UL << SCB_SHCSR_MONITORACT_Pos)              /*!< SCB 
 650:Drivers/CMSIS/Include/core_cm7.h **** 
 651:Drivers/CMSIS/Include/core_cm7.h **** #define SCB_SHCSR_SVCALLACT_Pos             7U                                            /*!< SCB 
 652:Drivers/CMSIS/Include/core_cm7.h **** #define SCB_SHCSR_SVCALLACT_Msk            (1UL << SCB_SHCSR_SVCALLACT_Pos)               /*!< SCB 
 653:Drivers/CMSIS/Include/core_cm7.h **** 
 654:Drivers/CMSIS/Include/core_cm7.h **** #define SCB_SHCSR_USGFAULTACT_Pos           3U                                            /*!< SCB 
 655:Drivers/CMSIS/Include/core_cm7.h **** #define SCB_SHCSR_USGFAULTACT_Msk          (1UL << SCB_SHCSR_USGFAULTACT_Pos)             /*!< SCB 
 656:Drivers/CMSIS/Include/core_cm7.h **** 
 657:Drivers/CMSIS/Include/core_cm7.h **** #define SCB_SHCSR_BUSFAULTACT_Pos           1U                                            /*!< SCB 
 658:Drivers/CMSIS/Include/core_cm7.h **** #define SCB_SHCSR_BUSFAULTACT_Msk          (1UL << SCB_SHCSR_BUSFAULTACT_Pos)             /*!< SCB 
 659:Drivers/CMSIS/Include/core_cm7.h **** 
 660:Drivers/CMSIS/Include/core_cm7.h **** #define SCB_SHCSR_MEMFAULTACT_Pos           0U                                            /*!< SCB 
 661:Drivers/CMSIS/Include/core_cm7.h **** #define SCB_SHCSR_MEMFAULTACT_Msk          (1UL /*<< SCB_SHCSR_MEMFAULTACT_Pos*/)         /*!< SCB 
 662:Drivers/CMSIS/Include/core_cm7.h **** 
 663:Drivers/CMSIS/Include/core_cm7.h **** /* SCB Configurable Fault Status Register Definitions */
 664:Drivers/CMSIS/Include/core_cm7.h **** #define SCB_CFSR_USGFAULTSR_Pos            16U                                            /*!< SCB 
 665:Drivers/CMSIS/Include/core_cm7.h **** #define SCB_CFSR_USGFAULTSR_Msk            (0xFFFFUL << SCB_CFSR_USGFAULTSR_Pos)          /*!< SCB 
 666:Drivers/CMSIS/Include/core_cm7.h **** 
 667:Drivers/CMSIS/Include/core_cm7.h **** #define SCB_CFSR_BUSFAULTSR_Pos             8U                                            /*!< SCB 
 668:Drivers/CMSIS/Include/core_cm7.h **** #define SCB_CFSR_BUSFAULTSR_Msk            (0xFFUL << SCB_CFSR_BUSFAULTSR_Pos)            /*!< SCB 
 669:Drivers/CMSIS/Include/core_cm7.h **** 
 670:Drivers/CMSIS/Include/core_cm7.h **** #define SCB_CFSR_MEMFAULTSR_Pos             0U                                            /*!< SCB 
 671:Drivers/CMSIS/Include/core_cm7.h **** #define SCB_CFSR_MEMFAULTSR_Msk            (0xFFUL /*<< SCB_CFSR_MEMFAULTSR_Pos*/)        /*!< SCB 
 672:Drivers/CMSIS/Include/core_cm7.h **** 
 673:Drivers/CMSIS/Include/core_cm7.h **** /* MemManage Fault Status Register (part of SCB Configurable Fault Status Register) */
 674:Drivers/CMSIS/Include/core_cm7.h **** #define SCB_CFSR_MMARVALID_Pos             (SCB_SHCSR_MEMFAULTACT_Pos + 7U)               /*!< SCB 
 675:Drivers/CMSIS/Include/core_cm7.h **** #define SCB_CFSR_MMARVALID_Msk             (1UL << SCB_CFSR_MMARVALID_Pos)                /*!< SCB 
 676:Drivers/CMSIS/Include/core_cm7.h **** 
 677:Drivers/CMSIS/Include/core_cm7.h **** #define SCB_CFSR_MLSPERR_Pos               (SCB_SHCSR_MEMFAULTACT_Pos + 5U)               /*!< SCB 
 678:Drivers/CMSIS/Include/core_cm7.h **** #define SCB_CFSR_MLSPERR_Msk               (1UL << SCB_CFSR_MLSPERR_Pos)                  /*!< SCB 
 679:Drivers/CMSIS/Include/core_cm7.h **** 
 680:Drivers/CMSIS/Include/core_cm7.h **** #define SCB_CFSR_MSTKERR_Pos               (SCB_SHCSR_MEMFAULTACT_Pos + 4U)               /*!< SCB 
 681:Drivers/CMSIS/Include/core_cm7.h **** #define SCB_CFSR_MSTKERR_Msk               (1UL << SCB_CFSR_MSTKERR_Pos)                  /*!< SCB 
 682:Drivers/CMSIS/Include/core_cm7.h **** 
 683:Drivers/CMSIS/Include/core_cm7.h **** #define SCB_CFSR_MUNSTKERR_Pos             (SCB_SHCSR_MEMFAULTACT_Pos + 3U)               /*!< SCB 
 684:Drivers/CMSIS/Include/core_cm7.h **** #define SCB_CFSR_MUNSTKERR_Msk             (1UL << SCB_CFSR_MUNSTKERR_Pos)                /*!< SCB 
 685:Drivers/CMSIS/Include/core_cm7.h **** 
 686:Drivers/CMSIS/Include/core_cm7.h **** #define SCB_CFSR_DACCVIOL_Pos              (SCB_SHCSR_MEMFAULTACT_Pos + 1U)               /*!< SCB 
 687:Drivers/CMSIS/Include/core_cm7.h **** #define SCB_CFSR_DACCVIOL_Msk              (1UL << SCB_CFSR_DACCVIOL_Pos)                 /*!< SCB 
 688:Drivers/CMSIS/Include/core_cm7.h **** 
 689:Drivers/CMSIS/Include/core_cm7.h **** #define SCB_CFSR_IACCVIOL_Pos              (SCB_SHCSR_MEMFAULTACT_Pos + 0U)               /*!< SCB 
 690:Drivers/CMSIS/Include/core_cm7.h **** #define SCB_CFSR_IACCVIOL_Msk              (1UL /*<< SCB_CFSR_IACCVIOL_Pos*/)             /*!< SCB 
 691:Drivers/CMSIS/Include/core_cm7.h **** 
 692:Drivers/CMSIS/Include/core_cm7.h **** /* BusFault Status Register (part of SCB Configurable Fault Status Register) */
 693:Drivers/CMSIS/Include/core_cm7.h **** #define SCB_CFSR_BFARVALID_Pos            (SCB_CFSR_BUSFAULTSR_Pos + 7U)                  /*!< SCB 
 694:Drivers/CMSIS/Include/core_cm7.h **** #define SCB_CFSR_BFARVALID_Msk            (1UL << SCB_CFSR_BFARVALID_Pos)                 /*!< SCB 
 695:Drivers/CMSIS/Include/core_cm7.h **** 
 696:Drivers/CMSIS/Include/core_cm7.h **** #define SCB_CFSR_LSPERR_Pos               (SCB_CFSR_BUSFAULTSR_Pos + 5U)                  /*!< SCB 
 697:Drivers/CMSIS/Include/core_cm7.h **** #define SCB_CFSR_LSPERR_Msk               (1UL << SCB_CFSR_LSPERR_Pos)                    /*!< SCB 
 698:Drivers/CMSIS/Include/core_cm7.h **** 
 699:Drivers/CMSIS/Include/core_cm7.h **** #define SCB_CFSR_STKERR_Pos               (SCB_CFSR_BUSFAULTSR_Pos + 4U)                  /*!< SCB 
 700:Drivers/CMSIS/Include/core_cm7.h **** #define SCB_CFSR_STKERR_Msk               (1UL << SCB_CFSR_STKERR_Pos)                    /*!< SCB 
 701:Drivers/CMSIS/Include/core_cm7.h **** 
 702:Drivers/CMSIS/Include/core_cm7.h **** #define SCB_CFSR_UNSTKERR_Pos             (SCB_CFSR_BUSFAULTSR_Pos + 3U)                  /*!< SCB 
ARM GAS  C:\Users\admin\AppData\Local\Temp\ccwPfCrn.s 			page 31


 703:Drivers/CMSIS/Include/core_cm7.h **** #define SCB_CFSR_UNSTKERR_Msk             (1UL << SCB_CFSR_UNSTKERR_Pos)                  /*!< SCB 
 704:Drivers/CMSIS/Include/core_cm7.h **** 
 705:Drivers/CMSIS/Include/core_cm7.h **** #define SCB_CFSR_IMPRECISERR_Pos          (SCB_CFSR_BUSFAULTSR_Pos + 2U)                  /*!< SCB 
 706:Drivers/CMSIS/Include/core_cm7.h **** #define SCB_CFSR_IMPRECISERR_Msk          (1UL << SCB_CFSR_IMPRECISERR_Pos)               /*!< SCB 
 707:Drivers/CMSIS/Include/core_cm7.h **** 
 708:Drivers/CMSIS/Include/core_cm7.h **** #define SCB_CFSR_PRECISERR_Pos            (SCB_CFSR_BUSFAULTSR_Pos + 1U)                  /*!< SCB 
 709:Drivers/CMSIS/Include/core_cm7.h **** #define SCB_CFSR_PRECISERR_Msk            (1UL << SCB_CFSR_PRECISERR_Pos)                 /*!< SCB 
 710:Drivers/CMSIS/Include/core_cm7.h **** 
 711:Drivers/CMSIS/Include/core_cm7.h **** #define SCB_CFSR_IBUSERR_Pos              (SCB_CFSR_BUSFAULTSR_Pos + 0U)                  /*!< SCB 
 712:Drivers/CMSIS/Include/core_cm7.h **** #define SCB_CFSR_IBUSERR_Msk              (1UL << SCB_CFSR_IBUSERR_Pos)                   /*!< SCB 
 713:Drivers/CMSIS/Include/core_cm7.h **** 
 714:Drivers/CMSIS/Include/core_cm7.h **** /* UsageFault Status Register (part of SCB Configurable Fault Status Register) */
 715:Drivers/CMSIS/Include/core_cm7.h **** #define SCB_CFSR_DIVBYZERO_Pos            (SCB_CFSR_USGFAULTSR_Pos + 9U)                  /*!< SCB 
 716:Drivers/CMSIS/Include/core_cm7.h **** #define SCB_CFSR_DIVBYZERO_Msk            (1UL << SCB_CFSR_DIVBYZERO_Pos)                 /*!< SCB 
 717:Drivers/CMSIS/Include/core_cm7.h **** 
 718:Drivers/CMSIS/Include/core_cm7.h **** #define SCB_CFSR_UNALIGNED_Pos            (SCB_CFSR_USGFAULTSR_Pos + 8U)                  /*!< SCB 
 719:Drivers/CMSIS/Include/core_cm7.h **** #define SCB_CFSR_UNALIGNED_Msk            (1UL << SCB_CFSR_UNALIGNED_Pos)                 /*!< SCB 
 720:Drivers/CMSIS/Include/core_cm7.h **** 
 721:Drivers/CMSIS/Include/core_cm7.h **** #define SCB_CFSR_NOCP_Pos                 (SCB_CFSR_USGFAULTSR_Pos + 3U)                  /*!< SCB 
 722:Drivers/CMSIS/Include/core_cm7.h **** #define SCB_CFSR_NOCP_Msk                 (1UL << SCB_CFSR_NOCP_Pos)                      /*!< SCB 
 723:Drivers/CMSIS/Include/core_cm7.h **** 
 724:Drivers/CMSIS/Include/core_cm7.h **** #define SCB_CFSR_INVPC_Pos                (SCB_CFSR_USGFAULTSR_Pos + 2U)                  /*!< SCB 
 725:Drivers/CMSIS/Include/core_cm7.h **** #define SCB_CFSR_INVPC_Msk                (1UL << SCB_CFSR_INVPC_Pos)                     /*!< SCB 
 726:Drivers/CMSIS/Include/core_cm7.h **** 
 727:Drivers/CMSIS/Include/core_cm7.h **** #define SCB_CFSR_INVSTATE_Pos             (SCB_CFSR_USGFAULTSR_Pos + 1U)                  /*!< SCB 
 728:Drivers/CMSIS/Include/core_cm7.h **** #define SCB_CFSR_INVSTATE_Msk             (1UL << SCB_CFSR_INVSTATE_Pos)                  /*!< SCB 
 729:Drivers/CMSIS/Include/core_cm7.h **** 
 730:Drivers/CMSIS/Include/core_cm7.h **** #define SCB_CFSR_UNDEFINSTR_Pos           (SCB_CFSR_USGFAULTSR_Pos + 0U)                  /*!< SCB 
 731:Drivers/CMSIS/Include/core_cm7.h **** #define SCB_CFSR_UNDEFINSTR_Msk           (1UL << SCB_CFSR_UNDEFINSTR_Pos)                /*!< SCB 
 732:Drivers/CMSIS/Include/core_cm7.h **** 
 733:Drivers/CMSIS/Include/core_cm7.h **** /* SCB Hard Fault Status Register Definitions */
 734:Drivers/CMSIS/Include/core_cm7.h **** #define SCB_HFSR_DEBUGEVT_Pos              31U                                            /*!< SCB 
 735:Drivers/CMSIS/Include/core_cm7.h **** #define SCB_HFSR_DEBUGEVT_Msk              (1UL << SCB_HFSR_DEBUGEVT_Pos)                 /*!< SCB 
 736:Drivers/CMSIS/Include/core_cm7.h **** 
 737:Drivers/CMSIS/Include/core_cm7.h **** #define SCB_HFSR_FORCED_Pos                30U                                            /*!< SCB 
 738:Drivers/CMSIS/Include/core_cm7.h **** #define SCB_HFSR_FORCED_Msk                (1UL << SCB_HFSR_FORCED_Pos)                   /*!< SCB 
 739:Drivers/CMSIS/Include/core_cm7.h **** 
 740:Drivers/CMSIS/Include/core_cm7.h **** #define SCB_HFSR_VECTTBL_Pos                1U                                            /*!< SCB 
 741:Drivers/CMSIS/Include/core_cm7.h **** #define SCB_HFSR_VECTTBL_Msk               (1UL << SCB_HFSR_VECTTBL_Pos)                  /*!< SCB 
 742:Drivers/CMSIS/Include/core_cm7.h **** 
 743:Drivers/CMSIS/Include/core_cm7.h **** /* SCB Debug Fault Status Register Definitions */
 744:Drivers/CMSIS/Include/core_cm7.h **** #define SCB_DFSR_EXTERNAL_Pos               4U                                            /*!< SCB 
 745:Drivers/CMSIS/Include/core_cm7.h **** #define SCB_DFSR_EXTERNAL_Msk              (1UL << SCB_DFSR_EXTERNAL_Pos)                 /*!< SCB 
 746:Drivers/CMSIS/Include/core_cm7.h **** 
 747:Drivers/CMSIS/Include/core_cm7.h **** #define SCB_DFSR_VCATCH_Pos                 3U                                            /*!< SCB 
 748:Drivers/CMSIS/Include/core_cm7.h **** #define SCB_DFSR_VCATCH_Msk                (1UL << SCB_DFSR_VCATCH_Pos)                   /*!< SCB 
 749:Drivers/CMSIS/Include/core_cm7.h **** 
 750:Drivers/CMSIS/Include/core_cm7.h **** #define SCB_DFSR_DWTTRAP_Pos                2U                                            /*!< SCB 
 751:Drivers/CMSIS/Include/core_cm7.h **** #define SCB_DFSR_DWTTRAP_Msk               (1UL << SCB_DFSR_DWTTRAP_Pos)                  /*!< SCB 
 752:Drivers/CMSIS/Include/core_cm7.h **** 
 753:Drivers/CMSIS/Include/core_cm7.h **** #define SCB_DFSR_BKPT_Pos                   1U                                            /*!< SCB 
 754:Drivers/CMSIS/Include/core_cm7.h **** #define SCB_DFSR_BKPT_Msk                  (1UL << SCB_DFSR_BKPT_Pos)                     /*!< SCB 
 755:Drivers/CMSIS/Include/core_cm7.h **** 
 756:Drivers/CMSIS/Include/core_cm7.h **** #define SCB_DFSR_HALTED_Pos                 0U                                            /*!< SCB 
 757:Drivers/CMSIS/Include/core_cm7.h **** #define SCB_DFSR_HALTED_Msk                (1UL /*<< SCB_DFSR_HALTED_Pos*/)               /*!< SCB 
 758:Drivers/CMSIS/Include/core_cm7.h **** 
 759:Drivers/CMSIS/Include/core_cm7.h **** /* SCB Cache Level ID Register Definitions */
ARM GAS  C:\Users\admin\AppData\Local\Temp\ccwPfCrn.s 			page 32


 760:Drivers/CMSIS/Include/core_cm7.h **** #define SCB_CLIDR_LOUU_Pos                 27U                                            /*!< SCB 
 761:Drivers/CMSIS/Include/core_cm7.h **** #define SCB_CLIDR_LOUU_Msk                 (7UL << SCB_CLIDR_LOUU_Pos)                    /*!< SCB 
 762:Drivers/CMSIS/Include/core_cm7.h **** 
 763:Drivers/CMSIS/Include/core_cm7.h **** #define SCB_CLIDR_LOC_Pos                  24U                                            /*!< SCB 
 764:Drivers/CMSIS/Include/core_cm7.h **** #define SCB_CLIDR_LOC_Msk                  (7UL << SCB_CLIDR_LOC_Pos)                     /*!< SCB 
 765:Drivers/CMSIS/Include/core_cm7.h **** 
 766:Drivers/CMSIS/Include/core_cm7.h **** /* SCB Cache Type Register Definitions */
 767:Drivers/CMSIS/Include/core_cm7.h **** #define SCB_CTR_FORMAT_Pos                 29U                                            /*!< SCB 
 768:Drivers/CMSIS/Include/core_cm7.h **** #define SCB_CTR_FORMAT_Msk                 (7UL << SCB_CTR_FORMAT_Pos)                    /*!< SCB 
 769:Drivers/CMSIS/Include/core_cm7.h **** 
 770:Drivers/CMSIS/Include/core_cm7.h **** #define SCB_CTR_CWG_Pos                    24U                                            /*!< SCB 
 771:Drivers/CMSIS/Include/core_cm7.h **** #define SCB_CTR_CWG_Msk                    (0xFUL << SCB_CTR_CWG_Pos)                     /*!< SCB 
 772:Drivers/CMSIS/Include/core_cm7.h **** 
 773:Drivers/CMSIS/Include/core_cm7.h **** #define SCB_CTR_ERG_Pos                    20U                                            /*!< SCB 
 774:Drivers/CMSIS/Include/core_cm7.h **** #define SCB_CTR_ERG_Msk                    (0xFUL << SCB_CTR_ERG_Pos)                     /*!< SCB 
 775:Drivers/CMSIS/Include/core_cm7.h **** 
 776:Drivers/CMSIS/Include/core_cm7.h **** #define SCB_CTR_DMINLINE_Pos               16U                                            /*!< SCB 
 777:Drivers/CMSIS/Include/core_cm7.h **** #define SCB_CTR_DMINLINE_Msk               (0xFUL << SCB_CTR_DMINLINE_Pos)                /*!< SCB 
 778:Drivers/CMSIS/Include/core_cm7.h **** 
 779:Drivers/CMSIS/Include/core_cm7.h **** #define SCB_CTR_IMINLINE_Pos                0U                                            /*!< SCB 
 780:Drivers/CMSIS/Include/core_cm7.h **** #define SCB_CTR_IMINLINE_Msk               (0xFUL /*<< SCB_CTR_IMINLINE_Pos*/)            /*!< SCB 
 781:Drivers/CMSIS/Include/core_cm7.h **** 
 782:Drivers/CMSIS/Include/core_cm7.h **** /* SCB Cache Size ID Register Definitions */
 783:Drivers/CMSIS/Include/core_cm7.h **** #define SCB_CCSIDR_WT_Pos                  31U                                            /*!< SCB 
 784:Drivers/CMSIS/Include/core_cm7.h **** #define SCB_CCSIDR_WT_Msk                  (1UL << SCB_CCSIDR_WT_Pos)                     /*!< SCB 
 785:Drivers/CMSIS/Include/core_cm7.h **** 
 786:Drivers/CMSIS/Include/core_cm7.h **** #define SCB_CCSIDR_WB_Pos                  30U                                            /*!< SCB 
 787:Drivers/CMSIS/Include/core_cm7.h **** #define SCB_CCSIDR_WB_Msk                  (1UL << SCB_CCSIDR_WB_Pos)                     /*!< SCB 
 788:Drivers/CMSIS/Include/core_cm7.h **** 
 789:Drivers/CMSIS/Include/core_cm7.h **** #define SCB_CCSIDR_RA_Pos                  29U                                            /*!< SCB 
 790:Drivers/CMSIS/Include/core_cm7.h **** #define SCB_CCSIDR_RA_Msk                  (1UL << SCB_CCSIDR_RA_Pos)                     /*!< SCB 
 791:Drivers/CMSIS/Include/core_cm7.h **** 
 792:Drivers/CMSIS/Include/core_cm7.h **** #define SCB_CCSIDR_WA_Pos                  28U                                            /*!< SCB 
 793:Drivers/CMSIS/Include/core_cm7.h **** #define SCB_CCSIDR_WA_Msk                  (1UL << SCB_CCSIDR_WA_Pos)                     /*!< SCB 
 794:Drivers/CMSIS/Include/core_cm7.h **** 
 795:Drivers/CMSIS/Include/core_cm7.h **** #define SCB_CCSIDR_NUMSETS_Pos             13U                                            /*!< SCB 
 796:Drivers/CMSIS/Include/core_cm7.h **** #define SCB_CCSIDR_NUMSETS_Msk             (0x7FFFUL << SCB_CCSIDR_NUMSETS_Pos)           /*!< SCB 
 797:Drivers/CMSIS/Include/core_cm7.h **** 
 798:Drivers/CMSIS/Include/core_cm7.h **** #define SCB_CCSIDR_ASSOCIATIVITY_Pos        3U                                            /*!< SCB 
 799:Drivers/CMSIS/Include/core_cm7.h **** #define SCB_CCSIDR_ASSOCIATIVITY_Msk       (0x3FFUL << SCB_CCSIDR_ASSOCIATIVITY_Pos)      /*!< SCB 
 800:Drivers/CMSIS/Include/core_cm7.h **** 
 801:Drivers/CMSIS/Include/core_cm7.h **** #define SCB_CCSIDR_LINESIZE_Pos             0U                                            /*!< SCB 
 802:Drivers/CMSIS/Include/core_cm7.h **** #define SCB_CCSIDR_LINESIZE_Msk            (7UL /*<< SCB_CCSIDR_LINESIZE_Pos*/)           /*!< SCB 
 803:Drivers/CMSIS/Include/core_cm7.h **** 
 804:Drivers/CMSIS/Include/core_cm7.h **** /* SCB Cache Size Selection Register Definitions */
 805:Drivers/CMSIS/Include/core_cm7.h **** #define SCB_CSSELR_LEVEL_Pos                1U                                            /*!< SCB 
 806:Drivers/CMSIS/Include/core_cm7.h **** #define SCB_CSSELR_LEVEL_Msk               (7UL << SCB_CSSELR_LEVEL_Pos)                  /*!< SCB 
 807:Drivers/CMSIS/Include/core_cm7.h **** 
 808:Drivers/CMSIS/Include/core_cm7.h **** #define SCB_CSSELR_IND_Pos                  0U                                            /*!< SCB 
 809:Drivers/CMSIS/Include/core_cm7.h **** #define SCB_CSSELR_IND_Msk                 (1UL /*<< SCB_CSSELR_IND_Pos*/)                /*!< SCB 
 810:Drivers/CMSIS/Include/core_cm7.h **** 
 811:Drivers/CMSIS/Include/core_cm7.h **** /* SCB Software Triggered Interrupt Register Definitions */
 812:Drivers/CMSIS/Include/core_cm7.h **** #define SCB_STIR_INTID_Pos                  0U                                            /*!< SCB 
 813:Drivers/CMSIS/Include/core_cm7.h **** #define SCB_STIR_INTID_Msk                 (0x1FFUL /*<< SCB_STIR_INTID_Pos*/)            /*!< SCB 
 814:Drivers/CMSIS/Include/core_cm7.h **** 
 815:Drivers/CMSIS/Include/core_cm7.h **** /* SCB D-Cache Invalidate by Set-way Register Definitions */
 816:Drivers/CMSIS/Include/core_cm7.h **** #define SCB_DCISW_WAY_Pos                  30U                                            /*!< SCB 
ARM GAS  C:\Users\admin\AppData\Local\Temp\ccwPfCrn.s 			page 33


 817:Drivers/CMSIS/Include/core_cm7.h **** #define SCB_DCISW_WAY_Msk                  (3UL << SCB_DCISW_WAY_Pos)                     /*!< SCB 
 818:Drivers/CMSIS/Include/core_cm7.h **** 
 819:Drivers/CMSIS/Include/core_cm7.h **** #define SCB_DCISW_SET_Pos                   5U                                            /*!< SCB 
 820:Drivers/CMSIS/Include/core_cm7.h **** #define SCB_DCISW_SET_Msk                  (0x1FFUL << SCB_DCISW_SET_Pos)                 /*!< SCB 
 821:Drivers/CMSIS/Include/core_cm7.h **** 
 822:Drivers/CMSIS/Include/core_cm7.h **** /* SCB D-Cache Clean by Set-way Register Definitions */
 823:Drivers/CMSIS/Include/core_cm7.h **** #define SCB_DCCSW_WAY_Pos                  30U                                            /*!< SCB 
 824:Drivers/CMSIS/Include/core_cm7.h **** #define SCB_DCCSW_WAY_Msk                  (3UL << SCB_DCCSW_WAY_Pos)                     /*!< SCB 
 825:Drivers/CMSIS/Include/core_cm7.h **** 
 826:Drivers/CMSIS/Include/core_cm7.h **** #define SCB_DCCSW_SET_Pos                   5U                                            /*!< SCB 
 827:Drivers/CMSIS/Include/core_cm7.h **** #define SCB_DCCSW_SET_Msk                  (0x1FFUL << SCB_DCCSW_SET_Pos)                 /*!< SCB 
 828:Drivers/CMSIS/Include/core_cm7.h **** 
 829:Drivers/CMSIS/Include/core_cm7.h **** /* SCB D-Cache Clean and Invalidate by Set-way Register Definitions */
 830:Drivers/CMSIS/Include/core_cm7.h **** #define SCB_DCCISW_WAY_Pos                 30U                                            /*!< SCB 
 831:Drivers/CMSIS/Include/core_cm7.h **** #define SCB_DCCISW_WAY_Msk                 (3UL << SCB_DCCISW_WAY_Pos)                    /*!< SCB 
 832:Drivers/CMSIS/Include/core_cm7.h **** 
 833:Drivers/CMSIS/Include/core_cm7.h **** #define SCB_DCCISW_SET_Pos                  5U                                            /*!< SCB 
 834:Drivers/CMSIS/Include/core_cm7.h **** #define SCB_DCCISW_SET_Msk                 (0x1FFUL << SCB_DCCISW_SET_Pos)                /*!< SCB 
 835:Drivers/CMSIS/Include/core_cm7.h **** 
 836:Drivers/CMSIS/Include/core_cm7.h **** /* Instruction Tightly-Coupled Memory Control Register Definitions */
 837:Drivers/CMSIS/Include/core_cm7.h **** #define SCB_ITCMCR_SZ_Pos                   3U                                            /*!< SCB 
 838:Drivers/CMSIS/Include/core_cm7.h **** #define SCB_ITCMCR_SZ_Msk                  (0xFUL << SCB_ITCMCR_SZ_Pos)                   /*!< SCB 
 839:Drivers/CMSIS/Include/core_cm7.h **** 
 840:Drivers/CMSIS/Include/core_cm7.h **** #define SCB_ITCMCR_RETEN_Pos                2U                                            /*!< SCB 
 841:Drivers/CMSIS/Include/core_cm7.h **** #define SCB_ITCMCR_RETEN_Msk               (1UL << SCB_ITCMCR_RETEN_Pos)                  /*!< SCB 
 842:Drivers/CMSIS/Include/core_cm7.h **** 
 843:Drivers/CMSIS/Include/core_cm7.h **** #define SCB_ITCMCR_RMW_Pos                  1U                                            /*!< SCB 
 844:Drivers/CMSIS/Include/core_cm7.h **** #define SCB_ITCMCR_RMW_Msk                 (1UL << SCB_ITCMCR_RMW_Pos)                    /*!< SCB 
 845:Drivers/CMSIS/Include/core_cm7.h **** 
 846:Drivers/CMSIS/Include/core_cm7.h **** #define SCB_ITCMCR_EN_Pos                   0U                                            /*!< SCB 
 847:Drivers/CMSIS/Include/core_cm7.h **** #define SCB_ITCMCR_EN_Msk                  (1UL /*<< SCB_ITCMCR_EN_Pos*/)                 /*!< SCB 
 848:Drivers/CMSIS/Include/core_cm7.h **** 
 849:Drivers/CMSIS/Include/core_cm7.h **** /* Data Tightly-Coupled Memory Control Register Definitions */
 850:Drivers/CMSIS/Include/core_cm7.h **** #define SCB_DTCMCR_SZ_Pos                   3U                                            /*!< SCB 
 851:Drivers/CMSIS/Include/core_cm7.h **** #define SCB_DTCMCR_SZ_Msk                  (0xFUL << SCB_DTCMCR_SZ_Pos)                   /*!< SCB 
 852:Drivers/CMSIS/Include/core_cm7.h **** 
 853:Drivers/CMSIS/Include/core_cm7.h **** #define SCB_DTCMCR_RETEN_Pos                2U                                            /*!< SCB 
 854:Drivers/CMSIS/Include/core_cm7.h **** #define SCB_DTCMCR_RETEN_Msk               (1UL << SCB_DTCMCR_RETEN_Pos)                   /*!< SCB
 855:Drivers/CMSIS/Include/core_cm7.h **** 
 856:Drivers/CMSIS/Include/core_cm7.h **** #define SCB_DTCMCR_RMW_Pos                  1U                                            /*!< SCB 
 857:Drivers/CMSIS/Include/core_cm7.h **** #define SCB_DTCMCR_RMW_Msk                 (1UL << SCB_DTCMCR_RMW_Pos)                    /*!< SCB 
 858:Drivers/CMSIS/Include/core_cm7.h **** 
 859:Drivers/CMSIS/Include/core_cm7.h **** #define SCB_DTCMCR_EN_Pos                   0U                                            /*!< SCB 
 860:Drivers/CMSIS/Include/core_cm7.h **** #define SCB_DTCMCR_EN_Msk                  (1UL /*<< SCB_DTCMCR_EN_Pos*/)                 /*!< SCB 
 861:Drivers/CMSIS/Include/core_cm7.h **** 
 862:Drivers/CMSIS/Include/core_cm7.h **** /* AHBP Control Register Definitions */
 863:Drivers/CMSIS/Include/core_cm7.h **** #define SCB_AHBPCR_SZ_Pos                   1U                                            /*!< SCB 
 864:Drivers/CMSIS/Include/core_cm7.h **** #define SCB_AHBPCR_SZ_Msk                  (7UL << SCB_AHBPCR_SZ_Pos)                     /*!< SCB 
 865:Drivers/CMSIS/Include/core_cm7.h **** 
 866:Drivers/CMSIS/Include/core_cm7.h **** #define SCB_AHBPCR_EN_Pos                   0U                                            /*!< SCB 
 867:Drivers/CMSIS/Include/core_cm7.h **** #define SCB_AHBPCR_EN_Msk                  (1UL /*<< SCB_AHBPCR_EN_Pos*/)                 /*!< SCB 
 868:Drivers/CMSIS/Include/core_cm7.h **** 
 869:Drivers/CMSIS/Include/core_cm7.h **** /* L1 Cache Control Register Definitions */
 870:Drivers/CMSIS/Include/core_cm7.h **** #define SCB_CACR_FORCEWT_Pos                2U                                            /*!< SCB 
 871:Drivers/CMSIS/Include/core_cm7.h **** #define SCB_CACR_FORCEWT_Msk               (1UL << SCB_CACR_FORCEWT_Pos)                  /*!< SCB 
 872:Drivers/CMSIS/Include/core_cm7.h **** 
 873:Drivers/CMSIS/Include/core_cm7.h **** #define SCB_CACR_ECCEN_Pos                  1U                                            /*!< SCB 
ARM GAS  C:\Users\admin\AppData\Local\Temp\ccwPfCrn.s 			page 34


 874:Drivers/CMSIS/Include/core_cm7.h **** #define SCB_CACR_ECCEN_Msk                 (1UL << SCB_CACR_ECCEN_Pos)                    /*!< SCB 
 875:Drivers/CMSIS/Include/core_cm7.h **** 
 876:Drivers/CMSIS/Include/core_cm7.h **** #define SCB_CACR_SIWT_Pos                   0U                                            /*!< SCB 
 877:Drivers/CMSIS/Include/core_cm7.h **** #define SCB_CACR_SIWT_Msk                  (1UL /*<< SCB_CACR_SIWT_Pos*/)                 /*!< SCB 
 878:Drivers/CMSIS/Include/core_cm7.h **** 
 879:Drivers/CMSIS/Include/core_cm7.h **** /* AHBS Control Register Definitions */
 880:Drivers/CMSIS/Include/core_cm7.h **** #define SCB_AHBSCR_INITCOUNT_Pos           11U                                            /*!< SCB 
 881:Drivers/CMSIS/Include/core_cm7.h **** #define SCB_AHBSCR_INITCOUNT_Msk           (0x1FUL << SCB_AHBPCR_INITCOUNT_Pos)           /*!< SCB 
 882:Drivers/CMSIS/Include/core_cm7.h **** 
 883:Drivers/CMSIS/Include/core_cm7.h **** #define SCB_AHBSCR_TPRI_Pos                 2U                                            /*!< SCB 
 884:Drivers/CMSIS/Include/core_cm7.h **** #define SCB_AHBSCR_TPRI_Msk                (0x1FFUL << SCB_AHBPCR_TPRI_Pos)               /*!< SCB 
 885:Drivers/CMSIS/Include/core_cm7.h **** 
 886:Drivers/CMSIS/Include/core_cm7.h **** #define SCB_AHBSCR_CTL_Pos                  0U                                            /*!< SCB 
 887:Drivers/CMSIS/Include/core_cm7.h **** #define SCB_AHBSCR_CTL_Msk                 (3UL /*<< SCB_AHBPCR_CTL_Pos*/)                /*!< SCB 
 888:Drivers/CMSIS/Include/core_cm7.h **** 
 889:Drivers/CMSIS/Include/core_cm7.h **** /* Auxiliary Bus Fault Status Register Definitions */
 890:Drivers/CMSIS/Include/core_cm7.h **** #define SCB_ABFSR_AXIMTYPE_Pos              8U                                            /*!< SCB 
 891:Drivers/CMSIS/Include/core_cm7.h **** #define SCB_ABFSR_AXIMTYPE_Msk             (3UL << SCB_ABFSR_AXIMTYPE_Pos)                /*!< SCB 
 892:Drivers/CMSIS/Include/core_cm7.h **** 
 893:Drivers/CMSIS/Include/core_cm7.h **** #define SCB_ABFSR_EPPB_Pos                  4U                                            /*!< SCB 
 894:Drivers/CMSIS/Include/core_cm7.h **** #define SCB_ABFSR_EPPB_Msk                 (1UL << SCB_ABFSR_EPPB_Pos)                    /*!< SCB 
 895:Drivers/CMSIS/Include/core_cm7.h **** 
 896:Drivers/CMSIS/Include/core_cm7.h **** #define SCB_ABFSR_AXIM_Pos                  3U                                            /*!< SCB 
 897:Drivers/CMSIS/Include/core_cm7.h **** #define SCB_ABFSR_AXIM_Msk                 (1UL << SCB_ABFSR_AXIM_Pos)                    /*!< SCB 
 898:Drivers/CMSIS/Include/core_cm7.h **** 
 899:Drivers/CMSIS/Include/core_cm7.h **** #define SCB_ABFSR_AHBP_Pos                  2U                                            /*!< SCB 
 900:Drivers/CMSIS/Include/core_cm7.h **** #define SCB_ABFSR_AHBP_Msk                 (1UL << SCB_ABFSR_AHBP_Pos)                    /*!< SCB 
 901:Drivers/CMSIS/Include/core_cm7.h **** 
 902:Drivers/CMSIS/Include/core_cm7.h **** #define SCB_ABFSR_DTCM_Pos                  1U                                            /*!< SCB 
 903:Drivers/CMSIS/Include/core_cm7.h **** #define SCB_ABFSR_DTCM_Msk                 (1UL << SCB_ABFSR_DTCM_Pos)                    /*!< SCB 
 904:Drivers/CMSIS/Include/core_cm7.h **** 
 905:Drivers/CMSIS/Include/core_cm7.h **** #define SCB_ABFSR_ITCM_Pos                  0U                                            /*!< SCB 
 906:Drivers/CMSIS/Include/core_cm7.h **** #define SCB_ABFSR_ITCM_Msk                 (1UL /*<< SCB_ABFSR_ITCM_Pos*/)                /*!< SCB 
 907:Drivers/CMSIS/Include/core_cm7.h **** 
 908:Drivers/CMSIS/Include/core_cm7.h **** /*@} end of group CMSIS_SCB */
 909:Drivers/CMSIS/Include/core_cm7.h **** 
 910:Drivers/CMSIS/Include/core_cm7.h **** 
 911:Drivers/CMSIS/Include/core_cm7.h **** /**
 912:Drivers/CMSIS/Include/core_cm7.h ****   \ingroup  CMSIS_core_register
 913:Drivers/CMSIS/Include/core_cm7.h ****   \defgroup CMSIS_SCnSCB System Controls not in SCB (SCnSCB)
 914:Drivers/CMSIS/Include/core_cm7.h ****   \brief    Type definitions for the System Control and ID Register not in the SCB
 915:Drivers/CMSIS/Include/core_cm7.h ****   @{
 916:Drivers/CMSIS/Include/core_cm7.h ****  */
 917:Drivers/CMSIS/Include/core_cm7.h **** 
 918:Drivers/CMSIS/Include/core_cm7.h **** /**
 919:Drivers/CMSIS/Include/core_cm7.h ****   \brief  Structure type to access the System Control and ID Register not in the SCB.
 920:Drivers/CMSIS/Include/core_cm7.h ****  */
 921:Drivers/CMSIS/Include/core_cm7.h **** typedef struct
 922:Drivers/CMSIS/Include/core_cm7.h **** {
 923:Drivers/CMSIS/Include/core_cm7.h ****         uint32_t RESERVED0[1U];
 924:Drivers/CMSIS/Include/core_cm7.h ****   __IM  uint32_t ICTR;                   /*!< Offset: 0x004 (R/ )  Interrupt Controller Type Regist
 925:Drivers/CMSIS/Include/core_cm7.h ****   __IOM uint32_t ACTLR;                  /*!< Offset: 0x008 (R/W)  Auxiliary Control Register */
 926:Drivers/CMSIS/Include/core_cm7.h **** } SCnSCB_Type;
 927:Drivers/CMSIS/Include/core_cm7.h **** 
 928:Drivers/CMSIS/Include/core_cm7.h **** /* Interrupt Controller Type Register Definitions */
 929:Drivers/CMSIS/Include/core_cm7.h **** #define SCnSCB_ICTR_INTLINESNUM_Pos         0U                                         /*!< ICTR: I
 930:Drivers/CMSIS/Include/core_cm7.h **** #define SCnSCB_ICTR_INTLINESNUM_Msk        (0xFUL /*<< SCnSCB_ICTR_INTLINESNUM_Pos*/)  /*!< ICTR: I
ARM GAS  C:\Users\admin\AppData\Local\Temp\ccwPfCrn.s 			page 35


 931:Drivers/CMSIS/Include/core_cm7.h **** 
 932:Drivers/CMSIS/Include/core_cm7.h **** /* Auxiliary Control Register Definitions */
 933:Drivers/CMSIS/Include/core_cm7.h **** #define SCnSCB_ACTLR_DISDYNADD_Pos         26U                                         /*!< ACTLR: 
 934:Drivers/CMSIS/Include/core_cm7.h **** #define SCnSCB_ACTLR_DISDYNADD_Msk         (1UL << SCnSCB_ACTLR_DISDYNADD_Pos)         /*!< ACTLR: 
 935:Drivers/CMSIS/Include/core_cm7.h **** 
 936:Drivers/CMSIS/Include/core_cm7.h **** #define SCnSCB_ACTLR_DISISSCH1_Pos         21U                                         /*!< ACTLR: 
 937:Drivers/CMSIS/Include/core_cm7.h **** #define SCnSCB_ACTLR_DISISSCH1_Msk         (0x1FUL << SCnSCB_ACTLR_DISISSCH1_Pos)      /*!< ACTLR: 
 938:Drivers/CMSIS/Include/core_cm7.h **** 
 939:Drivers/CMSIS/Include/core_cm7.h **** #define SCnSCB_ACTLR_DISDI_Pos             16U                                         /*!< ACTLR: 
 940:Drivers/CMSIS/Include/core_cm7.h **** #define SCnSCB_ACTLR_DISDI_Msk             (0x1FUL << SCnSCB_ACTLR_DISDI_Pos)          /*!< ACTLR: 
 941:Drivers/CMSIS/Include/core_cm7.h **** 
 942:Drivers/CMSIS/Include/core_cm7.h **** #define SCnSCB_ACTLR_DISCRITAXIRUR_Pos     15U                                         /*!< ACTLR: 
 943:Drivers/CMSIS/Include/core_cm7.h **** #define SCnSCB_ACTLR_DISCRITAXIRUR_Msk     (1UL << SCnSCB_ACTLR_DISCRITAXIRUR_Pos)     /*!< ACTLR: 
 944:Drivers/CMSIS/Include/core_cm7.h **** 
 945:Drivers/CMSIS/Include/core_cm7.h **** #define SCnSCB_ACTLR_DISBTACALLOC_Pos      14U                                         /*!< ACTLR: 
 946:Drivers/CMSIS/Include/core_cm7.h **** #define SCnSCB_ACTLR_DISBTACALLOC_Msk      (1UL << SCnSCB_ACTLR_DISBTACALLOC_Pos)      /*!< ACTLR: 
 947:Drivers/CMSIS/Include/core_cm7.h **** 
 948:Drivers/CMSIS/Include/core_cm7.h **** #define SCnSCB_ACTLR_DISBTACREAD_Pos       13U                                         /*!< ACTLR: 
 949:Drivers/CMSIS/Include/core_cm7.h **** #define SCnSCB_ACTLR_DISBTACREAD_Msk       (1UL << SCnSCB_ACTLR_DISBTACREAD_Pos)       /*!< ACTLR: 
 950:Drivers/CMSIS/Include/core_cm7.h **** 
 951:Drivers/CMSIS/Include/core_cm7.h **** #define SCnSCB_ACTLR_DISITMATBFLUSH_Pos    12U                                         /*!< ACTLR: 
 952:Drivers/CMSIS/Include/core_cm7.h **** #define SCnSCB_ACTLR_DISITMATBFLUSH_Msk    (1UL << SCnSCB_ACTLR_DISITMATBFLUSH_Pos)    /*!< ACTLR: 
 953:Drivers/CMSIS/Include/core_cm7.h **** 
 954:Drivers/CMSIS/Include/core_cm7.h **** #define SCnSCB_ACTLR_DISRAMODE_Pos         11U                                         /*!< ACTLR: 
 955:Drivers/CMSIS/Include/core_cm7.h **** #define SCnSCB_ACTLR_DISRAMODE_Msk         (1UL << SCnSCB_ACTLR_DISRAMODE_Pos)         /*!< ACTLR: 
 956:Drivers/CMSIS/Include/core_cm7.h **** 
 957:Drivers/CMSIS/Include/core_cm7.h **** #define SCnSCB_ACTLR_FPEXCODIS_Pos         10U                                         /*!< ACTLR: 
 958:Drivers/CMSIS/Include/core_cm7.h **** #define SCnSCB_ACTLR_FPEXCODIS_Msk         (1UL << SCnSCB_ACTLR_FPEXCODIS_Pos)         /*!< ACTLR: 
 959:Drivers/CMSIS/Include/core_cm7.h **** 
 960:Drivers/CMSIS/Include/core_cm7.h **** #define SCnSCB_ACTLR_DISFOLD_Pos            2U                                         /*!< ACTLR: 
 961:Drivers/CMSIS/Include/core_cm7.h **** #define SCnSCB_ACTLR_DISFOLD_Msk           (1UL << SCnSCB_ACTLR_DISFOLD_Pos)           /*!< ACTLR: 
 962:Drivers/CMSIS/Include/core_cm7.h **** 
 963:Drivers/CMSIS/Include/core_cm7.h **** #define SCnSCB_ACTLR_DISMCYCINT_Pos         0U                                         /*!< ACTLR: 
 964:Drivers/CMSIS/Include/core_cm7.h **** #define SCnSCB_ACTLR_DISMCYCINT_Msk        (1UL /*<< SCnSCB_ACTLR_DISMCYCINT_Pos*/)    /*!< ACTLR: 
 965:Drivers/CMSIS/Include/core_cm7.h **** 
 966:Drivers/CMSIS/Include/core_cm7.h **** /*@} end of group CMSIS_SCnotSCB */
 967:Drivers/CMSIS/Include/core_cm7.h **** 
 968:Drivers/CMSIS/Include/core_cm7.h **** 
 969:Drivers/CMSIS/Include/core_cm7.h **** /**
 970:Drivers/CMSIS/Include/core_cm7.h ****   \ingroup  CMSIS_core_register
 971:Drivers/CMSIS/Include/core_cm7.h ****   \defgroup CMSIS_SysTick     System Tick Timer (SysTick)
 972:Drivers/CMSIS/Include/core_cm7.h ****   \brief    Type definitions for the System Timer Registers.
 973:Drivers/CMSIS/Include/core_cm7.h ****   @{
 974:Drivers/CMSIS/Include/core_cm7.h ****  */
 975:Drivers/CMSIS/Include/core_cm7.h **** 
 976:Drivers/CMSIS/Include/core_cm7.h **** /**
 977:Drivers/CMSIS/Include/core_cm7.h ****   \brief  Structure type to access the System Timer (SysTick).
 978:Drivers/CMSIS/Include/core_cm7.h ****  */
 979:Drivers/CMSIS/Include/core_cm7.h **** typedef struct
 980:Drivers/CMSIS/Include/core_cm7.h **** {
 981:Drivers/CMSIS/Include/core_cm7.h ****   __IOM uint32_t CTRL;                   /*!< Offset: 0x000 (R/W)  SysTick Control and Status Regis
 982:Drivers/CMSIS/Include/core_cm7.h ****   __IOM uint32_t LOAD;                   /*!< Offset: 0x004 (R/W)  SysTick Reload Value Register */
 983:Drivers/CMSIS/Include/core_cm7.h ****   __IOM uint32_t VAL;                    /*!< Offset: 0x008 (R/W)  SysTick Current Value Register *
 984:Drivers/CMSIS/Include/core_cm7.h ****   __IM  uint32_t CALIB;                  /*!< Offset: 0x00C (R/ )  SysTick Calibration Register */
 985:Drivers/CMSIS/Include/core_cm7.h **** } SysTick_Type;
 986:Drivers/CMSIS/Include/core_cm7.h **** 
 987:Drivers/CMSIS/Include/core_cm7.h **** /* SysTick Control / Status Register Definitions */
ARM GAS  C:\Users\admin\AppData\Local\Temp\ccwPfCrn.s 			page 36


 988:Drivers/CMSIS/Include/core_cm7.h **** #define SysTick_CTRL_COUNTFLAG_Pos         16U                                            /*!< SysT
 989:Drivers/CMSIS/Include/core_cm7.h **** #define SysTick_CTRL_COUNTFLAG_Msk         (1UL << SysTick_CTRL_COUNTFLAG_Pos)            /*!< SysT
 990:Drivers/CMSIS/Include/core_cm7.h **** 
 991:Drivers/CMSIS/Include/core_cm7.h **** #define SysTick_CTRL_CLKSOURCE_Pos          2U                                            /*!< SysT
 992:Drivers/CMSIS/Include/core_cm7.h **** #define SysTick_CTRL_CLKSOURCE_Msk         (1UL << SysTick_CTRL_CLKSOURCE_Pos)            /*!< SysT
 993:Drivers/CMSIS/Include/core_cm7.h **** 
 994:Drivers/CMSIS/Include/core_cm7.h **** #define SysTick_CTRL_TICKINT_Pos            1U                                            /*!< SysT
 995:Drivers/CMSIS/Include/core_cm7.h **** #define SysTick_CTRL_TICKINT_Msk           (1UL << SysTick_CTRL_TICKINT_Pos)              /*!< SysT
 996:Drivers/CMSIS/Include/core_cm7.h **** 
 997:Drivers/CMSIS/Include/core_cm7.h **** #define SysTick_CTRL_ENABLE_Pos             0U                                            /*!< SysT
 998:Drivers/CMSIS/Include/core_cm7.h **** #define SysTick_CTRL_ENABLE_Msk            (1UL /*<< SysTick_CTRL_ENABLE_Pos*/)           /*!< SysT
 999:Drivers/CMSIS/Include/core_cm7.h **** 
1000:Drivers/CMSIS/Include/core_cm7.h **** /* SysTick Reload Register Definitions */
1001:Drivers/CMSIS/Include/core_cm7.h **** #define SysTick_LOAD_RELOAD_Pos             0U                                            /*!< SysT
1002:Drivers/CMSIS/Include/core_cm7.h **** #define SysTick_LOAD_RELOAD_Msk            (0xFFFFFFUL /*<< SysTick_LOAD_RELOAD_Pos*/)    /*!< SysT
1003:Drivers/CMSIS/Include/core_cm7.h **** 
1004:Drivers/CMSIS/Include/core_cm7.h **** /* SysTick Current Register Definitions */
1005:Drivers/CMSIS/Include/core_cm7.h **** #define SysTick_VAL_CURRENT_Pos             0U                                            /*!< SysT
1006:Drivers/CMSIS/Include/core_cm7.h **** #define SysTick_VAL_CURRENT_Msk            (0xFFFFFFUL /*<< SysTick_VAL_CURRENT_Pos*/)    /*!< SysT
1007:Drivers/CMSIS/Include/core_cm7.h **** 
1008:Drivers/CMSIS/Include/core_cm7.h **** /* SysTick Calibration Register Definitions */
1009:Drivers/CMSIS/Include/core_cm7.h **** #define SysTick_CALIB_NOREF_Pos            31U                                            /*!< SysT
1010:Drivers/CMSIS/Include/core_cm7.h **** #define SysTick_CALIB_NOREF_Msk            (1UL << SysTick_CALIB_NOREF_Pos)               /*!< SysT
1011:Drivers/CMSIS/Include/core_cm7.h **** 
1012:Drivers/CMSIS/Include/core_cm7.h **** #define SysTick_CALIB_SKEW_Pos             30U                                            /*!< SysT
1013:Drivers/CMSIS/Include/core_cm7.h **** #define SysTick_CALIB_SKEW_Msk             (1UL << SysTick_CALIB_SKEW_Pos)                /*!< SysT
1014:Drivers/CMSIS/Include/core_cm7.h **** 
1015:Drivers/CMSIS/Include/core_cm7.h **** #define SysTick_CALIB_TENMS_Pos             0U                                            /*!< SysT
1016:Drivers/CMSIS/Include/core_cm7.h **** #define SysTick_CALIB_TENMS_Msk            (0xFFFFFFUL /*<< SysTick_CALIB_TENMS_Pos*/)    /*!< SysT
1017:Drivers/CMSIS/Include/core_cm7.h **** 
1018:Drivers/CMSIS/Include/core_cm7.h **** /*@} end of group CMSIS_SysTick */
1019:Drivers/CMSIS/Include/core_cm7.h **** 
1020:Drivers/CMSIS/Include/core_cm7.h **** 
1021:Drivers/CMSIS/Include/core_cm7.h **** /**
1022:Drivers/CMSIS/Include/core_cm7.h ****   \ingroup  CMSIS_core_register
1023:Drivers/CMSIS/Include/core_cm7.h ****   \defgroup CMSIS_ITM     Instrumentation Trace Macrocell (ITM)
1024:Drivers/CMSIS/Include/core_cm7.h ****   \brief    Type definitions for the Instrumentation Trace Macrocell (ITM)
1025:Drivers/CMSIS/Include/core_cm7.h ****   @{
1026:Drivers/CMSIS/Include/core_cm7.h ****  */
1027:Drivers/CMSIS/Include/core_cm7.h **** 
1028:Drivers/CMSIS/Include/core_cm7.h **** /**
1029:Drivers/CMSIS/Include/core_cm7.h ****   \brief  Structure type to access the Instrumentation Trace Macrocell Register (ITM).
1030:Drivers/CMSIS/Include/core_cm7.h ****  */
1031:Drivers/CMSIS/Include/core_cm7.h **** typedef struct
1032:Drivers/CMSIS/Include/core_cm7.h **** {
1033:Drivers/CMSIS/Include/core_cm7.h ****   __OM  union
1034:Drivers/CMSIS/Include/core_cm7.h ****   {
1035:Drivers/CMSIS/Include/core_cm7.h ****     __OM  uint8_t    u8;                 /*!< Offset: 0x000 ( /W)  ITM Stimulus Port 8-bit */
1036:Drivers/CMSIS/Include/core_cm7.h ****     __OM  uint16_t   u16;                /*!< Offset: 0x000 ( /W)  ITM Stimulus Port 16-bit */
1037:Drivers/CMSIS/Include/core_cm7.h ****     __OM  uint32_t   u32;                /*!< Offset: 0x000 ( /W)  ITM Stimulus Port 32-bit */
1038:Drivers/CMSIS/Include/core_cm7.h ****   }  PORT [32U];                         /*!< Offset: 0x000 ( /W)  ITM Stimulus Port Registers */
1039:Drivers/CMSIS/Include/core_cm7.h ****         uint32_t RESERVED0[864U];
1040:Drivers/CMSIS/Include/core_cm7.h ****   __IOM uint32_t TER;                    /*!< Offset: 0xE00 (R/W)  ITM Trace Enable Register */
1041:Drivers/CMSIS/Include/core_cm7.h ****         uint32_t RESERVED1[15U];
1042:Drivers/CMSIS/Include/core_cm7.h ****   __IOM uint32_t TPR;                    /*!< Offset: 0xE40 (R/W)  ITM Trace Privilege Register */
1043:Drivers/CMSIS/Include/core_cm7.h ****         uint32_t RESERVED2[15U];
1044:Drivers/CMSIS/Include/core_cm7.h ****   __IOM uint32_t TCR;                    /*!< Offset: 0xE80 (R/W)  ITM Trace Control Register */
ARM GAS  C:\Users\admin\AppData\Local\Temp\ccwPfCrn.s 			page 37


1045:Drivers/CMSIS/Include/core_cm7.h ****         uint32_t RESERVED3[32U];
1046:Drivers/CMSIS/Include/core_cm7.h ****         uint32_t RESERVED4[43U];
1047:Drivers/CMSIS/Include/core_cm7.h ****   __OM  uint32_t LAR;                    /*!< Offset: 0xFB0 ( /W)  ITM Lock Access Register */
1048:Drivers/CMSIS/Include/core_cm7.h ****   __IM  uint32_t LSR;                    /*!< Offset: 0xFB4 (R/ )  ITM Lock Status Register */
1049:Drivers/CMSIS/Include/core_cm7.h ****         uint32_t RESERVED5[6U];
1050:Drivers/CMSIS/Include/core_cm7.h ****   __IM  uint32_t PID4;                   /*!< Offset: 0xFD0 (R/ )  ITM Peripheral Identification Re
1051:Drivers/CMSIS/Include/core_cm7.h ****   __IM  uint32_t PID5;                   /*!< Offset: 0xFD4 (R/ )  ITM Peripheral Identification Re
1052:Drivers/CMSIS/Include/core_cm7.h ****   __IM  uint32_t PID6;                   /*!< Offset: 0xFD8 (R/ )  ITM Peripheral Identification Re
1053:Drivers/CMSIS/Include/core_cm7.h ****   __IM  uint32_t PID7;                   /*!< Offset: 0xFDC (R/ )  ITM Peripheral Identification Re
1054:Drivers/CMSIS/Include/core_cm7.h ****   __IM  uint32_t PID0;                   /*!< Offset: 0xFE0 (R/ )  ITM Peripheral Identification Re
1055:Drivers/CMSIS/Include/core_cm7.h ****   __IM  uint32_t PID1;                   /*!< Offset: 0xFE4 (R/ )  ITM Peripheral Identification Re
1056:Drivers/CMSIS/Include/core_cm7.h ****   __IM  uint32_t PID2;                   /*!< Offset: 0xFE8 (R/ )  ITM Peripheral Identification Re
1057:Drivers/CMSIS/Include/core_cm7.h ****   __IM  uint32_t PID3;                   /*!< Offset: 0xFEC (R/ )  ITM Peripheral Identification Re
1058:Drivers/CMSIS/Include/core_cm7.h ****   __IM  uint32_t CID0;                   /*!< Offset: 0xFF0 (R/ )  ITM Component  Identification Re
1059:Drivers/CMSIS/Include/core_cm7.h ****   __IM  uint32_t CID1;                   /*!< Offset: 0xFF4 (R/ )  ITM Component  Identification Re
1060:Drivers/CMSIS/Include/core_cm7.h ****   __IM  uint32_t CID2;                   /*!< Offset: 0xFF8 (R/ )  ITM Component  Identification Re
1061:Drivers/CMSIS/Include/core_cm7.h ****   __IM  uint32_t CID3;                   /*!< Offset: 0xFFC (R/ )  ITM Component  Identification Re
1062:Drivers/CMSIS/Include/core_cm7.h **** } ITM_Type;
1063:Drivers/CMSIS/Include/core_cm7.h **** 
1064:Drivers/CMSIS/Include/core_cm7.h **** /* ITM Trace Privilege Register Definitions */
1065:Drivers/CMSIS/Include/core_cm7.h **** #define ITM_TPR_PRIVMASK_Pos                0U                                            /*!< ITM 
1066:Drivers/CMSIS/Include/core_cm7.h **** #define ITM_TPR_PRIVMASK_Msk               (0xFFFFFFFFUL /*<< ITM_TPR_PRIVMASK_Pos*/)     /*!< ITM 
1067:Drivers/CMSIS/Include/core_cm7.h **** 
1068:Drivers/CMSIS/Include/core_cm7.h **** /* ITM Trace Control Register Definitions */
1069:Drivers/CMSIS/Include/core_cm7.h **** #define ITM_TCR_BUSY_Pos                   23U                                            /*!< ITM 
1070:Drivers/CMSIS/Include/core_cm7.h **** #define ITM_TCR_BUSY_Msk                   (1UL << ITM_TCR_BUSY_Pos)                      /*!< ITM 
1071:Drivers/CMSIS/Include/core_cm7.h **** 
1072:Drivers/CMSIS/Include/core_cm7.h **** #define ITM_TCR_TraceBusID_Pos             16U                                            /*!< ITM 
1073:Drivers/CMSIS/Include/core_cm7.h **** #define ITM_TCR_TraceBusID_Msk             (0x7FUL << ITM_TCR_TraceBusID_Pos)             /*!< ITM 
1074:Drivers/CMSIS/Include/core_cm7.h **** 
1075:Drivers/CMSIS/Include/core_cm7.h **** #define ITM_TCR_GTSFREQ_Pos                10U                                            /*!< ITM 
1076:Drivers/CMSIS/Include/core_cm7.h **** #define ITM_TCR_GTSFREQ_Msk                (3UL << ITM_TCR_GTSFREQ_Pos)                   /*!< ITM 
1077:Drivers/CMSIS/Include/core_cm7.h **** 
1078:Drivers/CMSIS/Include/core_cm7.h **** #define ITM_TCR_TSPrescale_Pos              8U                                            /*!< ITM 
1079:Drivers/CMSIS/Include/core_cm7.h **** #define ITM_TCR_TSPrescale_Msk             (3UL << ITM_TCR_TSPrescale_Pos)                /*!< ITM 
1080:Drivers/CMSIS/Include/core_cm7.h **** 
1081:Drivers/CMSIS/Include/core_cm7.h **** #define ITM_TCR_SWOENA_Pos                  4U                                            /*!< ITM 
1082:Drivers/CMSIS/Include/core_cm7.h **** #define ITM_TCR_SWOENA_Msk                 (1UL << ITM_TCR_SWOENA_Pos)                    /*!< ITM 
1083:Drivers/CMSIS/Include/core_cm7.h **** 
1084:Drivers/CMSIS/Include/core_cm7.h **** #define ITM_TCR_DWTENA_Pos                  3U                                            /*!< ITM 
1085:Drivers/CMSIS/Include/core_cm7.h **** #define ITM_TCR_DWTENA_Msk                 (1UL << ITM_TCR_DWTENA_Pos)                    /*!< ITM 
1086:Drivers/CMSIS/Include/core_cm7.h **** 
1087:Drivers/CMSIS/Include/core_cm7.h **** #define ITM_TCR_SYNCENA_Pos                 2U                                            /*!< ITM 
1088:Drivers/CMSIS/Include/core_cm7.h **** #define ITM_TCR_SYNCENA_Msk                (1UL << ITM_TCR_SYNCENA_Pos)                   /*!< ITM 
1089:Drivers/CMSIS/Include/core_cm7.h **** 
1090:Drivers/CMSIS/Include/core_cm7.h **** #define ITM_TCR_TSENA_Pos                   1U                                            /*!< ITM 
1091:Drivers/CMSIS/Include/core_cm7.h **** #define ITM_TCR_TSENA_Msk                  (1UL << ITM_TCR_TSENA_Pos)                     /*!< ITM 
1092:Drivers/CMSIS/Include/core_cm7.h **** 
1093:Drivers/CMSIS/Include/core_cm7.h **** #define ITM_TCR_ITMENA_Pos                  0U                                            /*!< ITM 
1094:Drivers/CMSIS/Include/core_cm7.h **** #define ITM_TCR_ITMENA_Msk                 (1UL /*<< ITM_TCR_ITMENA_Pos*/)                /*!< ITM 
1095:Drivers/CMSIS/Include/core_cm7.h **** 
1096:Drivers/CMSIS/Include/core_cm7.h **** /* ITM Lock Status Register Definitions */
1097:Drivers/CMSIS/Include/core_cm7.h **** #define ITM_LSR_ByteAcc_Pos                 2U                                            /*!< ITM 
1098:Drivers/CMSIS/Include/core_cm7.h **** #define ITM_LSR_ByteAcc_Msk                (1UL << ITM_LSR_ByteAcc_Pos)                   /*!< ITM 
1099:Drivers/CMSIS/Include/core_cm7.h **** 
1100:Drivers/CMSIS/Include/core_cm7.h **** #define ITM_LSR_Access_Pos                  1U                                            /*!< ITM 
1101:Drivers/CMSIS/Include/core_cm7.h **** #define ITM_LSR_Access_Msk                 (1UL << ITM_LSR_Access_Pos)                    /*!< ITM 
ARM GAS  C:\Users\admin\AppData\Local\Temp\ccwPfCrn.s 			page 38


1102:Drivers/CMSIS/Include/core_cm7.h **** 
1103:Drivers/CMSIS/Include/core_cm7.h **** #define ITM_LSR_Present_Pos                 0U                                            /*!< ITM 
1104:Drivers/CMSIS/Include/core_cm7.h **** #define ITM_LSR_Present_Msk                (1UL /*<< ITM_LSR_Present_Pos*/)               /*!< ITM 
1105:Drivers/CMSIS/Include/core_cm7.h **** 
1106:Drivers/CMSIS/Include/core_cm7.h **** /*@}*/ /* end of group CMSIS_ITM */
1107:Drivers/CMSIS/Include/core_cm7.h **** 
1108:Drivers/CMSIS/Include/core_cm7.h **** 
1109:Drivers/CMSIS/Include/core_cm7.h **** /**
1110:Drivers/CMSIS/Include/core_cm7.h ****   \ingroup  CMSIS_core_register
1111:Drivers/CMSIS/Include/core_cm7.h ****   \defgroup CMSIS_DWT     Data Watchpoint and Trace (DWT)
1112:Drivers/CMSIS/Include/core_cm7.h ****   \brief    Type definitions for the Data Watchpoint and Trace (DWT)
1113:Drivers/CMSIS/Include/core_cm7.h ****   @{
1114:Drivers/CMSIS/Include/core_cm7.h ****  */
1115:Drivers/CMSIS/Include/core_cm7.h **** 
1116:Drivers/CMSIS/Include/core_cm7.h **** /**
1117:Drivers/CMSIS/Include/core_cm7.h ****   \brief  Structure type to access the Data Watchpoint and Trace Register (DWT).
1118:Drivers/CMSIS/Include/core_cm7.h ****  */
1119:Drivers/CMSIS/Include/core_cm7.h **** typedef struct
1120:Drivers/CMSIS/Include/core_cm7.h **** {
1121:Drivers/CMSIS/Include/core_cm7.h ****   __IOM uint32_t CTRL;                   /*!< Offset: 0x000 (R/W)  Control Register */
1122:Drivers/CMSIS/Include/core_cm7.h ****   __IOM uint32_t CYCCNT;                 /*!< Offset: 0x004 (R/W)  Cycle Count Register */
1123:Drivers/CMSIS/Include/core_cm7.h ****   __IOM uint32_t CPICNT;                 /*!< Offset: 0x008 (R/W)  CPI Count Register */
1124:Drivers/CMSIS/Include/core_cm7.h ****   __IOM uint32_t EXCCNT;                 /*!< Offset: 0x00C (R/W)  Exception Overhead Count Registe
1125:Drivers/CMSIS/Include/core_cm7.h ****   __IOM uint32_t SLEEPCNT;               /*!< Offset: 0x010 (R/W)  Sleep Count Register */
1126:Drivers/CMSIS/Include/core_cm7.h ****   __IOM uint32_t LSUCNT;                 /*!< Offset: 0x014 (R/W)  LSU Count Register */
1127:Drivers/CMSIS/Include/core_cm7.h ****   __IOM uint32_t FOLDCNT;                /*!< Offset: 0x018 (R/W)  Folded-instruction Count Registe
1128:Drivers/CMSIS/Include/core_cm7.h ****   __IM  uint32_t PCSR;                   /*!< Offset: 0x01C (R/ )  Program Counter Sample Register 
1129:Drivers/CMSIS/Include/core_cm7.h ****   __IOM uint32_t COMP0;                  /*!< Offset: 0x020 (R/W)  Comparator Register 0 */
1130:Drivers/CMSIS/Include/core_cm7.h ****   __IOM uint32_t MASK0;                  /*!< Offset: 0x024 (R/W)  Mask Register 0 */
1131:Drivers/CMSIS/Include/core_cm7.h ****   __IOM uint32_t FUNCTION0;              /*!< Offset: 0x028 (R/W)  Function Register 0 */
1132:Drivers/CMSIS/Include/core_cm7.h ****         uint32_t RESERVED0[1U];
1133:Drivers/CMSIS/Include/core_cm7.h ****   __IOM uint32_t COMP1;                  /*!< Offset: 0x030 (R/W)  Comparator Register 1 */
1134:Drivers/CMSIS/Include/core_cm7.h ****   __IOM uint32_t MASK1;                  /*!< Offset: 0x034 (R/W)  Mask Register 1 */
1135:Drivers/CMSIS/Include/core_cm7.h ****   __IOM uint32_t FUNCTION1;              /*!< Offset: 0x038 (R/W)  Function Register 1 */
1136:Drivers/CMSIS/Include/core_cm7.h ****         uint32_t RESERVED1[1U];
1137:Drivers/CMSIS/Include/core_cm7.h ****   __IOM uint32_t COMP2;                  /*!< Offset: 0x040 (R/W)  Comparator Register 2 */
1138:Drivers/CMSIS/Include/core_cm7.h ****   __IOM uint32_t MASK2;                  /*!< Offset: 0x044 (R/W)  Mask Register 2 */
1139:Drivers/CMSIS/Include/core_cm7.h ****   __IOM uint32_t FUNCTION2;              /*!< Offset: 0x048 (R/W)  Function Register 2 */
1140:Drivers/CMSIS/Include/core_cm7.h ****         uint32_t RESERVED2[1U];
1141:Drivers/CMSIS/Include/core_cm7.h ****   __IOM uint32_t COMP3;                  /*!< Offset: 0x050 (R/W)  Comparator Register 3 */
1142:Drivers/CMSIS/Include/core_cm7.h ****   __IOM uint32_t MASK3;                  /*!< Offset: 0x054 (R/W)  Mask Register 3 */
1143:Drivers/CMSIS/Include/core_cm7.h ****   __IOM uint32_t FUNCTION3;              /*!< Offset: 0x058 (R/W)  Function Register 3 */
1144:Drivers/CMSIS/Include/core_cm7.h ****         uint32_t RESERVED3[981U];
1145:Drivers/CMSIS/Include/core_cm7.h ****   __OM  uint32_t LAR;                    /*!< Offset: 0xFB0 (  W)  Lock Access Register */
1146:Drivers/CMSIS/Include/core_cm7.h ****   __IM  uint32_t LSR;                    /*!< Offset: 0xFB4 (R  )  Lock Status Register */
1147:Drivers/CMSIS/Include/core_cm7.h **** } DWT_Type;
1148:Drivers/CMSIS/Include/core_cm7.h **** 
1149:Drivers/CMSIS/Include/core_cm7.h **** /* DWT Control Register Definitions */
1150:Drivers/CMSIS/Include/core_cm7.h **** #define DWT_CTRL_NUMCOMP_Pos               28U                                         /*!< DWT CTR
1151:Drivers/CMSIS/Include/core_cm7.h **** #define DWT_CTRL_NUMCOMP_Msk               (0xFUL << DWT_CTRL_NUMCOMP_Pos)             /*!< DWT CTR
1152:Drivers/CMSIS/Include/core_cm7.h **** 
1153:Drivers/CMSIS/Include/core_cm7.h **** #define DWT_CTRL_NOTRCPKT_Pos              27U                                         /*!< DWT CTR
1154:Drivers/CMSIS/Include/core_cm7.h **** #define DWT_CTRL_NOTRCPKT_Msk              (0x1UL << DWT_CTRL_NOTRCPKT_Pos)            /*!< DWT CTR
1155:Drivers/CMSIS/Include/core_cm7.h **** 
1156:Drivers/CMSIS/Include/core_cm7.h **** #define DWT_CTRL_NOEXTTRIG_Pos             26U                                         /*!< DWT CTR
1157:Drivers/CMSIS/Include/core_cm7.h **** #define DWT_CTRL_NOEXTTRIG_Msk             (0x1UL << DWT_CTRL_NOEXTTRIG_Pos)           /*!< DWT CTR
1158:Drivers/CMSIS/Include/core_cm7.h **** 
ARM GAS  C:\Users\admin\AppData\Local\Temp\ccwPfCrn.s 			page 39


1159:Drivers/CMSIS/Include/core_cm7.h **** #define DWT_CTRL_NOCYCCNT_Pos              25U                                         /*!< DWT CTR
1160:Drivers/CMSIS/Include/core_cm7.h **** #define DWT_CTRL_NOCYCCNT_Msk              (0x1UL << DWT_CTRL_NOCYCCNT_Pos)            /*!< DWT CTR
1161:Drivers/CMSIS/Include/core_cm7.h **** 
1162:Drivers/CMSIS/Include/core_cm7.h **** #define DWT_CTRL_NOPRFCNT_Pos              24U                                         /*!< DWT CTR
1163:Drivers/CMSIS/Include/core_cm7.h **** #define DWT_CTRL_NOPRFCNT_Msk              (0x1UL << DWT_CTRL_NOPRFCNT_Pos)            /*!< DWT CTR
1164:Drivers/CMSIS/Include/core_cm7.h **** 
1165:Drivers/CMSIS/Include/core_cm7.h **** #define DWT_CTRL_CYCEVTENA_Pos             22U                                         /*!< DWT CTR
1166:Drivers/CMSIS/Include/core_cm7.h **** #define DWT_CTRL_CYCEVTENA_Msk             (0x1UL << DWT_CTRL_CYCEVTENA_Pos)           /*!< DWT CTR
1167:Drivers/CMSIS/Include/core_cm7.h **** 
1168:Drivers/CMSIS/Include/core_cm7.h **** #define DWT_CTRL_FOLDEVTENA_Pos            21U                                         /*!< DWT CTR
1169:Drivers/CMSIS/Include/core_cm7.h **** #define DWT_CTRL_FOLDEVTENA_Msk            (0x1UL << DWT_CTRL_FOLDEVTENA_Pos)          /*!< DWT CTR
1170:Drivers/CMSIS/Include/core_cm7.h **** 
1171:Drivers/CMSIS/Include/core_cm7.h **** #define DWT_CTRL_LSUEVTENA_Pos             20U                                         /*!< DWT CTR
1172:Drivers/CMSIS/Include/core_cm7.h **** #define DWT_CTRL_LSUEVTENA_Msk             (0x1UL << DWT_CTRL_LSUEVTENA_Pos)           /*!< DWT CTR
1173:Drivers/CMSIS/Include/core_cm7.h **** 
1174:Drivers/CMSIS/Include/core_cm7.h **** #define DWT_CTRL_SLEEPEVTENA_Pos           19U                                         /*!< DWT CTR
1175:Drivers/CMSIS/Include/core_cm7.h **** #define DWT_CTRL_SLEEPEVTENA_Msk           (0x1UL << DWT_CTRL_SLEEPEVTENA_Pos)         /*!< DWT CTR
1176:Drivers/CMSIS/Include/core_cm7.h **** 
1177:Drivers/CMSIS/Include/core_cm7.h **** #define DWT_CTRL_EXCEVTENA_Pos             18U                                         /*!< DWT CTR
1178:Drivers/CMSIS/Include/core_cm7.h **** #define DWT_CTRL_EXCEVTENA_Msk             (0x1UL << DWT_CTRL_EXCEVTENA_Pos)           /*!< DWT CTR
1179:Drivers/CMSIS/Include/core_cm7.h **** 
1180:Drivers/CMSIS/Include/core_cm7.h **** #define DWT_CTRL_CPIEVTENA_Pos             17U                                         /*!< DWT CTR
1181:Drivers/CMSIS/Include/core_cm7.h **** #define DWT_CTRL_CPIEVTENA_Msk             (0x1UL << DWT_CTRL_CPIEVTENA_Pos)           /*!< DWT CTR
1182:Drivers/CMSIS/Include/core_cm7.h **** 
1183:Drivers/CMSIS/Include/core_cm7.h **** #define DWT_CTRL_EXCTRCENA_Pos             16U                                         /*!< DWT CTR
1184:Drivers/CMSIS/Include/core_cm7.h **** #define DWT_CTRL_EXCTRCENA_Msk             (0x1UL << DWT_CTRL_EXCTRCENA_Pos)           /*!< DWT CTR
1185:Drivers/CMSIS/Include/core_cm7.h **** 
1186:Drivers/CMSIS/Include/core_cm7.h **** #define DWT_CTRL_PCSAMPLENA_Pos            12U                                         /*!< DWT CTR
1187:Drivers/CMSIS/Include/core_cm7.h **** #define DWT_CTRL_PCSAMPLENA_Msk            (0x1UL << DWT_CTRL_PCSAMPLENA_Pos)          /*!< DWT CTR
1188:Drivers/CMSIS/Include/core_cm7.h **** 
1189:Drivers/CMSIS/Include/core_cm7.h **** #define DWT_CTRL_SYNCTAP_Pos               10U                                         /*!< DWT CTR
1190:Drivers/CMSIS/Include/core_cm7.h **** #define DWT_CTRL_SYNCTAP_Msk               (0x3UL << DWT_CTRL_SYNCTAP_Pos)             /*!< DWT CTR
1191:Drivers/CMSIS/Include/core_cm7.h **** 
1192:Drivers/CMSIS/Include/core_cm7.h **** #define DWT_CTRL_CYCTAP_Pos                 9U                                         /*!< DWT CTR
1193:Drivers/CMSIS/Include/core_cm7.h **** #define DWT_CTRL_CYCTAP_Msk                (0x1UL << DWT_CTRL_CYCTAP_Pos)              /*!< DWT CTR
1194:Drivers/CMSIS/Include/core_cm7.h **** 
1195:Drivers/CMSIS/Include/core_cm7.h **** #define DWT_CTRL_POSTINIT_Pos               5U                                         /*!< DWT CTR
1196:Drivers/CMSIS/Include/core_cm7.h **** #define DWT_CTRL_POSTINIT_Msk              (0xFUL << DWT_CTRL_POSTINIT_Pos)            /*!< DWT CTR
1197:Drivers/CMSIS/Include/core_cm7.h **** 
1198:Drivers/CMSIS/Include/core_cm7.h **** #define DWT_CTRL_POSTPRESET_Pos             1U                                         /*!< DWT CTR
1199:Drivers/CMSIS/Include/core_cm7.h **** #define DWT_CTRL_POSTPRESET_Msk            (0xFUL << DWT_CTRL_POSTPRESET_Pos)          /*!< DWT CTR
1200:Drivers/CMSIS/Include/core_cm7.h **** 
1201:Drivers/CMSIS/Include/core_cm7.h **** #define DWT_CTRL_CYCCNTENA_Pos              0U                                         /*!< DWT CTR
1202:Drivers/CMSIS/Include/core_cm7.h **** #define DWT_CTRL_CYCCNTENA_Msk             (0x1UL /*<< DWT_CTRL_CYCCNTENA_Pos*/)       /*!< DWT CTR
1203:Drivers/CMSIS/Include/core_cm7.h **** 
1204:Drivers/CMSIS/Include/core_cm7.h **** /* DWT CPI Count Register Definitions */
1205:Drivers/CMSIS/Include/core_cm7.h **** #define DWT_CPICNT_CPICNT_Pos               0U                                         /*!< DWT CPI
1206:Drivers/CMSIS/Include/core_cm7.h **** #define DWT_CPICNT_CPICNT_Msk              (0xFFUL /*<< DWT_CPICNT_CPICNT_Pos*/)       /*!< DWT CPI
1207:Drivers/CMSIS/Include/core_cm7.h **** 
1208:Drivers/CMSIS/Include/core_cm7.h **** /* DWT Exception Overhead Count Register Definitions */
1209:Drivers/CMSIS/Include/core_cm7.h **** #define DWT_EXCCNT_EXCCNT_Pos               0U                                         /*!< DWT EXC
1210:Drivers/CMSIS/Include/core_cm7.h **** #define DWT_EXCCNT_EXCCNT_Msk              (0xFFUL /*<< DWT_EXCCNT_EXCCNT_Pos*/)       /*!< DWT EXC
1211:Drivers/CMSIS/Include/core_cm7.h **** 
1212:Drivers/CMSIS/Include/core_cm7.h **** /* DWT Sleep Count Register Definitions */
1213:Drivers/CMSIS/Include/core_cm7.h **** #define DWT_SLEEPCNT_SLEEPCNT_Pos           0U                                         /*!< DWT SLE
1214:Drivers/CMSIS/Include/core_cm7.h **** #define DWT_SLEEPCNT_SLEEPCNT_Msk          (0xFFUL /*<< DWT_SLEEPCNT_SLEEPCNT_Pos*/)   /*!< DWT SLE
1215:Drivers/CMSIS/Include/core_cm7.h **** 
ARM GAS  C:\Users\admin\AppData\Local\Temp\ccwPfCrn.s 			page 40


1216:Drivers/CMSIS/Include/core_cm7.h **** /* DWT LSU Count Register Definitions */
1217:Drivers/CMSIS/Include/core_cm7.h **** #define DWT_LSUCNT_LSUCNT_Pos               0U                                         /*!< DWT LSU
1218:Drivers/CMSIS/Include/core_cm7.h **** #define DWT_LSUCNT_LSUCNT_Msk              (0xFFUL /*<< DWT_LSUCNT_LSUCNT_Pos*/)       /*!< DWT LSU
1219:Drivers/CMSIS/Include/core_cm7.h **** 
1220:Drivers/CMSIS/Include/core_cm7.h **** /* DWT Folded-instruction Count Register Definitions */
1221:Drivers/CMSIS/Include/core_cm7.h **** #define DWT_FOLDCNT_FOLDCNT_Pos             0U                                         /*!< DWT FOL
1222:Drivers/CMSIS/Include/core_cm7.h **** #define DWT_FOLDCNT_FOLDCNT_Msk            (0xFFUL /*<< DWT_FOLDCNT_FOLDCNT_Pos*/)     /*!< DWT FOL
1223:Drivers/CMSIS/Include/core_cm7.h **** 
1224:Drivers/CMSIS/Include/core_cm7.h **** /* DWT Comparator Mask Register Definitions */
1225:Drivers/CMSIS/Include/core_cm7.h **** #define DWT_MASK_MASK_Pos                   0U                                         /*!< DWT MAS
1226:Drivers/CMSIS/Include/core_cm7.h **** #define DWT_MASK_MASK_Msk                  (0x1FUL /*<< DWT_MASK_MASK_Pos*/)           /*!< DWT MAS
1227:Drivers/CMSIS/Include/core_cm7.h **** 
1228:Drivers/CMSIS/Include/core_cm7.h **** /* DWT Comparator Function Register Definitions */
1229:Drivers/CMSIS/Include/core_cm7.h **** #define DWT_FUNCTION_MATCHED_Pos           24U                                         /*!< DWT FUN
1230:Drivers/CMSIS/Include/core_cm7.h **** #define DWT_FUNCTION_MATCHED_Msk           (0x1UL << DWT_FUNCTION_MATCHED_Pos)         /*!< DWT FUN
1231:Drivers/CMSIS/Include/core_cm7.h **** 
1232:Drivers/CMSIS/Include/core_cm7.h **** #define DWT_FUNCTION_DATAVADDR1_Pos        16U                                         /*!< DWT FUN
1233:Drivers/CMSIS/Include/core_cm7.h **** #define DWT_FUNCTION_DATAVADDR1_Msk        (0xFUL << DWT_FUNCTION_DATAVADDR1_Pos)      /*!< DWT FUN
1234:Drivers/CMSIS/Include/core_cm7.h **** 
1235:Drivers/CMSIS/Include/core_cm7.h **** #define DWT_FUNCTION_DATAVADDR0_Pos        12U                                         /*!< DWT FUN
1236:Drivers/CMSIS/Include/core_cm7.h **** #define DWT_FUNCTION_DATAVADDR0_Msk        (0xFUL << DWT_FUNCTION_DATAVADDR0_Pos)      /*!< DWT FUN
1237:Drivers/CMSIS/Include/core_cm7.h **** 
1238:Drivers/CMSIS/Include/core_cm7.h **** #define DWT_FUNCTION_DATAVSIZE_Pos         10U                                         /*!< DWT FUN
1239:Drivers/CMSIS/Include/core_cm7.h **** #define DWT_FUNCTION_DATAVSIZE_Msk         (0x3UL << DWT_FUNCTION_DATAVSIZE_Pos)       /*!< DWT FUN
1240:Drivers/CMSIS/Include/core_cm7.h **** 
1241:Drivers/CMSIS/Include/core_cm7.h **** #define DWT_FUNCTION_LNK1ENA_Pos            9U                                         /*!< DWT FUN
1242:Drivers/CMSIS/Include/core_cm7.h **** #define DWT_FUNCTION_LNK1ENA_Msk           (0x1UL << DWT_FUNCTION_LNK1ENA_Pos)         /*!< DWT FUN
1243:Drivers/CMSIS/Include/core_cm7.h **** 
1244:Drivers/CMSIS/Include/core_cm7.h **** #define DWT_FUNCTION_DATAVMATCH_Pos         8U                                         /*!< DWT FUN
1245:Drivers/CMSIS/Include/core_cm7.h **** #define DWT_FUNCTION_DATAVMATCH_Msk        (0x1UL << DWT_FUNCTION_DATAVMATCH_Pos)      /*!< DWT FUN
1246:Drivers/CMSIS/Include/core_cm7.h **** 
1247:Drivers/CMSIS/Include/core_cm7.h **** #define DWT_FUNCTION_CYCMATCH_Pos           7U                                         /*!< DWT FUN
1248:Drivers/CMSIS/Include/core_cm7.h **** #define DWT_FUNCTION_CYCMATCH_Msk          (0x1UL << DWT_FUNCTION_CYCMATCH_Pos)        /*!< DWT FUN
1249:Drivers/CMSIS/Include/core_cm7.h **** 
1250:Drivers/CMSIS/Include/core_cm7.h **** #define DWT_FUNCTION_EMITRANGE_Pos          5U                                         /*!< DWT FUN
1251:Drivers/CMSIS/Include/core_cm7.h **** #define DWT_FUNCTION_EMITRANGE_Msk         (0x1UL << DWT_FUNCTION_EMITRANGE_Pos)       /*!< DWT FUN
1252:Drivers/CMSIS/Include/core_cm7.h **** 
1253:Drivers/CMSIS/Include/core_cm7.h **** #define DWT_FUNCTION_FUNCTION_Pos           0U                                         /*!< DWT FUN
1254:Drivers/CMSIS/Include/core_cm7.h **** #define DWT_FUNCTION_FUNCTION_Msk          (0xFUL /*<< DWT_FUNCTION_FUNCTION_Pos*/)    /*!< DWT FUN
1255:Drivers/CMSIS/Include/core_cm7.h **** 
1256:Drivers/CMSIS/Include/core_cm7.h **** /*@}*/ /* end of group CMSIS_DWT */
1257:Drivers/CMSIS/Include/core_cm7.h **** 
1258:Drivers/CMSIS/Include/core_cm7.h **** 
1259:Drivers/CMSIS/Include/core_cm7.h **** /**
1260:Drivers/CMSIS/Include/core_cm7.h ****   \ingroup  CMSIS_core_register
1261:Drivers/CMSIS/Include/core_cm7.h ****   \defgroup CMSIS_TPI     Trace Port Interface (TPI)
1262:Drivers/CMSIS/Include/core_cm7.h ****   \brief    Type definitions for the Trace Port Interface (TPI)
1263:Drivers/CMSIS/Include/core_cm7.h ****   @{
1264:Drivers/CMSIS/Include/core_cm7.h ****  */
1265:Drivers/CMSIS/Include/core_cm7.h **** 
1266:Drivers/CMSIS/Include/core_cm7.h **** /**
1267:Drivers/CMSIS/Include/core_cm7.h ****   \brief  Structure type to access the Trace Port Interface Register (TPI).
1268:Drivers/CMSIS/Include/core_cm7.h ****  */
1269:Drivers/CMSIS/Include/core_cm7.h **** typedef struct
1270:Drivers/CMSIS/Include/core_cm7.h **** {
1271:Drivers/CMSIS/Include/core_cm7.h ****   __IM  uint32_t SSPSR;                  /*!< Offset: 0x000 (R/ )  Supported Parallel Port Size Reg
1272:Drivers/CMSIS/Include/core_cm7.h ****   __IOM uint32_t CSPSR;                  /*!< Offset: 0x004 (R/W)  Current Parallel Port Size Regis
ARM GAS  C:\Users\admin\AppData\Local\Temp\ccwPfCrn.s 			page 41


1273:Drivers/CMSIS/Include/core_cm7.h ****         uint32_t RESERVED0[2U];
1274:Drivers/CMSIS/Include/core_cm7.h ****   __IOM uint32_t ACPR;                   /*!< Offset: 0x010 (R/W)  Asynchronous Clock Prescaler Reg
1275:Drivers/CMSIS/Include/core_cm7.h ****         uint32_t RESERVED1[55U];
1276:Drivers/CMSIS/Include/core_cm7.h ****   __IOM uint32_t SPPR;                   /*!< Offset: 0x0F0 (R/W)  Selected Pin Protocol Register *
1277:Drivers/CMSIS/Include/core_cm7.h ****         uint32_t RESERVED2[131U];
1278:Drivers/CMSIS/Include/core_cm7.h ****   __IM  uint32_t FFSR;                   /*!< Offset: 0x300 (R/ )  Formatter and Flush Status Regis
1279:Drivers/CMSIS/Include/core_cm7.h ****   __IOM uint32_t FFCR;                   /*!< Offset: 0x304 (R/W)  Formatter and Flush Control Regi
1280:Drivers/CMSIS/Include/core_cm7.h ****   __IM  uint32_t FSCR;                   /*!< Offset: 0x308 (R/ )  Formatter Synchronization Counte
1281:Drivers/CMSIS/Include/core_cm7.h ****         uint32_t RESERVED3[759U];
1282:Drivers/CMSIS/Include/core_cm7.h ****   __IM  uint32_t TRIGGER;                /*!< Offset: 0xEE8 (R/ )  TRIGGER Register */
1283:Drivers/CMSIS/Include/core_cm7.h ****   __IM  uint32_t FIFO0;                  /*!< Offset: 0xEEC (R/ )  Integration ETM Data */
1284:Drivers/CMSIS/Include/core_cm7.h ****   __IM  uint32_t ITATBCTR2;              /*!< Offset: 0xEF0 (R/ )  ITATBCTR2 */
1285:Drivers/CMSIS/Include/core_cm7.h ****         uint32_t RESERVED4[1U];
1286:Drivers/CMSIS/Include/core_cm7.h ****   __IM  uint32_t ITATBCTR0;              /*!< Offset: 0xEF8 (R/ )  ITATBCTR0 */
1287:Drivers/CMSIS/Include/core_cm7.h ****   __IM  uint32_t FIFO1;                  /*!< Offset: 0xEFC (R/ )  Integration ITM Data */
1288:Drivers/CMSIS/Include/core_cm7.h ****   __IOM uint32_t ITCTRL;                 /*!< Offset: 0xF00 (R/W)  Integration Mode Control */
1289:Drivers/CMSIS/Include/core_cm7.h ****         uint32_t RESERVED5[39U];
1290:Drivers/CMSIS/Include/core_cm7.h ****   __IOM uint32_t CLAIMSET;               /*!< Offset: 0xFA0 (R/W)  Claim tag set */
1291:Drivers/CMSIS/Include/core_cm7.h ****   __IOM uint32_t CLAIMCLR;               /*!< Offset: 0xFA4 (R/W)  Claim tag clear */
1292:Drivers/CMSIS/Include/core_cm7.h ****         uint32_t RESERVED7[8U];
1293:Drivers/CMSIS/Include/core_cm7.h ****   __IM  uint32_t DEVID;                  /*!< Offset: 0xFC8 (R/ )  TPIU_DEVID */
1294:Drivers/CMSIS/Include/core_cm7.h ****   __IM  uint32_t DEVTYPE;                /*!< Offset: 0xFCC (R/ )  TPIU_DEVTYPE */
1295:Drivers/CMSIS/Include/core_cm7.h **** } TPI_Type;
1296:Drivers/CMSIS/Include/core_cm7.h **** 
1297:Drivers/CMSIS/Include/core_cm7.h **** /* TPI Asynchronous Clock Prescaler Register Definitions */
1298:Drivers/CMSIS/Include/core_cm7.h **** #define TPI_ACPR_PRESCALER_Pos              0U                                         /*!< TPI ACP
1299:Drivers/CMSIS/Include/core_cm7.h **** #define TPI_ACPR_PRESCALER_Msk             (0x1FFFUL /*<< TPI_ACPR_PRESCALER_Pos*/)    /*!< TPI ACP
1300:Drivers/CMSIS/Include/core_cm7.h **** 
1301:Drivers/CMSIS/Include/core_cm7.h **** /* TPI Selected Pin Protocol Register Definitions */
1302:Drivers/CMSIS/Include/core_cm7.h **** #define TPI_SPPR_TXMODE_Pos                 0U                                         /*!< TPI SPP
1303:Drivers/CMSIS/Include/core_cm7.h **** #define TPI_SPPR_TXMODE_Msk                (0x3UL /*<< TPI_SPPR_TXMODE_Pos*/)          /*!< TPI SPP
1304:Drivers/CMSIS/Include/core_cm7.h **** 
1305:Drivers/CMSIS/Include/core_cm7.h **** /* TPI Formatter and Flush Status Register Definitions */
1306:Drivers/CMSIS/Include/core_cm7.h **** #define TPI_FFSR_FtNonStop_Pos              3U                                         /*!< TPI FFS
1307:Drivers/CMSIS/Include/core_cm7.h **** #define TPI_FFSR_FtNonStop_Msk             (0x1UL << TPI_FFSR_FtNonStop_Pos)           /*!< TPI FFS
1308:Drivers/CMSIS/Include/core_cm7.h **** 
1309:Drivers/CMSIS/Include/core_cm7.h **** #define TPI_FFSR_TCPresent_Pos              2U                                         /*!< TPI FFS
1310:Drivers/CMSIS/Include/core_cm7.h **** #define TPI_FFSR_TCPresent_Msk             (0x1UL << TPI_FFSR_TCPresent_Pos)           /*!< TPI FFS
1311:Drivers/CMSIS/Include/core_cm7.h **** 
1312:Drivers/CMSIS/Include/core_cm7.h **** #define TPI_FFSR_FtStopped_Pos              1U                                         /*!< TPI FFS
1313:Drivers/CMSIS/Include/core_cm7.h **** #define TPI_FFSR_FtStopped_Msk             (0x1UL << TPI_FFSR_FtStopped_Pos)           /*!< TPI FFS
1314:Drivers/CMSIS/Include/core_cm7.h **** 
1315:Drivers/CMSIS/Include/core_cm7.h **** #define TPI_FFSR_FlInProg_Pos               0U                                         /*!< TPI FFS
1316:Drivers/CMSIS/Include/core_cm7.h **** #define TPI_FFSR_FlInProg_Msk              (0x1UL /*<< TPI_FFSR_FlInProg_Pos*/)        /*!< TPI FFS
1317:Drivers/CMSIS/Include/core_cm7.h **** 
1318:Drivers/CMSIS/Include/core_cm7.h **** /* TPI Formatter and Flush Control Register Definitions */
1319:Drivers/CMSIS/Include/core_cm7.h **** #define TPI_FFCR_TrigIn_Pos                 8U                                         /*!< TPI FFC
1320:Drivers/CMSIS/Include/core_cm7.h **** #define TPI_FFCR_TrigIn_Msk                (0x1UL << TPI_FFCR_TrigIn_Pos)              /*!< TPI FFC
1321:Drivers/CMSIS/Include/core_cm7.h **** 
1322:Drivers/CMSIS/Include/core_cm7.h **** #define TPI_FFCR_EnFCont_Pos                1U                                         /*!< TPI FFC
1323:Drivers/CMSIS/Include/core_cm7.h **** #define TPI_FFCR_EnFCont_Msk               (0x1UL << TPI_FFCR_EnFCont_Pos)             /*!< TPI FFC
1324:Drivers/CMSIS/Include/core_cm7.h **** 
1325:Drivers/CMSIS/Include/core_cm7.h **** /* TPI TRIGGER Register Definitions */
1326:Drivers/CMSIS/Include/core_cm7.h **** #define TPI_TRIGGER_TRIGGER_Pos             0U                                         /*!< TPI TRI
1327:Drivers/CMSIS/Include/core_cm7.h **** #define TPI_TRIGGER_TRIGGER_Msk            (0x1UL /*<< TPI_TRIGGER_TRIGGER_Pos*/)      /*!< TPI TRI
1328:Drivers/CMSIS/Include/core_cm7.h **** 
1329:Drivers/CMSIS/Include/core_cm7.h **** /* TPI Integration ETM Data Register Definitions (FIFO0) */
ARM GAS  C:\Users\admin\AppData\Local\Temp\ccwPfCrn.s 			page 42


1330:Drivers/CMSIS/Include/core_cm7.h **** #define TPI_FIFO0_ITM_ATVALID_Pos          29U                                         /*!< TPI FIF
1331:Drivers/CMSIS/Include/core_cm7.h **** #define TPI_FIFO0_ITM_ATVALID_Msk          (0x1UL << TPI_FIFO0_ITM_ATVALID_Pos)        /*!< TPI FIF
1332:Drivers/CMSIS/Include/core_cm7.h **** 
1333:Drivers/CMSIS/Include/core_cm7.h **** #define TPI_FIFO0_ITM_bytecount_Pos        27U                                         /*!< TPI FIF
1334:Drivers/CMSIS/Include/core_cm7.h **** #define TPI_FIFO0_ITM_bytecount_Msk        (0x3UL << TPI_FIFO0_ITM_bytecount_Pos)      /*!< TPI FIF
1335:Drivers/CMSIS/Include/core_cm7.h **** 
1336:Drivers/CMSIS/Include/core_cm7.h **** #define TPI_FIFO0_ETM_ATVALID_Pos          26U                                         /*!< TPI FIF
1337:Drivers/CMSIS/Include/core_cm7.h **** #define TPI_FIFO0_ETM_ATVALID_Msk          (0x1UL << TPI_FIFO0_ETM_ATVALID_Pos)        /*!< TPI FIF
1338:Drivers/CMSIS/Include/core_cm7.h **** 
1339:Drivers/CMSIS/Include/core_cm7.h **** #define TPI_FIFO0_ETM_bytecount_Pos        24U                                         /*!< TPI FIF
1340:Drivers/CMSIS/Include/core_cm7.h **** #define TPI_FIFO0_ETM_bytecount_Msk        (0x3UL << TPI_FIFO0_ETM_bytecount_Pos)      /*!< TPI FIF
1341:Drivers/CMSIS/Include/core_cm7.h **** 
1342:Drivers/CMSIS/Include/core_cm7.h **** #define TPI_FIFO0_ETM2_Pos                 16U                                         /*!< TPI FIF
1343:Drivers/CMSIS/Include/core_cm7.h **** #define TPI_FIFO0_ETM2_Msk                 (0xFFUL << TPI_FIFO0_ETM2_Pos)              /*!< TPI FIF
1344:Drivers/CMSIS/Include/core_cm7.h **** 
1345:Drivers/CMSIS/Include/core_cm7.h **** #define TPI_FIFO0_ETM1_Pos                  8U                                         /*!< TPI FIF
1346:Drivers/CMSIS/Include/core_cm7.h **** #define TPI_FIFO0_ETM1_Msk                 (0xFFUL << TPI_FIFO0_ETM1_Pos)              /*!< TPI FIF
1347:Drivers/CMSIS/Include/core_cm7.h **** 
1348:Drivers/CMSIS/Include/core_cm7.h **** #define TPI_FIFO0_ETM0_Pos                  0U                                         /*!< TPI FIF
1349:Drivers/CMSIS/Include/core_cm7.h **** #define TPI_FIFO0_ETM0_Msk                 (0xFFUL /*<< TPI_FIFO0_ETM0_Pos*/)          /*!< TPI FIF
1350:Drivers/CMSIS/Include/core_cm7.h **** 
1351:Drivers/CMSIS/Include/core_cm7.h **** /* TPI ITATBCTR2 Register Definitions */
1352:Drivers/CMSIS/Include/core_cm7.h **** #define TPI_ITATBCTR2_ATREADY2_Pos          0U                                         /*!< TPI ITA
1353:Drivers/CMSIS/Include/core_cm7.h **** #define TPI_ITATBCTR2_ATREADY2_Msk         (0x1UL /*<< TPI_ITATBCTR2_ATREADY2_Pos*/)   /*!< TPI ITA
1354:Drivers/CMSIS/Include/core_cm7.h **** 
1355:Drivers/CMSIS/Include/core_cm7.h **** #define TPI_ITATBCTR2_ATREADY1_Pos          0U                                         /*!< TPI ITA
1356:Drivers/CMSIS/Include/core_cm7.h **** #define TPI_ITATBCTR2_ATREADY1_Msk         (0x1UL /*<< TPI_ITATBCTR2_ATREADY1_Pos*/)   /*!< TPI ITA
1357:Drivers/CMSIS/Include/core_cm7.h **** 
1358:Drivers/CMSIS/Include/core_cm7.h **** /* TPI Integration ITM Data Register Definitions (FIFO1) */
1359:Drivers/CMSIS/Include/core_cm7.h **** #define TPI_FIFO1_ITM_ATVALID_Pos          29U                                         /*!< TPI FIF
1360:Drivers/CMSIS/Include/core_cm7.h **** #define TPI_FIFO1_ITM_ATVALID_Msk          (0x1UL << TPI_FIFO1_ITM_ATVALID_Pos)        /*!< TPI FIF
1361:Drivers/CMSIS/Include/core_cm7.h **** 
1362:Drivers/CMSIS/Include/core_cm7.h **** #define TPI_FIFO1_ITM_bytecount_Pos        27U                                         /*!< TPI FIF
1363:Drivers/CMSIS/Include/core_cm7.h **** #define TPI_FIFO1_ITM_bytecount_Msk        (0x3UL << TPI_FIFO1_ITM_bytecount_Pos)      /*!< TPI FIF
1364:Drivers/CMSIS/Include/core_cm7.h **** 
1365:Drivers/CMSIS/Include/core_cm7.h **** #define TPI_FIFO1_ETM_ATVALID_Pos          26U                                         /*!< TPI FIF
1366:Drivers/CMSIS/Include/core_cm7.h **** #define TPI_FIFO1_ETM_ATVALID_Msk          (0x1UL << TPI_FIFO1_ETM_ATVALID_Pos)        /*!< TPI FIF
1367:Drivers/CMSIS/Include/core_cm7.h **** 
1368:Drivers/CMSIS/Include/core_cm7.h **** #define TPI_FIFO1_ETM_bytecount_Pos        24U                                         /*!< TPI FIF
1369:Drivers/CMSIS/Include/core_cm7.h **** #define TPI_FIFO1_ETM_bytecount_Msk        (0x3UL << TPI_FIFO1_ETM_bytecount_Pos)      /*!< TPI FIF
1370:Drivers/CMSIS/Include/core_cm7.h **** 
1371:Drivers/CMSIS/Include/core_cm7.h **** #define TPI_FIFO1_ITM2_Pos                 16U                                         /*!< TPI FIF
1372:Drivers/CMSIS/Include/core_cm7.h **** #define TPI_FIFO1_ITM2_Msk                 (0xFFUL << TPI_FIFO1_ITM2_Pos)              /*!< TPI FIF
1373:Drivers/CMSIS/Include/core_cm7.h **** 
1374:Drivers/CMSIS/Include/core_cm7.h **** #define TPI_FIFO1_ITM1_Pos                  8U                                         /*!< TPI FIF
1375:Drivers/CMSIS/Include/core_cm7.h **** #define TPI_FIFO1_ITM1_Msk                 (0xFFUL << TPI_FIFO1_ITM1_Pos)              /*!< TPI FIF
1376:Drivers/CMSIS/Include/core_cm7.h **** 
1377:Drivers/CMSIS/Include/core_cm7.h **** #define TPI_FIFO1_ITM0_Pos                  0U                                         /*!< TPI FIF
1378:Drivers/CMSIS/Include/core_cm7.h **** #define TPI_FIFO1_ITM0_Msk                 (0xFFUL /*<< TPI_FIFO1_ITM0_Pos*/)          /*!< TPI FIF
1379:Drivers/CMSIS/Include/core_cm7.h **** 
1380:Drivers/CMSIS/Include/core_cm7.h **** /* TPI ITATBCTR0 Register Definitions */
1381:Drivers/CMSIS/Include/core_cm7.h **** #define TPI_ITATBCTR0_ATREADY2_Pos          0U                                         /*!< TPI ITA
1382:Drivers/CMSIS/Include/core_cm7.h **** #define TPI_ITATBCTR0_ATREADY2_Msk         (0x1UL /*<< TPI_ITATBCTR0_ATREADY2_Pos*/)   /*!< TPI ITA
1383:Drivers/CMSIS/Include/core_cm7.h **** 
1384:Drivers/CMSIS/Include/core_cm7.h **** #define TPI_ITATBCTR0_ATREADY1_Pos          0U                                         /*!< TPI ITA
1385:Drivers/CMSIS/Include/core_cm7.h **** #define TPI_ITATBCTR0_ATREADY1_Msk         (0x1UL /*<< TPI_ITATBCTR0_ATREADY1_Pos*/)   /*!< TPI ITA
1386:Drivers/CMSIS/Include/core_cm7.h **** 
ARM GAS  C:\Users\admin\AppData\Local\Temp\ccwPfCrn.s 			page 43


1387:Drivers/CMSIS/Include/core_cm7.h **** /* TPI Integration Mode Control Register Definitions */
1388:Drivers/CMSIS/Include/core_cm7.h **** #define TPI_ITCTRL_Mode_Pos                 0U                                         /*!< TPI ITC
1389:Drivers/CMSIS/Include/core_cm7.h **** #define TPI_ITCTRL_Mode_Msk                (0x3UL /*<< TPI_ITCTRL_Mode_Pos*/)          /*!< TPI ITC
1390:Drivers/CMSIS/Include/core_cm7.h **** 
1391:Drivers/CMSIS/Include/core_cm7.h **** /* TPI DEVID Register Definitions */
1392:Drivers/CMSIS/Include/core_cm7.h **** #define TPI_DEVID_NRZVALID_Pos             11U                                         /*!< TPI DEV
1393:Drivers/CMSIS/Include/core_cm7.h **** #define TPI_DEVID_NRZVALID_Msk             (0x1UL << TPI_DEVID_NRZVALID_Pos)           /*!< TPI DEV
1394:Drivers/CMSIS/Include/core_cm7.h **** 
1395:Drivers/CMSIS/Include/core_cm7.h **** #define TPI_DEVID_MANCVALID_Pos            10U                                         /*!< TPI DEV
1396:Drivers/CMSIS/Include/core_cm7.h **** #define TPI_DEVID_MANCVALID_Msk            (0x1UL << TPI_DEVID_MANCVALID_Pos)          /*!< TPI DEV
1397:Drivers/CMSIS/Include/core_cm7.h **** 
1398:Drivers/CMSIS/Include/core_cm7.h **** #define TPI_DEVID_PTINVALID_Pos             9U                                         /*!< TPI DEV
1399:Drivers/CMSIS/Include/core_cm7.h **** #define TPI_DEVID_PTINVALID_Msk            (0x1UL << TPI_DEVID_PTINVALID_Pos)          /*!< TPI DEV
1400:Drivers/CMSIS/Include/core_cm7.h **** 
1401:Drivers/CMSIS/Include/core_cm7.h **** #define TPI_DEVID_MinBufSz_Pos              6U                                         /*!< TPI DEV
1402:Drivers/CMSIS/Include/core_cm7.h **** #define TPI_DEVID_MinBufSz_Msk             (0x7UL << TPI_DEVID_MinBufSz_Pos)           /*!< TPI DEV
1403:Drivers/CMSIS/Include/core_cm7.h **** 
1404:Drivers/CMSIS/Include/core_cm7.h **** #define TPI_DEVID_AsynClkIn_Pos             5U                                         /*!< TPI DEV
1405:Drivers/CMSIS/Include/core_cm7.h **** #define TPI_DEVID_AsynClkIn_Msk            (0x1UL << TPI_DEVID_AsynClkIn_Pos)          /*!< TPI DEV
1406:Drivers/CMSIS/Include/core_cm7.h **** 
1407:Drivers/CMSIS/Include/core_cm7.h **** #define TPI_DEVID_NrTraceInput_Pos          0U                                         /*!< TPI DEV
1408:Drivers/CMSIS/Include/core_cm7.h **** #define TPI_DEVID_NrTraceInput_Msk         (0x1FUL /*<< TPI_DEVID_NrTraceInput_Pos*/)  /*!< TPI DEV
1409:Drivers/CMSIS/Include/core_cm7.h **** 
1410:Drivers/CMSIS/Include/core_cm7.h **** /* TPI DEVTYPE Register Definitions */
1411:Drivers/CMSIS/Include/core_cm7.h **** #define TPI_DEVTYPE_SubType_Pos             4U                                         /*!< TPI DEV
1412:Drivers/CMSIS/Include/core_cm7.h **** #define TPI_DEVTYPE_SubType_Msk            (0xFUL /*<< TPI_DEVTYPE_SubType_Pos*/)      /*!< TPI DEV
1413:Drivers/CMSIS/Include/core_cm7.h **** 
1414:Drivers/CMSIS/Include/core_cm7.h **** #define TPI_DEVTYPE_MajorType_Pos           0U                                         /*!< TPI DEV
1415:Drivers/CMSIS/Include/core_cm7.h **** #define TPI_DEVTYPE_MajorType_Msk          (0xFUL << TPI_DEVTYPE_MajorType_Pos)        /*!< TPI DEV
1416:Drivers/CMSIS/Include/core_cm7.h **** 
1417:Drivers/CMSIS/Include/core_cm7.h **** /*@}*/ /* end of group CMSIS_TPI */
1418:Drivers/CMSIS/Include/core_cm7.h **** 
1419:Drivers/CMSIS/Include/core_cm7.h **** 
1420:Drivers/CMSIS/Include/core_cm7.h **** #if defined (__MPU_PRESENT) && (__MPU_PRESENT == 1U)
1421:Drivers/CMSIS/Include/core_cm7.h **** /**
1422:Drivers/CMSIS/Include/core_cm7.h ****   \ingroup  CMSIS_core_register
1423:Drivers/CMSIS/Include/core_cm7.h ****   \defgroup CMSIS_MPU     Memory Protection Unit (MPU)
1424:Drivers/CMSIS/Include/core_cm7.h ****   \brief    Type definitions for the Memory Protection Unit (MPU)
1425:Drivers/CMSIS/Include/core_cm7.h ****   @{
1426:Drivers/CMSIS/Include/core_cm7.h ****  */
1427:Drivers/CMSIS/Include/core_cm7.h **** 
1428:Drivers/CMSIS/Include/core_cm7.h **** /**
1429:Drivers/CMSIS/Include/core_cm7.h ****   \brief  Structure type to access the Memory Protection Unit (MPU).
1430:Drivers/CMSIS/Include/core_cm7.h ****  */
1431:Drivers/CMSIS/Include/core_cm7.h **** typedef struct
1432:Drivers/CMSIS/Include/core_cm7.h **** {
1433:Drivers/CMSIS/Include/core_cm7.h ****   __IM  uint32_t TYPE;                   /*!< Offset: 0x000 (R/ )  MPU Type Register */
1434:Drivers/CMSIS/Include/core_cm7.h ****   __IOM uint32_t CTRL;                   /*!< Offset: 0x004 (R/W)  MPU Control Register */
1435:Drivers/CMSIS/Include/core_cm7.h ****   __IOM uint32_t RNR;                    /*!< Offset: 0x008 (R/W)  MPU Region RNRber Register */
1436:Drivers/CMSIS/Include/core_cm7.h ****   __IOM uint32_t RBAR;                   /*!< Offset: 0x00C (R/W)  MPU Region Base Address Register
1437:Drivers/CMSIS/Include/core_cm7.h ****   __IOM uint32_t RASR;                   /*!< Offset: 0x010 (R/W)  MPU Region Attribute and Size Re
1438:Drivers/CMSIS/Include/core_cm7.h ****   __IOM uint32_t RBAR_A1;                /*!< Offset: 0x014 (R/W)  MPU Alias 1 Region Base Address 
1439:Drivers/CMSIS/Include/core_cm7.h ****   __IOM uint32_t RASR_A1;                /*!< Offset: 0x018 (R/W)  MPU Alias 1 Region Attribute and
1440:Drivers/CMSIS/Include/core_cm7.h ****   __IOM uint32_t RBAR_A2;                /*!< Offset: 0x01C (R/W)  MPU Alias 2 Region Base Address 
1441:Drivers/CMSIS/Include/core_cm7.h ****   __IOM uint32_t RASR_A2;                /*!< Offset: 0x020 (R/W)  MPU Alias 2 Region Attribute and
1442:Drivers/CMSIS/Include/core_cm7.h ****   __IOM uint32_t RBAR_A3;                /*!< Offset: 0x024 (R/W)  MPU Alias 3 Region Base Address 
1443:Drivers/CMSIS/Include/core_cm7.h ****   __IOM uint32_t RASR_A3;                /*!< Offset: 0x028 (R/W)  MPU Alias 3 Region Attribute and
ARM GAS  C:\Users\admin\AppData\Local\Temp\ccwPfCrn.s 			page 44


1444:Drivers/CMSIS/Include/core_cm7.h **** } MPU_Type;
1445:Drivers/CMSIS/Include/core_cm7.h **** 
1446:Drivers/CMSIS/Include/core_cm7.h **** #define MPU_TYPE_RALIASES                  4U
1447:Drivers/CMSIS/Include/core_cm7.h **** 
1448:Drivers/CMSIS/Include/core_cm7.h **** /* MPU Type Register Definitions */
1449:Drivers/CMSIS/Include/core_cm7.h **** #define MPU_TYPE_IREGION_Pos               16U                                            /*!< MPU 
1450:Drivers/CMSIS/Include/core_cm7.h **** #define MPU_TYPE_IREGION_Msk               (0xFFUL << MPU_TYPE_IREGION_Pos)               /*!< MPU 
1451:Drivers/CMSIS/Include/core_cm7.h **** 
1452:Drivers/CMSIS/Include/core_cm7.h **** #define MPU_TYPE_DREGION_Pos                8U                                            /*!< MPU 
1453:Drivers/CMSIS/Include/core_cm7.h **** #define MPU_TYPE_DREGION_Msk               (0xFFUL << MPU_TYPE_DREGION_Pos)               /*!< MPU 
1454:Drivers/CMSIS/Include/core_cm7.h **** 
1455:Drivers/CMSIS/Include/core_cm7.h **** #define MPU_TYPE_SEPARATE_Pos               0U                                            /*!< MPU 
1456:Drivers/CMSIS/Include/core_cm7.h **** #define MPU_TYPE_SEPARATE_Msk              (1UL /*<< MPU_TYPE_SEPARATE_Pos*/)             /*!< MPU 
1457:Drivers/CMSIS/Include/core_cm7.h **** 
1458:Drivers/CMSIS/Include/core_cm7.h **** /* MPU Control Register Definitions */
1459:Drivers/CMSIS/Include/core_cm7.h **** #define MPU_CTRL_PRIVDEFENA_Pos             2U                                            /*!< MPU 
1460:Drivers/CMSIS/Include/core_cm7.h **** #define MPU_CTRL_PRIVDEFENA_Msk            (1UL << MPU_CTRL_PRIVDEFENA_Pos)               /*!< MPU 
1461:Drivers/CMSIS/Include/core_cm7.h **** 
1462:Drivers/CMSIS/Include/core_cm7.h **** #define MPU_CTRL_HFNMIENA_Pos               1U                                            /*!< MPU 
1463:Drivers/CMSIS/Include/core_cm7.h **** #define MPU_CTRL_HFNMIENA_Msk              (1UL << MPU_CTRL_HFNMIENA_Pos)                 /*!< MPU 
1464:Drivers/CMSIS/Include/core_cm7.h **** 
1465:Drivers/CMSIS/Include/core_cm7.h **** #define MPU_CTRL_ENABLE_Pos                 0U                                            /*!< MPU 
1466:Drivers/CMSIS/Include/core_cm7.h **** #define MPU_CTRL_ENABLE_Msk                (1UL /*<< MPU_CTRL_ENABLE_Pos*/)               /*!< MPU 
1467:Drivers/CMSIS/Include/core_cm7.h **** 
1468:Drivers/CMSIS/Include/core_cm7.h **** /* MPU Region Number Register Definitions */
1469:Drivers/CMSIS/Include/core_cm7.h **** #define MPU_RNR_REGION_Pos                  0U                                            /*!< MPU 
1470:Drivers/CMSIS/Include/core_cm7.h **** #define MPU_RNR_REGION_Msk                 (0xFFUL /*<< MPU_RNR_REGION_Pos*/)             /*!< MPU 
1471:Drivers/CMSIS/Include/core_cm7.h **** 
1472:Drivers/CMSIS/Include/core_cm7.h **** /* MPU Region Base Address Register Definitions */
1473:Drivers/CMSIS/Include/core_cm7.h **** #define MPU_RBAR_ADDR_Pos                   5U                                            /*!< MPU 
1474:Drivers/CMSIS/Include/core_cm7.h **** #define MPU_RBAR_ADDR_Msk                  (0x7FFFFFFUL << MPU_RBAR_ADDR_Pos)             /*!< MPU 
1475:Drivers/CMSIS/Include/core_cm7.h **** 
1476:Drivers/CMSIS/Include/core_cm7.h **** #define MPU_RBAR_VALID_Pos                  4U                                            /*!< MPU 
1477:Drivers/CMSIS/Include/core_cm7.h **** #define MPU_RBAR_VALID_Msk                 (1UL << MPU_RBAR_VALID_Pos)                    /*!< MPU 
1478:Drivers/CMSIS/Include/core_cm7.h **** 
1479:Drivers/CMSIS/Include/core_cm7.h **** #define MPU_RBAR_REGION_Pos                 0U                                            /*!< MPU 
1480:Drivers/CMSIS/Include/core_cm7.h **** #define MPU_RBAR_REGION_Msk                (0xFUL /*<< MPU_RBAR_REGION_Pos*/)             /*!< MPU 
1481:Drivers/CMSIS/Include/core_cm7.h **** 
1482:Drivers/CMSIS/Include/core_cm7.h **** /* MPU Region Attribute and Size Register Definitions */
1483:Drivers/CMSIS/Include/core_cm7.h **** #define MPU_RASR_ATTRS_Pos                 16U                                            /*!< MPU 
1484:Drivers/CMSIS/Include/core_cm7.h **** #define MPU_RASR_ATTRS_Msk                 (0xFFFFUL << MPU_RASR_ATTRS_Pos)               /*!< MPU 
1485:Drivers/CMSIS/Include/core_cm7.h **** 
1486:Drivers/CMSIS/Include/core_cm7.h **** #define MPU_RASR_XN_Pos                    28U                                            /*!< MPU 
1487:Drivers/CMSIS/Include/core_cm7.h **** #define MPU_RASR_XN_Msk                    (1UL << MPU_RASR_XN_Pos)                       /*!< MPU 
1488:Drivers/CMSIS/Include/core_cm7.h **** 
1489:Drivers/CMSIS/Include/core_cm7.h **** #define MPU_RASR_AP_Pos                    24U                                            /*!< MPU 
1490:Drivers/CMSIS/Include/core_cm7.h **** #define MPU_RASR_AP_Msk                    (0x7UL << MPU_RASR_AP_Pos)                     /*!< MPU 
1491:Drivers/CMSIS/Include/core_cm7.h **** 
1492:Drivers/CMSIS/Include/core_cm7.h **** #define MPU_RASR_TEX_Pos                   19U                                            /*!< MPU 
1493:Drivers/CMSIS/Include/core_cm7.h **** #define MPU_RASR_TEX_Msk                   (0x7UL << MPU_RASR_TEX_Pos)                    /*!< MPU 
1494:Drivers/CMSIS/Include/core_cm7.h **** 
1495:Drivers/CMSIS/Include/core_cm7.h **** #define MPU_RASR_S_Pos                     18U                                            /*!< MPU 
1496:Drivers/CMSIS/Include/core_cm7.h **** #define MPU_RASR_S_Msk                     (1UL << MPU_RASR_S_Pos)                        /*!< MPU 
1497:Drivers/CMSIS/Include/core_cm7.h **** 
1498:Drivers/CMSIS/Include/core_cm7.h **** #define MPU_RASR_C_Pos                     17U                                            /*!< MPU 
1499:Drivers/CMSIS/Include/core_cm7.h **** #define MPU_RASR_C_Msk                     (1UL << MPU_RASR_C_Pos)                        /*!< MPU 
1500:Drivers/CMSIS/Include/core_cm7.h **** 
ARM GAS  C:\Users\admin\AppData\Local\Temp\ccwPfCrn.s 			page 45


1501:Drivers/CMSIS/Include/core_cm7.h **** #define MPU_RASR_B_Pos                     16U                                            /*!< MPU 
1502:Drivers/CMSIS/Include/core_cm7.h **** #define MPU_RASR_B_Msk                     (1UL << MPU_RASR_B_Pos)                        /*!< MPU 
1503:Drivers/CMSIS/Include/core_cm7.h **** 
1504:Drivers/CMSIS/Include/core_cm7.h **** #define MPU_RASR_SRD_Pos                    8U                                            /*!< MPU 
1505:Drivers/CMSIS/Include/core_cm7.h **** #define MPU_RASR_SRD_Msk                   (0xFFUL << MPU_RASR_SRD_Pos)                   /*!< MPU 
1506:Drivers/CMSIS/Include/core_cm7.h **** 
1507:Drivers/CMSIS/Include/core_cm7.h **** #define MPU_RASR_SIZE_Pos                   1U                                            /*!< MPU 
1508:Drivers/CMSIS/Include/core_cm7.h **** #define MPU_RASR_SIZE_Msk                  (0x1FUL << MPU_RASR_SIZE_Pos)                  /*!< MPU 
1509:Drivers/CMSIS/Include/core_cm7.h **** 
1510:Drivers/CMSIS/Include/core_cm7.h **** #define MPU_RASR_ENABLE_Pos                 0U                                            /*!< MPU 
1511:Drivers/CMSIS/Include/core_cm7.h **** #define MPU_RASR_ENABLE_Msk                (1UL /*<< MPU_RASR_ENABLE_Pos*/)               /*!< MPU 
1512:Drivers/CMSIS/Include/core_cm7.h **** 
1513:Drivers/CMSIS/Include/core_cm7.h **** /*@} end of group CMSIS_MPU */
1514:Drivers/CMSIS/Include/core_cm7.h **** #endif /* defined (__MPU_PRESENT) && (__MPU_PRESENT == 1U) */
1515:Drivers/CMSIS/Include/core_cm7.h **** 
1516:Drivers/CMSIS/Include/core_cm7.h **** 
1517:Drivers/CMSIS/Include/core_cm7.h **** /**
1518:Drivers/CMSIS/Include/core_cm7.h ****   \ingroup  CMSIS_core_register
1519:Drivers/CMSIS/Include/core_cm7.h ****   \defgroup CMSIS_FPU     Floating Point Unit (FPU)
1520:Drivers/CMSIS/Include/core_cm7.h ****   \brief    Type definitions for the Floating Point Unit (FPU)
1521:Drivers/CMSIS/Include/core_cm7.h ****   @{
1522:Drivers/CMSIS/Include/core_cm7.h ****  */
1523:Drivers/CMSIS/Include/core_cm7.h **** 
1524:Drivers/CMSIS/Include/core_cm7.h **** /**
1525:Drivers/CMSIS/Include/core_cm7.h ****   \brief  Structure type to access the Floating Point Unit (FPU).
1526:Drivers/CMSIS/Include/core_cm7.h ****  */
1527:Drivers/CMSIS/Include/core_cm7.h **** typedef struct
1528:Drivers/CMSIS/Include/core_cm7.h **** {
1529:Drivers/CMSIS/Include/core_cm7.h ****         uint32_t RESERVED0[1U];
1530:Drivers/CMSIS/Include/core_cm7.h ****   __IOM uint32_t FPCCR;                  /*!< Offset: 0x004 (R/W)  Floating-Point Context Control R
1531:Drivers/CMSIS/Include/core_cm7.h ****   __IOM uint32_t FPCAR;                  /*!< Offset: 0x008 (R/W)  Floating-Point Context Address R
1532:Drivers/CMSIS/Include/core_cm7.h ****   __IOM uint32_t FPDSCR;                 /*!< Offset: 0x00C (R/W)  Floating-Point Default Status Co
1533:Drivers/CMSIS/Include/core_cm7.h ****   __IM  uint32_t MVFR0;                  /*!< Offset: 0x010 (R/ )  Media and FP Feature Register 0 
1534:Drivers/CMSIS/Include/core_cm7.h ****   __IM  uint32_t MVFR1;                  /*!< Offset: 0x014 (R/ )  Media and FP Feature Register 1 
1535:Drivers/CMSIS/Include/core_cm7.h ****   __IM  uint32_t MVFR2;                  /*!< Offset: 0x018 (R/ )  Media and FP Feature Register 2 
1536:Drivers/CMSIS/Include/core_cm7.h **** } FPU_Type;
1537:Drivers/CMSIS/Include/core_cm7.h **** 
1538:Drivers/CMSIS/Include/core_cm7.h **** /* Floating-Point Context Control Register Definitions */
1539:Drivers/CMSIS/Include/core_cm7.h **** #define FPU_FPCCR_ASPEN_Pos                31U                                            /*!< FPCC
1540:Drivers/CMSIS/Include/core_cm7.h **** #define FPU_FPCCR_ASPEN_Msk                (1UL << FPU_FPCCR_ASPEN_Pos)                   /*!< FPCC
1541:Drivers/CMSIS/Include/core_cm7.h **** 
1542:Drivers/CMSIS/Include/core_cm7.h **** #define FPU_FPCCR_LSPEN_Pos                30U                                            /*!< FPCC
1543:Drivers/CMSIS/Include/core_cm7.h **** #define FPU_FPCCR_LSPEN_Msk                (1UL << FPU_FPCCR_LSPEN_Pos)                   /*!< FPCC
1544:Drivers/CMSIS/Include/core_cm7.h **** 
1545:Drivers/CMSIS/Include/core_cm7.h **** #define FPU_FPCCR_MONRDY_Pos                8U                                            /*!< FPCC
1546:Drivers/CMSIS/Include/core_cm7.h **** #define FPU_FPCCR_MONRDY_Msk               (1UL << FPU_FPCCR_MONRDY_Pos)                  /*!< FPCC
1547:Drivers/CMSIS/Include/core_cm7.h **** 
1548:Drivers/CMSIS/Include/core_cm7.h **** #define FPU_FPCCR_BFRDY_Pos                 6U                                            /*!< FPCC
1549:Drivers/CMSIS/Include/core_cm7.h **** #define FPU_FPCCR_BFRDY_Msk                (1UL << FPU_FPCCR_BFRDY_Pos)                   /*!< FPCC
1550:Drivers/CMSIS/Include/core_cm7.h **** 
1551:Drivers/CMSIS/Include/core_cm7.h **** #define FPU_FPCCR_MMRDY_Pos                 5U                                            /*!< FPCC
1552:Drivers/CMSIS/Include/core_cm7.h **** #define FPU_FPCCR_MMRDY_Msk                (1UL << FPU_FPCCR_MMRDY_Pos)                   /*!< FPCC
1553:Drivers/CMSIS/Include/core_cm7.h **** 
1554:Drivers/CMSIS/Include/core_cm7.h **** #define FPU_FPCCR_HFRDY_Pos                 4U                                            /*!< FPCC
1555:Drivers/CMSIS/Include/core_cm7.h **** #define FPU_FPCCR_HFRDY_Msk                (1UL << FPU_FPCCR_HFRDY_Pos)                   /*!< FPCC
1556:Drivers/CMSIS/Include/core_cm7.h **** 
1557:Drivers/CMSIS/Include/core_cm7.h **** #define FPU_FPCCR_THREAD_Pos                3U                                            /*!< FPCC
ARM GAS  C:\Users\admin\AppData\Local\Temp\ccwPfCrn.s 			page 46


1558:Drivers/CMSIS/Include/core_cm7.h **** #define FPU_FPCCR_THREAD_Msk               (1UL << FPU_FPCCR_THREAD_Pos)                  /*!< FPCC
1559:Drivers/CMSIS/Include/core_cm7.h **** 
1560:Drivers/CMSIS/Include/core_cm7.h **** #define FPU_FPCCR_USER_Pos                  1U                                            /*!< FPCC
1561:Drivers/CMSIS/Include/core_cm7.h **** #define FPU_FPCCR_USER_Msk                 (1UL << FPU_FPCCR_USER_Pos)                    /*!< FPCC
1562:Drivers/CMSIS/Include/core_cm7.h **** 
1563:Drivers/CMSIS/Include/core_cm7.h **** #define FPU_FPCCR_LSPACT_Pos                0U                                            /*!< FPCC
1564:Drivers/CMSIS/Include/core_cm7.h **** #define FPU_FPCCR_LSPACT_Msk               (1UL /*<< FPU_FPCCR_LSPACT_Pos*/)              /*!< FPCC
1565:Drivers/CMSIS/Include/core_cm7.h **** 
1566:Drivers/CMSIS/Include/core_cm7.h **** /* Floating-Point Context Address Register Definitions */
1567:Drivers/CMSIS/Include/core_cm7.h **** #define FPU_FPCAR_ADDRESS_Pos               3U                                            /*!< FPCA
1568:Drivers/CMSIS/Include/core_cm7.h **** #define FPU_FPCAR_ADDRESS_Msk              (0x1FFFFFFFUL << FPU_FPCAR_ADDRESS_Pos)        /*!< FPCA
1569:Drivers/CMSIS/Include/core_cm7.h **** 
1570:Drivers/CMSIS/Include/core_cm7.h **** /* Floating-Point Default Status Control Register Definitions */
1571:Drivers/CMSIS/Include/core_cm7.h **** #define FPU_FPDSCR_AHP_Pos                 26U                                            /*!< FPDS
1572:Drivers/CMSIS/Include/core_cm7.h **** #define FPU_FPDSCR_AHP_Msk                 (1UL << FPU_FPDSCR_AHP_Pos)                    /*!< FPDS
1573:Drivers/CMSIS/Include/core_cm7.h **** 
1574:Drivers/CMSIS/Include/core_cm7.h **** #define FPU_FPDSCR_DN_Pos                  25U                                            /*!< FPDS
1575:Drivers/CMSIS/Include/core_cm7.h **** #define FPU_FPDSCR_DN_Msk                  (1UL << FPU_FPDSCR_DN_Pos)                     /*!< FPDS
1576:Drivers/CMSIS/Include/core_cm7.h **** 
1577:Drivers/CMSIS/Include/core_cm7.h **** #define FPU_FPDSCR_FZ_Pos                  24U                                            /*!< FPDS
1578:Drivers/CMSIS/Include/core_cm7.h **** #define FPU_FPDSCR_FZ_Msk                  (1UL << FPU_FPDSCR_FZ_Pos)                     /*!< FPDS
1579:Drivers/CMSIS/Include/core_cm7.h **** 
1580:Drivers/CMSIS/Include/core_cm7.h **** #define FPU_FPDSCR_RMode_Pos               22U                                            /*!< FPDS
1581:Drivers/CMSIS/Include/core_cm7.h **** #define FPU_FPDSCR_RMode_Msk               (3UL << FPU_FPDSCR_RMode_Pos)                  /*!< FPDS
1582:Drivers/CMSIS/Include/core_cm7.h **** 
1583:Drivers/CMSIS/Include/core_cm7.h **** /* Media and FP Feature Register 0 Definitions */
1584:Drivers/CMSIS/Include/core_cm7.h **** #define FPU_MVFR0_FP_rounding_modes_Pos    28U                                            /*!< MVFR
1585:Drivers/CMSIS/Include/core_cm7.h **** #define FPU_MVFR0_FP_rounding_modes_Msk    (0xFUL << FPU_MVFR0_FP_rounding_modes_Pos)     /*!< MVFR
1586:Drivers/CMSIS/Include/core_cm7.h **** 
1587:Drivers/CMSIS/Include/core_cm7.h **** #define FPU_MVFR0_Short_vectors_Pos        24U                                            /*!< MVFR
1588:Drivers/CMSIS/Include/core_cm7.h **** #define FPU_MVFR0_Short_vectors_Msk        (0xFUL << FPU_MVFR0_Short_vectors_Pos)         /*!< MVFR
1589:Drivers/CMSIS/Include/core_cm7.h **** 
1590:Drivers/CMSIS/Include/core_cm7.h **** #define FPU_MVFR0_Square_root_Pos          20U                                            /*!< MVFR
1591:Drivers/CMSIS/Include/core_cm7.h **** #define FPU_MVFR0_Square_root_Msk          (0xFUL << FPU_MVFR0_Square_root_Pos)           /*!< MVFR
1592:Drivers/CMSIS/Include/core_cm7.h **** 
1593:Drivers/CMSIS/Include/core_cm7.h **** #define FPU_MVFR0_Divide_Pos               16U                                            /*!< MVFR
1594:Drivers/CMSIS/Include/core_cm7.h **** #define FPU_MVFR0_Divide_Msk               (0xFUL << FPU_MVFR0_Divide_Pos)                /*!< MVFR
1595:Drivers/CMSIS/Include/core_cm7.h **** 
1596:Drivers/CMSIS/Include/core_cm7.h **** #define FPU_MVFR0_FP_excep_trapping_Pos    12U                                            /*!< MVFR
1597:Drivers/CMSIS/Include/core_cm7.h **** #define FPU_MVFR0_FP_excep_trapping_Msk    (0xFUL << FPU_MVFR0_FP_excep_trapping_Pos)     /*!< MVFR
1598:Drivers/CMSIS/Include/core_cm7.h **** 
1599:Drivers/CMSIS/Include/core_cm7.h **** #define FPU_MVFR0_Double_precision_Pos      8U                                            /*!< MVFR
1600:Drivers/CMSIS/Include/core_cm7.h **** #define FPU_MVFR0_Double_precision_Msk     (0xFUL << FPU_MVFR0_Double_precision_Pos)      /*!< MVFR
1601:Drivers/CMSIS/Include/core_cm7.h **** 
1602:Drivers/CMSIS/Include/core_cm7.h **** #define FPU_MVFR0_Single_precision_Pos      4U                                            /*!< MVFR
1603:Drivers/CMSIS/Include/core_cm7.h **** #define FPU_MVFR0_Single_precision_Msk     (0xFUL << FPU_MVFR0_Single_precision_Pos)      /*!< MVFR
1604:Drivers/CMSIS/Include/core_cm7.h **** 
1605:Drivers/CMSIS/Include/core_cm7.h **** #define FPU_MVFR0_A_SIMD_registers_Pos      0U                                            /*!< MVFR
1606:Drivers/CMSIS/Include/core_cm7.h **** #define FPU_MVFR0_A_SIMD_registers_Msk     (0xFUL /*<< FPU_MVFR0_A_SIMD_registers_Pos*/)  /*!< MVFR
1607:Drivers/CMSIS/Include/core_cm7.h **** 
1608:Drivers/CMSIS/Include/core_cm7.h **** /* Media and FP Feature Register 1 Definitions */
1609:Drivers/CMSIS/Include/core_cm7.h **** #define FPU_MVFR1_FP_fused_MAC_Pos         28U                                            /*!< MVFR
1610:Drivers/CMSIS/Include/core_cm7.h **** #define FPU_MVFR1_FP_fused_MAC_Msk         (0xFUL << FPU_MVFR1_FP_fused_MAC_Pos)          /*!< MVFR
1611:Drivers/CMSIS/Include/core_cm7.h **** 
1612:Drivers/CMSIS/Include/core_cm7.h **** #define FPU_MVFR1_FP_HPFP_Pos              24U                                            /*!< MVFR
1613:Drivers/CMSIS/Include/core_cm7.h **** #define FPU_MVFR1_FP_HPFP_Msk              (0xFUL << FPU_MVFR1_FP_HPFP_Pos)               /*!< MVFR
1614:Drivers/CMSIS/Include/core_cm7.h **** 
ARM GAS  C:\Users\admin\AppData\Local\Temp\ccwPfCrn.s 			page 47


1615:Drivers/CMSIS/Include/core_cm7.h **** #define FPU_MVFR1_D_NaN_mode_Pos            4U                                            /*!< MVFR
1616:Drivers/CMSIS/Include/core_cm7.h **** #define FPU_MVFR1_D_NaN_mode_Msk           (0xFUL << FPU_MVFR1_D_NaN_mode_Pos)            /*!< MVFR
1617:Drivers/CMSIS/Include/core_cm7.h **** 
1618:Drivers/CMSIS/Include/core_cm7.h **** #define FPU_MVFR1_FtZ_mode_Pos              0U                                            /*!< MVFR
1619:Drivers/CMSIS/Include/core_cm7.h **** #define FPU_MVFR1_FtZ_mode_Msk             (0xFUL /*<< FPU_MVFR1_FtZ_mode_Pos*/)          /*!< MVFR
1620:Drivers/CMSIS/Include/core_cm7.h **** 
1621:Drivers/CMSIS/Include/core_cm7.h **** /* Media and FP Feature Register 2 Definitions */
1622:Drivers/CMSIS/Include/core_cm7.h **** 
1623:Drivers/CMSIS/Include/core_cm7.h **** #define FPU_MVFR2_VFP_Misc_Pos              4U                                            /*!< MVFR
1624:Drivers/CMSIS/Include/core_cm7.h **** #define FPU_MVFR2_VFP_Misc_Msk             (0xFUL << FPU_MVFR2_VFP_Misc_Pos)              /*!< MVFR
1625:Drivers/CMSIS/Include/core_cm7.h **** 
1626:Drivers/CMSIS/Include/core_cm7.h **** /*@} end of group CMSIS_FPU */
1627:Drivers/CMSIS/Include/core_cm7.h **** 
1628:Drivers/CMSIS/Include/core_cm7.h **** 
1629:Drivers/CMSIS/Include/core_cm7.h **** /**
1630:Drivers/CMSIS/Include/core_cm7.h ****   \ingroup  CMSIS_core_register
1631:Drivers/CMSIS/Include/core_cm7.h ****   \defgroup CMSIS_CoreDebug       Core Debug Registers (CoreDebug)
1632:Drivers/CMSIS/Include/core_cm7.h ****   \brief    Type definitions for the Core Debug Registers
1633:Drivers/CMSIS/Include/core_cm7.h ****   @{
1634:Drivers/CMSIS/Include/core_cm7.h ****  */
1635:Drivers/CMSIS/Include/core_cm7.h **** 
1636:Drivers/CMSIS/Include/core_cm7.h **** /**
1637:Drivers/CMSIS/Include/core_cm7.h ****   \brief  Structure type to access the Core Debug Register (CoreDebug).
1638:Drivers/CMSIS/Include/core_cm7.h ****  */
1639:Drivers/CMSIS/Include/core_cm7.h **** typedef struct
1640:Drivers/CMSIS/Include/core_cm7.h **** {
1641:Drivers/CMSIS/Include/core_cm7.h ****   __IOM uint32_t DHCSR;                  /*!< Offset: 0x000 (R/W)  Debug Halting Control and Status
1642:Drivers/CMSIS/Include/core_cm7.h ****   __OM  uint32_t DCRSR;                  /*!< Offset: 0x004 ( /W)  Debug Core Register Selector Reg
1643:Drivers/CMSIS/Include/core_cm7.h ****   __IOM uint32_t DCRDR;                  /*!< Offset: 0x008 (R/W)  Debug Core Register Data Registe
1644:Drivers/CMSIS/Include/core_cm7.h ****   __IOM uint32_t DEMCR;                  /*!< Offset: 0x00C (R/W)  Debug Exception and Monitor Cont
1645:Drivers/CMSIS/Include/core_cm7.h **** } CoreDebug_Type;
1646:Drivers/CMSIS/Include/core_cm7.h **** 
1647:Drivers/CMSIS/Include/core_cm7.h **** /* Debug Halting Control and Status Register Definitions */
1648:Drivers/CMSIS/Include/core_cm7.h **** #define CoreDebug_DHCSR_DBGKEY_Pos         16U                                            /*!< Core
1649:Drivers/CMSIS/Include/core_cm7.h **** #define CoreDebug_DHCSR_DBGKEY_Msk         (0xFFFFUL << CoreDebug_DHCSR_DBGKEY_Pos)       /*!< Core
1650:Drivers/CMSIS/Include/core_cm7.h **** 
1651:Drivers/CMSIS/Include/core_cm7.h **** #define CoreDebug_DHCSR_S_RESET_ST_Pos     25U                                            /*!< Core
1652:Drivers/CMSIS/Include/core_cm7.h **** #define CoreDebug_DHCSR_S_RESET_ST_Msk     (1UL << CoreDebug_DHCSR_S_RESET_ST_Pos)        /*!< Core
1653:Drivers/CMSIS/Include/core_cm7.h **** 
1654:Drivers/CMSIS/Include/core_cm7.h **** #define CoreDebug_DHCSR_S_RETIRE_ST_Pos    24U                                            /*!< Core
1655:Drivers/CMSIS/Include/core_cm7.h **** #define CoreDebug_DHCSR_S_RETIRE_ST_Msk    (1UL << CoreDebug_DHCSR_S_RETIRE_ST_Pos)       /*!< Core
1656:Drivers/CMSIS/Include/core_cm7.h **** 
1657:Drivers/CMSIS/Include/core_cm7.h **** #define CoreDebug_DHCSR_S_LOCKUP_Pos       19U                                            /*!< Core
1658:Drivers/CMSIS/Include/core_cm7.h **** #define CoreDebug_DHCSR_S_LOCKUP_Msk       (1UL << CoreDebug_DHCSR_S_LOCKUP_Pos)          /*!< Core
1659:Drivers/CMSIS/Include/core_cm7.h **** 
1660:Drivers/CMSIS/Include/core_cm7.h **** #define CoreDebug_DHCSR_S_SLEEP_Pos        18U                                            /*!< Core
1661:Drivers/CMSIS/Include/core_cm7.h **** #define CoreDebug_DHCSR_S_SLEEP_Msk        (1UL << CoreDebug_DHCSR_S_SLEEP_Pos)           /*!< Core
1662:Drivers/CMSIS/Include/core_cm7.h **** 
1663:Drivers/CMSIS/Include/core_cm7.h **** #define CoreDebug_DHCSR_S_HALT_Pos         17U                                            /*!< Core
1664:Drivers/CMSIS/Include/core_cm7.h **** #define CoreDebug_DHCSR_S_HALT_Msk         (1UL << CoreDebug_DHCSR_S_HALT_Pos)            /*!< Core
1665:Drivers/CMSIS/Include/core_cm7.h **** 
1666:Drivers/CMSIS/Include/core_cm7.h **** #define CoreDebug_DHCSR_S_REGRDY_Pos       16U                                            /*!< Core
1667:Drivers/CMSIS/Include/core_cm7.h **** #define CoreDebug_DHCSR_S_REGRDY_Msk       (1UL << CoreDebug_DHCSR_S_REGRDY_Pos)          /*!< Core
1668:Drivers/CMSIS/Include/core_cm7.h **** 
1669:Drivers/CMSIS/Include/core_cm7.h **** #define CoreDebug_DHCSR_C_SNAPSTALL_Pos     5U                                            /*!< Core
1670:Drivers/CMSIS/Include/core_cm7.h **** #define CoreDebug_DHCSR_C_SNAPSTALL_Msk    (1UL << CoreDebug_DHCSR_C_SNAPSTALL_Pos)       /*!< Core
1671:Drivers/CMSIS/Include/core_cm7.h **** 
ARM GAS  C:\Users\admin\AppData\Local\Temp\ccwPfCrn.s 			page 48


1672:Drivers/CMSIS/Include/core_cm7.h **** #define CoreDebug_DHCSR_C_MASKINTS_Pos      3U                                            /*!< Core
1673:Drivers/CMSIS/Include/core_cm7.h **** #define CoreDebug_DHCSR_C_MASKINTS_Msk     (1UL << CoreDebug_DHCSR_C_MASKINTS_Pos)        /*!< Core
1674:Drivers/CMSIS/Include/core_cm7.h **** 
1675:Drivers/CMSIS/Include/core_cm7.h **** #define CoreDebug_DHCSR_C_STEP_Pos          2U                                            /*!< Core
1676:Drivers/CMSIS/Include/core_cm7.h **** #define CoreDebug_DHCSR_C_STEP_Msk         (1UL << CoreDebug_DHCSR_C_STEP_Pos)            /*!< Core
1677:Drivers/CMSIS/Include/core_cm7.h **** 
1678:Drivers/CMSIS/Include/core_cm7.h **** #define CoreDebug_DHCSR_C_HALT_Pos          1U                                            /*!< Core
1679:Drivers/CMSIS/Include/core_cm7.h **** #define CoreDebug_DHCSR_C_HALT_Msk         (1UL << CoreDebug_DHCSR_C_HALT_Pos)            /*!< Core
1680:Drivers/CMSIS/Include/core_cm7.h **** 
1681:Drivers/CMSIS/Include/core_cm7.h **** #define CoreDebug_DHCSR_C_DEBUGEN_Pos       0U                                            /*!< Core
1682:Drivers/CMSIS/Include/core_cm7.h **** #define CoreDebug_DHCSR_C_DEBUGEN_Msk      (1UL /*<< CoreDebug_DHCSR_C_DEBUGEN_Pos*/)     /*!< Core
1683:Drivers/CMSIS/Include/core_cm7.h **** 
1684:Drivers/CMSIS/Include/core_cm7.h **** /* Debug Core Register Selector Register Definitions */
1685:Drivers/CMSIS/Include/core_cm7.h **** #define CoreDebug_DCRSR_REGWnR_Pos         16U                                            /*!< Core
1686:Drivers/CMSIS/Include/core_cm7.h **** #define CoreDebug_DCRSR_REGWnR_Msk         (1UL << CoreDebug_DCRSR_REGWnR_Pos)            /*!< Core
1687:Drivers/CMSIS/Include/core_cm7.h **** 
1688:Drivers/CMSIS/Include/core_cm7.h **** #define CoreDebug_DCRSR_REGSEL_Pos          0U                                            /*!< Core
1689:Drivers/CMSIS/Include/core_cm7.h **** #define CoreDebug_DCRSR_REGSEL_Msk         (0x1FUL /*<< CoreDebug_DCRSR_REGSEL_Pos*/)     /*!< Core
1690:Drivers/CMSIS/Include/core_cm7.h **** 
1691:Drivers/CMSIS/Include/core_cm7.h **** /* Debug Exception and Monitor Control Register Definitions */
1692:Drivers/CMSIS/Include/core_cm7.h **** #define CoreDebug_DEMCR_TRCENA_Pos         24U                                            /*!< Core
1693:Drivers/CMSIS/Include/core_cm7.h **** #define CoreDebug_DEMCR_TRCENA_Msk         (1UL << CoreDebug_DEMCR_TRCENA_Pos)            /*!< Core
1694:Drivers/CMSIS/Include/core_cm7.h **** 
1695:Drivers/CMSIS/Include/core_cm7.h **** #define CoreDebug_DEMCR_MON_REQ_Pos        19U                                            /*!< Core
1696:Drivers/CMSIS/Include/core_cm7.h **** #define CoreDebug_DEMCR_MON_REQ_Msk        (1UL << CoreDebug_DEMCR_MON_REQ_Pos)           /*!< Core
1697:Drivers/CMSIS/Include/core_cm7.h **** 
1698:Drivers/CMSIS/Include/core_cm7.h **** #define CoreDebug_DEMCR_MON_STEP_Pos       18U                                            /*!< Core
1699:Drivers/CMSIS/Include/core_cm7.h **** #define CoreDebug_DEMCR_MON_STEP_Msk       (1UL << CoreDebug_DEMCR_MON_STEP_Pos)          /*!< Core
1700:Drivers/CMSIS/Include/core_cm7.h **** 
1701:Drivers/CMSIS/Include/core_cm7.h **** #define CoreDebug_DEMCR_MON_PEND_Pos       17U                                            /*!< Core
1702:Drivers/CMSIS/Include/core_cm7.h **** #define CoreDebug_DEMCR_MON_PEND_Msk       (1UL << CoreDebug_DEMCR_MON_PEND_Pos)          /*!< Core
1703:Drivers/CMSIS/Include/core_cm7.h **** 
1704:Drivers/CMSIS/Include/core_cm7.h **** #define CoreDebug_DEMCR_MON_EN_Pos         16U                                            /*!< Core
1705:Drivers/CMSIS/Include/core_cm7.h **** #define CoreDebug_DEMCR_MON_EN_Msk         (1UL << CoreDebug_DEMCR_MON_EN_Pos)            /*!< Core
1706:Drivers/CMSIS/Include/core_cm7.h **** 
1707:Drivers/CMSIS/Include/core_cm7.h **** #define CoreDebug_DEMCR_VC_HARDERR_Pos     10U                                            /*!< Core
1708:Drivers/CMSIS/Include/core_cm7.h **** #define CoreDebug_DEMCR_VC_HARDERR_Msk     (1UL << CoreDebug_DEMCR_VC_HARDERR_Pos)        /*!< Core
1709:Drivers/CMSIS/Include/core_cm7.h **** 
1710:Drivers/CMSIS/Include/core_cm7.h **** #define CoreDebug_DEMCR_VC_INTERR_Pos       9U                                            /*!< Core
1711:Drivers/CMSIS/Include/core_cm7.h **** #define CoreDebug_DEMCR_VC_INTERR_Msk      (1UL << CoreDebug_DEMCR_VC_INTERR_Pos)         /*!< Core
1712:Drivers/CMSIS/Include/core_cm7.h **** 
1713:Drivers/CMSIS/Include/core_cm7.h **** #define CoreDebug_DEMCR_VC_BUSERR_Pos       8U                                            /*!< Core
1714:Drivers/CMSIS/Include/core_cm7.h **** #define CoreDebug_DEMCR_VC_BUSERR_Msk      (1UL << CoreDebug_DEMCR_VC_BUSERR_Pos)         /*!< Core
1715:Drivers/CMSIS/Include/core_cm7.h **** 
1716:Drivers/CMSIS/Include/core_cm7.h **** #define CoreDebug_DEMCR_VC_STATERR_Pos      7U                                            /*!< Core
1717:Drivers/CMSIS/Include/core_cm7.h **** #define CoreDebug_DEMCR_VC_STATERR_Msk     (1UL << CoreDebug_DEMCR_VC_STATERR_Pos)        /*!< Core
1718:Drivers/CMSIS/Include/core_cm7.h **** 
1719:Drivers/CMSIS/Include/core_cm7.h **** #define CoreDebug_DEMCR_VC_CHKERR_Pos       6U                                            /*!< Core
1720:Drivers/CMSIS/Include/core_cm7.h **** #define CoreDebug_DEMCR_VC_CHKERR_Msk      (1UL << CoreDebug_DEMCR_VC_CHKERR_Pos)         /*!< Core
1721:Drivers/CMSIS/Include/core_cm7.h **** 
1722:Drivers/CMSIS/Include/core_cm7.h **** #define CoreDebug_DEMCR_VC_NOCPERR_Pos      5U                                            /*!< Core
1723:Drivers/CMSIS/Include/core_cm7.h **** #define CoreDebug_DEMCR_VC_NOCPERR_Msk     (1UL << CoreDebug_DEMCR_VC_NOCPERR_Pos)        /*!< Core
1724:Drivers/CMSIS/Include/core_cm7.h **** 
1725:Drivers/CMSIS/Include/core_cm7.h **** #define CoreDebug_DEMCR_VC_MMERR_Pos        4U                                            /*!< Core
1726:Drivers/CMSIS/Include/core_cm7.h **** #define CoreDebug_DEMCR_VC_MMERR_Msk       (1UL << CoreDebug_DEMCR_VC_MMERR_Pos)          /*!< Core
1727:Drivers/CMSIS/Include/core_cm7.h **** 
1728:Drivers/CMSIS/Include/core_cm7.h **** #define CoreDebug_DEMCR_VC_CORERESET_Pos    0U                                            /*!< Core
ARM GAS  C:\Users\admin\AppData\Local\Temp\ccwPfCrn.s 			page 49


1729:Drivers/CMSIS/Include/core_cm7.h **** #define CoreDebug_DEMCR_VC_CORERESET_Msk   (1UL /*<< CoreDebug_DEMCR_VC_CORERESET_Pos*/)  /*!< Core
1730:Drivers/CMSIS/Include/core_cm7.h **** 
1731:Drivers/CMSIS/Include/core_cm7.h **** /*@} end of group CMSIS_CoreDebug */
1732:Drivers/CMSIS/Include/core_cm7.h **** 
1733:Drivers/CMSIS/Include/core_cm7.h **** 
1734:Drivers/CMSIS/Include/core_cm7.h **** /**
1735:Drivers/CMSIS/Include/core_cm7.h ****   \ingroup    CMSIS_core_register
1736:Drivers/CMSIS/Include/core_cm7.h ****   \defgroup   CMSIS_core_bitfield     Core register bit field macros
1737:Drivers/CMSIS/Include/core_cm7.h ****   \brief      Macros for use with bit field definitions (xxx_Pos, xxx_Msk).
1738:Drivers/CMSIS/Include/core_cm7.h ****   @{
1739:Drivers/CMSIS/Include/core_cm7.h ****  */
1740:Drivers/CMSIS/Include/core_cm7.h **** 
1741:Drivers/CMSIS/Include/core_cm7.h **** /**
1742:Drivers/CMSIS/Include/core_cm7.h ****   \brief   Mask and shift a bit field value for use in a register bit range.
1743:Drivers/CMSIS/Include/core_cm7.h ****   \param[in] field  Name of the register bit field.
1744:Drivers/CMSIS/Include/core_cm7.h ****   \param[in] value  Value of the bit field. This parameter is interpreted as an uint32_t type.
1745:Drivers/CMSIS/Include/core_cm7.h ****   \return           Masked and shifted value.
1746:Drivers/CMSIS/Include/core_cm7.h **** */
1747:Drivers/CMSIS/Include/core_cm7.h **** #define _VAL2FLD(field, value)    (((uint32_t)(value) << field ## _Pos) & field ## _Msk)
1748:Drivers/CMSIS/Include/core_cm7.h **** 
1749:Drivers/CMSIS/Include/core_cm7.h **** /**
1750:Drivers/CMSIS/Include/core_cm7.h ****   \brief     Mask and shift a register value to extract a bit filed value.
1751:Drivers/CMSIS/Include/core_cm7.h ****   \param[in] field  Name of the register bit field.
1752:Drivers/CMSIS/Include/core_cm7.h ****   \param[in] value  Value of register. This parameter is interpreted as an uint32_t type.
1753:Drivers/CMSIS/Include/core_cm7.h ****   \return           Masked and shifted bit field value.
1754:Drivers/CMSIS/Include/core_cm7.h **** */
1755:Drivers/CMSIS/Include/core_cm7.h **** #define _FLD2VAL(field, value)    (((uint32_t)(value) & field ## _Msk) >> field ## _Pos)
1756:Drivers/CMSIS/Include/core_cm7.h **** 
1757:Drivers/CMSIS/Include/core_cm7.h **** /*@} end of group CMSIS_core_bitfield */
1758:Drivers/CMSIS/Include/core_cm7.h **** 
1759:Drivers/CMSIS/Include/core_cm7.h **** 
1760:Drivers/CMSIS/Include/core_cm7.h **** /**
1761:Drivers/CMSIS/Include/core_cm7.h ****   \ingroup    CMSIS_core_register
1762:Drivers/CMSIS/Include/core_cm7.h ****   \defgroup   CMSIS_core_base     Core Definitions
1763:Drivers/CMSIS/Include/core_cm7.h ****   \brief      Definitions for base addresses, unions, and structures.
1764:Drivers/CMSIS/Include/core_cm7.h ****   @{
1765:Drivers/CMSIS/Include/core_cm7.h ****  */
1766:Drivers/CMSIS/Include/core_cm7.h **** 
1767:Drivers/CMSIS/Include/core_cm7.h **** /* Memory mapping of Core Hardware */
1768:Drivers/CMSIS/Include/core_cm7.h **** #define SCS_BASE            (0xE000E000UL)                            /*!< System Control Space Bas
1769:Drivers/CMSIS/Include/core_cm7.h **** #define ITM_BASE            (0xE0000000UL)                            /*!< ITM Base Address */
1770:Drivers/CMSIS/Include/core_cm7.h **** #define DWT_BASE            (0xE0001000UL)                            /*!< DWT Base Address */
1771:Drivers/CMSIS/Include/core_cm7.h **** #define TPI_BASE            (0xE0040000UL)                            /*!< TPI Base Address */
1772:Drivers/CMSIS/Include/core_cm7.h **** #define CoreDebug_BASE      (0xE000EDF0UL)                            /*!< Core Debug Base Address 
1773:Drivers/CMSIS/Include/core_cm7.h **** #define SysTick_BASE        (SCS_BASE +  0x0010UL)                    /*!< SysTick Base Address */
1774:Drivers/CMSIS/Include/core_cm7.h **** #define NVIC_BASE           (SCS_BASE +  0x0100UL)                    /*!< NVIC Base Address */
1775:Drivers/CMSIS/Include/core_cm7.h **** #define SCB_BASE            (SCS_BASE +  0x0D00UL)                    /*!< System Control Block Bas
1776:Drivers/CMSIS/Include/core_cm7.h **** 
1777:Drivers/CMSIS/Include/core_cm7.h **** #define SCnSCB              ((SCnSCB_Type    *)     SCS_BASE      )   /*!< System control Register 
1778:Drivers/CMSIS/Include/core_cm7.h **** #define SCB                 ((SCB_Type       *)     SCB_BASE      )   /*!< SCB configuration struct
1779:Drivers/CMSIS/Include/core_cm7.h **** #define SysTick             ((SysTick_Type   *)     SysTick_BASE  )   /*!< SysTick configuration st
1780:Drivers/CMSIS/Include/core_cm7.h **** #define NVIC                ((NVIC_Type      *)     NVIC_BASE     )   /*!< NVIC configuration struc
1781:Drivers/CMSIS/Include/core_cm7.h **** #define ITM                 ((ITM_Type       *)     ITM_BASE      )   /*!< ITM configuration struct
1782:Drivers/CMSIS/Include/core_cm7.h **** #define DWT                 ((DWT_Type       *)     DWT_BASE      )   /*!< DWT configuration struct
1783:Drivers/CMSIS/Include/core_cm7.h **** #define TPI                 ((TPI_Type       *)     TPI_BASE      )   /*!< TPI configuration struct
1784:Drivers/CMSIS/Include/core_cm7.h **** #define CoreDebug           ((CoreDebug_Type *)     CoreDebug_BASE)   /*!< Core Debug configuration
1785:Drivers/CMSIS/Include/core_cm7.h **** 
ARM GAS  C:\Users\admin\AppData\Local\Temp\ccwPfCrn.s 			page 50


1786:Drivers/CMSIS/Include/core_cm7.h **** #if defined (__MPU_PRESENT) && (__MPU_PRESENT == 1U)
1787:Drivers/CMSIS/Include/core_cm7.h ****   #define MPU_BASE          (SCS_BASE +  0x0D90UL)                    /*!< Memory Protection Unit *
1788:Drivers/CMSIS/Include/core_cm7.h ****   #define MPU               ((MPU_Type       *)     MPU_BASE      )   /*!< Memory Protection Unit *
1789:Drivers/CMSIS/Include/core_cm7.h **** #endif
1790:Drivers/CMSIS/Include/core_cm7.h **** 
1791:Drivers/CMSIS/Include/core_cm7.h **** #define FPU_BASE            (SCS_BASE +  0x0F30UL)                    /*!< Floating Point Unit */
1792:Drivers/CMSIS/Include/core_cm7.h **** #define FPU                 ((FPU_Type       *)     FPU_BASE      )   /*!< Floating Point Unit */
1793:Drivers/CMSIS/Include/core_cm7.h **** 
1794:Drivers/CMSIS/Include/core_cm7.h **** /*@} */
1795:Drivers/CMSIS/Include/core_cm7.h **** 
1796:Drivers/CMSIS/Include/core_cm7.h **** 
1797:Drivers/CMSIS/Include/core_cm7.h **** 
1798:Drivers/CMSIS/Include/core_cm7.h **** /*******************************************************************************
1799:Drivers/CMSIS/Include/core_cm7.h ****  *                Hardware Abstraction Layer
1800:Drivers/CMSIS/Include/core_cm7.h ****   Core Function Interface contains:
1801:Drivers/CMSIS/Include/core_cm7.h ****   - Core NVIC Functions
1802:Drivers/CMSIS/Include/core_cm7.h ****   - Core SysTick Functions
1803:Drivers/CMSIS/Include/core_cm7.h ****   - Core Debug Functions
1804:Drivers/CMSIS/Include/core_cm7.h ****   - Core Register Access Functions
1805:Drivers/CMSIS/Include/core_cm7.h ****  ******************************************************************************/
1806:Drivers/CMSIS/Include/core_cm7.h **** /**
1807:Drivers/CMSIS/Include/core_cm7.h ****   \defgroup CMSIS_Core_FunctionInterface Functions and Instructions Reference
1808:Drivers/CMSIS/Include/core_cm7.h **** */
1809:Drivers/CMSIS/Include/core_cm7.h **** 
1810:Drivers/CMSIS/Include/core_cm7.h **** 
1811:Drivers/CMSIS/Include/core_cm7.h **** 
1812:Drivers/CMSIS/Include/core_cm7.h **** /* ##########################   NVIC functions  #################################### */
1813:Drivers/CMSIS/Include/core_cm7.h **** /**
1814:Drivers/CMSIS/Include/core_cm7.h ****   \ingroup  CMSIS_Core_FunctionInterface
1815:Drivers/CMSIS/Include/core_cm7.h ****   \defgroup CMSIS_Core_NVICFunctions NVIC Functions
1816:Drivers/CMSIS/Include/core_cm7.h ****   \brief    Functions that manage interrupts and exceptions via the NVIC.
1817:Drivers/CMSIS/Include/core_cm7.h ****   @{
1818:Drivers/CMSIS/Include/core_cm7.h ****  */
1819:Drivers/CMSIS/Include/core_cm7.h **** 
1820:Drivers/CMSIS/Include/core_cm7.h **** #ifdef CMSIS_NVIC_VIRTUAL
1821:Drivers/CMSIS/Include/core_cm7.h ****   #ifndef CMSIS_NVIC_VIRTUAL_HEADER_FILE
1822:Drivers/CMSIS/Include/core_cm7.h ****     #define CMSIS_NVIC_VIRTUAL_HEADER_FILE "cmsis_nvic_virtual.h"
1823:Drivers/CMSIS/Include/core_cm7.h ****   #endif
1824:Drivers/CMSIS/Include/core_cm7.h ****   #include CMSIS_NVIC_VIRTUAL_HEADER_FILE
1825:Drivers/CMSIS/Include/core_cm7.h **** #else
1826:Drivers/CMSIS/Include/core_cm7.h ****   #define NVIC_SetPriorityGrouping    __NVIC_SetPriorityGrouping
1827:Drivers/CMSIS/Include/core_cm7.h ****   #define NVIC_GetPriorityGrouping    __NVIC_GetPriorityGrouping
1828:Drivers/CMSIS/Include/core_cm7.h ****   #define NVIC_EnableIRQ              __NVIC_EnableIRQ
1829:Drivers/CMSIS/Include/core_cm7.h ****   #define NVIC_GetEnableIRQ           __NVIC_GetEnableIRQ
1830:Drivers/CMSIS/Include/core_cm7.h ****   #define NVIC_DisableIRQ             __NVIC_DisableIRQ
1831:Drivers/CMSIS/Include/core_cm7.h ****   #define NVIC_GetPendingIRQ          __NVIC_GetPendingIRQ
1832:Drivers/CMSIS/Include/core_cm7.h ****   #define NVIC_SetPendingIRQ          __NVIC_SetPendingIRQ
1833:Drivers/CMSIS/Include/core_cm7.h ****   #define NVIC_ClearPendingIRQ        __NVIC_ClearPendingIRQ
1834:Drivers/CMSIS/Include/core_cm7.h ****   #define NVIC_GetActive              __NVIC_GetActive
1835:Drivers/CMSIS/Include/core_cm7.h ****   #define NVIC_SetPriority            __NVIC_SetPriority
1836:Drivers/CMSIS/Include/core_cm7.h ****   #define NVIC_GetPriority            __NVIC_GetPriority
1837:Drivers/CMSIS/Include/core_cm7.h ****   #define NVIC_SystemReset            __NVIC_SystemReset
1838:Drivers/CMSIS/Include/core_cm7.h **** #endif /* CMSIS_NVIC_VIRTUAL */
1839:Drivers/CMSIS/Include/core_cm7.h **** 
1840:Drivers/CMSIS/Include/core_cm7.h **** #ifdef CMSIS_VECTAB_VIRTUAL
1841:Drivers/CMSIS/Include/core_cm7.h ****   #ifndef CMSIS_VECTAB_VIRTUAL_HEADER_FILE
1842:Drivers/CMSIS/Include/core_cm7.h ****     #define CMSIS_VECTAB_VIRTUAL_HEADER_FILE "cmsis_vectab_virtual.h"
ARM GAS  C:\Users\admin\AppData\Local\Temp\ccwPfCrn.s 			page 51


1843:Drivers/CMSIS/Include/core_cm7.h ****   #endif
1844:Drivers/CMSIS/Include/core_cm7.h ****   #include CMSIS_VECTAB_VIRTUAL_HEADER_FILE
1845:Drivers/CMSIS/Include/core_cm7.h **** #else
1846:Drivers/CMSIS/Include/core_cm7.h ****   #define NVIC_SetVector              __NVIC_SetVector
1847:Drivers/CMSIS/Include/core_cm7.h ****   #define NVIC_GetVector              __NVIC_GetVector
1848:Drivers/CMSIS/Include/core_cm7.h **** #endif  /* (CMSIS_VECTAB_VIRTUAL) */
1849:Drivers/CMSIS/Include/core_cm7.h **** 
1850:Drivers/CMSIS/Include/core_cm7.h **** #define NVIC_USER_IRQ_OFFSET          16
1851:Drivers/CMSIS/Include/core_cm7.h **** 
1852:Drivers/CMSIS/Include/core_cm7.h **** 
1853:Drivers/CMSIS/Include/core_cm7.h **** /* The following EXC_RETURN values are saved the LR on exception entry */
1854:Drivers/CMSIS/Include/core_cm7.h **** #define EXC_RETURN_HANDLER         (0xFFFFFFF1UL)     /* return to Handler mode, uses MSP after ret
1855:Drivers/CMSIS/Include/core_cm7.h **** #define EXC_RETURN_THREAD_MSP      (0xFFFFFFF9UL)     /* return to Thread mode, uses MSP after retu
1856:Drivers/CMSIS/Include/core_cm7.h **** #define EXC_RETURN_THREAD_PSP      (0xFFFFFFFDUL)     /* return to Thread mode, uses PSP after retu
1857:Drivers/CMSIS/Include/core_cm7.h **** #define EXC_RETURN_HANDLER_FPU     (0xFFFFFFE1UL)     /* return to Handler mode, uses MSP after ret
1858:Drivers/CMSIS/Include/core_cm7.h **** #define EXC_RETURN_THREAD_MSP_FPU  (0xFFFFFFE9UL)     /* return to Thread mode, uses MSP after retu
1859:Drivers/CMSIS/Include/core_cm7.h **** #define EXC_RETURN_THREAD_PSP_FPU  (0xFFFFFFEDUL)     /* return to Thread mode, uses PSP after retu
1860:Drivers/CMSIS/Include/core_cm7.h **** 
1861:Drivers/CMSIS/Include/core_cm7.h **** 
1862:Drivers/CMSIS/Include/core_cm7.h **** /**
1863:Drivers/CMSIS/Include/core_cm7.h ****   \brief   Set Priority Grouping
1864:Drivers/CMSIS/Include/core_cm7.h ****   \details Sets the priority grouping field using the required unlock sequence.
1865:Drivers/CMSIS/Include/core_cm7.h ****            The parameter PriorityGroup is assigned to the field SCB->AIRCR [10:8] PRIGROUP field.
1866:Drivers/CMSIS/Include/core_cm7.h ****            Only values from 0..7 are used.
1867:Drivers/CMSIS/Include/core_cm7.h ****            In case of a conflict between priority grouping and available
1868:Drivers/CMSIS/Include/core_cm7.h ****            priority bits (__NVIC_PRIO_BITS), the smallest possible priority group is set.
1869:Drivers/CMSIS/Include/core_cm7.h ****   \param [in]      PriorityGroup  Priority grouping field.
1870:Drivers/CMSIS/Include/core_cm7.h ****  */
1871:Drivers/CMSIS/Include/core_cm7.h **** __STATIC_INLINE void __NVIC_SetPriorityGrouping(uint32_t PriorityGroup)
1872:Drivers/CMSIS/Include/core_cm7.h **** {
1873:Drivers/CMSIS/Include/core_cm7.h ****   uint32_t reg_value;
1874:Drivers/CMSIS/Include/core_cm7.h ****   uint32_t PriorityGroupTmp = (PriorityGroup & (uint32_t)0x07UL);             /* only values 0..7 a
1875:Drivers/CMSIS/Include/core_cm7.h **** 
1876:Drivers/CMSIS/Include/core_cm7.h ****   reg_value  =  SCB->AIRCR;                                                   /* read old register 
1877:Drivers/CMSIS/Include/core_cm7.h ****   reg_value &= ~((uint32_t)(SCB_AIRCR_VECTKEY_Msk | SCB_AIRCR_PRIGROUP_Msk)); /* clear bits to chan
1878:Drivers/CMSIS/Include/core_cm7.h ****   reg_value  =  (reg_value                                   |
1879:Drivers/CMSIS/Include/core_cm7.h ****                 ((uint32_t)0x5FAUL << SCB_AIRCR_VECTKEY_Pos) |
1880:Drivers/CMSIS/Include/core_cm7.h ****                 (PriorityGroupTmp << SCB_AIRCR_PRIGROUP_Pos)  );              /* Insert write key a
1881:Drivers/CMSIS/Include/core_cm7.h ****   SCB->AIRCR =  reg_value;
1882:Drivers/CMSIS/Include/core_cm7.h **** }
1883:Drivers/CMSIS/Include/core_cm7.h **** 
1884:Drivers/CMSIS/Include/core_cm7.h **** 
1885:Drivers/CMSIS/Include/core_cm7.h **** /**
1886:Drivers/CMSIS/Include/core_cm7.h ****   \brief   Get Priority Grouping
1887:Drivers/CMSIS/Include/core_cm7.h ****   \details Reads the priority grouping field from the NVIC Interrupt Controller.
1888:Drivers/CMSIS/Include/core_cm7.h ****   \return                Priority grouping field (SCB->AIRCR [10:8] PRIGROUP field).
1889:Drivers/CMSIS/Include/core_cm7.h ****  */
1890:Drivers/CMSIS/Include/core_cm7.h **** __STATIC_INLINE uint32_t __NVIC_GetPriorityGrouping(void)
1891:Drivers/CMSIS/Include/core_cm7.h **** {
1892:Drivers/CMSIS/Include/core_cm7.h ****   return ((uint32_t)((SCB->AIRCR & SCB_AIRCR_PRIGROUP_Msk) >> SCB_AIRCR_PRIGROUP_Pos));
1893:Drivers/CMSIS/Include/core_cm7.h **** }
1894:Drivers/CMSIS/Include/core_cm7.h **** 
1895:Drivers/CMSIS/Include/core_cm7.h **** 
1896:Drivers/CMSIS/Include/core_cm7.h **** /**
1897:Drivers/CMSIS/Include/core_cm7.h ****   \brief   Enable Interrupt
1898:Drivers/CMSIS/Include/core_cm7.h ****   \details Enables a device specific interrupt in the NVIC interrupt controller.
1899:Drivers/CMSIS/Include/core_cm7.h ****   \param [in]      IRQn  Device specific interrupt number.
ARM GAS  C:\Users\admin\AppData\Local\Temp\ccwPfCrn.s 			page 52


1900:Drivers/CMSIS/Include/core_cm7.h ****   \note    IRQn must not be negative.
1901:Drivers/CMSIS/Include/core_cm7.h ****  */
1902:Drivers/CMSIS/Include/core_cm7.h **** __STATIC_INLINE void __NVIC_EnableIRQ(IRQn_Type IRQn)
1903:Drivers/CMSIS/Include/core_cm7.h **** {
1904:Drivers/CMSIS/Include/core_cm7.h ****   if ((int32_t)(IRQn) >= 0)
1905:Drivers/CMSIS/Include/core_cm7.h ****   {
1906:Drivers/CMSIS/Include/core_cm7.h ****     __COMPILER_BARRIER();
1907:Drivers/CMSIS/Include/core_cm7.h ****     NVIC->ISER[(((uint32_t)IRQn) >> 5UL)] = (uint32_t)(1UL << (((uint32_t)IRQn) & 0x1FUL));
1908:Drivers/CMSIS/Include/core_cm7.h ****     __COMPILER_BARRIER();
1909:Drivers/CMSIS/Include/core_cm7.h ****   }
1910:Drivers/CMSIS/Include/core_cm7.h **** }
1911:Drivers/CMSIS/Include/core_cm7.h **** 
1912:Drivers/CMSIS/Include/core_cm7.h **** 
1913:Drivers/CMSIS/Include/core_cm7.h **** /**
1914:Drivers/CMSIS/Include/core_cm7.h ****   \brief   Get Interrupt Enable status
1915:Drivers/CMSIS/Include/core_cm7.h ****   \details Returns a device specific interrupt enable status from the NVIC interrupt controller.
1916:Drivers/CMSIS/Include/core_cm7.h ****   \param [in]      IRQn  Device specific interrupt number.
1917:Drivers/CMSIS/Include/core_cm7.h ****   \return             0  Interrupt is not enabled.
1918:Drivers/CMSIS/Include/core_cm7.h ****   \return             1  Interrupt is enabled.
1919:Drivers/CMSIS/Include/core_cm7.h ****   \note    IRQn must not be negative.
1920:Drivers/CMSIS/Include/core_cm7.h ****  */
1921:Drivers/CMSIS/Include/core_cm7.h **** __STATIC_INLINE uint32_t __NVIC_GetEnableIRQ(IRQn_Type IRQn)
1922:Drivers/CMSIS/Include/core_cm7.h **** {
1923:Drivers/CMSIS/Include/core_cm7.h ****   if ((int32_t)(IRQn) >= 0)
1924:Drivers/CMSIS/Include/core_cm7.h ****   {
1925:Drivers/CMSIS/Include/core_cm7.h ****     return((uint32_t)(((NVIC->ISER[(((uint32_t)IRQn) >> 5UL)] & (1UL << (((uint32_t)IRQn) & 0x1FUL)
1926:Drivers/CMSIS/Include/core_cm7.h ****   }
1927:Drivers/CMSIS/Include/core_cm7.h ****   else
1928:Drivers/CMSIS/Include/core_cm7.h ****   {
1929:Drivers/CMSIS/Include/core_cm7.h ****     return(0U);
1930:Drivers/CMSIS/Include/core_cm7.h ****   }
1931:Drivers/CMSIS/Include/core_cm7.h **** }
1932:Drivers/CMSIS/Include/core_cm7.h **** 
1933:Drivers/CMSIS/Include/core_cm7.h **** 
1934:Drivers/CMSIS/Include/core_cm7.h **** /**
1935:Drivers/CMSIS/Include/core_cm7.h ****   \brief   Disable Interrupt
1936:Drivers/CMSIS/Include/core_cm7.h ****   \details Disables a device specific interrupt in the NVIC interrupt controller.
1937:Drivers/CMSIS/Include/core_cm7.h ****   \param [in]      IRQn  Device specific interrupt number.
1938:Drivers/CMSIS/Include/core_cm7.h ****   \note    IRQn must not be negative.
1939:Drivers/CMSIS/Include/core_cm7.h ****  */
1940:Drivers/CMSIS/Include/core_cm7.h **** __STATIC_INLINE void __NVIC_DisableIRQ(IRQn_Type IRQn)
1941:Drivers/CMSIS/Include/core_cm7.h **** {
1942:Drivers/CMSIS/Include/core_cm7.h ****   if ((int32_t)(IRQn) >= 0)
1943:Drivers/CMSIS/Include/core_cm7.h ****   {
1944:Drivers/CMSIS/Include/core_cm7.h ****     NVIC->ICER[(((uint32_t)IRQn) >> 5UL)] = (uint32_t)(1UL << (((uint32_t)IRQn) & 0x1FUL));
1945:Drivers/CMSIS/Include/core_cm7.h ****     __DSB();
1946:Drivers/CMSIS/Include/core_cm7.h ****     __ISB();
1947:Drivers/CMSIS/Include/core_cm7.h ****   }
1948:Drivers/CMSIS/Include/core_cm7.h **** }
1949:Drivers/CMSIS/Include/core_cm7.h **** 
1950:Drivers/CMSIS/Include/core_cm7.h **** 
1951:Drivers/CMSIS/Include/core_cm7.h **** /**
1952:Drivers/CMSIS/Include/core_cm7.h ****   \brief   Get Pending Interrupt
1953:Drivers/CMSIS/Include/core_cm7.h ****   \details Reads the NVIC pending register and returns the pending bit for the specified device spe
1954:Drivers/CMSIS/Include/core_cm7.h ****   \param [in]      IRQn  Device specific interrupt number.
1955:Drivers/CMSIS/Include/core_cm7.h ****   \return             0  Interrupt status is not pending.
1956:Drivers/CMSIS/Include/core_cm7.h ****   \return             1  Interrupt status is pending.
ARM GAS  C:\Users\admin\AppData\Local\Temp\ccwPfCrn.s 			page 53


1957:Drivers/CMSIS/Include/core_cm7.h ****   \note    IRQn must not be negative.
1958:Drivers/CMSIS/Include/core_cm7.h ****  */
1959:Drivers/CMSIS/Include/core_cm7.h **** __STATIC_INLINE uint32_t __NVIC_GetPendingIRQ(IRQn_Type IRQn)
1960:Drivers/CMSIS/Include/core_cm7.h **** {
1961:Drivers/CMSIS/Include/core_cm7.h ****   if ((int32_t)(IRQn) >= 0)
1962:Drivers/CMSIS/Include/core_cm7.h ****   {
1963:Drivers/CMSIS/Include/core_cm7.h ****     return((uint32_t)(((NVIC->ISPR[(((uint32_t)IRQn) >> 5UL)] & (1UL << (((uint32_t)IRQn) & 0x1FUL)
1964:Drivers/CMSIS/Include/core_cm7.h ****   }
1965:Drivers/CMSIS/Include/core_cm7.h ****   else
1966:Drivers/CMSIS/Include/core_cm7.h ****   {
1967:Drivers/CMSIS/Include/core_cm7.h ****     return(0U);
1968:Drivers/CMSIS/Include/core_cm7.h ****   }
1969:Drivers/CMSIS/Include/core_cm7.h **** }
1970:Drivers/CMSIS/Include/core_cm7.h **** 
1971:Drivers/CMSIS/Include/core_cm7.h **** 
1972:Drivers/CMSIS/Include/core_cm7.h **** /**
1973:Drivers/CMSIS/Include/core_cm7.h ****   \brief   Set Pending Interrupt
1974:Drivers/CMSIS/Include/core_cm7.h ****   \details Sets the pending bit of a device specific interrupt in the NVIC pending register.
1975:Drivers/CMSIS/Include/core_cm7.h ****   \param [in]      IRQn  Device specific interrupt number.
1976:Drivers/CMSIS/Include/core_cm7.h ****   \note    IRQn must not be negative.
1977:Drivers/CMSIS/Include/core_cm7.h ****  */
1978:Drivers/CMSIS/Include/core_cm7.h **** __STATIC_INLINE void __NVIC_SetPendingIRQ(IRQn_Type IRQn)
1979:Drivers/CMSIS/Include/core_cm7.h **** {
1980:Drivers/CMSIS/Include/core_cm7.h ****   if ((int32_t)(IRQn) >= 0)
1981:Drivers/CMSIS/Include/core_cm7.h ****   {
1982:Drivers/CMSIS/Include/core_cm7.h ****     NVIC->ISPR[(((uint32_t)IRQn) >> 5UL)] = (uint32_t)(1UL << (((uint32_t)IRQn) & 0x1FUL));
1983:Drivers/CMSIS/Include/core_cm7.h ****   }
1984:Drivers/CMSIS/Include/core_cm7.h **** }
1985:Drivers/CMSIS/Include/core_cm7.h **** 
1986:Drivers/CMSIS/Include/core_cm7.h **** 
1987:Drivers/CMSIS/Include/core_cm7.h **** /**
1988:Drivers/CMSIS/Include/core_cm7.h ****   \brief   Clear Pending Interrupt
1989:Drivers/CMSIS/Include/core_cm7.h ****   \details Clears the pending bit of a device specific interrupt in the NVIC pending register.
1990:Drivers/CMSIS/Include/core_cm7.h ****   \param [in]      IRQn  Device specific interrupt number.
1991:Drivers/CMSIS/Include/core_cm7.h ****   \note    IRQn must not be negative.
1992:Drivers/CMSIS/Include/core_cm7.h ****  */
1993:Drivers/CMSIS/Include/core_cm7.h **** __STATIC_INLINE void __NVIC_ClearPendingIRQ(IRQn_Type IRQn)
1994:Drivers/CMSIS/Include/core_cm7.h **** {
1995:Drivers/CMSIS/Include/core_cm7.h ****   if ((int32_t)(IRQn) >= 0)
1996:Drivers/CMSIS/Include/core_cm7.h ****   {
1997:Drivers/CMSIS/Include/core_cm7.h ****     NVIC->ICPR[(((uint32_t)IRQn) >> 5UL)] = (uint32_t)(1UL << (((uint32_t)IRQn) & 0x1FUL));
1998:Drivers/CMSIS/Include/core_cm7.h ****   }
1999:Drivers/CMSIS/Include/core_cm7.h **** }
2000:Drivers/CMSIS/Include/core_cm7.h **** 
2001:Drivers/CMSIS/Include/core_cm7.h **** 
2002:Drivers/CMSIS/Include/core_cm7.h **** /**
2003:Drivers/CMSIS/Include/core_cm7.h ****   \brief   Get Active Interrupt
2004:Drivers/CMSIS/Include/core_cm7.h ****   \details Reads the active register in the NVIC and returns the active bit for the device specific
2005:Drivers/CMSIS/Include/core_cm7.h ****   \param [in]      IRQn  Device specific interrupt number.
2006:Drivers/CMSIS/Include/core_cm7.h ****   \return             0  Interrupt status is not active.
2007:Drivers/CMSIS/Include/core_cm7.h ****   \return             1  Interrupt status is active.
2008:Drivers/CMSIS/Include/core_cm7.h ****   \note    IRQn must not be negative.
2009:Drivers/CMSIS/Include/core_cm7.h ****  */
2010:Drivers/CMSIS/Include/core_cm7.h **** __STATIC_INLINE uint32_t __NVIC_GetActive(IRQn_Type IRQn)
2011:Drivers/CMSIS/Include/core_cm7.h **** {
2012:Drivers/CMSIS/Include/core_cm7.h ****   if ((int32_t)(IRQn) >= 0)
2013:Drivers/CMSIS/Include/core_cm7.h ****   {
ARM GAS  C:\Users\admin\AppData\Local\Temp\ccwPfCrn.s 			page 54


2014:Drivers/CMSIS/Include/core_cm7.h ****     return((uint32_t)(((NVIC->IABR[(((uint32_t)IRQn) >> 5UL)] & (1UL << (((uint32_t)IRQn) & 0x1FUL)
2015:Drivers/CMSIS/Include/core_cm7.h ****   }
2016:Drivers/CMSIS/Include/core_cm7.h ****   else
2017:Drivers/CMSIS/Include/core_cm7.h ****   {
2018:Drivers/CMSIS/Include/core_cm7.h ****     return(0U);
2019:Drivers/CMSIS/Include/core_cm7.h ****   }
2020:Drivers/CMSIS/Include/core_cm7.h **** }
2021:Drivers/CMSIS/Include/core_cm7.h **** 
2022:Drivers/CMSIS/Include/core_cm7.h **** 
2023:Drivers/CMSIS/Include/core_cm7.h **** /**
2024:Drivers/CMSIS/Include/core_cm7.h ****   \brief   Set Interrupt Priority
2025:Drivers/CMSIS/Include/core_cm7.h ****   \details Sets the priority of a device specific interrupt or a processor exception.
2026:Drivers/CMSIS/Include/core_cm7.h ****            The interrupt number can be positive to specify a device specific interrupt,
2027:Drivers/CMSIS/Include/core_cm7.h ****            or negative to specify a processor exception.
2028:Drivers/CMSIS/Include/core_cm7.h ****   \param [in]      IRQn  Interrupt number.
2029:Drivers/CMSIS/Include/core_cm7.h ****   \param [in]  priority  Priority to set.
2030:Drivers/CMSIS/Include/core_cm7.h ****   \note    The priority cannot be set for every processor exception.
2031:Drivers/CMSIS/Include/core_cm7.h ****  */
2032:Drivers/CMSIS/Include/core_cm7.h **** __STATIC_INLINE void __NVIC_SetPriority(IRQn_Type IRQn, uint32_t priority)
2033:Drivers/CMSIS/Include/core_cm7.h **** {
2034:Drivers/CMSIS/Include/core_cm7.h ****   if ((int32_t)(IRQn) >= 0)
2035:Drivers/CMSIS/Include/core_cm7.h ****   {
2036:Drivers/CMSIS/Include/core_cm7.h ****     NVIC->IP[((uint32_t)IRQn)]                = (uint8_t)((priority << (8U - __NVIC_PRIO_BITS)) & (
2037:Drivers/CMSIS/Include/core_cm7.h ****   }
2038:Drivers/CMSIS/Include/core_cm7.h ****   else
2039:Drivers/CMSIS/Include/core_cm7.h ****   {
2040:Drivers/CMSIS/Include/core_cm7.h ****     SCB->SHPR[(((uint32_t)IRQn) & 0xFUL)-4UL] = (uint8_t)((priority << (8U - __NVIC_PRIO_BITS)) & (
2041:Drivers/CMSIS/Include/core_cm7.h ****   }
2042:Drivers/CMSIS/Include/core_cm7.h **** }
2043:Drivers/CMSIS/Include/core_cm7.h **** 
2044:Drivers/CMSIS/Include/core_cm7.h **** 
2045:Drivers/CMSIS/Include/core_cm7.h **** /**
2046:Drivers/CMSIS/Include/core_cm7.h ****   \brief   Get Interrupt Priority
2047:Drivers/CMSIS/Include/core_cm7.h ****   \details Reads the priority of a device specific interrupt or a processor exception.
2048:Drivers/CMSIS/Include/core_cm7.h ****            The interrupt number can be positive to specify a device specific interrupt,
2049:Drivers/CMSIS/Include/core_cm7.h ****            or negative to specify a processor exception.
2050:Drivers/CMSIS/Include/core_cm7.h ****   \param [in]   IRQn  Interrupt number.
2051:Drivers/CMSIS/Include/core_cm7.h ****   \return             Interrupt Priority.
2052:Drivers/CMSIS/Include/core_cm7.h ****                       Value is aligned automatically to the implemented priority bits of the microc
2053:Drivers/CMSIS/Include/core_cm7.h ****  */
2054:Drivers/CMSIS/Include/core_cm7.h **** __STATIC_INLINE uint32_t __NVIC_GetPriority(IRQn_Type IRQn)
2055:Drivers/CMSIS/Include/core_cm7.h **** {
2056:Drivers/CMSIS/Include/core_cm7.h **** 
2057:Drivers/CMSIS/Include/core_cm7.h ****   if ((int32_t)(IRQn) >= 0)
2058:Drivers/CMSIS/Include/core_cm7.h ****   {
2059:Drivers/CMSIS/Include/core_cm7.h ****     return(((uint32_t)NVIC->IP[((uint32_t)IRQn)]                >> (8U - __NVIC_PRIO_BITS)));
2060:Drivers/CMSIS/Include/core_cm7.h ****   }
2061:Drivers/CMSIS/Include/core_cm7.h ****   else
2062:Drivers/CMSIS/Include/core_cm7.h ****   {
2063:Drivers/CMSIS/Include/core_cm7.h ****     return(((uint32_t)SCB->SHPR[(((uint32_t)IRQn) & 0xFUL)-4UL] >> (8U - __NVIC_PRIO_BITS)));
2064:Drivers/CMSIS/Include/core_cm7.h ****   }
2065:Drivers/CMSIS/Include/core_cm7.h **** }
2066:Drivers/CMSIS/Include/core_cm7.h **** 
2067:Drivers/CMSIS/Include/core_cm7.h **** 
2068:Drivers/CMSIS/Include/core_cm7.h **** /**
2069:Drivers/CMSIS/Include/core_cm7.h ****   \brief   Encode Priority
2070:Drivers/CMSIS/Include/core_cm7.h ****   \details Encodes the priority for an interrupt with the given priority group,
ARM GAS  C:\Users\admin\AppData\Local\Temp\ccwPfCrn.s 			page 55


2071:Drivers/CMSIS/Include/core_cm7.h ****            preemptive priority value, and subpriority value.
2072:Drivers/CMSIS/Include/core_cm7.h ****            In case of a conflict between priority grouping and available
2073:Drivers/CMSIS/Include/core_cm7.h ****            priority bits (__NVIC_PRIO_BITS), the smallest possible priority group is set.
2074:Drivers/CMSIS/Include/core_cm7.h ****   \param [in]     PriorityGroup  Used priority group.
2075:Drivers/CMSIS/Include/core_cm7.h ****   \param [in]   PreemptPriority  Preemptive priority value (starting from 0).
2076:Drivers/CMSIS/Include/core_cm7.h ****   \param [in]       SubPriority  Subpriority value (starting from 0).
2077:Drivers/CMSIS/Include/core_cm7.h ****   \return                        Encoded priority. Value can be used in the function \ref NVIC_SetP
2078:Drivers/CMSIS/Include/core_cm7.h ****  */
2079:Drivers/CMSIS/Include/core_cm7.h **** __STATIC_INLINE uint32_t NVIC_EncodePriority (uint32_t PriorityGroup, uint32_t PreemptPriority, uin
2080:Drivers/CMSIS/Include/core_cm7.h **** {
2081:Drivers/CMSIS/Include/core_cm7.h ****   uint32_t PriorityGroupTmp = (PriorityGroup & (uint32_t)0x07UL);   /* only values 0..7 are used   
2082:Drivers/CMSIS/Include/core_cm7.h ****   uint32_t PreemptPriorityBits;
2083:Drivers/CMSIS/Include/core_cm7.h ****   uint32_t SubPriorityBits;
2084:Drivers/CMSIS/Include/core_cm7.h **** 
2085:Drivers/CMSIS/Include/core_cm7.h ****   PreemptPriorityBits = ((7UL - PriorityGroupTmp) > (uint32_t)(__NVIC_PRIO_BITS)) ? (uint32_t)(__NV
2086:Drivers/CMSIS/Include/core_cm7.h ****   SubPriorityBits     = ((PriorityGroupTmp + (uint32_t)(__NVIC_PRIO_BITS)) < (uint32_t)7UL) ? (uint
2087:Drivers/CMSIS/Include/core_cm7.h **** 
2088:Drivers/CMSIS/Include/core_cm7.h ****   return (
2089:Drivers/CMSIS/Include/core_cm7.h ****            ((PreemptPriority & (uint32_t)((1UL << (PreemptPriorityBits)) - 1UL)) << SubPriorityBits
2090:Drivers/CMSIS/Include/core_cm7.h ****            ((SubPriority     & (uint32_t)((1UL << (SubPriorityBits    )) - 1UL)))
2091:Drivers/CMSIS/Include/core_cm7.h ****          );
2092:Drivers/CMSIS/Include/core_cm7.h **** }
2093:Drivers/CMSIS/Include/core_cm7.h **** 
2094:Drivers/CMSIS/Include/core_cm7.h **** 
2095:Drivers/CMSIS/Include/core_cm7.h **** /**
2096:Drivers/CMSIS/Include/core_cm7.h ****   \brief   Decode Priority
2097:Drivers/CMSIS/Include/core_cm7.h ****   \details Decodes an interrupt priority value with a given priority group to
2098:Drivers/CMSIS/Include/core_cm7.h ****            preemptive priority value and subpriority value.
2099:Drivers/CMSIS/Include/core_cm7.h ****            In case of a conflict between priority grouping and available
2100:Drivers/CMSIS/Include/core_cm7.h ****            priority bits (__NVIC_PRIO_BITS) the smallest possible priority group is set.
2101:Drivers/CMSIS/Include/core_cm7.h ****   \param [in]         Priority   Priority value, which can be retrieved with the function \ref NVIC
2102:Drivers/CMSIS/Include/core_cm7.h ****   \param [in]     PriorityGroup  Used priority group.
2103:Drivers/CMSIS/Include/core_cm7.h ****   \param [out] pPreemptPriority  Preemptive priority value (starting from 0).
2104:Drivers/CMSIS/Include/core_cm7.h ****   \param [out]     pSubPriority  Subpriority value (starting from 0).
2105:Drivers/CMSIS/Include/core_cm7.h ****  */
2106:Drivers/CMSIS/Include/core_cm7.h **** __STATIC_INLINE void NVIC_DecodePriority (uint32_t Priority, uint32_t PriorityGroup, uint32_t* cons
2107:Drivers/CMSIS/Include/core_cm7.h **** {
2108:Drivers/CMSIS/Include/core_cm7.h ****   uint32_t PriorityGroupTmp = (PriorityGroup & (uint32_t)0x07UL);   /* only values 0..7 are used   
2109:Drivers/CMSIS/Include/core_cm7.h ****   uint32_t PreemptPriorityBits;
2110:Drivers/CMSIS/Include/core_cm7.h ****   uint32_t SubPriorityBits;
2111:Drivers/CMSIS/Include/core_cm7.h **** 
2112:Drivers/CMSIS/Include/core_cm7.h ****   PreemptPriorityBits = ((7UL - PriorityGroupTmp) > (uint32_t)(__NVIC_PRIO_BITS)) ? (uint32_t)(__NV
2113:Drivers/CMSIS/Include/core_cm7.h ****   SubPriorityBits     = ((PriorityGroupTmp + (uint32_t)(__NVIC_PRIO_BITS)) < (uint32_t)7UL) ? (uint
2114:Drivers/CMSIS/Include/core_cm7.h **** 
2115:Drivers/CMSIS/Include/core_cm7.h ****   *pPreemptPriority = (Priority >> SubPriorityBits) & (uint32_t)((1UL << (PreemptPriorityBits)) - 1
2116:Drivers/CMSIS/Include/core_cm7.h ****   *pSubPriority     = (Priority                   ) & (uint32_t)((1UL << (SubPriorityBits    )) - 1
2117:Drivers/CMSIS/Include/core_cm7.h **** }
2118:Drivers/CMSIS/Include/core_cm7.h **** 
2119:Drivers/CMSIS/Include/core_cm7.h **** 
2120:Drivers/CMSIS/Include/core_cm7.h **** /**
2121:Drivers/CMSIS/Include/core_cm7.h ****   \brief   Set Interrupt Vector
2122:Drivers/CMSIS/Include/core_cm7.h ****   \details Sets an interrupt vector in SRAM based interrupt vector table.
2123:Drivers/CMSIS/Include/core_cm7.h ****            The interrupt number can be positive to specify a device specific interrupt,
2124:Drivers/CMSIS/Include/core_cm7.h ****            or negative to specify a processor exception.
2125:Drivers/CMSIS/Include/core_cm7.h ****            VTOR must been relocated to SRAM before.
2126:Drivers/CMSIS/Include/core_cm7.h ****   \param [in]   IRQn      Interrupt number
2127:Drivers/CMSIS/Include/core_cm7.h ****   \param [in]   vector    Address of interrupt handler function
ARM GAS  C:\Users\admin\AppData\Local\Temp\ccwPfCrn.s 			page 56


2128:Drivers/CMSIS/Include/core_cm7.h ****  */
2129:Drivers/CMSIS/Include/core_cm7.h **** __STATIC_INLINE void __NVIC_SetVector(IRQn_Type IRQn, uint32_t vector)
2130:Drivers/CMSIS/Include/core_cm7.h **** {
2131:Drivers/CMSIS/Include/core_cm7.h ****   uint32_t vectors = (uint32_t )SCB->VTOR;
2132:Drivers/CMSIS/Include/core_cm7.h ****   (* (int *) (vectors + ((int32_t)IRQn + NVIC_USER_IRQ_OFFSET) * 4)) = vector;
2133:Drivers/CMSIS/Include/core_cm7.h ****   __DSB();
2134:Drivers/CMSIS/Include/core_cm7.h **** }
2135:Drivers/CMSIS/Include/core_cm7.h **** 
2136:Drivers/CMSIS/Include/core_cm7.h **** 
2137:Drivers/CMSIS/Include/core_cm7.h **** /**
2138:Drivers/CMSIS/Include/core_cm7.h ****   \brief   Get Interrupt Vector
2139:Drivers/CMSIS/Include/core_cm7.h ****   \details Reads an interrupt vector from interrupt vector table.
2140:Drivers/CMSIS/Include/core_cm7.h ****            The interrupt number can be positive to specify a device specific interrupt,
2141:Drivers/CMSIS/Include/core_cm7.h ****            or negative to specify a processor exception.
2142:Drivers/CMSIS/Include/core_cm7.h ****   \param [in]   IRQn      Interrupt number.
2143:Drivers/CMSIS/Include/core_cm7.h ****   \return                 Address of interrupt handler function
2144:Drivers/CMSIS/Include/core_cm7.h ****  */
2145:Drivers/CMSIS/Include/core_cm7.h **** __STATIC_INLINE uint32_t __NVIC_GetVector(IRQn_Type IRQn)
2146:Drivers/CMSIS/Include/core_cm7.h **** {
2147:Drivers/CMSIS/Include/core_cm7.h ****   uint32_t vectors = (uint32_t )SCB->VTOR;
2148:Drivers/CMSIS/Include/core_cm7.h ****   return (uint32_t)(* (int *) (vectors + ((int32_t)IRQn + NVIC_USER_IRQ_OFFSET) * 4));
2149:Drivers/CMSIS/Include/core_cm7.h **** }
2150:Drivers/CMSIS/Include/core_cm7.h **** 
2151:Drivers/CMSIS/Include/core_cm7.h **** 
2152:Drivers/CMSIS/Include/core_cm7.h **** /**
2153:Drivers/CMSIS/Include/core_cm7.h ****   \brief   System Reset
2154:Drivers/CMSIS/Include/core_cm7.h ****   \details Initiates a system reset request to reset the MCU.
2155:Drivers/CMSIS/Include/core_cm7.h ****  */
2156:Drivers/CMSIS/Include/core_cm7.h **** __NO_RETURN __STATIC_INLINE void __NVIC_SystemReset(void)
 619              		.loc 2 2156 34 view .LVU161
 620              	.LBB17:
2157:Drivers/CMSIS/Include/core_cm7.h **** {
2158:Drivers/CMSIS/Include/core_cm7.h ****   __DSB();                                                          /* Ensure all outstanding memor
 621              		.loc 2 2158 3 view .LVU162
 622              	.LBB18:
 623              	.LBI18:
 624              		.file 3 "Drivers/CMSIS/Include/cmsis_gcc.h"
   1:Drivers/CMSIS/Include/cmsis_gcc.h **** /**************************************************************************//**
   2:Drivers/CMSIS/Include/cmsis_gcc.h ****  * @file     cmsis_gcc.h
   3:Drivers/CMSIS/Include/cmsis_gcc.h ****  * @brief    CMSIS compiler GCC header file
   4:Drivers/CMSIS/Include/cmsis_gcc.h ****  * @version  V5.2.0
   5:Drivers/CMSIS/Include/cmsis_gcc.h ****  * @date     08. May 2019
   6:Drivers/CMSIS/Include/cmsis_gcc.h ****  ******************************************************************************/
   7:Drivers/CMSIS/Include/cmsis_gcc.h **** /*
   8:Drivers/CMSIS/Include/cmsis_gcc.h ****  * Copyright (c) 2009-2019 Arm Limited. All rights reserved.
   9:Drivers/CMSIS/Include/cmsis_gcc.h ****  *
  10:Drivers/CMSIS/Include/cmsis_gcc.h ****  * SPDX-License-Identifier: Apache-2.0
  11:Drivers/CMSIS/Include/cmsis_gcc.h ****  *
  12:Drivers/CMSIS/Include/cmsis_gcc.h ****  * Licensed under the Apache License, Version 2.0 (the License); you may
  13:Drivers/CMSIS/Include/cmsis_gcc.h ****  * not use this file except in compliance with the License.
  14:Drivers/CMSIS/Include/cmsis_gcc.h ****  * You may obtain a copy of the License at
  15:Drivers/CMSIS/Include/cmsis_gcc.h ****  *
  16:Drivers/CMSIS/Include/cmsis_gcc.h ****  * www.apache.org/licenses/LICENSE-2.0
  17:Drivers/CMSIS/Include/cmsis_gcc.h ****  *
  18:Drivers/CMSIS/Include/cmsis_gcc.h ****  * Unless required by applicable law or agreed to in writing, software
  19:Drivers/CMSIS/Include/cmsis_gcc.h ****  * distributed under the License is distributed on an AS IS BASIS, WITHOUT
  20:Drivers/CMSIS/Include/cmsis_gcc.h ****  * WARRANTIES OR CONDITIONS OF ANY KIND, either express or implied.
ARM GAS  C:\Users\admin\AppData\Local\Temp\ccwPfCrn.s 			page 57


  21:Drivers/CMSIS/Include/cmsis_gcc.h ****  * See the License for the specific language governing permissions and
  22:Drivers/CMSIS/Include/cmsis_gcc.h ****  * limitations under the License.
  23:Drivers/CMSIS/Include/cmsis_gcc.h ****  */
  24:Drivers/CMSIS/Include/cmsis_gcc.h **** 
  25:Drivers/CMSIS/Include/cmsis_gcc.h **** #ifndef __CMSIS_GCC_H
  26:Drivers/CMSIS/Include/cmsis_gcc.h **** #define __CMSIS_GCC_H
  27:Drivers/CMSIS/Include/cmsis_gcc.h **** 
  28:Drivers/CMSIS/Include/cmsis_gcc.h **** /* ignore some GCC warnings */
  29:Drivers/CMSIS/Include/cmsis_gcc.h **** #pragma GCC diagnostic push
  30:Drivers/CMSIS/Include/cmsis_gcc.h **** #pragma GCC diagnostic ignored "-Wsign-conversion"
  31:Drivers/CMSIS/Include/cmsis_gcc.h **** #pragma GCC diagnostic ignored "-Wconversion"
  32:Drivers/CMSIS/Include/cmsis_gcc.h **** #pragma GCC diagnostic ignored "-Wunused-parameter"
  33:Drivers/CMSIS/Include/cmsis_gcc.h **** 
  34:Drivers/CMSIS/Include/cmsis_gcc.h **** /* Fallback for __has_builtin */
  35:Drivers/CMSIS/Include/cmsis_gcc.h **** #ifndef __has_builtin
  36:Drivers/CMSIS/Include/cmsis_gcc.h ****   #define __has_builtin(x) (0)
  37:Drivers/CMSIS/Include/cmsis_gcc.h **** #endif
  38:Drivers/CMSIS/Include/cmsis_gcc.h **** 
  39:Drivers/CMSIS/Include/cmsis_gcc.h **** /* CMSIS compiler specific defines */
  40:Drivers/CMSIS/Include/cmsis_gcc.h **** #ifndef   __ASM
  41:Drivers/CMSIS/Include/cmsis_gcc.h ****   #define __ASM                                  __asm
  42:Drivers/CMSIS/Include/cmsis_gcc.h **** #endif
  43:Drivers/CMSIS/Include/cmsis_gcc.h **** #ifndef   __INLINE
  44:Drivers/CMSIS/Include/cmsis_gcc.h ****   #define __INLINE                               inline
  45:Drivers/CMSIS/Include/cmsis_gcc.h **** #endif
  46:Drivers/CMSIS/Include/cmsis_gcc.h **** #ifndef   __STATIC_INLINE
  47:Drivers/CMSIS/Include/cmsis_gcc.h ****   #define __STATIC_INLINE                        static inline
  48:Drivers/CMSIS/Include/cmsis_gcc.h **** #endif
  49:Drivers/CMSIS/Include/cmsis_gcc.h **** #ifndef   __STATIC_FORCEINLINE                 
  50:Drivers/CMSIS/Include/cmsis_gcc.h ****   #define __STATIC_FORCEINLINE                   __attribute__((always_inline)) static inline
  51:Drivers/CMSIS/Include/cmsis_gcc.h **** #endif                                           
  52:Drivers/CMSIS/Include/cmsis_gcc.h **** #ifndef   __NO_RETURN
  53:Drivers/CMSIS/Include/cmsis_gcc.h ****   #define __NO_RETURN                            __attribute__((__noreturn__))
  54:Drivers/CMSIS/Include/cmsis_gcc.h **** #endif
  55:Drivers/CMSIS/Include/cmsis_gcc.h **** #ifndef   __USED
  56:Drivers/CMSIS/Include/cmsis_gcc.h ****   #define __USED                                 __attribute__((used))
  57:Drivers/CMSIS/Include/cmsis_gcc.h **** #endif
  58:Drivers/CMSIS/Include/cmsis_gcc.h **** #ifndef   __WEAK
  59:Drivers/CMSIS/Include/cmsis_gcc.h ****   #define __WEAK                                 __attribute__((weak))
  60:Drivers/CMSIS/Include/cmsis_gcc.h **** #endif
  61:Drivers/CMSIS/Include/cmsis_gcc.h **** #ifndef   __PACKED
  62:Drivers/CMSIS/Include/cmsis_gcc.h ****   #define __PACKED                               __attribute__((packed, aligned(1)))
  63:Drivers/CMSIS/Include/cmsis_gcc.h **** #endif
  64:Drivers/CMSIS/Include/cmsis_gcc.h **** #ifndef   __PACKED_STRUCT
  65:Drivers/CMSIS/Include/cmsis_gcc.h ****   #define __PACKED_STRUCT                        struct __attribute__((packed, aligned(1)))
  66:Drivers/CMSIS/Include/cmsis_gcc.h **** #endif
  67:Drivers/CMSIS/Include/cmsis_gcc.h **** #ifndef   __PACKED_UNION
  68:Drivers/CMSIS/Include/cmsis_gcc.h ****   #define __PACKED_UNION                         union __attribute__((packed, aligned(1)))
  69:Drivers/CMSIS/Include/cmsis_gcc.h **** #endif
  70:Drivers/CMSIS/Include/cmsis_gcc.h **** #ifndef   __UNALIGNED_UINT32        /* deprecated */
  71:Drivers/CMSIS/Include/cmsis_gcc.h ****   #pragma GCC diagnostic push
  72:Drivers/CMSIS/Include/cmsis_gcc.h ****   #pragma GCC diagnostic ignored "-Wpacked"
  73:Drivers/CMSIS/Include/cmsis_gcc.h ****   #pragma GCC diagnostic ignored "-Wattributes"
  74:Drivers/CMSIS/Include/cmsis_gcc.h ****   struct __attribute__((packed)) T_UINT32 { uint32_t v; };
  75:Drivers/CMSIS/Include/cmsis_gcc.h ****   #pragma GCC diagnostic pop
  76:Drivers/CMSIS/Include/cmsis_gcc.h ****   #define __UNALIGNED_UINT32(x)                  (((struct T_UINT32 *)(x))->v)
  77:Drivers/CMSIS/Include/cmsis_gcc.h **** #endif
ARM GAS  C:\Users\admin\AppData\Local\Temp\ccwPfCrn.s 			page 58


  78:Drivers/CMSIS/Include/cmsis_gcc.h **** #ifndef   __UNALIGNED_UINT16_WRITE
  79:Drivers/CMSIS/Include/cmsis_gcc.h ****   #pragma GCC diagnostic push
  80:Drivers/CMSIS/Include/cmsis_gcc.h ****   #pragma GCC diagnostic ignored "-Wpacked"
  81:Drivers/CMSIS/Include/cmsis_gcc.h ****   #pragma GCC diagnostic ignored "-Wattributes"
  82:Drivers/CMSIS/Include/cmsis_gcc.h ****   __PACKED_STRUCT T_UINT16_WRITE { uint16_t v; };
  83:Drivers/CMSIS/Include/cmsis_gcc.h ****   #pragma GCC diagnostic pop
  84:Drivers/CMSIS/Include/cmsis_gcc.h ****   #define __UNALIGNED_UINT16_WRITE(addr, val)    (void)((((struct T_UINT16_WRITE *)(void *)(addr))-
  85:Drivers/CMSIS/Include/cmsis_gcc.h **** #endif
  86:Drivers/CMSIS/Include/cmsis_gcc.h **** #ifndef   __UNALIGNED_UINT16_READ
  87:Drivers/CMSIS/Include/cmsis_gcc.h ****   #pragma GCC diagnostic push
  88:Drivers/CMSIS/Include/cmsis_gcc.h ****   #pragma GCC diagnostic ignored "-Wpacked"
  89:Drivers/CMSIS/Include/cmsis_gcc.h ****   #pragma GCC diagnostic ignored "-Wattributes"
  90:Drivers/CMSIS/Include/cmsis_gcc.h ****   __PACKED_STRUCT T_UINT16_READ { uint16_t v; };
  91:Drivers/CMSIS/Include/cmsis_gcc.h ****   #pragma GCC diagnostic pop
  92:Drivers/CMSIS/Include/cmsis_gcc.h ****   #define __UNALIGNED_UINT16_READ(addr)          (((const struct T_UINT16_READ *)(const void *)(add
  93:Drivers/CMSIS/Include/cmsis_gcc.h **** #endif
  94:Drivers/CMSIS/Include/cmsis_gcc.h **** #ifndef   __UNALIGNED_UINT32_WRITE
  95:Drivers/CMSIS/Include/cmsis_gcc.h ****   #pragma GCC diagnostic push
  96:Drivers/CMSIS/Include/cmsis_gcc.h ****   #pragma GCC diagnostic ignored "-Wpacked"
  97:Drivers/CMSIS/Include/cmsis_gcc.h ****   #pragma GCC diagnostic ignored "-Wattributes"
  98:Drivers/CMSIS/Include/cmsis_gcc.h ****   __PACKED_STRUCT T_UINT32_WRITE { uint32_t v; };
  99:Drivers/CMSIS/Include/cmsis_gcc.h ****   #pragma GCC diagnostic pop
 100:Drivers/CMSIS/Include/cmsis_gcc.h ****   #define __UNALIGNED_UINT32_WRITE(addr, val)    (void)((((struct T_UINT32_WRITE *)(void *)(addr))-
 101:Drivers/CMSIS/Include/cmsis_gcc.h **** #endif
 102:Drivers/CMSIS/Include/cmsis_gcc.h **** #ifndef   __UNALIGNED_UINT32_READ
 103:Drivers/CMSIS/Include/cmsis_gcc.h ****   #pragma GCC diagnostic push
 104:Drivers/CMSIS/Include/cmsis_gcc.h ****   #pragma GCC diagnostic ignored "-Wpacked"
 105:Drivers/CMSIS/Include/cmsis_gcc.h ****   #pragma GCC diagnostic ignored "-Wattributes"
 106:Drivers/CMSIS/Include/cmsis_gcc.h ****   __PACKED_STRUCT T_UINT32_READ { uint32_t v; };
 107:Drivers/CMSIS/Include/cmsis_gcc.h ****   #pragma GCC diagnostic pop
 108:Drivers/CMSIS/Include/cmsis_gcc.h ****   #define __UNALIGNED_UINT32_READ(addr)          (((const struct T_UINT32_READ *)(const void *)(add
 109:Drivers/CMSIS/Include/cmsis_gcc.h **** #endif
 110:Drivers/CMSIS/Include/cmsis_gcc.h **** #ifndef   __ALIGNED
 111:Drivers/CMSIS/Include/cmsis_gcc.h ****   #define __ALIGNED(x)                           __attribute__((aligned(x)))
 112:Drivers/CMSIS/Include/cmsis_gcc.h **** #endif
 113:Drivers/CMSIS/Include/cmsis_gcc.h **** #ifndef   __RESTRICT
 114:Drivers/CMSIS/Include/cmsis_gcc.h ****   #define __RESTRICT                             __restrict
 115:Drivers/CMSIS/Include/cmsis_gcc.h **** #endif
 116:Drivers/CMSIS/Include/cmsis_gcc.h **** #ifndef   __COMPILER_BARRIER
 117:Drivers/CMSIS/Include/cmsis_gcc.h ****   #define __COMPILER_BARRIER()                   __ASM volatile("":::"memory")
 118:Drivers/CMSIS/Include/cmsis_gcc.h **** #endif
 119:Drivers/CMSIS/Include/cmsis_gcc.h **** 
 120:Drivers/CMSIS/Include/cmsis_gcc.h **** /* #########################  Startup and Lowlevel Init  ######################## */
 121:Drivers/CMSIS/Include/cmsis_gcc.h **** 
 122:Drivers/CMSIS/Include/cmsis_gcc.h **** #ifndef __PROGRAM_START
 123:Drivers/CMSIS/Include/cmsis_gcc.h **** 
 124:Drivers/CMSIS/Include/cmsis_gcc.h **** /**
 125:Drivers/CMSIS/Include/cmsis_gcc.h ****   \brief   Initializes data and bss sections
 126:Drivers/CMSIS/Include/cmsis_gcc.h ****   \details This default implementations initialized all data and additional bss
 127:Drivers/CMSIS/Include/cmsis_gcc.h ****            sections relying on .copy.table and .zero.table specified properly
 128:Drivers/CMSIS/Include/cmsis_gcc.h ****            in the used linker script.
 129:Drivers/CMSIS/Include/cmsis_gcc.h ****   
 130:Drivers/CMSIS/Include/cmsis_gcc.h ****  */
 131:Drivers/CMSIS/Include/cmsis_gcc.h **** __STATIC_FORCEINLINE __NO_RETURN void __cmsis_start(void)
 132:Drivers/CMSIS/Include/cmsis_gcc.h **** {
 133:Drivers/CMSIS/Include/cmsis_gcc.h ****   extern void _start(void) __NO_RETURN;
 134:Drivers/CMSIS/Include/cmsis_gcc.h ****   
ARM GAS  C:\Users\admin\AppData\Local\Temp\ccwPfCrn.s 			page 59


 135:Drivers/CMSIS/Include/cmsis_gcc.h ****   typedef struct {
 136:Drivers/CMSIS/Include/cmsis_gcc.h ****     uint32_t const* src;
 137:Drivers/CMSIS/Include/cmsis_gcc.h ****     uint32_t* dest;
 138:Drivers/CMSIS/Include/cmsis_gcc.h ****     uint32_t  wlen;
 139:Drivers/CMSIS/Include/cmsis_gcc.h ****   } __copy_table_t;
 140:Drivers/CMSIS/Include/cmsis_gcc.h ****   
 141:Drivers/CMSIS/Include/cmsis_gcc.h ****   typedef struct {
 142:Drivers/CMSIS/Include/cmsis_gcc.h ****     uint32_t* dest;
 143:Drivers/CMSIS/Include/cmsis_gcc.h ****     uint32_t  wlen;
 144:Drivers/CMSIS/Include/cmsis_gcc.h ****   } __zero_table_t;
 145:Drivers/CMSIS/Include/cmsis_gcc.h ****   
 146:Drivers/CMSIS/Include/cmsis_gcc.h ****   extern const __copy_table_t __copy_table_start__;
 147:Drivers/CMSIS/Include/cmsis_gcc.h ****   extern const __copy_table_t __copy_table_end__;
 148:Drivers/CMSIS/Include/cmsis_gcc.h ****   extern const __zero_table_t __zero_table_start__;
 149:Drivers/CMSIS/Include/cmsis_gcc.h ****   extern const __zero_table_t __zero_table_end__;
 150:Drivers/CMSIS/Include/cmsis_gcc.h **** 
 151:Drivers/CMSIS/Include/cmsis_gcc.h ****   for (__copy_table_t const* pTable = &__copy_table_start__; pTable < &__copy_table_end__; ++pTable
 152:Drivers/CMSIS/Include/cmsis_gcc.h ****     for(uint32_t i=0u; i<pTable->wlen; ++i) {
 153:Drivers/CMSIS/Include/cmsis_gcc.h ****       pTable->dest[i] = pTable->src[i];
 154:Drivers/CMSIS/Include/cmsis_gcc.h ****     }
 155:Drivers/CMSIS/Include/cmsis_gcc.h ****   }
 156:Drivers/CMSIS/Include/cmsis_gcc.h ****  
 157:Drivers/CMSIS/Include/cmsis_gcc.h ****   for (__zero_table_t const* pTable = &__zero_table_start__; pTable < &__zero_table_end__; ++pTable
 158:Drivers/CMSIS/Include/cmsis_gcc.h ****     for(uint32_t i=0u; i<pTable->wlen; ++i) {
 159:Drivers/CMSIS/Include/cmsis_gcc.h ****       pTable->dest[i] = 0u;
 160:Drivers/CMSIS/Include/cmsis_gcc.h ****     }
 161:Drivers/CMSIS/Include/cmsis_gcc.h ****   }
 162:Drivers/CMSIS/Include/cmsis_gcc.h ****  
 163:Drivers/CMSIS/Include/cmsis_gcc.h ****   _start();
 164:Drivers/CMSIS/Include/cmsis_gcc.h **** }
 165:Drivers/CMSIS/Include/cmsis_gcc.h ****   
 166:Drivers/CMSIS/Include/cmsis_gcc.h **** #define __PROGRAM_START           __cmsis_start
 167:Drivers/CMSIS/Include/cmsis_gcc.h **** #endif
 168:Drivers/CMSIS/Include/cmsis_gcc.h **** 
 169:Drivers/CMSIS/Include/cmsis_gcc.h **** #ifndef __INITIAL_SP
 170:Drivers/CMSIS/Include/cmsis_gcc.h **** #define __INITIAL_SP              __StackTop
 171:Drivers/CMSIS/Include/cmsis_gcc.h **** #endif
 172:Drivers/CMSIS/Include/cmsis_gcc.h **** 
 173:Drivers/CMSIS/Include/cmsis_gcc.h **** #ifndef __STACK_LIMIT
 174:Drivers/CMSIS/Include/cmsis_gcc.h **** #define __STACK_LIMIT             __StackLimit
 175:Drivers/CMSIS/Include/cmsis_gcc.h **** #endif
 176:Drivers/CMSIS/Include/cmsis_gcc.h **** 
 177:Drivers/CMSIS/Include/cmsis_gcc.h **** #ifndef __VECTOR_TABLE
 178:Drivers/CMSIS/Include/cmsis_gcc.h **** #define __VECTOR_TABLE            __Vectors
 179:Drivers/CMSIS/Include/cmsis_gcc.h **** #endif
 180:Drivers/CMSIS/Include/cmsis_gcc.h **** 
 181:Drivers/CMSIS/Include/cmsis_gcc.h **** #ifndef __VECTOR_TABLE_ATTRIBUTE
 182:Drivers/CMSIS/Include/cmsis_gcc.h **** #define __VECTOR_TABLE_ATTRIBUTE  __attribute((used, section(".vectors")))
 183:Drivers/CMSIS/Include/cmsis_gcc.h **** #endif
 184:Drivers/CMSIS/Include/cmsis_gcc.h **** 
 185:Drivers/CMSIS/Include/cmsis_gcc.h **** /* ###########################  Core Function Access  ########################### */
 186:Drivers/CMSIS/Include/cmsis_gcc.h **** /** \ingroup  CMSIS_Core_FunctionInterface
 187:Drivers/CMSIS/Include/cmsis_gcc.h ****     \defgroup CMSIS_Core_RegAccFunctions CMSIS Core Register Access Functions
 188:Drivers/CMSIS/Include/cmsis_gcc.h ****   @{
 189:Drivers/CMSIS/Include/cmsis_gcc.h ****  */
 190:Drivers/CMSIS/Include/cmsis_gcc.h **** 
 191:Drivers/CMSIS/Include/cmsis_gcc.h **** /**
ARM GAS  C:\Users\admin\AppData\Local\Temp\ccwPfCrn.s 			page 60


 192:Drivers/CMSIS/Include/cmsis_gcc.h ****   \brief   Enable IRQ Interrupts
 193:Drivers/CMSIS/Include/cmsis_gcc.h ****   \details Enables IRQ interrupts by clearing the I-bit in the CPSR.
 194:Drivers/CMSIS/Include/cmsis_gcc.h ****            Can only be executed in Privileged modes.
 195:Drivers/CMSIS/Include/cmsis_gcc.h ****  */
 196:Drivers/CMSIS/Include/cmsis_gcc.h **** __STATIC_FORCEINLINE void __enable_irq(void)
 197:Drivers/CMSIS/Include/cmsis_gcc.h **** {
 198:Drivers/CMSIS/Include/cmsis_gcc.h ****   __ASM volatile ("cpsie i" : : : "memory");
 199:Drivers/CMSIS/Include/cmsis_gcc.h **** }
 200:Drivers/CMSIS/Include/cmsis_gcc.h **** 
 201:Drivers/CMSIS/Include/cmsis_gcc.h **** 
 202:Drivers/CMSIS/Include/cmsis_gcc.h **** /**
 203:Drivers/CMSIS/Include/cmsis_gcc.h ****   \brief   Disable IRQ Interrupts
 204:Drivers/CMSIS/Include/cmsis_gcc.h ****   \details Disables IRQ interrupts by setting the I-bit in the CPSR.
 205:Drivers/CMSIS/Include/cmsis_gcc.h ****            Can only be executed in Privileged modes.
 206:Drivers/CMSIS/Include/cmsis_gcc.h ****  */
 207:Drivers/CMSIS/Include/cmsis_gcc.h **** __STATIC_FORCEINLINE void __disable_irq(void)
 208:Drivers/CMSIS/Include/cmsis_gcc.h **** {
 209:Drivers/CMSIS/Include/cmsis_gcc.h ****   __ASM volatile ("cpsid i" : : : "memory");
 210:Drivers/CMSIS/Include/cmsis_gcc.h **** }
 211:Drivers/CMSIS/Include/cmsis_gcc.h **** 
 212:Drivers/CMSIS/Include/cmsis_gcc.h **** 
 213:Drivers/CMSIS/Include/cmsis_gcc.h **** /**
 214:Drivers/CMSIS/Include/cmsis_gcc.h ****   \brief   Get Control Register
 215:Drivers/CMSIS/Include/cmsis_gcc.h ****   \details Returns the content of the Control Register.
 216:Drivers/CMSIS/Include/cmsis_gcc.h ****   \return               Control Register value
 217:Drivers/CMSIS/Include/cmsis_gcc.h ****  */
 218:Drivers/CMSIS/Include/cmsis_gcc.h **** __STATIC_FORCEINLINE uint32_t __get_CONTROL(void)
 219:Drivers/CMSIS/Include/cmsis_gcc.h **** {
 220:Drivers/CMSIS/Include/cmsis_gcc.h ****   uint32_t result;
 221:Drivers/CMSIS/Include/cmsis_gcc.h **** 
 222:Drivers/CMSIS/Include/cmsis_gcc.h ****   __ASM volatile ("MRS %0, control" : "=r" (result) );
 223:Drivers/CMSIS/Include/cmsis_gcc.h ****   return(result);
 224:Drivers/CMSIS/Include/cmsis_gcc.h **** }
 225:Drivers/CMSIS/Include/cmsis_gcc.h **** 
 226:Drivers/CMSIS/Include/cmsis_gcc.h **** 
 227:Drivers/CMSIS/Include/cmsis_gcc.h **** #if (defined (__ARM_FEATURE_CMSE ) && (__ARM_FEATURE_CMSE == 3))
 228:Drivers/CMSIS/Include/cmsis_gcc.h **** /**
 229:Drivers/CMSIS/Include/cmsis_gcc.h ****   \brief   Get Control Register (non-secure)
 230:Drivers/CMSIS/Include/cmsis_gcc.h ****   \details Returns the content of the non-secure Control Register when in secure mode.
 231:Drivers/CMSIS/Include/cmsis_gcc.h ****   \return               non-secure Control Register value
 232:Drivers/CMSIS/Include/cmsis_gcc.h ****  */
 233:Drivers/CMSIS/Include/cmsis_gcc.h **** __STATIC_FORCEINLINE uint32_t __TZ_get_CONTROL_NS(void)
 234:Drivers/CMSIS/Include/cmsis_gcc.h **** {
 235:Drivers/CMSIS/Include/cmsis_gcc.h ****   uint32_t result;
 236:Drivers/CMSIS/Include/cmsis_gcc.h **** 
 237:Drivers/CMSIS/Include/cmsis_gcc.h ****   __ASM volatile ("MRS %0, control_ns" : "=r" (result) );
 238:Drivers/CMSIS/Include/cmsis_gcc.h ****   return(result);
 239:Drivers/CMSIS/Include/cmsis_gcc.h **** }
 240:Drivers/CMSIS/Include/cmsis_gcc.h **** #endif
 241:Drivers/CMSIS/Include/cmsis_gcc.h **** 
 242:Drivers/CMSIS/Include/cmsis_gcc.h **** 
 243:Drivers/CMSIS/Include/cmsis_gcc.h **** /**
 244:Drivers/CMSIS/Include/cmsis_gcc.h ****   \brief   Set Control Register
 245:Drivers/CMSIS/Include/cmsis_gcc.h ****   \details Writes the given value to the Control Register.
 246:Drivers/CMSIS/Include/cmsis_gcc.h ****   \param [in]    control  Control Register value to set
 247:Drivers/CMSIS/Include/cmsis_gcc.h ****  */
 248:Drivers/CMSIS/Include/cmsis_gcc.h **** __STATIC_FORCEINLINE void __set_CONTROL(uint32_t control)
ARM GAS  C:\Users\admin\AppData\Local\Temp\ccwPfCrn.s 			page 61


 249:Drivers/CMSIS/Include/cmsis_gcc.h **** {
 250:Drivers/CMSIS/Include/cmsis_gcc.h ****   __ASM volatile ("MSR control, %0" : : "r" (control) : "memory");
 251:Drivers/CMSIS/Include/cmsis_gcc.h **** }
 252:Drivers/CMSIS/Include/cmsis_gcc.h **** 
 253:Drivers/CMSIS/Include/cmsis_gcc.h **** 
 254:Drivers/CMSIS/Include/cmsis_gcc.h **** #if (defined (__ARM_FEATURE_CMSE ) && (__ARM_FEATURE_CMSE == 3))
 255:Drivers/CMSIS/Include/cmsis_gcc.h **** /**
 256:Drivers/CMSIS/Include/cmsis_gcc.h ****   \brief   Set Control Register (non-secure)
 257:Drivers/CMSIS/Include/cmsis_gcc.h ****   \details Writes the given value to the non-secure Control Register when in secure state.
 258:Drivers/CMSIS/Include/cmsis_gcc.h ****   \param [in]    control  Control Register value to set
 259:Drivers/CMSIS/Include/cmsis_gcc.h ****  */
 260:Drivers/CMSIS/Include/cmsis_gcc.h **** __STATIC_FORCEINLINE void __TZ_set_CONTROL_NS(uint32_t control)
 261:Drivers/CMSIS/Include/cmsis_gcc.h **** {
 262:Drivers/CMSIS/Include/cmsis_gcc.h ****   __ASM volatile ("MSR control_ns, %0" : : "r" (control) : "memory");
 263:Drivers/CMSIS/Include/cmsis_gcc.h **** }
 264:Drivers/CMSIS/Include/cmsis_gcc.h **** #endif
 265:Drivers/CMSIS/Include/cmsis_gcc.h **** 
 266:Drivers/CMSIS/Include/cmsis_gcc.h **** 
 267:Drivers/CMSIS/Include/cmsis_gcc.h **** /**
 268:Drivers/CMSIS/Include/cmsis_gcc.h ****   \brief   Get IPSR Register
 269:Drivers/CMSIS/Include/cmsis_gcc.h ****   \details Returns the content of the IPSR Register.
 270:Drivers/CMSIS/Include/cmsis_gcc.h ****   \return               IPSR Register value
 271:Drivers/CMSIS/Include/cmsis_gcc.h ****  */
 272:Drivers/CMSIS/Include/cmsis_gcc.h **** __STATIC_FORCEINLINE uint32_t __get_IPSR(void)
 273:Drivers/CMSIS/Include/cmsis_gcc.h **** {
 274:Drivers/CMSIS/Include/cmsis_gcc.h ****   uint32_t result;
 275:Drivers/CMSIS/Include/cmsis_gcc.h **** 
 276:Drivers/CMSIS/Include/cmsis_gcc.h ****   __ASM volatile ("MRS %0, ipsr" : "=r" (result) );
 277:Drivers/CMSIS/Include/cmsis_gcc.h ****   return(result);
 278:Drivers/CMSIS/Include/cmsis_gcc.h **** }
 279:Drivers/CMSIS/Include/cmsis_gcc.h **** 
 280:Drivers/CMSIS/Include/cmsis_gcc.h **** 
 281:Drivers/CMSIS/Include/cmsis_gcc.h **** /**
 282:Drivers/CMSIS/Include/cmsis_gcc.h ****   \brief   Get APSR Register
 283:Drivers/CMSIS/Include/cmsis_gcc.h ****   \details Returns the content of the APSR Register.
 284:Drivers/CMSIS/Include/cmsis_gcc.h ****   \return               APSR Register value
 285:Drivers/CMSIS/Include/cmsis_gcc.h ****  */
 286:Drivers/CMSIS/Include/cmsis_gcc.h **** __STATIC_FORCEINLINE uint32_t __get_APSR(void)
 287:Drivers/CMSIS/Include/cmsis_gcc.h **** {
 288:Drivers/CMSIS/Include/cmsis_gcc.h ****   uint32_t result;
 289:Drivers/CMSIS/Include/cmsis_gcc.h **** 
 290:Drivers/CMSIS/Include/cmsis_gcc.h ****   __ASM volatile ("MRS %0, apsr" : "=r" (result) );
 291:Drivers/CMSIS/Include/cmsis_gcc.h ****   return(result);
 292:Drivers/CMSIS/Include/cmsis_gcc.h **** }
 293:Drivers/CMSIS/Include/cmsis_gcc.h **** 
 294:Drivers/CMSIS/Include/cmsis_gcc.h **** 
 295:Drivers/CMSIS/Include/cmsis_gcc.h **** /**
 296:Drivers/CMSIS/Include/cmsis_gcc.h ****   \brief   Get xPSR Register
 297:Drivers/CMSIS/Include/cmsis_gcc.h ****   \details Returns the content of the xPSR Register.
 298:Drivers/CMSIS/Include/cmsis_gcc.h ****   \return               xPSR Register value
 299:Drivers/CMSIS/Include/cmsis_gcc.h ****  */
 300:Drivers/CMSIS/Include/cmsis_gcc.h **** __STATIC_FORCEINLINE uint32_t __get_xPSR(void)
 301:Drivers/CMSIS/Include/cmsis_gcc.h **** {
 302:Drivers/CMSIS/Include/cmsis_gcc.h ****   uint32_t result;
 303:Drivers/CMSIS/Include/cmsis_gcc.h **** 
 304:Drivers/CMSIS/Include/cmsis_gcc.h ****   __ASM volatile ("MRS %0, xpsr" : "=r" (result) );
 305:Drivers/CMSIS/Include/cmsis_gcc.h ****   return(result);
ARM GAS  C:\Users\admin\AppData\Local\Temp\ccwPfCrn.s 			page 62


 306:Drivers/CMSIS/Include/cmsis_gcc.h **** }
 307:Drivers/CMSIS/Include/cmsis_gcc.h **** 
 308:Drivers/CMSIS/Include/cmsis_gcc.h **** 
 309:Drivers/CMSIS/Include/cmsis_gcc.h **** /**
 310:Drivers/CMSIS/Include/cmsis_gcc.h ****   \brief   Get Process Stack Pointer
 311:Drivers/CMSIS/Include/cmsis_gcc.h ****   \details Returns the current value of the Process Stack Pointer (PSP).
 312:Drivers/CMSIS/Include/cmsis_gcc.h ****   \return               PSP Register value
 313:Drivers/CMSIS/Include/cmsis_gcc.h ****  */
 314:Drivers/CMSIS/Include/cmsis_gcc.h **** __STATIC_FORCEINLINE uint32_t __get_PSP(void)
 315:Drivers/CMSIS/Include/cmsis_gcc.h **** {
 316:Drivers/CMSIS/Include/cmsis_gcc.h ****   uint32_t result;
 317:Drivers/CMSIS/Include/cmsis_gcc.h **** 
 318:Drivers/CMSIS/Include/cmsis_gcc.h ****   __ASM volatile ("MRS %0, psp"  : "=r" (result) );
 319:Drivers/CMSIS/Include/cmsis_gcc.h ****   return(result);
 320:Drivers/CMSIS/Include/cmsis_gcc.h **** }
 321:Drivers/CMSIS/Include/cmsis_gcc.h **** 
 322:Drivers/CMSIS/Include/cmsis_gcc.h **** 
 323:Drivers/CMSIS/Include/cmsis_gcc.h **** #if (defined (__ARM_FEATURE_CMSE ) && (__ARM_FEATURE_CMSE == 3))
 324:Drivers/CMSIS/Include/cmsis_gcc.h **** /**
 325:Drivers/CMSIS/Include/cmsis_gcc.h ****   \brief   Get Process Stack Pointer (non-secure)
 326:Drivers/CMSIS/Include/cmsis_gcc.h ****   \details Returns the current value of the non-secure Process Stack Pointer (PSP) when in secure s
 327:Drivers/CMSIS/Include/cmsis_gcc.h ****   \return               PSP Register value
 328:Drivers/CMSIS/Include/cmsis_gcc.h ****  */
 329:Drivers/CMSIS/Include/cmsis_gcc.h **** __STATIC_FORCEINLINE uint32_t __TZ_get_PSP_NS(void)
 330:Drivers/CMSIS/Include/cmsis_gcc.h **** {
 331:Drivers/CMSIS/Include/cmsis_gcc.h ****   uint32_t result;
 332:Drivers/CMSIS/Include/cmsis_gcc.h **** 
 333:Drivers/CMSIS/Include/cmsis_gcc.h ****   __ASM volatile ("MRS %0, psp_ns"  : "=r" (result) );
 334:Drivers/CMSIS/Include/cmsis_gcc.h ****   return(result);
 335:Drivers/CMSIS/Include/cmsis_gcc.h **** }
 336:Drivers/CMSIS/Include/cmsis_gcc.h **** #endif
 337:Drivers/CMSIS/Include/cmsis_gcc.h **** 
 338:Drivers/CMSIS/Include/cmsis_gcc.h **** 
 339:Drivers/CMSIS/Include/cmsis_gcc.h **** /**
 340:Drivers/CMSIS/Include/cmsis_gcc.h ****   \brief   Set Process Stack Pointer
 341:Drivers/CMSIS/Include/cmsis_gcc.h ****   \details Assigns the given value to the Process Stack Pointer (PSP).
 342:Drivers/CMSIS/Include/cmsis_gcc.h ****   \param [in]    topOfProcStack  Process Stack Pointer value to set
 343:Drivers/CMSIS/Include/cmsis_gcc.h ****  */
 344:Drivers/CMSIS/Include/cmsis_gcc.h **** __STATIC_FORCEINLINE void __set_PSP(uint32_t topOfProcStack)
 345:Drivers/CMSIS/Include/cmsis_gcc.h **** {
 346:Drivers/CMSIS/Include/cmsis_gcc.h ****   __ASM volatile ("MSR psp, %0" : : "r" (topOfProcStack) : );
 347:Drivers/CMSIS/Include/cmsis_gcc.h **** }
 348:Drivers/CMSIS/Include/cmsis_gcc.h **** 
 349:Drivers/CMSIS/Include/cmsis_gcc.h **** 
 350:Drivers/CMSIS/Include/cmsis_gcc.h **** #if (defined (__ARM_FEATURE_CMSE ) && (__ARM_FEATURE_CMSE == 3))
 351:Drivers/CMSIS/Include/cmsis_gcc.h **** /**
 352:Drivers/CMSIS/Include/cmsis_gcc.h ****   \brief   Set Process Stack Pointer (non-secure)
 353:Drivers/CMSIS/Include/cmsis_gcc.h ****   \details Assigns the given value to the non-secure Process Stack Pointer (PSP) when in secure sta
 354:Drivers/CMSIS/Include/cmsis_gcc.h ****   \param [in]    topOfProcStack  Process Stack Pointer value to set
 355:Drivers/CMSIS/Include/cmsis_gcc.h ****  */
 356:Drivers/CMSIS/Include/cmsis_gcc.h **** __STATIC_FORCEINLINE void __TZ_set_PSP_NS(uint32_t topOfProcStack)
 357:Drivers/CMSIS/Include/cmsis_gcc.h **** {
 358:Drivers/CMSIS/Include/cmsis_gcc.h ****   __ASM volatile ("MSR psp_ns, %0" : : "r" (topOfProcStack) : );
 359:Drivers/CMSIS/Include/cmsis_gcc.h **** }
 360:Drivers/CMSIS/Include/cmsis_gcc.h **** #endif
 361:Drivers/CMSIS/Include/cmsis_gcc.h **** 
 362:Drivers/CMSIS/Include/cmsis_gcc.h **** 
ARM GAS  C:\Users\admin\AppData\Local\Temp\ccwPfCrn.s 			page 63


 363:Drivers/CMSIS/Include/cmsis_gcc.h **** /**
 364:Drivers/CMSIS/Include/cmsis_gcc.h ****   \brief   Get Main Stack Pointer
 365:Drivers/CMSIS/Include/cmsis_gcc.h ****   \details Returns the current value of the Main Stack Pointer (MSP).
 366:Drivers/CMSIS/Include/cmsis_gcc.h ****   \return               MSP Register value
 367:Drivers/CMSIS/Include/cmsis_gcc.h ****  */
 368:Drivers/CMSIS/Include/cmsis_gcc.h **** __STATIC_FORCEINLINE uint32_t __get_MSP(void)
 369:Drivers/CMSIS/Include/cmsis_gcc.h **** {
 370:Drivers/CMSIS/Include/cmsis_gcc.h ****   uint32_t result;
 371:Drivers/CMSIS/Include/cmsis_gcc.h **** 
 372:Drivers/CMSIS/Include/cmsis_gcc.h ****   __ASM volatile ("MRS %0, msp" : "=r" (result) );
 373:Drivers/CMSIS/Include/cmsis_gcc.h ****   return(result);
 374:Drivers/CMSIS/Include/cmsis_gcc.h **** }
 375:Drivers/CMSIS/Include/cmsis_gcc.h **** 
 376:Drivers/CMSIS/Include/cmsis_gcc.h **** 
 377:Drivers/CMSIS/Include/cmsis_gcc.h **** #if (defined (__ARM_FEATURE_CMSE ) && (__ARM_FEATURE_CMSE == 3))
 378:Drivers/CMSIS/Include/cmsis_gcc.h **** /**
 379:Drivers/CMSIS/Include/cmsis_gcc.h ****   \brief   Get Main Stack Pointer (non-secure)
 380:Drivers/CMSIS/Include/cmsis_gcc.h ****   \details Returns the current value of the non-secure Main Stack Pointer (MSP) when in secure stat
 381:Drivers/CMSIS/Include/cmsis_gcc.h ****   \return               MSP Register value
 382:Drivers/CMSIS/Include/cmsis_gcc.h ****  */
 383:Drivers/CMSIS/Include/cmsis_gcc.h **** __STATIC_FORCEINLINE uint32_t __TZ_get_MSP_NS(void)
 384:Drivers/CMSIS/Include/cmsis_gcc.h **** {
 385:Drivers/CMSIS/Include/cmsis_gcc.h ****   uint32_t result;
 386:Drivers/CMSIS/Include/cmsis_gcc.h **** 
 387:Drivers/CMSIS/Include/cmsis_gcc.h ****   __ASM volatile ("MRS %0, msp_ns" : "=r" (result) );
 388:Drivers/CMSIS/Include/cmsis_gcc.h ****   return(result);
 389:Drivers/CMSIS/Include/cmsis_gcc.h **** }
 390:Drivers/CMSIS/Include/cmsis_gcc.h **** #endif
 391:Drivers/CMSIS/Include/cmsis_gcc.h **** 
 392:Drivers/CMSIS/Include/cmsis_gcc.h **** 
 393:Drivers/CMSIS/Include/cmsis_gcc.h **** /**
 394:Drivers/CMSIS/Include/cmsis_gcc.h ****   \brief   Set Main Stack Pointer
 395:Drivers/CMSIS/Include/cmsis_gcc.h ****   \details Assigns the given value to the Main Stack Pointer (MSP).
 396:Drivers/CMSIS/Include/cmsis_gcc.h ****   \param [in]    topOfMainStack  Main Stack Pointer value to set
 397:Drivers/CMSIS/Include/cmsis_gcc.h ****  */
 398:Drivers/CMSIS/Include/cmsis_gcc.h **** __STATIC_FORCEINLINE void __set_MSP(uint32_t topOfMainStack)
 399:Drivers/CMSIS/Include/cmsis_gcc.h **** {
 400:Drivers/CMSIS/Include/cmsis_gcc.h ****   __ASM volatile ("MSR msp, %0" : : "r" (topOfMainStack) : );
 401:Drivers/CMSIS/Include/cmsis_gcc.h **** }
 402:Drivers/CMSIS/Include/cmsis_gcc.h **** 
 403:Drivers/CMSIS/Include/cmsis_gcc.h **** 
 404:Drivers/CMSIS/Include/cmsis_gcc.h **** #if (defined (__ARM_FEATURE_CMSE ) && (__ARM_FEATURE_CMSE == 3))
 405:Drivers/CMSIS/Include/cmsis_gcc.h **** /**
 406:Drivers/CMSIS/Include/cmsis_gcc.h ****   \brief   Set Main Stack Pointer (non-secure)
 407:Drivers/CMSIS/Include/cmsis_gcc.h ****   \details Assigns the given value to the non-secure Main Stack Pointer (MSP) when in secure state.
 408:Drivers/CMSIS/Include/cmsis_gcc.h ****   \param [in]    topOfMainStack  Main Stack Pointer value to set
 409:Drivers/CMSIS/Include/cmsis_gcc.h ****  */
 410:Drivers/CMSIS/Include/cmsis_gcc.h **** __STATIC_FORCEINLINE void __TZ_set_MSP_NS(uint32_t topOfMainStack)
 411:Drivers/CMSIS/Include/cmsis_gcc.h **** {
 412:Drivers/CMSIS/Include/cmsis_gcc.h ****   __ASM volatile ("MSR msp_ns, %0" : : "r" (topOfMainStack) : );
 413:Drivers/CMSIS/Include/cmsis_gcc.h **** }
 414:Drivers/CMSIS/Include/cmsis_gcc.h **** #endif
 415:Drivers/CMSIS/Include/cmsis_gcc.h **** 
 416:Drivers/CMSIS/Include/cmsis_gcc.h **** 
 417:Drivers/CMSIS/Include/cmsis_gcc.h **** #if (defined (__ARM_FEATURE_CMSE ) && (__ARM_FEATURE_CMSE == 3))
 418:Drivers/CMSIS/Include/cmsis_gcc.h **** /**
 419:Drivers/CMSIS/Include/cmsis_gcc.h ****   \brief   Get Stack Pointer (non-secure)
ARM GAS  C:\Users\admin\AppData\Local\Temp\ccwPfCrn.s 			page 64


 420:Drivers/CMSIS/Include/cmsis_gcc.h ****   \details Returns the current value of the non-secure Stack Pointer (SP) when in secure state.
 421:Drivers/CMSIS/Include/cmsis_gcc.h ****   \return               SP Register value
 422:Drivers/CMSIS/Include/cmsis_gcc.h ****  */
 423:Drivers/CMSIS/Include/cmsis_gcc.h **** __STATIC_FORCEINLINE uint32_t __TZ_get_SP_NS(void)
 424:Drivers/CMSIS/Include/cmsis_gcc.h **** {
 425:Drivers/CMSIS/Include/cmsis_gcc.h ****   uint32_t result;
 426:Drivers/CMSIS/Include/cmsis_gcc.h **** 
 427:Drivers/CMSIS/Include/cmsis_gcc.h ****   __ASM volatile ("MRS %0, sp_ns" : "=r" (result) );
 428:Drivers/CMSIS/Include/cmsis_gcc.h ****   return(result);
 429:Drivers/CMSIS/Include/cmsis_gcc.h **** }
 430:Drivers/CMSIS/Include/cmsis_gcc.h **** 
 431:Drivers/CMSIS/Include/cmsis_gcc.h **** 
 432:Drivers/CMSIS/Include/cmsis_gcc.h **** /**
 433:Drivers/CMSIS/Include/cmsis_gcc.h ****   \brief   Set Stack Pointer (non-secure)
 434:Drivers/CMSIS/Include/cmsis_gcc.h ****   \details Assigns the given value to the non-secure Stack Pointer (SP) when in secure state.
 435:Drivers/CMSIS/Include/cmsis_gcc.h ****   \param [in]    topOfStack  Stack Pointer value to set
 436:Drivers/CMSIS/Include/cmsis_gcc.h ****  */
 437:Drivers/CMSIS/Include/cmsis_gcc.h **** __STATIC_FORCEINLINE void __TZ_set_SP_NS(uint32_t topOfStack)
 438:Drivers/CMSIS/Include/cmsis_gcc.h **** {
 439:Drivers/CMSIS/Include/cmsis_gcc.h ****   __ASM volatile ("MSR sp_ns, %0" : : "r" (topOfStack) : );
 440:Drivers/CMSIS/Include/cmsis_gcc.h **** }
 441:Drivers/CMSIS/Include/cmsis_gcc.h **** #endif
 442:Drivers/CMSIS/Include/cmsis_gcc.h **** 
 443:Drivers/CMSIS/Include/cmsis_gcc.h **** 
 444:Drivers/CMSIS/Include/cmsis_gcc.h **** /**
 445:Drivers/CMSIS/Include/cmsis_gcc.h ****   \brief   Get Priority Mask
 446:Drivers/CMSIS/Include/cmsis_gcc.h ****   \details Returns the current state of the priority mask bit from the Priority Mask Register.
 447:Drivers/CMSIS/Include/cmsis_gcc.h ****   \return               Priority Mask value
 448:Drivers/CMSIS/Include/cmsis_gcc.h ****  */
 449:Drivers/CMSIS/Include/cmsis_gcc.h **** __STATIC_FORCEINLINE uint32_t __get_PRIMASK(void)
 450:Drivers/CMSIS/Include/cmsis_gcc.h **** {
 451:Drivers/CMSIS/Include/cmsis_gcc.h ****   uint32_t result;
 452:Drivers/CMSIS/Include/cmsis_gcc.h **** 
 453:Drivers/CMSIS/Include/cmsis_gcc.h ****   __ASM volatile ("MRS %0, primask" : "=r" (result) :: "memory");
 454:Drivers/CMSIS/Include/cmsis_gcc.h ****   return(result);
 455:Drivers/CMSIS/Include/cmsis_gcc.h **** }
 456:Drivers/CMSIS/Include/cmsis_gcc.h **** 
 457:Drivers/CMSIS/Include/cmsis_gcc.h **** 
 458:Drivers/CMSIS/Include/cmsis_gcc.h **** #if (defined (__ARM_FEATURE_CMSE ) && (__ARM_FEATURE_CMSE == 3))
 459:Drivers/CMSIS/Include/cmsis_gcc.h **** /**
 460:Drivers/CMSIS/Include/cmsis_gcc.h ****   \brief   Get Priority Mask (non-secure)
 461:Drivers/CMSIS/Include/cmsis_gcc.h ****   \details Returns the current state of the non-secure priority mask bit from the Priority Mask Reg
 462:Drivers/CMSIS/Include/cmsis_gcc.h ****   \return               Priority Mask value
 463:Drivers/CMSIS/Include/cmsis_gcc.h ****  */
 464:Drivers/CMSIS/Include/cmsis_gcc.h **** __STATIC_FORCEINLINE uint32_t __TZ_get_PRIMASK_NS(void)
 465:Drivers/CMSIS/Include/cmsis_gcc.h **** {
 466:Drivers/CMSIS/Include/cmsis_gcc.h ****   uint32_t result;
 467:Drivers/CMSIS/Include/cmsis_gcc.h **** 
 468:Drivers/CMSIS/Include/cmsis_gcc.h ****   __ASM volatile ("MRS %0, primask_ns" : "=r" (result) :: "memory");
 469:Drivers/CMSIS/Include/cmsis_gcc.h ****   return(result);
 470:Drivers/CMSIS/Include/cmsis_gcc.h **** }
 471:Drivers/CMSIS/Include/cmsis_gcc.h **** #endif
 472:Drivers/CMSIS/Include/cmsis_gcc.h **** 
 473:Drivers/CMSIS/Include/cmsis_gcc.h **** 
 474:Drivers/CMSIS/Include/cmsis_gcc.h **** /**
 475:Drivers/CMSIS/Include/cmsis_gcc.h ****   \brief   Set Priority Mask
 476:Drivers/CMSIS/Include/cmsis_gcc.h ****   \details Assigns the given value to the Priority Mask Register.
ARM GAS  C:\Users\admin\AppData\Local\Temp\ccwPfCrn.s 			page 65


 477:Drivers/CMSIS/Include/cmsis_gcc.h ****   \param [in]    priMask  Priority Mask
 478:Drivers/CMSIS/Include/cmsis_gcc.h ****  */
 479:Drivers/CMSIS/Include/cmsis_gcc.h **** __STATIC_FORCEINLINE void __set_PRIMASK(uint32_t priMask)
 480:Drivers/CMSIS/Include/cmsis_gcc.h **** {
 481:Drivers/CMSIS/Include/cmsis_gcc.h ****   __ASM volatile ("MSR primask, %0" : : "r" (priMask) : "memory");
 482:Drivers/CMSIS/Include/cmsis_gcc.h **** }
 483:Drivers/CMSIS/Include/cmsis_gcc.h **** 
 484:Drivers/CMSIS/Include/cmsis_gcc.h **** 
 485:Drivers/CMSIS/Include/cmsis_gcc.h **** #if (defined (__ARM_FEATURE_CMSE ) && (__ARM_FEATURE_CMSE == 3))
 486:Drivers/CMSIS/Include/cmsis_gcc.h **** /**
 487:Drivers/CMSIS/Include/cmsis_gcc.h ****   \brief   Set Priority Mask (non-secure)
 488:Drivers/CMSIS/Include/cmsis_gcc.h ****   \details Assigns the given value to the non-secure Priority Mask Register when in secure state.
 489:Drivers/CMSIS/Include/cmsis_gcc.h ****   \param [in]    priMask  Priority Mask
 490:Drivers/CMSIS/Include/cmsis_gcc.h ****  */
 491:Drivers/CMSIS/Include/cmsis_gcc.h **** __STATIC_FORCEINLINE void __TZ_set_PRIMASK_NS(uint32_t priMask)
 492:Drivers/CMSIS/Include/cmsis_gcc.h **** {
 493:Drivers/CMSIS/Include/cmsis_gcc.h ****   __ASM volatile ("MSR primask_ns, %0" : : "r" (priMask) : "memory");
 494:Drivers/CMSIS/Include/cmsis_gcc.h **** }
 495:Drivers/CMSIS/Include/cmsis_gcc.h **** #endif
 496:Drivers/CMSIS/Include/cmsis_gcc.h **** 
 497:Drivers/CMSIS/Include/cmsis_gcc.h **** 
 498:Drivers/CMSIS/Include/cmsis_gcc.h **** #if ((defined (__ARM_ARCH_7M__      ) && (__ARM_ARCH_7M__      == 1)) || \
 499:Drivers/CMSIS/Include/cmsis_gcc.h ****      (defined (__ARM_ARCH_7EM__     ) && (__ARM_ARCH_7EM__     == 1)) || \
 500:Drivers/CMSIS/Include/cmsis_gcc.h ****      (defined (__ARM_ARCH_8M_MAIN__ ) && (__ARM_ARCH_8M_MAIN__ == 1))    )
 501:Drivers/CMSIS/Include/cmsis_gcc.h **** /**
 502:Drivers/CMSIS/Include/cmsis_gcc.h ****   \brief   Enable FIQ
 503:Drivers/CMSIS/Include/cmsis_gcc.h ****   \details Enables FIQ interrupts by clearing the F-bit in the CPSR.
 504:Drivers/CMSIS/Include/cmsis_gcc.h ****            Can only be executed in Privileged modes.
 505:Drivers/CMSIS/Include/cmsis_gcc.h ****  */
 506:Drivers/CMSIS/Include/cmsis_gcc.h **** __STATIC_FORCEINLINE void __enable_fault_irq(void)
 507:Drivers/CMSIS/Include/cmsis_gcc.h **** {
 508:Drivers/CMSIS/Include/cmsis_gcc.h ****   __ASM volatile ("cpsie f" : : : "memory");
 509:Drivers/CMSIS/Include/cmsis_gcc.h **** }
 510:Drivers/CMSIS/Include/cmsis_gcc.h **** 
 511:Drivers/CMSIS/Include/cmsis_gcc.h **** 
 512:Drivers/CMSIS/Include/cmsis_gcc.h **** /**
 513:Drivers/CMSIS/Include/cmsis_gcc.h ****   \brief   Disable FIQ
 514:Drivers/CMSIS/Include/cmsis_gcc.h ****   \details Disables FIQ interrupts by setting the F-bit in the CPSR.
 515:Drivers/CMSIS/Include/cmsis_gcc.h ****            Can only be executed in Privileged modes.
 516:Drivers/CMSIS/Include/cmsis_gcc.h ****  */
 517:Drivers/CMSIS/Include/cmsis_gcc.h **** __STATIC_FORCEINLINE void __disable_fault_irq(void)
 518:Drivers/CMSIS/Include/cmsis_gcc.h **** {
 519:Drivers/CMSIS/Include/cmsis_gcc.h ****   __ASM volatile ("cpsid f" : : : "memory");
 520:Drivers/CMSIS/Include/cmsis_gcc.h **** }
 521:Drivers/CMSIS/Include/cmsis_gcc.h **** 
 522:Drivers/CMSIS/Include/cmsis_gcc.h **** 
 523:Drivers/CMSIS/Include/cmsis_gcc.h **** /**
 524:Drivers/CMSIS/Include/cmsis_gcc.h ****   \brief   Get Base Priority
 525:Drivers/CMSIS/Include/cmsis_gcc.h ****   \details Returns the current value of the Base Priority register.
 526:Drivers/CMSIS/Include/cmsis_gcc.h ****   \return               Base Priority register value
 527:Drivers/CMSIS/Include/cmsis_gcc.h ****  */
 528:Drivers/CMSIS/Include/cmsis_gcc.h **** __STATIC_FORCEINLINE uint32_t __get_BASEPRI(void)
 529:Drivers/CMSIS/Include/cmsis_gcc.h **** {
 530:Drivers/CMSIS/Include/cmsis_gcc.h ****   uint32_t result;
 531:Drivers/CMSIS/Include/cmsis_gcc.h **** 
 532:Drivers/CMSIS/Include/cmsis_gcc.h ****   __ASM volatile ("MRS %0, basepri" : "=r" (result) );
 533:Drivers/CMSIS/Include/cmsis_gcc.h ****   return(result);
ARM GAS  C:\Users\admin\AppData\Local\Temp\ccwPfCrn.s 			page 66


 534:Drivers/CMSIS/Include/cmsis_gcc.h **** }
 535:Drivers/CMSIS/Include/cmsis_gcc.h **** 
 536:Drivers/CMSIS/Include/cmsis_gcc.h **** 
 537:Drivers/CMSIS/Include/cmsis_gcc.h **** #if (defined (__ARM_FEATURE_CMSE ) && (__ARM_FEATURE_CMSE == 3))
 538:Drivers/CMSIS/Include/cmsis_gcc.h **** /**
 539:Drivers/CMSIS/Include/cmsis_gcc.h ****   \brief   Get Base Priority (non-secure)
 540:Drivers/CMSIS/Include/cmsis_gcc.h ****   \details Returns the current value of the non-secure Base Priority register when in secure state.
 541:Drivers/CMSIS/Include/cmsis_gcc.h ****   \return               Base Priority register value
 542:Drivers/CMSIS/Include/cmsis_gcc.h ****  */
 543:Drivers/CMSIS/Include/cmsis_gcc.h **** __STATIC_FORCEINLINE uint32_t __TZ_get_BASEPRI_NS(void)
 544:Drivers/CMSIS/Include/cmsis_gcc.h **** {
 545:Drivers/CMSIS/Include/cmsis_gcc.h ****   uint32_t result;
 546:Drivers/CMSIS/Include/cmsis_gcc.h **** 
 547:Drivers/CMSIS/Include/cmsis_gcc.h ****   __ASM volatile ("MRS %0, basepri_ns" : "=r" (result) );
 548:Drivers/CMSIS/Include/cmsis_gcc.h ****   return(result);
 549:Drivers/CMSIS/Include/cmsis_gcc.h **** }
 550:Drivers/CMSIS/Include/cmsis_gcc.h **** #endif
 551:Drivers/CMSIS/Include/cmsis_gcc.h **** 
 552:Drivers/CMSIS/Include/cmsis_gcc.h **** 
 553:Drivers/CMSIS/Include/cmsis_gcc.h **** /**
 554:Drivers/CMSIS/Include/cmsis_gcc.h ****   \brief   Set Base Priority
 555:Drivers/CMSIS/Include/cmsis_gcc.h ****   \details Assigns the given value to the Base Priority register.
 556:Drivers/CMSIS/Include/cmsis_gcc.h ****   \param [in]    basePri  Base Priority value to set
 557:Drivers/CMSIS/Include/cmsis_gcc.h ****  */
 558:Drivers/CMSIS/Include/cmsis_gcc.h **** __STATIC_FORCEINLINE void __set_BASEPRI(uint32_t basePri)
 559:Drivers/CMSIS/Include/cmsis_gcc.h **** {
 560:Drivers/CMSIS/Include/cmsis_gcc.h ****   __ASM volatile ("MSR basepri, %0" : : "r" (basePri) : "memory");
 561:Drivers/CMSIS/Include/cmsis_gcc.h **** }
 562:Drivers/CMSIS/Include/cmsis_gcc.h **** 
 563:Drivers/CMSIS/Include/cmsis_gcc.h **** 
 564:Drivers/CMSIS/Include/cmsis_gcc.h **** #if (defined (__ARM_FEATURE_CMSE ) && (__ARM_FEATURE_CMSE == 3))
 565:Drivers/CMSIS/Include/cmsis_gcc.h **** /**
 566:Drivers/CMSIS/Include/cmsis_gcc.h ****   \brief   Set Base Priority (non-secure)
 567:Drivers/CMSIS/Include/cmsis_gcc.h ****   \details Assigns the given value to the non-secure Base Priority register when in secure state.
 568:Drivers/CMSIS/Include/cmsis_gcc.h ****   \param [in]    basePri  Base Priority value to set
 569:Drivers/CMSIS/Include/cmsis_gcc.h ****  */
 570:Drivers/CMSIS/Include/cmsis_gcc.h **** __STATIC_FORCEINLINE void __TZ_set_BASEPRI_NS(uint32_t basePri)
 571:Drivers/CMSIS/Include/cmsis_gcc.h **** {
 572:Drivers/CMSIS/Include/cmsis_gcc.h ****   __ASM volatile ("MSR basepri_ns, %0" : : "r" (basePri) : "memory");
 573:Drivers/CMSIS/Include/cmsis_gcc.h **** }
 574:Drivers/CMSIS/Include/cmsis_gcc.h **** #endif
 575:Drivers/CMSIS/Include/cmsis_gcc.h **** 
 576:Drivers/CMSIS/Include/cmsis_gcc.h **** 
 577:Drivers/CMSIS/Include/cmsis_gcc.h **** /**
 578:Drivers/CMSIS/Include/cmsis_gcc.h ****   \brief   Set Base Priority with condition
 579:Drivers/CMSIS/Include/cmsis_gcc.h ****   \details Assigns the given value to the Base Priority register only if BASEPRI masking is disable
 580:Drivers/CMSIS/Include/cmsis_gcc.h ****            or the new value increases the BASEPRI priority level.
 581:Drivers/CMSIS/Include/cmsis_gcc.h ****   \param [in]    basePri  Base Priority value to set
 582:Drivers/CMSIS/Include/cmsis_gcc.h ****  */
 583:Drivers/CMSIS/Include/cmsis_gcc.h **** __STATIC_FORCEINLINE void __set_BASEPRI_MAX(uint32_t basePri)
 584:Drivers/CMSIS/Include/cmsis_gcc.h **** {
 585:Drivers/CMSIS/Include/cmsis_gcc.h ****   __ASM volatile ("MSR basepri_max, %0" : : "r" (basePri) : "memory");
 586:Drivers/CMSIS/Include/cmsis_gcc.h **** }
 587:Drivers/CMSIS/Include/cmsis_gcc.h **** 
 588:Drivers/CMSIS/Include/cmsis_gcc.h **** 
 589:Drivers/CMSIS/Include/cmsis_gcc.h **** /**
 590:Drivers/CMSIS/Include/cmsis_gcc.h ****   \brief   Get Fault Mask
ARM GAS  C:\Users\admin\AppData\Local\Temp\ccwPfCrn.s 			page 67


 591:Drivers/CMSIS/Include/cmsis_gcc.h ****   \details Returns the current value of the Fault Mask register.
 592:Drivers/CMSIS/Include/cmsis_gcc.h ****   \return               Fault Mask register value
 593:Drivers/CMSIS/Include/cmsis_gcc.h ****  */
 594:Drivers/CMSIS/Include/cmsis_gcc.h **** __STATIC_FORCEINLINE uint32_t __get_FAULTMASK(void)
 595:Drivers/CMSIS/Include/cmsis_gcc.h **** {
 596:Drivers/CMSIS/Include/cmsis_gcc.h ****   uint32_t result;
 597:Drivers/CMSIS/Include/cmsis_gcc.h **** 
 598:Drivers/CMSIS/Include/cmsis_gcc.h ****   __ASM volatile ("MRS %0, faultmask" : "=r" (result) );
 599:Drivers/CMSIS/Include/cmsis_gcc.h ****   return(result);
 600:Drivers/CMSIS/Include/cmsis_gcc.h **** }
 601:Drivers/CMSIS/Include/cmsis_gcc.h **** 
 602:Drivers/CMSIS/Include/cmsis_gcc.h **** 
 603:Drivers/CMSIS/Include/cmsis_gcc.h **** #if (defined (__ARM_FEATURE_CMSE ) && (__ARM_FEATURE_CMSE == 3))
 604:Drivers/CMSIS/Include/cmsis_gcc.h **** /**
 605:Drivers/CMSIS/Include/cmsis_gcc.h ****   \brief   Get Fault Mask (non-secure)
 606:Drivers/CMSIS/Include/cmsis_gcc.h ****   \details Returns the current value of the non-secure Fault Mask register when in secure state.
 607:Drivers/CMSIS/Include/cmsis_gcc.h ****   \return               Fault Mask register value
 608:Drivers/CMSIS/Include/cmsis_gcc.h ****  */
 609:Drivers/CMSIS/Include/cmsis_gcc.h **** __STATIC_FORCEINLINE uint32_t __TZ_get_FAULTMASK_NS(void)
 610:Drivers/CMSIS/Include/cmsis_gcc.h **** {
 611:Drivers/CMSIS/Include/cmsis_gcc.h ****   uint32_t result;
 612:Drivers/CMSIS/Include/cmsis_gcc.h **** 
 613:Drivers/CMSIS/Include/cmsis_gcc.h ****   __ASM volatile ("MRS %0, faultmask_ns" : "=r" (result) );
 614:Drivers/CMSIS/Include/cmsis_gcc.h ****   return(result);
 615:Drivers/CMSIS/Include/cmsis_gcc.h **** }
 616:Drivers/CMSIS/Include/cmsis_gcc.h **** #endif
 617:Drivers/CMSIS/Include/cmsis_gcc.h **** 
 618:Drivers/CMSIS/Include/cmsis_gcc.h **** 
 619:Drivers/CMSIS/Include/cmsis_gcc.h **** /**
 620:Drivers/CMSIS/Include/cmsis_gcc.h ****   \brief   Set Fault Mask
 621:Drivers/CMSIS/Include/cmsis_gcc.h ****   \details Assigns the given value to the Fault Mask register.
 622:Drivers/CMSIS/Include/cmsis_gcc.h ****   \param [in]    faultMask  Fault Mask value to set
 623:Drivers/CMSIS/Include/cmsis_gcc.h ****  */
 624:Drivers/CMSIS/Include/cmsis_gcc.h **** __STATIC_FORCEINLINE void __set_FAULTMASK(uint32_t faultMask)
 625:Drivers/CMSIS/Include/cmsis_gcc.h **** {
 626:Drivers/CMSIS/Include/cmsis_gcc.h ****   __ASM volatile ("MSR faultmask, %0" : : "r" (faultMask) : "memory");
 627:Drivers/CMSIS/Include/cmsis_gcc.h **** }
 628:Drivers/CMSIS/Include/cmsis_gcc.h **** 
 629:Drivers/CMSIS/Include/cmsis_gcc.h **** 
 630:Drivers/CMSIS/Include/cmsis_gcc.h **** #if (defined (__ARM_FEATURE_CMSE ) && (__ARM_FEATURE_CMSE == 3))
 631:Drivers/CMSIS/Include/cmsis_gcc.h **** /**
 632:Drivers/CMSIS/Include/cmsis_gcc.h ****   \brief   Set Fault Mask (non-secure)
 633:Drivers/CMSIS/Include/cmsis_gcc.h ****   \details Assigns the given value to the non-secure Fault Mask register when in secure state.
 634:Drivers/CMSIS/Include/cmsis_gcc.h ****   \param [in]    faultMask  Fault Mask value to set
 635:Drivers/CMSIS/Include/cmsis_gcc.h ****  */
 636:Drivers/CMSIS/Include/cmsis_gcc.h **** __STATIC_FORCEINLINE void __TZ_set_FAULTMASK_NS(uint32_t faultMask)
 637:Drivers/CMSIS/Include/cmsis_gcc.h **** {
 638:Drivers/CMSIS/Include/cmsis_gcc.h ****   __ASM volatile ("MSR faultmask_ns, %0" : : "r" (faultMask) : "memory");
 639:Drivers/CMSIS/Include/cmsis_gcc.h **** }
 640:Drivers/CMSIS/Include/cmsis_gcc.h **** #endif
 641:Drivers/CMSIS/Include/cmsis_gcc.h **** 
 642:Drivers/CMSIS/Include/cmsis_gcc.h **** #endif /* ((defined (__ARM_ARCH_7M__      ) && (__ARM_ARCH_7M__      == 1)) || \
 643:Drivers/CMSIS/Include/cmsis_gcc.h ****            (defined (__ARM_ARCH_7EM__     ) && (__ARM_ARCH_7EM__     == 1)) || \
 644:Drivers/CMSIS/Include/cmsis_gcc.h ****            (defined (__ARM_ARCH_8M_MAIN__ ) && (__ARM_ARCH_8M_MAIN__ == 1))    ) */
 645:Drivers/CMSIS/Include/cmsis_gcc.h **** 
 646:Drivers/CMSIS/Include/cmsis_gcc.h **** 
 647:Drivers/CMSIS/Include/cmsis_gcc.h **** #if ((defined (__ARM_ARCH_8M_MAIN__ ) && (__ARM_ARCH_8M_MAIN__ == 1)) || \
ARM GAS  C:\Users\admin\AppData\Local\Temp\ccwPfCrn.s 			page 68


 648:Drivers/CMSIS/Include/cmsis_gcc.h ****      (defined (__ARM_ARCH_8M_BASE__ ) && (__ARM_ARCH_8M_BASE__ == 1))    )
 649:Drivers/CMSIS/Include/cmsis_gcc.h **** 
 650:Drivers/CMSIS/Include/cmsis_gcc.h **** /**
 651:Drivers/CMSIS/Include/cmsis_gcc.h ****   \brief   Get Process Stack Pointer Limit
 652:Drivers/CMSIS/Include/cmsis_gcc.h ****   Devices without ARMv8-M Main Extensions (i.e. Cortex-M23) lack the non-secure
 653:Drivers/CMSIS/Include/cmsis_gcc.h ****   Stack Pointer Limit register hence zero is returned always in non-secure
 654:Drivers/CMSIS/Include/cmsis_gcc.h ****   mode.
 655:Drivers/CMSIS/Include/cmsis_gcc.h ****   
 656:Drivers/CMSIS/Include/cmsis_gcc.h ****   \details Returns the current value of the Process Stack Pointer Limit (PSPLIM).
 657:Drivers/CMSIS/Include/cmsis_gcc.h ****   \return               PSPLIM Register value
 658:Drivers/CMSIS/Include/cmsis_gcc.h ****  */
 659:Drivers/CMSIS/Include/cmsis_gcc.h **** __STATIC_FORCEINLINE uint32_t __get_PSPLIM(void)
 660:Drivers/CMSIS/Include/cmsis_gcc.h **** {
 661:Drivers/CMSIS/Include/cmsis_gcc.h **** #if (!(defined (__ARM_ARCH_8M_MAIN__ ) && (__ARM_ARCH_8M_MAIN__ == 1)) && \
 662:Drivers/CMSIS/Include/cmsis_gcc.h ****     (!defined (__ARM_FEATURE_CMSE) || (__ARM_FEATURE_CMSE < 3)))
 663:Drivers/CMSIS/Include/cmsis_gcc.h ****     // without main extensions, the non-secure PSPLIM is RAZ/WI
 664:Drivers/CMSIS/Include/cmsis_gcc.h ****   return 0U;
 665:Drivers/CMSIS/Include/cmsis_gcc.h **** #else
 666:Drivers/CMSIS/Include/cmsis_gcc.h ****   uint32_t result;
 667:Drivers/CMSIS/Include/cmsis_gcc.h ****   __ASM volatile ("MRS %0, psplim"  : "=r" (result) );
 668:Drivers/CMSIS/Include/cmsis_gcc.h ****   return result;
 669:Drivers/CMSIS/Include/cmsis_gcc.h **** #endif
 670:Drivers/CMSIS/Include/cmsis_gcc.h **** }
 671:Drivers/CMSIS/Include/cmsis_gcc.h **** 
 672:Drivers/CMSIS/Include/cmsis_gcc.h **** #if (defined (__ARM_FEATURE_CMSE) && (__ARM_FEATURE_CMSE == 3))
 673:Drivers/CMSIS/Include/cmsis_gcc.h **** /**
 674:Drivers/CMSIS/Include/cmsis_gcc.h ****   \brief   Get Process Stack Pointer Limit (non-secure)
 675:Drivers/CMSIS/Include/cmsis_gcc.h ****   Devices without ARMv8-M Main Extensions (i.e. Cortex-M23) lack the non-secure
 676:Drivers/CMSIS/Include/cmsis_gcc.h ****   Stack Pointer Limit register hence zero is returned always.
 677:Drivers/CMSIS/Include/cmsis_gcc.h **** 
 678:Drivers/CMSIS/Include/cmsis_gcc.h ****   \details Returns the current value of the non-secure Process Stack Pointer Limit (PSPLIM) when in
 679:Drivers/CMSIS/Include/cmsis_gcc.h ****   \return               PSPLIM Register value
 680:Drivers/CMSIS/Include/cmsis_gcc.h ****  */
 681:Drivers/CMSIS/Include/cmsis_gcc.h **** __STATIC_FORCEINLINE uint32_t __TZ_get_PSPLIM_NS(void)
 682:Drivers/CMSIS/Include/cmsis_gcc.h **** {
 683:Drivers/CMSIS/Include/cmsis_gcc.h **** #if (!(defined (__ARM_ARCH_8M_MAIN__ ) && (__ARM_ARCH_8M_MAIN__ == 1)))
 684:Drivers/CMSIS/Include/cmsis_gcc.h ****   // without main extensions, the non-secure PSPLIM is RAZ/WI
 685:Drivers/CMSIS/Include/cmsis_gcc.h ****   return 0U;
 686:Drivers/CMSIS/Include/cmsis_gcc.h **** #else
 687:Drivers/CMSIS/Include/cmsis_gcc.h ****   uint32_t result;
 688:Drivers/CMSIS/Include/cmsis_gcc.h ****   __ASM volatile ("MRS %0, psplim_ns"  : "=r" (result) );
 689:Drivers/CMSIS/Include/cmsis_gcc.h ****   return result;
 690:Drivers/CMSIS/Include/cmsis_gcc.h **** #endif
 691:Drivers/CMSIS/Include/cmsis_gcc.h **** }
 692:Drivers/CMSIS/Include/cmsis_gcc.h **** #endif
 693:Drivers/CMSIS/Include/cmsis_gcc.h **** 
 694:Drivers/CMSIS/Include/cmsis_gcc.h **** 
 695:Drivers/CMSIS/Include/cmsis_gcc.h **** /**
 696:Drivers/CMSIS/Include/cmsis_gcc.h ****   \brief   Set Process Stack Pointer Limit
 697:Drivers/CMSIS/Include/cmsis_gcc.h ****   Devices without ARMv8-M Main Extensions (i.e. Cortex-M23) lack the non-secure
 698:Drivers/CMSIS/Include/cmsis_gcc.h ****   Stack Pointer Limit register hence the write is silently ignored in non-secure
 699:Drivers/CMSIS/Include/cmsis_gcc.h ****   mode.
 700:Drivers/CMSIS/Include/cmsis_gcc.h ****   
 701:Drivers/CMSIS/Include/cmsis_gcc.h ****   \details Assigns the given value to the Process Stack Pointer Limit (PSPLIM).
 702:Drivers/CMSIS/Include/cmsis_gcc.h ****   \param [in]    ProcStackPtrLimit  Process Stack Pointer Limit value to set
 703:Drivers/CMSIS/Include/cmsis_gcc.h ****  */
 704:Drivers/CMSIS/Include/cmsis_gcc.h **** __STATIC_FORCEINLINE void __set_PSPLIM(uint32_t ProcStackPtrLimit)
ARM GAS  C:\Users\admin\AppData\Local\Temp\ccwPfCrn.s 			page 69


 705:Drivers/CMSIS/Include/cmsis_gcc.h **** {
 706:Drivers/CMSIS/Include/cmsis_gcc.h **** #if (!(defined (__ARM_ARCH_8M_MAIN__ ) && (__ARM_ARCH_8M_MAIN__ == 1)) && \
 707:Drivers/CMSIS/Include/cmsis_gcc.h ****     (!defined (__ARM_FEATURE_CMSE) || (__ARM_FEATURE_CMSE < 3)))
 708:Drivers/CMSIS/Include/cmsis_gcc.h ****   // without main extensions, the non-secure PSPLIM is RAZ/WI
 709:Drivers/CMSIS/Include/cmsis_gcc.h ****   (void)ProcStackPtrLimit;
 710:Drivers/CMSIS/Include/cmsis_gcc.h **** #else
 711:Drivers/CMSIS/Include/cmsis_gcc.h ****   __ASM volatile ("MSR psplim, %0" : : "r" (ProcStackPtrLimit));
 712:Drivers/CMSIS/Include/cmsis_gcc.h **** #endif
 713:Drivers/CMSIS/Include/cmsis_gcc.h **** }
 714:Drivers/CMSIS/Include/cmsis_gcc.h **** 
 715:Drivers/CMSIS/Include/cmsis_gcc.h **** 
 716:Drivers/CMSIS/Include/cmsis_gcc.h **** #if (defined (__ARM_FEATURE_CMSE  ) && (__ARM_FEATURE_CMSE   == 3))
 717:Drivers/CMSIS/Include/cmsis_gcc.h **** /**
 718:Drivers/CMSIS/Include/cmsis_gcc.h ****   \brief   Set Process Stack Pointer (non-secure)
 719:Drivers/CMSIS/Include/cmsis_gcc.h ****   Devices without ARMv8-M Main Extensions (i.e. Cortex-M23) lack the non-secure
 720:Drivers/CMSIS/Include/cmsis_gcc.h ****   Stack Pointer Limit register hence the write is silently ignored.
 721:Drivers/CMSIS/Include/cmsis_gcc.h **** 
 722:Drivers/CMSIS/Include/cmsis_gcc.h ****   \details Assigns the given value to the non-secure Process Stack Pointer Limit (PSPLIM) when in s
 723:Drivers/CMSIS/Include/cmsis_gcc.h ****   \param [in]    ProcStackPtrLimit  Process Stack Pointer Limit value to set
 724:Drivers/CMSIS/Include/cmsis_gcc.h ****  */
 725:Drivers/CMSIS/Include/cmsis_gcc.h **** __STATIC_FORCEINLINE void __TZ_set_PSPLIM_NS(uint32_t ProcStackPtrLimit)
 726:Drivers/CMSIS/Include/cmsis_gcc.h **** {
 727:Drivers/CMSIS/Include/cmsis_gcc.h **** #if (!(defined (__ARM_ARCH_8M_MAIN__ ) && (__ARM_ARCH_8M_MAIN__ == 1)))
 728:Drivers/CMSIS/Include/cmsis_gcc.h ****   // without main extensions, the non-secure PSPLIM is RAZ/WI
 729:Drivers/CMSIS/Include/cmsis_gcc.h ****   (void)ProcStackPtrLimit;
 730:Drivers/CMSIS/Include/cmsis_gcc.h **** #else
 731:Drivers/CMSIS/Include/cmsis_gcc.h ****   __ASM volatile ("MSR psplim_ns, %0\n" : : "r" (ProcStackPtrLimit));
 732:Drivers/CMSIS/Include/cmsis_gcc.h **** #endif
 733:Drivers/CMSIS/Include/cmsis_gcc.h **** }
 734:Drivers/CMSIS/Include/cmsis_gcc.h **** #endif
 735:Drivers/CMSIS/Include/cmsis_gcc.h **** 
 736:Drivers/CMSIS/Include/cmsis_gcc.h **** 
 737:Drivers/CMSIS/Include/cmsis_gcc.h **** /**
 738:Drivers/CMSIS/Include/cmsis_gcc.h ****   \brief   Get Main Stack Pointer Limit
 739:Drivers/CMSIS/Include/cmsis_gcc.h ****   Devices without ARMv8-M Main Extensions (i.e. Cortex-M23) lack the non-secure
 740:Drivers/CMSIS/Include/cmsis_gcc.h ****   Stack Pointer Limit register hence zero is returned always in non-secure
 741:Drivers/CMSIS/Include/cmsis_gcc.h ****   mode.
 742:Drivers/CMSIS/Include/cmsis_gcc.h **** 
 743:Drivers/CMSIS/Include/cmsis_gcc.h ****   \details Returns the current value of the Main Stack Pointer Limit (MSPLIM).
 744:Drivers/CMSIS/Include/cmsis_gcc.h ****   \return               MSPLIM Register value
 745:Drivers/CMSIS/Include/cmsis_gcc.h ****  */
 746:Drivers/CMSIS/Include/cmsis_gcc.h **** __STATIC_FORCEINLINE uint32_t __get_MSPLIM(void)
 747:Drivers/CMSIS/Include/cmsis_gcc.h **** {
 748:Drivers/CMSIS/Include/cmsis_gcc.h **** #if (!(defined (__ARM_ARCH_8M_MAIN__ ) && (__ARM_ARCH_8M_MAIN__ == 1)) && \
 749:Drivers/CMSIS/Include/cmsis_gcc.h ****     (!defined (__ARM_FEATURE_CMSE) || (__ARM_FEATURE_CMSE < 3)))
 750:Drivers/CMSIS/Include/cmsis_gcc.h ****   // without main extensions, the non-secure MSPLIM is RAZ/WI
 751:Drivers/CMSIS/Include/cmsis_gcc.h ****   return 0U;
 752:Drivers/CMSIS/Include/cmsis_gcc.h **** #else
 753:Drivers/CMSIS/Include/cmsis_gcc.h ****   uint32_t result;
 754:Drivers/CMSIS/Include/cmsis_gcc.h ****   __ASM volatile ("MRS %0, msplim" : "=r" (result) );
 755:Drivers/CMSIS/Include/cmsis_gcc.h ****   return result;
 756:Drivers/CMSIS/Include/cmsis_gcc.h **** #endif
 757:Drivers/CMSIS/Include/cmsis_gcc.h **** }
 758:Drivers/CMSIS/Include/cmsis_gcc.h **** 
 759:Drivers/CMSIS/Include/cmsis_gcc.h **** 
 760:Drivers/CMSIS/Include/cmsis_gcc.h **** #if (defined (__ARM_FEATURE_CMSE  ) && (__ARM_FEATURE_CMSE   == 3))
 761:Drivers/CMSIS/Include/cmsis_gcc.h **** /**
ARM GAS  C:\Users\admin\AppData\Local\Temp\ccwPfCrn.s 			page 70


 762:Drivers/CMSIS/Include/cmsis_gcc.h ****   \brief   Get Main Stack Pointer Limit (non-secure)
 763:Drivers/CMSIS/Include/cmsis_gcc.h ****   Devices without ARMv8-M Main Extensions (i.e. Cortex-M23) lack the non-secure
 764:Drivers/CMSIS/Include/cmsis_gcc.h ****   Stack Pointer Limit register hence zero is returned always.
 765:Drivers/CMSIS/Include/cmsis_gcc.h **** 
 766:Drivers/CMSIS/Include/cmsis_gcc.h ****   \details Returns the current value of the non-secure Main Stack Pointer Limit(MSPLIM) when in sec
 767:Drivers/CMSIS/Include/cmsis_gcc.h ****   \return               MSPLIM Register value
 768:Drivers/CMSIS/Include/cmsis_gcc.h ****  */
 769:Drivers/CMSIS/Include/cmsis_gcc.h **** __STATIC_FORCEINLINE uint32_t __TZ_get_MSPLIM_NS(void)
 770:Drivers/CMSIS/Include/cmsis_gcc.h **** {
 771:Drivers/CMSIS/Include/cmsis_gcc.h **** #if (!(defined (__ARM_ARCH_8M_MAIN__ ) && (__ARM_ARCH_8M_MAIN__ == 1)))
 772:Drivers/CMSIS/Include/cmsis_gcc.h ****   // without main extensions, the non-secure MSPLIM is RAZ/WI
 773:Drivers/CMSIS/Include/cmsis_gcc.h ****   return 0U;
 774:Drivers/CMSIS/Include/cmsis_gcc.h **** #else
 775:Drivers/CMSIS/Include/cmsis_gcc.h ****   uint32_t result;
 776:Drivers/CMSIS/Include/cmsis_gcc.h ****   __ASM volatile ("MRS %0, msplim_ns" : "=r" (result) );
 777:Drivers/CMSIS/Include/cmsis_gcc.h ****   return result;
 778:Drivers/CMSIS/Include/cmsis_gcc.h **** #endif
 779:Drivers/CMSIS/Include/cmsis_gcc.h **** }
 780:Drivers/CMSIS/Include/cmsis_gcc.h **** #endif
 781:Drivers/CMSIS/Include/cmsis_gcc.h **** 
 782:Drivers/CMSIS/Include/cmsis_gcc.h **** 
 783:Drivers/CMSIS/Include/cmsis_gcc.h **** /**
 784:Drivers/CMSIS/Include/cmsis_gcc.h ****   \brief   Set Main Stack Pointer Limit
 785:Drivers/CMSIS/Include/cmsis_gcc.h ****   Devices without ARMv8-M Main Extensions (i.e. Cortex-M23) lack the non-secure
 786:Drivers/CMSIS/Include/cmsis_gcc.h ****   Stack Pointer Limit register hence the write is silently ignored in non-secure
 787:Drivers/CMSIS/Include/cmsis_gcc.h ****   mode.
 788:Drivers/CMSIS/Include/cmsis_gcc.h **** 
 789:Drivers/CMSIS/Include/cmsis_gcc.h ****   \details Assigns the given value to the Main Stack Pointer Limit (MSPLIM).
 790:Drivers/CMSIS/Include/cmsis_gcc.h ****   \param [in]    MainStackPtrLimit  Main Stack Pointer Limit value to set
 791:Drivers/CMSIS/Include/cmsis_gcc.h ****  */
 792:Drivers/CMSIS/Include/cmsis_gcc.h **** __STATIC_FORCEINLINE void __set_MSPLIM(uint32_t MainStackPtrLimit)
 793:Drivers/CMSIS/Include/cmsis_gcc.h **** {
 794:Drivers/CMSIS/Include/cmsis_gcc.h **** #if (!(defined (__ARM_ARCH_8M_MAIN__ ) && (__ARM_ARCH_8M_MAIN__ == 1)) && \
 795:Drivers/CMSIS/Include/cmsis_gcc.h ****     (!defined (__ARM_FEATURE_CMSE) || (__ARM_FEATURE_CMSE < 3)))
 796:Drivers/CMSIS/Include/cmsis_gcc.h ****   // without main extensions, the non-secure MSPLIM is RAZ/WI
 797:Drivers/CMSIS/Include/cmsis_gcc.h ****   (void)MainStackPtrLimit;
 798:Drivers/CMSIS/Include/cmsis_gcc.h **** #else
 799:Drivers/CMSIS/Include/cmsis_gcc.h ****   __ASM volatile ("MSR msplim, %0" : : "r" (MainStackPtrLimit));
 800:Drivers/CMSIS/Include/cmsis_gcc.h **** #endif
 801:Drivers/CMSIS/Include/cmsis_gcc.h **** }
 802:Drivers/CMSIS/Include/cmsis_gcc.h **** 
 803:Drivers/CMSIS/Include/cmsis_gcc.h **** 
 804:Drivers/CMSIS/Include/cmsis_gcc.h **** #if (defined (__ARM_FEATURE_CMSE  ) && (__ARM_FEATURE_CMSE   == 3))
 805:Drivers/CMSIS/Include/cmsis_gcc.h **** /**
 806:Drivers/CMSIS/Include/cmsis_gcc.h ****   \brief   Set Main Stack Pointer Limit (non-secure)
 807:Drivers/CMSIS/Include/cmsis_gcc.h ****   Devices without ARMv8-M Main Extensions (i.e. Cortex-M23) lack the non-secure
 808:Drivers/CMSIS/Include/cmsis_gcc.h ****   Stack Pointer Limit register hence the write is silently ignored.
 809:Drivers/CMSIS/Include/cmsis_gcc.h **** 
 810:Drivers/CMSIS/Include/cmsis_gcc.h ****   \details Assigns the given value to the non-secure Main Stack Pointer Limit (MSPLIM) when in secu
 811:Drivers/CMSIS/Include/cmsis_gcc.h ****   \param [in]    MainStackPtrLimit  Main Stack Pointer value to set
 812:Drivers/CMSIS/Include/cmsis_gcc.h ****  */
 813:Drivers/CMSIS/Include/cmsis_gcc.h **** __STATIC_FORCEINLINE void __TZ_set_MSPLIM_NS(uint32_t MainStackPtrLimit)
 814:Drivers/CMSIS/Include/cmsis_gcc.h **** {
 815:Drivers/CMSIS/Include/cmsis_gcc.h **** #if (!(defined (__ARM_ARCH_8M_MAIN__ ) && (__ARM_ARCH_8M_MAIN__ == 1)))
 816:Drivers/CMSIS/Include/cmsis_gcc.h ****   // without main extensions, the non-secure MSPLIM is RAZ/WI
 817:Drivers/CMSIS/Include/cmsis_gcc.h ****   (void)MainStackPtrLimit;
 818:Drivers/CMSIS/Include/cmsis_gcc.h **** #else
ARM GAS  C:\Users\admin\AppData\Local\Temp\ccwPfCrn.s 			page 71


 819:Drivers/CMSIS/Include/cmsis_gcc.h ****   __ASM volatile ("MSR msplim_ns, %0" : : "r" (MainStackPtrLimit));
 820:Drivers/CMSIS/Include/cmsis_gcc.h **** #endif
 821:Drivers/CMSIS/Include/cmsis_gcc.h **** }
 822:Drivers/CMSIS/Include/cmsis_gcc.h **** #endif
 823:Drivers/CMSIS/Include/cmsis_gcc.h **** 
 824:Drivers/CMSIS/Include/cmsis_gcc.h **** #endif /* ((defined (__ARM_ARCH_8M_MAIN__ ) && (__ARM_ARCH_8M_MAIN__ == 1)) || \
 825:Drivers/CMSIS/Include/cmsis_gcc.h ****            (defined (__ARM_ARCH_8M_BASE__ ) && (__ARM_ARCH_8M_BASE__ == 1))    ) */
 826:Drivers/CMSIS/Include/cmsis_gcc.h **** 
 827:Drivers/CMSIS/Include/cmsis_gcc.h **** 
 828:Drivers/CMSIS/Include/cmsis_gcc.h **** /**
 829:Drivers/CMSIS/Include/cmsis_gcc.h ****   \brief   Get FPSCR
 830:Drivers/CMSIS/Include/cmsis_gcc.h ****   \details Returns the current value of the Floating Point Status/Control register.
 831:Drivers/CMSIS/Include/cmsis_gcc.h ****   \return               Floating Point Status/Control register value
 832:Drivers/CMSIS/Include/cmsis_gcc.h ****  */
 833:Drivers/CMSIS/Include/cmsis_gcc.h **** __STATIC_FORCEINLINE uint32_t __get_FPSCR(void)
 834:Drivers/CMSIS/Include/cmsis_gcc.h **** {
 835:Drivers/CMSIS/Include/cmsis_gcc.h **** #if ((defined (__FPU_PRESENT) && (__FPU_PRESENT == 1U)) && \
 836:Drivers/CMSIS/Include/cmsis_gcc.h ****      (defined (__FPU_USED   ) && (__FPU_USED    == 1U))     )
 837:Drivers/CMSIS/Include/cmsis_gcc.h **** #if __has_builtin(__builtin_arm_get_fpscr) 
 838:Drivers/CMSIS/Include/cmsis_gcc.h **** // Re-enable using built-in when GCC has been fixed
 839:Drivers/CMSIS/Include/cmsis_gcc.h **** // || (__GNUC__ > 7) || (__GNUC__ == 7 && __GNUC_MINOR__ >= 2)
 840:Drivers/CMSIS/Include/cmsis_gcc.h ****   /* see https://gcc.gnu.org/ml/gcc-patches/2017-04/msg00443.html */
 841:Drivers/CMSIS/Include/cmsis_gcc.h ****   return __builtin_arm_get_fpscr();
 842:Drivers/CMSIS/Include/cmsis_gcc.h **** #else
 843:Drivers/CMSIS/Include/cmsis_gcc.h ****   uint32_t result;
 844:Drivers/CMSIS/Include/cmsis_gcc.h **** 
 845:Drivers/CMSIS/Include/cmsis_gcc.h ****   __ASM volatile ("VMRS %0, fpscr" : "=r" (result) );
 846:Drivers/CMSIS/Include/cmsis_gcc.h ****   return(result);
 847:Drivers/CMSIS/Include/cmsis_gcc.h **** #endif
 848:Drivers/CMSIS/Include/cmsis_gcc.h **** #else
 849:Drivers/CMSIS/Include/cmsis_gcc.h ****   return(0U);
 850:Drivers/CMSIS/Include/cmsis_gcc.h **** #endif
 851:Drivers/CMSIS/Include/cmsis_gcc.h **** }
 852:Drivers/CMSIS/Include/cmsis_gcc.h **** 
 853:Drivers/CMSIS/Include/cmsis_gcc.h **** 
 854:Drivers/CMSIS/Include/cmsis_gcc.h **** /**
 855:Drivers/CMSIS/Include/cmsis_gcc.h ****   \brief   Set FPSCR
 856:Drivers/CMSIS/Include/cmsis_gcc.h ****   \details Assigns the given value to the Floating Point Status/Control register.
 857:Drivers/CMSIS/Include/cmsis_gcc.h ****   \param [in]    fpscr  Floating Point Status/Control value to set
 858:Drivers/CMSIS/Include/cmsis_gcc.h ****  */
 859:Drivers/CMSIS/Include/cmsis_gcc.h **** __STATIC_FORCEINLINE void __set_FPSCR(uint32_t fpscr)
 860:Drivers/CMSIS/Include/cmsis_gcc.h **** {
 861:Drivers/CMSIS/Include/cmsis_gcc.h **** #if ((defined (__FPU_PRESENT) && (__FPU_PRESENT == 1U)) && \
 862:Drivers/CMSIS/Include/cmsis_gcc.h ****      (defined (__FPU_USED   ) && (__FPU_USED    == 1U))     )
 863:Drivers/CMSIS/Include/cmsis_gcc.h **** #if __has_builtin(__builtin_arm_set_fpscr)
 864:Drivers/CMSIS/Include/cmsis_gcc.h **** // Re-enable using built-in when GCC has been fixed
 865:Drivers/CMSIS/Include/cmsis_gcc.h **** // || (__GNUC__ > 7) || (__GNUC__ == 7 && __GNUC_MINOR__ >= 2)
 866:Drivers/CMSIS/Include/cmsis_gcc.h ****   /* see https://gcc.gnu.org/ml/gcc-patches/2017-04/msg00443.html */
 867:Drivers/CMSIS/Include/cmsis_gcc.h ****   __builtin_arm_set_fpscr(fpscr);
 868:Drivers/CMSIS/Include/cmsis_gcc.h **** #else
 869:Drivers/CMSIS/Include/cmsis_gcc.h ****   __ASM volatile ("VMSR fpscr, %0" : : "r" (fpscr) : "vfpcc", "memory");
 870:Drivers/CMSIS/Include/cmsis_gcc.h **** #endif
 871:Drivers/CMSIS/Include/cmsis_gcc.h **** #else
 872:Drivers/CMSIS/Include/cmsis_gcc.h ****   (void)fpscr;
 873:Drivers/CMSIS/Include/cmsis_gcc.h **** #endif
 874:Drivers/CMSIS/Include/cmsis_gcc.h **** }
 875:Drivers/CMSIS/Include/cmsis_gcc.h **** 
ARM GAS  C:\Users\admin\AppData\Local\Temp\ccwPfCrn.s 			page 72


 876:Drivers/CMSIS/Include/cmsis_gcc.h **** 
 877:Drivers/CMSIS/Include/cmsis_gcc.h **** /*@} end of CMSIS_Core_RegAccFunctions */
 878:Drivers/CMSIS/Include/cmsis_gcc.h **** 
 879:Drivers/CMSIS/Include/cmsis_gcc.h **** 
 880:Drivers/CMSIS/Include/cmsis_gcc.h **** /* ##########################  Core Instruction Access  ######################### */
 881:Drivers/CMSIS/Include/cmsis_gcc.h **** /** \defgroup CMSIS_Core_InstructionInterface CMSIS Core Instruction Interface
 882:Drivers/CMSIS/Include/cmsis_gcc.h ****   Access to dedicated instructions
 883:Drivers/CMSIS/Include/cmsis_gcc.h ****   @{
 884:Drivers/CMSIS/Include/cmsis_gcc.h **** */
 885:Drivers/CMSIS/Include/cmsis_gcc.h **** 
 886:Drivers/CMSIS/Include/cmsis_gcc.h **** /* Define macros for porting to both thumb1 and thumb2.
 887:Drivers/CMSIS/Include/cmsis_gcc.h ****  * For thumb1, use low register (r0-r7), specified by constraint "l"
 888:Drivers/CMSIS/Include/cmsis_gcc.h ****  * Otherwise, use general registers, specified by constraint "r" */
 889:Drivers/CMSIS/Include/cmsis_gcc.h **** #if defined (__thumb__) && !defined (__thumb2__)
 890:Drivers/CMSIS/Include/cmsis_gcc.h **** #define __CMSIS_GCC_OUT_REG(r) "=l" (r)
 891:Drivers/CMSIS/Include/cmsis_gcc.h **** #define __CMSIS_GCC_RW_REG(r) "+l" (r)
 892:Drivers/CMSIS/Include/cmsis_gcc.h **** #define __CMSIS_GCC_USE_REG(r) "l" (r)
 893:Drivers/CMSIS/Include/cmsis_gcc.h **** #else
 894:Drivers/CMSIS/Include/cmsis_gcc.h **** #define __CMSIS_GCC_OUT_REG(r) "=r" (r)
 895:Drivers/CMSIS/Include/cmsis_gcc.h **** #define __CMSIS_GCC_RW_REG(r) "+r" (r)
 896:Drivers/CMSIS/Include/cmsis_gcc.h **** #define __CMSIS_GCC_USE_REG(r) "r" (r)
 897:Drivers/CMSIS/Include/cmsis_gcc.h **** #endif
 898:Drivers/CMSIS/Include/cmsis_gcc.h **** 
 899:Drivers/CMSIS/Include/cmsis_gcc.h **** /**
 900:Drivers/CMSIS/Include/cmsis_gcc.h ****   \brief   No Operation
 901:Drivers/CMSIS/Include/cmsis_gcc.h ****   \details No Operation does nothing. This instruction can be used for code alignment purposes.
 902:Drivers/CMSIS/Include/cmsis_gcc.h ****  */
 903:Drivers/CMSIS/Include/cmsis_gcc.h **** #define __NOP()                             __ASM volatile ("nop")
 904:Drivers/CMSIS/Include/cmsis_gcc.h **** 
 905:Drivers/CMSIS/Include/cmsis_gcc.h **** /**
 906:Drivers/CMSIS/Include/cmsis_gcc.h ****   \brief   Wait For Interrupt
 907:Drivers/CMSIS/Include/cmsis_gcc.h ****   \details Wait For Interrupt is a hint instruction that suspends execution until one of a number o
 908:Drivers/CMSIS/Include/cmsis_gcc.h ****  */
 909:Drivers/CMSIS/Include/cmsis_gcc.h **** #define __WFI()                             __ASM volatile ("wfi")
 910:Drivers/CMSIS/Include/cmsis_gcc.h **** 
 911:Drivers/CMSIS/Include/cmsis_gcc.h **** 
 912:Drivers/CMSIS/Include/cmsis_gcc.h **** /**
 913:Drivers/CMSIS/Include/cmsis_gcc.h ****   \brief   Wait For Event
 914:Drivers/CMSIS/Include/cmsis_gcc.h ****   \details Wait For Event is a hint instruction that permits the processor to enter
 915:Drivers/CMSIS/Include/cmsis_gcc.h ****            a low-power state until one of a number of events occurs.
 916:Drivers/CMSIS/Include/cmsis_gcc.h ****  */
 917:Drivers/CMSIS/Include/cmsis_gcc.h **** #define __WFE()                             __ASM volatile ("wfe")
 918:Drivers/CMSIS/Include/cmsis_gcc.h **** 
 919:Drivers/CMSIS/Include/cmsis_gcc.h **** 
 920:Drivers/CMSIS/Include/cmsis_gcc.h **** /**
 921:Drivers/CMSIS/Include/cmsis_gcc.h ****   \brief   Send Event
 922:Drivers/CMSIS/Include/cmsis_gcc.h ****   \details Send Event is a hint instruction. It causes an event to be signaled to the CPU.
 923:Drivers/CMSIS/Include/cmsis_gcc.h ****  */
 924:Drivers/CMSIS/Include/cmsis_gcc.h **** #define __SEV()                             __ASM volatile ("sev")
 925:Drivers/CMSIS/Include/cmsis_gcc.h **** 
 926:Drivers/CMSIS/Include/cmsis_gcc.h **** 
 927:Drivers/CMSIS/Include/cmsis_gcc.h **** /**
 928:Drivers/CMSIS/Include/cmsis_gcc.h ****   \brief   Instruction Synchronization Barrier
 929:Drivers/CMSIS/Include/cmsis_gcc.h ****   \details Instruction Synchronization Barrier flushes the pipeline in the processor,
 930:Drivers/CMSIS/Include/cmsis_gcc.h ****            so that all instructions following the ISB are fetched from cache or memory,
 931:Drivers/CMSIS/Include/cmsis_gcc.h ****            after the instruction has been completed.
 932:Drivers/CMSIS/Include/cmsis_gcc.h ****  */
ARM GAS  C:\Users\admin\AppData\Local\Temp\ccwPfCrn.s 			page 73


 933:Drivers/CMSIS/Include/cmsis_gcc.h **** __STATIC_FORCEINLINE void __ISB(void)
 934:Drivers/CMSIS/Include/cmsis_gcc.h **** {
 935:Drivers/CMSIS/Include/cmsis_gcc.h ****   __ASM volatile ("isb 0xF":::"memory");
 936:Drivers/CMSIS/Include/cmsis_gcc.h **** }
 937:Drivers/CMSIS/Include/cmsis_gcc.h **** 
 938:Drivers/CMSIS/Include/cmsis_gcc.h **** 
 939:Drivers/CMSIS/Include/cmsis_gcc.h **** /**
 940:Drivers/CMSIS/Include/cmsis_gcc.h ****   \brief   Data Synchronization Barrier
 941:Drivers/CMSIS/Include/cmsis_gcc.h ****   \details Acts as a special kind of Data Memory Barrier.
 942:Drivers/CMSIS/Include/cmsis_gcc.h ****            It completes when all explicit memory accesses before this instruction complete.
 943:Drivers/CMSIS/Include/cmsis_gcc.h ****  */
 944:Drivers/CMSIS/Include/cmsis_gcc.h **** __STATIC_FORCEINLINE void __DSB(void)
 625              		.loc 3 944 27 view .LVU163
 626              	.LBB19:
 945:Drivers/CMSIS/Include/cmsis_gcc.h **** {
 946:Drivers/CMSIS/Include/cmsis_gcc.h ****   __ASM volatile ("dsb 0xF":::"memory");
 627              		.loc 3 946 3 view .LVU164
 628              		.syntax unified
 629              	@ 946 "Drivers/CMSIS/Include/cmsis_gcc.h" 1
 630 00e4 BFF34F8F 		dsb 0xF
 631              	@ 0 "" 2
 632              		.thumb
 633              		.syntax unified
 634              	.LBE19:
 635              	.LBE18:
2159:Drivers/CMSIS/Include/core_cm7.h ****                                                                        buffered write are completed
2160:Drivers/CMSIS/Include/core_cm7.h ****   SCB->AIRCR  = (uint32_t)((0x5FAUL << SCB_AIRCR_VECTKEY_Pos)    |
 636              		.loc 2 2160 3 view .LVU165
2161:Drivers/CMSIS/Include/core_cm7.h ****                            (SCB->AIRCR & SCB_AIRCR_PRIGROUP_Msk) |
 637              		.loc 2 2161 32 is_stmt 0 view .LVU166
 638 00e8 1449     		ldr	r1, .L51+8
 639 00ea CA68     		ldr	r2, [r1, #12]
 640              		.loc 2 2161 40 view .LVU167
 641 00ec 02F4E062 		and	r2, r2, #1792
2160:Drivers/CMSIS/Include/core_cm7.h ****                            (SCB->AIRCR & SCB_AIRCR_PRIGROUP_Msk) |
 642              		.loc 2 2160 17 view .LVU168
 643 00f0 134B     		ldr	r3, .L51+12
 644 00f2 1343     		orrs	r3, r3, r2
2160:Drivers/CMSIS/Include/core_cm7.h ****                            (SCB->AIRCR & SCB_AIRCR_PRIGROUP_Msk) |
 645              		.loc 2 2160 15 view .LVU169
 646 00f4 CB60     		str	r3, [r1, #12]
2162:Drivers/CMSIS/Include/core_cm7.h ****                             SCB_AIRCR_SYSRESETREQ_Msk    );         /* Keep priority group unchange
2163:Drivers/CMSIS/Include/core_cm7.h ****   __DSB();                                                          /* Ensure completion of memory 
 647              		.loc 2 2163 3 is_stmt 1 view .LVU170
 648              	.LBB20:
 649              	.LBI20:
 944:Drivers/CMSIS/Include/cmsis_gcc.h **** {
 650              		.loc 3 944 27 view .LVU171
 651              	.LBB21:
 652              		.loc 3 946 3 view .LVU172
 653              		.syntax unified
 654              	@ 946 "Drivers/CMSIS/Include/cmsis_gcc.h" 1
 655 00f6 BFF34F8F 		dsb 0xF
 656              	@ 0 "" 2
 657              		.thumb
 658              		.syntax unified
 659              	.L47:
ARM GAS  C:\Users\admin\AppData\Local\Temp\ccwPfCrn.s 			page 74


 660              	.LBE21:
 661              	.LBE20:
2164:Drivers/CMSIS/Include/core_cm7.h **** 
2165:Drivers/CMSIS/Include/core_cm7.h ****   for(;;)                                                           /* wait until reset */
 662              		.loc 2 2165 3 view .LVU173
2166:Drivers/CMSIS/Include/core_cm7.h ****   {
2167:Drivers/CMSIS/Include/core_cm7.h ****     __NOP();
 663              		.loc 2 2167 5 view .LVU174
 664              		.syntax unified
 665              	@ 2167 "Drivers/CMSIS/Include/core_cm7.h" 1
 666 00fa 00BF     		nop
 667              	@ 0 "" 2
2165:Drivers/CMSIS/Include/core_cm7.h ****   {
 668              		.loc 2 2165 8 view .LVU175
 669              		.thumb
 670              		.syntax unified
 671 00fc FDE7     		b	.L47
 672              	.LVL43:
 673              	.L39:
2165:Drivers/CMSIS/Include/core_cm7.h ****   {
 674              		.loc 2 2165 8 is_stmt 0 view .LVU176
 675              	.LBE17:
 676              	.LBE16:
 263:Core/Logic/logic_comm.c ****         
 677              		.loc 1 263 5 is_stmt 1 view .LVU177
 266:Core/Logic/logic_comm.c ****     rlen = Packet_Build_ACK(resp, 0);
 678              		.loc 1 266 5 view .LVU178
 679 00fe 0620     		movs	r0, #6
 680              	.LVL44:
 266:Core/Logic/logic_comm.c ****     rlen = Packet_Build_ACK(resp, 0);
 681              		.loc 1 266 5 is_stmt 0 view .LVU179
 682 0100 FFF7FEFF 		bl	Logic_Command_Set
 683              	.LVL45:
 267:Core/Logic/logic_comm.c ****     break;
 684              		.loc 1 267 5 is_stmt 1 view .LVU180
 267:Core/Logic/logic_comm.c ****     break;
 685              		.loc 1 267 12 is_stmt 0 view .LVU181
 686 0104 0021     		movs	r1, #0
 687 0106 08A8     		add	r0, sp, #32
 688 0108 FFF7FEFF 		bl	Packet_Build_ACK
 689              	.LVL46:
 690 010c 0246     		mov	r2, r0
 691              	.LVL47:
 268:Core/Logic/logic_comm.c ****         
 692              		.loc 1 268 5 is_stmt 1 view .LVU182
 693 010e 97E7     		b	.L46
 694              	.LVL48:
 695              	.L38:
 696              	.LBB22:
 271:Core/Logic/logic_comm.c ****     resp[1] = PKT_TYPE_NACK;
 697              		.loc 1 271 5 view .LVU183
 271:Core/Logic/logic_comm.c ****     resp[1] = PKT_TYPE_NACK;
 698              		.loc 1 271 13 is_stmt 0 view .LVU184
 699 0110 AA23     		movs	r3, #170
 700 0112 8DF82030 		strb	r3, [sp, #32]
 272:Core/Logic/logic_comm.c ****     uint16_t crc = Packet_Calculate_CRC(resp, 2);
 701              		.loc 1 272 5 is_stmt 1 view .LVU185
ARM GAS  C:\Users\admin\AppData\Local\Temp\ccwPfCrn.s 			page 75


 272:Core/Logic/logic_comm.c ****     uint16_t crc = Packet_Calculate_CRC(resp, 2);
 702              		.loc 1 272 13 is_stmt 0 view .LVU186
 703 0116 0523     		movs	r3, #5
 704 0118 8DF82130 		strb	r3, [sp, #33]
 273:Core/Logic/logic_comm.c ****     resp[2] = crc >> 8;
 705              		.loc 1 273 5 is_stmt 1 view .LVU187
 273:Core/Logic/logic_comm.c ****     resp[2] = crc >> 8;
 706              		.loc 1 273 20 is_stmt 0 view .LVU188
 707 011c 0221     		movs	r1, #2
 708 011e 08A8     		add	r0, sp, #32
 709              	.LVL49:
 273:Core/Logic/logic_comm.c ****     resp[2] = crc >> 8;
 710              		.loc 1 273 20 view .LVU189
 711 0120 FFF7FEFF 		bl	Packet_Calculate_CRC
 712              	.LVL50:
 274:Core/Logic/logic_comm.c ****     resp[3] = crc & 0xFF;
 713              		.loc 1 274 5 is_stmt 1 view .LVU190
 274:Core/Logic/logic_comm.c ****     resp[3] = crc & 0xFF;
 714              		.loc 1 274 13 is_stmt 0 view .LVU191
 715 0124 030A     		lsrs	r3, r0, #8
 716 0126 8DF82230 		strb	r3, [sp, #34]
 275:Core/Logic/logic_comm.c ****     rlen = 4;
 717              		.loc 1 275 5 is_stmt 1 view .LVU192
 275:Core/Logic/logic_comm.c ****     rlen = 4;
 718              		.loc 1 275 13 is_stmt 0 view .LVU193
 719 012a 8DF82300 		strb	r0, [sp, #35]
 276:Core/Logic/logic_comm.c ****     break;
 720              		.loc 1 276 5 is_stmt 1 view .LVU194
 721              	.LVL51:
 277:Core/Logic/logic_comm.c ****   }
 722              		.loc 1 277 5 view .LVU195
 277:Core/Logic/logic_comm.c ****   }
 723              		.loc 1 277 5 is_stmt 0 view .LVU196
 724              	.LBE22:
 281:Core/Logic/logic_comm.c ****     LoRa_E32_Send(&lora_handle, resp, rlen, 500);
 725              		.loc 1 281 3 is_stmt 1 view .LVU197
 726              	.LBB23:
 276:Core/Logic/logic_comm.c ****     break;
 727              		.loc 1 276 10 is_stmt 0 view .LVU198
 728 012e 0422     		movs	r2, #4
 729 0130 87E7     		b	.L48
 730              	.L52:
 731 0132 00BF     		.align	2
 732              	.L51:
 733 0134 00000000 		.word	lora_handle
 734 0138 00000000 		.word	.LANCHOR2
 735 013c 00ED00E0 		.word	-536810240
 736 0140 0400FA05 		.word	100270084
 737              	.LBE23:
 738              		.cfi_endproc
 739              	.LFE157:
 741              		.section	.text.Logic_Comm_Phase_Listen,"ax",%progbits
 742              		.align	1
 743              		.syntax unified
 744              		.thumb
 745              		.thumb_func
 747              	Logic_Comm_Phase_Listen:
ARM GAS  C:\Users\admin\AppData\Local\Temp\ccwPfCrn.s 			page 76


 748              	.LFB156:
 204:Core/Logic/logic_comm.c ****     if (LoRa_E32_DataAvailable(&lora_handle)) {
 749              		.loc 1 204 1 is_stmt 1 view -0
 750              		.cfi_startproc
 751              		@ args = 0, pretend = 0, frame = 264
 752              		@ frame_needed = 0, uses_anonymous_args = 0
 753 0000 00B5     		push	{lr}
 754              	.LCFI10:
 755              		.cfi_def_cfa_offset 4
 756              		.cfi_offset 14, -4
 757 0002 C3B0     		sub	sp, sp, #268
 758              	.LCFI11:
 759              		.cfi_def_cfa_offset 272
 205:Core/Logic/logic_comm.c ****         uint8_t buf[256];
 760              		.loc 1 205 5 view .LVU200
 205:Core/Logic/logic_comm.c ****         uint8_t buf[256];
 761              		.loc 1 205 9 is_stmt 0 view .LVU201
 762 0004 1548     		ldr	r0, .L58
 763 0006 FFF7FEFF 		bl	LoRa_E32_DataAvailable
 764              	.LVL52:
 205:Core/Logic/logic_comm.c ****         uint8_t buf[256];
 765              		.loc 1 205 8 view .LVU202
 766 000a 18B9     		cbnz	r0, .L57
 767              	.L54:
 218:Core/Logic/logic_comm.c **** }
 768              		.loc 1 218 5 is_stmt 1 view .LVU203
 219:Core/Logic/logic_comm.c **** 
 769              		.loc 1 219 1 is_stmt 0 view .LVU204
 770 000c 0120     		movs	r0, #1
 771 000e 43B0     		add	sp, sp, #268
 772              	.LCFI12:
 773              		.cfi_remember_state
 774              		.cfi_def_cfa_offset 4
 775              		@ sp needed
 776 0010 5DF804FB 		ldr	pc, [sp], #4
 777              	.L57:
 778              	.LCFI13:
 779              		.cfi_restore_state
 780              	.LBB24:
 206:Core/Logic/logic_comm.c ****         uint16_t len = sizeof(buf);
 781              		.loc 1 206 9 is_stmt 1 view .LVU205
 207:Core/Logic/logic_comm.c ****         
 782              		.loc 1 207 9 view .LVU206
 207:Core/Logic/logic_comm.c ****         
 783              		.loc 1 207 18 is_stmt 0 view .LVU207
 784 0014 4FF48073 		mov	r3, #256
 785 0018 ADF80630 		strh	r3, [sp, #6]	@ movhi
 209:Core/Logic/logic_comm.c ****             len > 0 && buf[0] == PACKET_HEADER) {
 786              		.loc 1 209 9 is_stmt 1 view .LVU208
 209:Core/Logic/logic_comm.c ****             len > 0 && buf[0] == PACKET_HEADER) {
 787              		.loc 1 209 13 is_stmt 0 view .LVU209
 788 001c 6423     		movs	r3, #100
 789 001e 0DF10602 		add	r2, sp, #6
 790 0022 02A9     		add	r1, sp, #8
 791 0024 0D48     		ldr	r0, .L58
 792 0026 FFF7FEFF 		bl	LoRa_E32_Receive
 793              	.LVL53:
ARM GAS  C:\Users\admin\AppData\Local\Temp\ccwPfCrn.s 			page 77


 209:Core/Logic/logic_comm.c ****             len > 0 && buf[0] == PACKET_HEADER) {
 794              		.loc 1 209 12 view .LVU210
 795 002a 0028     		cmp	r0, #0
 796 002c EED1     		bne	.L54
 210:Core/Logic/logic_comm.c ****             
 797              		.loc 1 210 17 discriminator 1 view .LVU211
 798 002e BDF80610 		ldrh	r1, [sp, #6]
 209:Core/Logic/logic_comm.c ****             len > 0 && buf[0] == PACKET_HEADER) {
 799              		.loc 1 209 92 discriminator 1 view .LVU212
 800 0032 0029     		cmp	r1, #0
 801 0034 EAD0     		beq	.L54
 210:Core/Logic/logic_comm.c ****             
 802              		.loc 1 210 27 view .LVU213
 803 0036 9DF80830 		ldrb	r3, [sp, #8]	@ zero_extendqisi2
 210:Core/Logic/logic_comm.c ****             
 804              		.loc 1 210 21 view .LVU214
 805 003a AA2B     		cmp	r3, #170
 806 003c E6D1     		bne	.L54
 212:Core/Logic/logic_comm.c ****                 Logic_Comm_Handle_Command(Packet_Parse_Type(buf), buf, len);
 807              		.loc 1 212 13 is_stmt 1 view .LVU215
 212:Core/Logic/logic_comm.c ****                 Logic_Comm_Handle_Command(Packet_Parse_Type(buf), buf, len);
 808              		.loc 1 212 17 is_stmt 0 view .LVU216
 809 003e 02A8     		add	r0, sp, #8
 810 0040 FFF7FEFF 		bl	Packet_Verify_CRC
 811              	.LVL54:
 212:Core/Logic/logic_comm.c ****                 Logic_Comm_Handle_Command(Packet_Parse_Type(buf), buf, len);
 812              		.loc 1 212 16 view .LVU217
 813 0044 0028     		cmp	r0, #0
 814 0046 E1D0     		beq	.L54
 213:Core/Logic/logic_comm.c ****             }
 815              		.loc 1 213 17 is_stmt 1 view .LVU218
 816 0048 02A8     		add	r0, sp, #8
 817 004a FFF7FEFF 		bl	Packet_Parse_Type
 818              	.LVL55:
 819 004e BDF80620 		ldrh	r2, [sp, #6]
 820 0052 02A9     		add	r1, sp, #8
 821 0054 FFF7FEFF 		bl	Logic_Comm_Handle_Command
 822              	.LVL56:
 823 0058 D8E7     		b	.L54
 824              	.L59:
 825 005a 00BF     		.align	2
 826              	.L58:
 827 005c 00000000 		.word	lora_handle
 828              	.LBE24:
 829              		.cfi_endproc
 830              	.LFE156:
 832              		.section	.text.Logic_Comm_Phase_End,"ax",%progbits
 833              		.align	1
 834              		.syntax unified
 835              		.thumb
 836              		.thumb_func
 838              	Logic_Comm_Phase_End:
 839              	.LFB159:
 285:Core/Logic/logic_comm.c **** 
 286:Core/Logic/logic_comm.c **** // NO FIXED TIMEOUT - transmits until complete or max fails reached
 287:Core/Logic/logic_comm.c **** static comm_error_t Logic_Comm_Phase_DataTx(void) 
 288:Core/Logic/logic_comm.c **** {
ARM GAS  C:\Users\admin\AppData\Local\Temp\ccwPfCrn.s 			page 78


 289:Core/Logic/logic_comm.c ****     // Initialize buffer on first call
 290:Core/Logic/logic_comm.c ****     if (dtx.curr == 0 && dtx.size == 0) {
 291:Core/Logic/logic_comm.c ****         dtx.buf = dtx_buffer;
 292:Core/Logic/logic_comm.c ****         
 293:Core/Logic/logic_comm.c ****         // Read data from SD card (could be sensor data or camera image)
 294:Core/Logic/logic_comm.c ****         dtx.size = sizeof(dtx_buffer);
 295:Core/Logic/logic_comm.c ****         if (SD_ReadScience(dtx.buf, &dtx.size) != SD_OK) {
 296:Core/Logic/logic_comm.c ****             Logic_Log("COMM: SD read failed\r\n");
 297:Core/Logic/logic_comm.c ****             dtx.size = 0;
 298:Core/Logic/logic_comm.c ****             return COMM_OK;  // Skip transmission
 299:Core/Logic/logic_comm.c ****         }
 300:Core/Logic/logic_comm.c ****         
 301:Core/Logic/logic_comm.c ****         dtx.total = (dtx.size + DATA_PAYLOAD_MAX - 1) / DATA_PAYLOAD_MAX;
 302:Core/Logic/logic_comm.c ****         dtx.last_tick = HAL_GetTick();
 303:Core/Logic/logic_comm.c ****         Logic_Log("COMM: Data ready, %lu bytes, %u packets\r\n", dtx.size, dtx.total);
 304:Core/Logic/logic_comm.c ****     }
 305:Core/Logic/logic_comm.c ****     
 306:Core/Logic/logic_comm.c ****     // Transmit packets sequentially with ACK
 307:Core/Logic/logic_comm.c ****     if (dtx.curr < dtx.total) {
 308:Core/Logic/logic_comm.c ****         if (dtx.wait_ack) {
 309:Core/Logic/logic_comm.c ****             // Wait for ACK
 310:Core/Logic/logic_comm.c ****             uint8_t ack[32];
 311:Core/Logic/logic_comm.c ****             uint16_t alen = sizeof(ack), seq;
 312:Core/Logic/logic_comm.c ****             
 313:Core/Logic/logic_comm.c ****             if (LoRa_E32_DataAvailable(&lora_handle) &&
 314:Core/Logic/logic_comm.c ****                 LoRa_E32_Receive(&lora_handle, ack, &alen, 100) == LORA_E32_OK &&
 315:Core/Logic/logic_comm.c ****                 Packet_Parse_ACK(ack, alen, &seq) && seq == dtx.curr + 1) {
 316:Core/Logic/logic_comm.c ****                 // ACK received
 317:Core/Logic/logic_comm.c ****                 dtx.fails = 0;
 318:Core/Logic/logic_comm.c ****                 dtx.curr++;
 319:Core/Logic/logic_comm.c ****                 dtx.wait_ack = false;
 320:Core/Logic/logic_comm.c ****                 Logic_Log("COMM: Packet %u/%u ACK\r\n", dtx.curr, dtx.total);
 321:Core/Logic/logic_comm.c ****             } else if (HAL_GetTick() - dtx.last_tick > TIMEOUT_ACK_TX) {
 322:Core/Logic/logic_comm.c ****                 // ACK timeout - retry
 323:Core/Logic/logic_comm.c ****                 dtx.fails++;
 324:Core/Logic/logic_comm.c ****                 dtx.wait_ack = false;
 325:Core/Logic/logic_comm.c ****                 Logic_Log("COMM: Packet %u timeout, retry\r\n", dtx.curr + 1);
 326:Core/Logic/logic_comm.c ****                 
 327:Core/Logic/logic_comm.c ****                 if (dtx.fails >= DATA_MAX_FAILS) {
 328:Core/Logic/logic_comm.c ****                     Logic_Log("COMM: Max fails reached\r\n");
 329:Core/Logic/logic_comm.c ****                     return COMM_OK;  // Complete with partial transmission
 330:Core/Logic/logic_comm.c ****                 }
 331:Core/Logic/logic_comm.c ****             }
 332:Core/Logic/logic_comm.c ****         } else {
 333:Core/Logic/logic_comm.c ****             // Send next packet
 334:Core/Logic/logic_comm.c ****             uint8_t tx[256], pay[DATA_PAYLOAD_MAX];
 335:Core/Logic/logic_comm.c ****             uint32_t rem = dtx.size - dtx.offset;
 336:Core/Logic/logic_comm.c ****             uint8_t plen = (rem > DATA_PAYLOAD_MAX) ? DATA_PAYLOAD_MAX : rem;
 337:Core/Logic/logic_comm.c ****             
 338:Core/Logic/logic_comm.c ****             memcpy(pay, &dtx.buf[dtx.offset], plen);
 339:Core/Logic/logic_comm.c ****             dtx.offset += plen;
 340:Core/Logic/logic_comm.c ****             
 341:Core/Logic/logic_comm.c ****             uint16_t tlen = Packet_Build_DataPacket(tx, dtx.curr + 1, dtx.total, pay, plen);
 342:Core/Logic/logic_comm.c ****             
 343:Core/Logic/logic_comm.c ****             if (LoRa_E32_Send(&lora_handle, tx, tlen, TIMEOUT_PACKET_TX) == LORA_E32_OK) {
 344:Core/Logic/logic_comm.c ****                 dtx.wait_ack = true;
 345:Core/Logic/logic_comm.c ****                 dtx.last_tick = HAL_GetTick();
ARM GAS  C:\Users\admin\AppData\Local\Temp\ccwPfCrn.s 			page 79


 346:Core/Logic/logic_comm.c ****                 Logic_Log("COMM: Sent packet %u/%u (%u bytes)\r\n", dtx.curr + 1, dtx.total, plen);
 347:Core/Logic/logic_comm.c ****             } else {
 348:Core/Logic/logic_comm.c ****                 dtx.fails++;
 349:Core/Logic/logic_comm.c ****                 if (dtx.fails >= DATA_MAX_FAILS) {
 350:Core/Logic/logic_comm.c ****                     return COMM_OK;
 351:Core/Logic/logic_comm.c ****                 }
 352:Core/Logic/logic_comm.c ****             }
 353:Core/Logic/logic_comm.c ****         }
 354:Core/Logic/logic_comm.c ****         
 355:Core/Logic/logic_comm.c ****         return COMM_IN_PROGRESS;  // Continue transmission
 356:Core/Logic/logic_comm.c ****     } else {
 357:Core/Logic/logic_comm.c ****         // All packets sent successfully
 358:Core/Logic/logic_comm.c ****         uint8_t end[32];
 359:Core/Logic/logic_comm.c ****         uint16_t elen = Packet_Build_End(end, dtx.curr);
 360:Core/Logic/logic_comm.c ****         LoRa_E32_Send(&lora_handle, end, elen, 500);
 361:Core/Logic/logic_comm.c ****         Logic_Log("COMM: Transmission complete (%lu bytes)\r\n", dtx.size);
 362:Core/Logic/logic_comm.c ****         return COMM_OK;  // Done
 363:Core/Logic/logic_comm.c ****     }
 364:Core/Logic/logic_comm.c **** }
 365:Core/Logic/logic_comm.c **** 
 366:Core/Logic/logic_comm.c **** static comm_error_t Logic_Comm_Phase_End(void) 
 367:Core/Logic/logic_comm.c **** {
 840              		.loc 1 367 1 view -0
 841              		.cfi_startproc
 842              		@ args = 0, pretend = 0, frame = 8
 843              		@ frame_needed = 0, uses_anonymous_args = 0
 844 0000 30B5     		push	{r4, r5, lr}
 845              	.LCFI14:
 846              		.cfi_def_cfa_offset 12
 847              		.cfi_offset 4, -12
 848              		.cfi_offset 5, -8
 849              		.cfi_offset 14, -4
 850 0002 83B0     		sub	sp, sp, #12
 851              	.LCFI15:
 852              		.cfi_def_cfa_offset 24
 368:Core/Logic/logic_comm.c ****     static uint8_t step = 0;
 853              		.loc 1 368 5 view .LVU220
 369:Core/Logic/logic_comm.c ****     cubesat_status_t* status = Logic_GetStatus();
 854              		.loc 1 369 5 view .LVU221
 855              		.loc 1 369 32 is_stmt 0 view .LVU222
 856 0004 FFF7FEFF 		bl	Logic_GetStatus
 857              	.LVL57:
 370:Core/Logic/logic_comm.c ****     
 371:Core/Logic/logic_comm.c ****     switch (step) {
 858              		.loc 1 371 5 is_stmt 1 view .LVU223
 859 0008 164B     		ldr	r3, .L65
 860 000a 1B78     		ldrb	r3, [r3]	@ zero_extendqisi2
 861 000c 2BB1     		cbz	r3, .L61
 862 000e 0546     		mov	r5, r0
 863 0010 012B     		cmp	r3, #1
 864 0012 1BD0     		beq	.L62
 865 0014 0120     		movs	r0, #1
 866              	.LVL58:
 867              	.L63:
 372:Core/Logic/logic_comm.c ****     case 0:
 373:Core/Logic/logic_comm.c ****         {
 374:Core/Logic/logic_comm.c ****             uint8_t gb[8] = {PACKET_HEADER, PKT_TYPE_GOODBYE};
ARM GAS  C:\Users\admin\AppData\Local\Temp\ccwPfCrn.s 			page 80


 375:Core/Logic/logic_comm.c ****             uint16_t crc = Packet_Calculate_CRC(gb, 2);
 376:Core/Logic/logic_comm.c ****             gb[2] = crc >> 8;
 377:Core/Logic/logic_comm.c ****             gb[3] = crc & 0xFF;
 378:Core/Logic/logic_comm.c ****             LoRa_E32_Send(&lora_handle, gb, 4, 500);
 379:Core/Logic/logic_comm.c ****             step = 1;
 380:Core/Logic/logic_comm.c ****         }
 381:Core/Logic/logic_comm.c ****         break;
 382:Core/Logic/logic_comm.c ****         
 383:Core/Logic/logic_comm.c ****     case 1:
 384:Core/Logic/logic_comm.c ****         HW_Power_LoRa_Off();
 385:Core/Logic/logic_comm.c ****         lora.powered = false;
 386:Core/Logic/logic_comm.c ****         status->last_comm_time = HAL_GetTick();
 387:Core/Logic/logic_comm.c ****         step = 0;
 388:Core/Logic/logic_comm.c ****         return COMM_OK;   
 389:Core/Logic/logic_comm.c ****     }
 390:Core/Logic/logic_comm.c ****     
 391:Core/Logic/logic_comm.c ****     return COMM_IN_PROGRESS;
 392:Core/Logic/logic_comm.c **** }
 868              		.loc 1 392 1 is_stmt 0 view .LVU224
 869 0016 03B0     		add	sp, sp, #12
 870              	.LCFI16:
 871              		.cfi_remember_state
 872              		.cfi_def_cfa_offset 12
 873              		@ sp needed
 874 0018 30BD     		pop	{r4, r5, pc}
 875              	.LVL59:
 876              	.L61:
 877              	.LCFI17:
 878              		.cfi_restore_state
 879              	.LBB25:
 374:Core/Logic/logic_comm.c ****             uint16_t crc = Packet_Calculate_CRC(gb, 2);
 880              		.loc 1 374 13 is_stmt 1 view .LVU225
 374:Core/Logic/logic_comm.c ****             uint16_t crc = Packet_Calculate_CRC(gb, 2);
 881              		.loc 1 374 21 is_stmt 0 view .LVU226
 882 001a 4FF6AA73 		movw	r3, #65450
 883 001e 0093     		str	r3, [sp]
 884 0020 0023     		movs	r3, #0
 885 0022 0193     		str	r3, [sp, #4]
 375:Core/Logic/logic_comm.c ****             gb[2] = crc >> 8;
 886              		.loc 1 375 13 is_stmt 1 view .LVU227
 375:Core/Logic/logic_comm.c ****             gb[2] = crc >> 8;
 887              		.loc 1 375 28 is_stmt 0 view .LVU228
 888 0024 0221     		movs	r1, #2
 889 0026 6846     		mov	r0, sp
 890              	.LVL60:
 375:Core/Logic/logic_comm.c ****             gb[2] = crc >> 8;
 891              		.loc 1 375 28 view .LVU229
 892 0028 FFF7FEFF 		bl	Packet_Calculate_CRC
 893              	.LVL61:
 376:Core/Logic/logic_comm.c ****             gb[3] = crc & 0xFF;
 894              		.loc 1 376 13 is_stmt 1 view .LVU230
 376:Core/Logic/logic_comm.c ****             gb[3] = crc & 0xFF;
 895              		.loc 1 376 19 is_stmt 0 view .LVU231
 896 002c 030A     		lsrs	r3, r0, #8
 897 002e 8DF80230 		strb	r3, [sp, #2]
 377:Core/Logic/logic_comm.c ****             LoRa_E32_Send(&lora_handle, gb, 4, 500);
 898              		.loc 1 377 13 is_stmt 1 view .LVU232
ARM GAS  C:\Users\admin\AppData\Local\Temp\ccwPfCrn.s 			page 81


 377:Core/Logic/logic_comm.c ****             LoRa_E32_Send(&lora_handle, gb, 4, 500);
 899              		.loc 1 377 19 is_stmt 0 view .LVU233
 900 0032 8DF80300 		strb	r0, [sp, #3]
 378:Core/Logic/logic_comm.c ****             step = 1;
 901              		.loc 1 378 13 is_stmt 1 view .LVU234
 902 0036 4FF4FA73 		mov	r3, #500
 903 003a 0422     		movs	r2, #4
 904 003c 6946     		mov	r1, sp
 905 003e 0A48     		ldr	r0, .L65+4
 906              	.LVL62:
 378:Core/Logic/logic_comm.c ****             step = 1;
 907              		.loc 1 378 13 is_stmt 0 view .LVU235
 908 0040 FFF7FEFF 		bl	LoRa_E32_Send
 909              	.LVL63:
 379:Core/Logic/logic_comm.c ****         }
 910              		.loc 1 379 13 is_stmt 1 view .LVU236
 379:Core/Logic/logic_comm.c ****         }
 911              		.loc 1 379 18 is_stmt 0 view .LVU237
 912 0044 0120     		movs	r0, #1
 913 0046 074B     		ldr	r3, .L65
 914 0048 1870     		strb	r0, [r3]
 915              	.LBE25:
 381:Core/Logic/logic_comm.c ****         
 916              		.loc 1 381 9 is_stmt 1 view .LVU238
 917 004a E4E7     		b	.L63
 918              	.LVL64:
 919              	.L62:
 384:Core/Logic/logic_comm.c ****         lora.powered = false;
 920              		.loc 1 384 9 view .LVU239
 921 004c FFF7FEFF 		bl	HW_Power_LoRa_Off
 922              	.LVL65:
 385:Core/Logic/logic_comm.c ****         status->last_comm_time = HAL_GetTick();
 923              		.loc 1 385 9 view .LVU240
 385:Core/Logic/logic_comm.c ****         status->last_comm_time = HAL_GetTick();
 924              		.loc 1 385 22 is_stmt 0 view .LVU241
 925 0050 0024     		movs	r4, #0
 926 0052 064B     		ldr	r3, .L65+8
 927 0054 1C70     		strb	r4, [r3]
 386:Core/Logic/logic_comm.c ****         step = 0;
 928              		.loc 1 386 9 is_stmt 1 view .LVU242
 386:Core/Logic/logic_comm.c ****         step = 0;
 929              		.loc 1 386 34 is_stmt 0 view .LVU243
 930 0056 FFF7FEFF 		bl	HAL_GetTick
 931              	.LVL66:
 386:Core/Logic/logic_comm.c ****         step = 0;
 932              		.loc 1 386 32 view .LVU244
 933 005a E860     		str	r0, [r5, #12]
 387:Core/Logic/logic_comm.c ****         return COMM_OK;   
 934              		.loc 1 387 9 is_stmt 1 view .LVU245
 387:Core/Logic/logic_comm.c ****         return COMM_OK;   
 935              		.loc 1 387 14 is_stmt 0 view .LVU246
 936 005c 014B     		ldr	r3, .L65
 937 005e 1C70     		strb	r4, [r3]
 388:Core/Logic/logic_comm.c ****     }
 938              		.loc 1 388 9 is_stmt 1 view .LVU247
 388:Core/Logic/logic_comm.c ****     }
 939              		.loc 1 388 16 is_stmt 0 view .LVU248
ARM GAS  C:\Users\admin\AppData\Local\Temp\ccwPfCrn.s 			page 82


 940 0060 2046     		mov	r0, r4
 941 0062 D8E7     		b	.L63
 942              	.L66:
 943              		.align	2
 944              	.L65:
 945 0064 00000000 		.word	.LANCHOR7
 946 0068 00000000 		.word	lora_handle
 947 006c 00000000 		.word	.LANCHOR0
 948              		.cfi_endproc
 949              	.LFE159:
 951              		.section	.rodata.Logic_Comm_Phase_DataTx.str1.4,"aMS",%progbits,1
 952              		.align	2
 953              	.LC0:
 954 0000 434F4D4D 		.ascii	"COMM: SD read failed\015\012\000"
 954      3A205344 
 954      20726561 
 954      64206661 
 954      696C6564 
 955 0017 00       		.align	2
 956              	.LC1:
 957 0018 434F4D4D 		.ascii	"COMM: Data ready, %lu bytes, %u packets\015\012\000"
 957      3A204461 
 957      74612072 
 957      65616479 
 957      2C20256C 
 958 0042 0000     		.align	2
 959              	.LC2:
 960 0044 434F4D4D 		.ascii	"COMM: Packet %u/%u ACK\015\012\000"
 960      3A205061 
 960      636B6574 
 960      2025752F 
 960      25752041 
 961 005d 000000   		.align	2
 962              	.LC3:
 963 0060 434F4D4D 		.ascii	"COMM: Packet %u timeout, retry\015\012\000"
 963      3A205061 
 963      636B6574 
 963      20257520 
 963      74696D65 
 964 0081 000000   		.align	2
 965              	.LC4:
 966 0084 434F4D4D 		.ascii	"COMM: Max fails reached\015\012\000"
 966      3A204D61 
 966      78206661 
 966      696C7320 
 966      72656163 
 967 009e 0000     		.align	2
 968              	.LC5:
 969 00a0 434F4D4D 		.ascii	"COMM: Sent packet %u/%u (%u bytes)\015\012\000"
 969      3A205365 
 969      6E742070 
 969      61636B65 
 969      74202575 
 970 00c5 000000   		.align	2
 971              	.LC6:
 972 00c8 434F4D4D 		.ascii	"COMM: Transmission complete (%lu bytes)\015\012\000"
 972      3A205472 
ARM GAS  C:\Users\admin\AppData\Local\Temp\ccwPfCrn.s 			page 83


 972      616E736D 
 972      69737369 
 972      6F6E2063 
 973              		.section	.text.Logic_Comm_Phase_DataTx,"ax",%progbits
 974              		.align	1
 975              		.syntax unified
 976              		.thumb
 977              		.thumb_func
 979              	Logic_Comm_Phase_DataTx:
 980              	.LFB158:
 288:Core/Logic/logic_comm.c ****     // Initialize buffer on first call
 981              		.loc 1 288 1 is_stmt 1 view -0
 982              		.cfi_startproc
 983              		@ args = 0, pretend = 0, frame = 440
 984              		@ frame_needed = 0, uses_anonymous_args = 0
 985 0000 2DE9F041 		push	{r4, r5, r6, r7, r8, lr}
 986              	.LCFI18:
 987              		.cfi_def_cfa_offset 24
 988              		.cfi_offset 4, -24
 989              		.cfi_offset 5, -20
 990              		.cfi_offset 6, -16
 991              		.cfi_offset 7, -12
 992              		.cfi_offset 8, -8
 993              		.cfi_offset 14, -4
 994 0004 F0B0     		sub	sp, sp, #448
 995              	.LCFI19:
 996              		.cfi_def_cfa_offset 472
 290:Core/Logic/logic_comm.c ****         dtx.buf = dtx_buffer;
 997              		.loc 1 290 5 view .LVU250
 290:Core/Logic/logic_comm.c ****         dtx.buf = dtx_buffer;
 998              		.loc 1 290 12 is_stmt 0 view .LVU251
 999 0006 674B     		ldr	r3, .L84
 1000 0008 1B8B     		ldrh	r3, [r3, #24]
 290:Core/Logic/logic_comm.c ****         dtx.buf = dtx_buffer;
 1001              		.loc 1 290 8 view .LVU252
 1002 000a 13B9     		cbnz	r3, .L68
 290:Core/Logic/logic_comm.c ****         dtx.buf = dtx_buffer;
 1003              		.loc 1 290 29 discriminator 1 view .LVU253
 1004 000c 654B     		ldr	r3, .L84
 1005 000e DB68     		ldr	r3, [r3, #12]
 290:Core/Logic/logic_comm.c ****         dtx.buf = dtx_buffer;
 1006              		.loc 1 290 23 discriminator 1 view .LVU254
 1007 0010 2BB3     		cbz	r3, .L79
 1008              	.L68:
 307:Core/Logic/logic_comm.c ****         if (dtx.wait_ack) {
 1009              		.loc 1 307 5 is_stmt 1 view .LVU255
 307:Core/Logic/logic_comm.c ****         if (dtx.wait_ack) {
 1010              		.loc 1 307 12 is_stmt 0 view .LVU256
 1011 0012 644B     		ldr	r3, .L84
 1012 0014 1E8B     		ldrh	r6, [r3, #24]
 307:Core/Logic/logic_comm.c ****         if (dtx.wait_ack) {
 1013              		.loc 1 307 23 view .LVU257
 1014 0016 5F8B     		ldrh	r7, [r3, #26]
 307:Core/Logic/logic_comm.c ****         if (dtx.wait_ack) {
 1015              		.loc 1 307 8 view .LVU258
 1016 0018 BE42     		cmp	r6, r7
 1017 001a 80F0B180 		bcs	.L71
ARM GAS  C:\Users\admin\AppData\Local\Temp\ccwPfCrn.s 			page 84


 308:Core/Logic/logic_comm.c ****             // Wait for ACK
 1018              		.loc 1 308 9 is_stmt 1 view .LVU259
 308:Core/Logic/logic_comm.c ****             // Wait for ACK
 1019              		.loc 1 308 16 is_stmt 0 view .LVU260
 1020 001e 5B78     		ldrb	r3, [r3, #1]	@ zero_extendqisi2
 308:Core/Logic/logic_comm.c ****             // Wait for ACK
 1021              		.loc 1 308 12 view .LVU261
 1022 0020 002B     		cmp	r3, #0
 1023 0022 6DD0     		beq	.L72
 1024              	.LBB26:
 310:Core/Logic/logic_comm.c ****             uint16_t alen = sizeof(ack), seq;
 1025              		.loc 1 310 13 is_stmt 1 view .LVU262
 311:Core/Logic/logic_comm.c ****             
 1026              		.loc 1 311 13 view .LVU263
 311:Core/Logic/logic_comm.c ****             
 1027              		.loc 1 311 22 is_stmt 0 view .LVU264
 1028 0024 2023     		movs	r3, #32
 1029 0026 ADF80A30 		strh	r3, [sp, #10]	@ movhi
 313:Core/Logic/logic_comm.c ****                 LoRa_E32_Receive(&lora_handle, ack, &alen, 100) == LORA_E32_OK &&
 1030              		.loc 1 313 13 is_stmt 1 view .LVU265
 313:Core/Logic/logic_comm.c ****                 LoRa_E32_Receive(&lora_handle, ack, &alen, 100) == LORA_E32_OK &&
 1031              		.loc 1 313 17 is_stmt 0 view .LVU266
 1032 002a 5F48     		ldr	r0, .L84+4
 1033 002c FFF7FEFF 		bl	LoRa_E32_DataAvailable
 1034              	.LVL67:
 313:Core/Logic/logic_comm.c ****                 LoRa_E32_Receive(&lora_handle, ack, &alen, 100) == LORA_E32_OK &&
 1035              		.loc 1 313 16 view .LVU267
 1036 0030 40B1     		cbz	r0, .L73
 314:Core/Logic/logic_comm.c ****                 Packet_Parse_ACK(ack, alen, &seq) && seq == dtx.curr + 1) {
 1037              		.loc 1 314 17 discriminator 1 view .LVU268
 1038 0032 6423     		movs	r3, #100
 1039 0034 0DF10A02 		add	r2, sp, #10
 1040 0038 30A9     		add	r1, sp, #192
 1041 003a 5B48     		ldr	r0, .L84+4
 1042 003c FFF7FEFF 		bl	LoRa_E32_Receive
 1043              	.LVL68:
 313:Core/Logic/logic_comm.c ****                 LoRa_E32_Receive(&lora_handle, ack, &alen, 100) == LORA_E32_OK &&
 1044              		.loc 1 313 54 discriminator 1 view .LVU269
 1045 0040 0028     		cmp	r0, #0
 1046 0042 2FD0     		beq	.L80
 1047              	.L73:
 321:Core/Logic/logic_comm.c ****                 // ACK timeout - retry
 1048              		.loc 1 321 20 is_stmt 1 view .LVU270
 321:Core/Logic/logic_comm.c ****                 // ACK timeout - retry
 1049              		.loc 1 321 24 is_stmt 0 view .LVU271
 1050 0044 FFF7FEFF 		bl	HAL_GetTick
 1051              	.LVL69:
 321:Core/Logic/logic_comm.c ****                 // ACK timeout - retry
 1052              		.loc 1 321 43 view .LVU272
 1053 0048 564B     		ldr	r3, .L84
 1054 004a 5B69     		ldr	r3, [r3, #20]
 321:Core/Logic/logic_comm.c ****                 // ACK timeout - retry
 1055              		.loc 1 321 38 view .LVU273
 1056 004c C01A     		subs	r0, r0, r3
 321:Core/Logic/logic_comm.c ****                 // ACK timeout - retry
 1057              		.loc 1 321 23 view .LVU274
 1058 004e 40F6B833 		movw	r3, #3000
ARM GAS  C:\Users\admin\AppData\Local\Temp\ccwPfCrn.s 			page 85


 1059 0052 9842     		cmp	r0, r3
 1060 0054 41D8     		bhi	.L81
 1061              	.L75:
 1062              	.LBE26:
 355:Core/Logic/logic_comm.c ****     } else {
 1063              		.loc 1 355 9 is_stmt 1 view .LVU275
 355:Core/Logic/logic_comm.c ****     } else {
 1064              		.loc 1 355 16 is_stmt 0 view .LVU276
 1065 0056 0120     		movs	r0, #1
 1066              	.L70:
 364:Core/Logic/logic_comm.c **** 
 1067              		.loc 1 364 1 discriminator 2 view .LVU277
 1068 0058 70B0     		add	sp, sp, #448
 1069              	.LCFI20:
 1070              		.cfi_remember_state
 1071              		.cfi_def_cfa_offset 24
 1072              		@ sp needed
 1073 005a BDE8F081 		pop	{r4, r5, r6, r7, r8, pc}
 1074              	.L79:
 1075              	.LCFI21:
 1076              		.cfi_restore_state
 291:Core/Logic/logic_comm.c ****         
 1077              		.loc 1 291 9 is_stmt 1 view .LVU278
 291:Core/Logic/logic_comm.c ****         
 1078              		.loc 1 291 17 is_stmt 0 view .LVU279
 1079 005e 5149     		ldr	r1, .L84
 1080 0060 5248     		ldr	r0, .L84+8
 1081 0062 4860     		str	r0, [r1, #4]
 294:Core/Logic/logic_comm.c ****         if (SD_ReadScience(dtx.buf, &dtx.size) != SD_OK) {
 1082              		.loc 1 294 9 is_stmt 1 view .LVU280
 294:Core/Logic/logic_comm.c ****         if (SD_ReadScience(dtx.buf, &dtx.size) != SD_OK) {
 1083              		.loc 1 294 18 is_stmt 0 view .LVU281
 1084 0064 4FF44843 		mov	r3, #51200
 1085 0068 41F80C3F 		str	r3, [r1, #12]!
 295:Core/Logic/logic_comm.c ****             Logic_Log("COMM: SD read failed\r\n");
 1086              		.loc 1 295 9 is_stmt 1 view .LVU282
 295:Core/Logic/logic_comm.c ****             Logic_Log("COMM: SD read failed\r\n");
 1087              		.loc 1 295 13 is_stmt 0 view .LVU283
 1088 006c FFF7FEFF 		bl	SD_ReadScience
 1089              	.LVL70:
 295:Core/Logic/logic_comm.c ****             Logic_Log("COMM: SD read failed\r\n");
 1090              		.loc 1 295 12 view .LVU284
 1091 0070 88B9     		cbnz	r0, .L82
 301:Core/Logic/logic_comm.c ****         dtx.last_tick = HAL_GetTick();
 1092              		.loc 1 301 9 is_stmt 1 view .LVU285
 301:Core/Logic/logic_comm.c ****         dtx.last_tick = HAL_GetTick();
 1093              		.loc 1 301 25 is_stmt 0 view .LVU286
 1094 0072 4C4C     		ldr	r4, .L84
 1095 0074 E368     		ldr	r3, [r4, #12]
 301:Core/Logic/logic_comm.c ****         dtx.last_tick = HAL_GetTick();
 1096              		.loc 1 301 50 view .LVU287
 1097 0076 B333     		adds	r3, r3, #179
 301:Core/Logic/logic_comm.c ****         dtx.last_tick = HAL_GetTick();
 1098              		.loc 1 301 55 view .LVU288
 1099 0078 9B08     		lsrs	r3, r3, #2
 1100 007a 4D4A     		ldr	r2, .L84+12
 1101 007c A2FB0323 		umull	r2, r3, r2, r3
ARM GAS  C:\Users\admin\AppData\Local\Temp\ccwPfCrn.s 			page 86


 1102 0080 9B08     		lsrs	r3, r3, #2
 301:Core/Logic/logic_comm.c ****         dtx.last_tick = HAL_GetTick();
 1103              		.loc 1 301 19 view .LVU289
 1104 0082 6383     		strh	r3, [r4, #26]	@ movhi
 302:Core/Logic/logic_comm.c ****         Logic_Log("COMM: Data ready, %lu bytes, %u packets\r\n", dtx.size, dtx.total);
 1105              		.loc 1 302 9 is_stmt 1 view .LVU290
 302:Core/Logic/logic_comm.c ****         Logic_Log("COMM: Data ready, %lu bytes, %u packets\r\n", dtx.size, dtx.total);
 1106              		.loc 1 302 25 is_stmt 0 view .LVU291
 1107 0084 FFF7FEFF 		bl	HAL_GetTick
 1108              	.LVL71:
 302:Core/Logic/logic_comm.c ****         Logic_Log("COMM: Data ready, %lu bytes, %u packets\r\n", dtx.size, dtx.total);
 1109              		.loc 1 302 23 view .LVU292
 1110 0088 6061     		str	r0, [r4, #20]
 303:Core/Logic/logic_comm.c ****     }
 1111              		.loc 1 303 9 is_stmt 1 view .LVU293
 1112 008a 628B     		ldrh	r2, [r4, #26]
 1113 008c E168     		ldr	r1, [r4, #12]
 1114 008e 4948     		ldr	r0, .L84+16
 1115 0090 FFF7FEFF 		bl	Logic_Log
 1116              	.LVL72:
 1117 0094 BDE7     		b	.L68
 1118              	.L82:
 296:Core/Logic/logic_comm.c ****             dtx.size = 0;
 1119              		.loc 1 296 13 view .LVU294
 1120 0096 4848     		ldr	r0, .L84+20
 1121 0098 FFF7FEFF 		bl	Logic_Log
 1122              	.LVL73:
 297:Core/Logic/logic_comm.c ****             return COMM_OK;  // Skip transmission
 1123              		.loc 1 297 13 view .LVU295
 297:Core/Logic/logic_comm.c ****             return COMM_OK;  // Skip transmission
 1124              		.loc 1 297 22 is_stmt 0 view .LVU296
 1125 009c 0020     		movs	r0, #0
 1126 009e 414B     		ldr	r3, .L84
 1127 00a0 D860     		str	r0, [r3, #12]
 298:Core/Logic/logic_comm.c ****         }
 1128              		.loc 1 298 13 is_stmt 1 view .LVU297
 298:Core/Logic/logic_comm.c ****         }
 1129              		.loc 1 298 20 is_stmt 0 view .LVU298
 1130 00a2 D9E7     		b	.L70
 1131              	.L80:
 1132              	.LBB27:
 315:Core/Logic/logic_comm.c ****                 // ACK received
 1133              		.loc 1 315 17 view .LVU299
 1134 00a4 03AA     		add	r2, sp, #12
 1135 00a6 BDF80A10 		ldrh	r1, [sp, #10]
 1136 00aa 30A8     		add	r0, sp, #192
 1137 00ac FFF7FEFF 		bl	Packet_Parse_ACK
 1138              	.LVL74:
 314:Core/Logic/logic_comm.c ****                 Packet_Parse_ACK(ack, alen, &seq) && seq == dtx.curr + 1) {
 1139              		.loc 1 314 80 view .LVU300
 1140 00b0 0028     		cmp	r0, #0
 1141 00b2 C7D0     		beq	.L73
 315:Core/Logic/logic_comm.c ****                 // ACK received
 1142              		.loc 1 315 58 view .LVU301
 1143 00b4 BDF80C10 		ldrh	r1, [sp, #12]
 315:Core/Logic/logic_comm.c ****                 // ACK received
 1144              		.loc 1 315 64 view .LVU302
ARM GAS  C:\Users\admin\AppData\Local\Temp\ccwPfCrn.s 			page 87


 1145 00b8 3A4B     		ldr	r3, .L84
 1146 00ba 1B8B     		ldrh	r3, [r3, #24]
 315:Core/Logic/logic_comm.c ****                 // ACK received
 1147              		.loc 1 315 70 view .LVU303
 1148 00bc 5A1C     		adds	r2, r3, #1
 315:Core/Logic/logic_comm.c ****                 // ACK received
 1149              		.loc 1 315 51 view .LVU304
 1150 00be 9142     		cmp	r1, r2
 1151 00c0 C0D1     		bne	.L73
 317:Core/Logic/logic_comm.c ****                 dtx.curr++;
 1152              		.loc 1 317 17 is_stmt 1 view .LVU305
 317:Core/Logic/logic_comm.c ****                 dtx.curr++;
 1153              		.loc 1 317 27 is_stmt 0 view .LVU306
 1154 00c2 384A     		ldr	r2, .L84
 1155 00c4 0020     		movs	r0, #0
 1156 00c6 1072     		strb	r0, [r2, #8]
 318:Core/Logic/logic_comm.c ****                 dtx.wait_ack = false;
 1157              		.loc 1 318 17 is_stmt 1 view .LVU307
 318:Core/Logic/logic_comm.c ****                 dtx.wait_ack = false;
 1158              		.loc 1 318 25 is_stmt 0 view .LVU308
 1159 00c8 0133     		adds	r3, r3, #1
 1160 00ca 99B2     		uxth	r1, r3
 1161 00cc 1183     		strh	r1, [r2, #24]	@ movhi
 319:Core/Logic/logic_comm.c ****                 Logic_Log("COMM: Packet %u/%u ACK\r\n", dtx.curr, dtx.total);
 1162              		.loc 1 319 17 is_stmt 1 view .LVU309
 319:Core/Logic/logic_comm.c ****                 Logic_Log("COMM: Packet %u/%u ACK\r\n", dtx.curr, dtx.total);
 1163              		.loc 1 319 30 is_stmt 0 view .LVU310
 1164 00ce 5070     		strb	r0, [r2, #1]
 320:Core/Logic/logic_comm.c ****             } else if (HAL_GetTick() - dtx.last_tick > TIMEOUT_ACK_TX) {
 1165              		.loc 1 320 17 is_stmt 1 view .LVU311
 1166 00d0 528B     		ldrh	r2, [r2, #26]
 1167 00d2 3A48     		ldr	r0, .L84+24
 1168 00d4 FFF7FEFF 		bl	Logic_Log
 1169              	.LVL75:
 1170 00d8 BDE7     		b	.L75
 1171              	.L81:
 323:Core/Logic/logic_comm.c ****                 dtx.wait_ack = false;
 1172              		.loc 1 323 17 view .LVU312
 323:Core/Logic/logic_comm.c ****                 dtx.wait_ack = false;
 1173              		.loc 1 323 20 is_stmt 0 view .LVU313
 1174 00da 324C     		ldr	r4, .L84
 1175 00dc 237A     		ldrb	r3, [r4, #8]	@ zero_extendqisi2
 323:Core/Logic/logic_comm.c ****                 dtx.wait_ack = false;
 1176              		.loc 1 323 26 view .LVU314
 1177 00de 0133     		adds	r3, r3, #1
 1178 00e0 2372     		strb	r3, [r4, #8]
 324:Core/Logic/logic_comm.c ****                 Logic_Log("COMM: Packet %u timeout, retry\r\n", dtx.curr + 1);
 1179              		.loc 1 324 17 is_stmt 1 view .LVU315
 324:Core/Logic/logic_comm.c ****                 Logic_Log("COMM: Packet %u timeout, retry\r\n", dtx.curr + 1);
 1180              		.loc 1 324 30 is_stmt 0 view .LVU316
 1181 00e2 0023     		movs	r3, #0
 1182 00e4 6370     		strb	r3, [r4, #1]
 325:Core/Logic/logic_comm.c ****                 
 1183              		.loc 1 325 17 is_stmt 1 view .LVU317
 325:Core/Logic/logic_comm.c ****                 
 1184              		.loc 1 325 68 is_stmt 0 view .LVU318
 1185 00e6 218B     		ldrh	r1, [r4, #24]
ARM GAS  C:\Users\admin\AppData\Local\Temp\ccwPfCrn.s 			page 88


 325:Core/Logic/logic_comm.c ****                 
 1186              		.loc 1 325 17 view .LVU319
 1187 00e8 0131     		adds	r1, r1, #1
 1188 00ea 3548     		ldr	r0, .L84+28
 1189 00ec FFF7FEFF 		bl	Logic_Log
 1190              	.LVL76:
 327:Core/Logic/logic_comm.c ****                     Logic_Log("COMM: Max fails reached\r\n");
 1191              		.loc 1 327 17 is_stmt 1 view .LVU320
 327:Core/Logic/logic_comm.c ****                     Logic_Log("COMM: Max fails reached\r\n");
 1192              		.loc 1 327 24 is_stmt 0 view .LVU321
 1193 00f0 237A     		ldrb	r3, [r4, #8]	@ zero_extendqisi2
 327:Core/Logic/logic_comm.c ****                     Logic_Log("COMM: Max fails reached\r\n");
 1194              		.loc 1 327 20 view .LVU322
 1195 00f2 042B     		cmp	r3, #4
 1196 00f4 AFD9     		bls	.L75
 328:Core/Logic/logic_comm.c ****                     return COMM_OK;  // Complete with partial transmission
 1197              		.loc 1 328 21 is_stmt 1 view .LVU323
 1198 00f6 3348     		ldr	r0, .L84+32
 1199 00f8 FFF7FEFF 		bl	Logic_Log
 1200              	.LVL77:
 329:Core/Logic/logic_comm.c ****                 }
 1201              		.loc 1 329 21 view .LVU324
 329:Core/Logic/logic_comm.c ****                 }
 1202              		.loc 1 329 28 is_stmt 0 view .LVU325
 1203 00fc 0020     		movs	r0, #0
 1204 00fe ABE7     		b	.L70
 1205              	.L72:
 1206              	.LBE27:
 1207              	.LBB28:
 334:Core/Logic/logic_comm.c ****             uint32_t rem = dtx.size - dtx.offset;
 1208              		.loc 1 334 13 is_stmt 1 view .LVU326
 335:Core/Logic/logic_comm.c ****             uint8_t plen = (rem > DATA_PAYLOAD_MAX) ? DATA_PAYLOAD_MAX : rem;
 1209              		.loc 1 335 13 view .LVU327
 335:Core/Logic/logic_comm.c ****             uint8_t plen = (rem > DATA_PAYLOAD_MAX) ? DATA_PAYLOAD_MAX : rem;
 1210              		.loc 1 335 31 is_stmt 0 view .LVU328
 1211 0100 DFF8A080 		ldr	r8, .L84
 1212 0104 D8F80C40 		ldr	r4, [r8, #12]
 335:Core/Logic/logic_comm.c ****             uint8_t plen = (rem > DATA_PAYLOAD_MAX) ? DATA_PAYLOAD_MAX : rem;
 1213              		.loc 1 335 42 view .LVU329
 1214 0108 D8F81050 		ldr	r5, [r8, #16]
 335:Core/Logic/logic_comm.c ****             uint8_t plen = (rem > DATA_PAYLOAD_MAX) ? DATA_PAYLOAD_MAX : rem;
 1215              		.loc 1 335 22 view .LVU330
 1216 010c 641B     		subs	r4, r4, r5
 1217              	.LVL78:
 336:Core/Logic/logic_comm.c ****             
 1218              		.loc 1 336 13 is_stmt 1 view .LVU331
 336:Core/Logic/logic_comm.c ****             
 1219              		.loc 1 336 72 is_stmt 0 view .LVU332
 1220 010e B42C     		cmp	r4, #180
 1221 0110 28BF     		it	cs
 1222 0112 B424     		movcs	r4, #180
 1223              	.LVL79:
 336:Core/Logic/logic_comm.c ****             
 1224              		.loc 1 336 21 view .LVU333
 1225 0114 E4B2     		uxtb	r4, r4
 1226              	.LVL80:
 338:Core/Logic/logic_comm.c ****             dtx.offset += plen;
ARM GAS  C:\Users\admin\AppData\Local\Temp\ccwPfCrn.s 			page 89


 1227              		.loc 1 338 13 is_stmt 1 view .LVU334
 338:Core/Logic/logic_comm.c ****             dtx.offset += plen;
 1228              		.loc 1 338 29 is_stmt 0 view .LVU335
 1229 0116 D8F80410 		ldr	r1, [r8, #4]
 338:Core/Logic/logic_comm.c ****             dtx.offset += plen;
 1230              		.loc 1 338 13 view .LVU336
 1231 011a 2246     		mov	r2, r4
 1232 011c 2944     		add	r1, r1, r5
 1233 011e 03A8     		add	r0, sp, #12
 1234 0120 FFF7FEFF 		bl	memcpy
 1235              	.LVL81:
 339:Core/Logic/logic_comm.c ****             
 1236              		.loc 1 339 13 is_stmt 1 view .LVU337
 339:Core/Logic/logic_comm.c ****             
 1237              		.loc 1 339 24 is_stmt 0 view .LVU338
 1238 0124 2544     		add	r5, r5, r4
 1239 0126 C8F81050 		str	r5, [r8, #16]
 341:Core/Logic/logic_comm.c ****             
 1240              		.loc 1 341 13 is_stmt 1 view .LVU339
 341:Core/Logic/logic_comm.c ****             
 1241              		.loc 1 341 29 is_stmt 0 view .LVU340
 1242 012a 711C     		adds	r1, r6, #1
 1243 012c 0094     		str	r4, [sp]
 1244 012e 03AB     		add	r3, sp, #12
 1245 0130 3A46     		mov	r2, r7
 1246 0132 89B2     		uxth	r1, r1
 1247 0134 30A8     		add	r0, sp, #192
 1248 0136 FFF7FEFF 		bl	Packet_Build_DataPacket
 1249              	.LVL82:
 1250 013a 0246     		mov	r2, r0
 1251              	.LVL83:
 343:Core/Logic/logic_comm.c ****                 dtx.wait_ack = true;
 1252              		.loc 1 343 13 is_stmt 1 view .LVU341
 343:Core/Logic/logic_comm.c ****                 dtx.wait_ack = true;
 1253              		.loc 1 343 17 is_stmt 0 view .LVU342
 1254 013c 4FF47A73 		mov	r3, #1000
 1255 0140 30A9     		add	r1, sp, #192
 1256 0142 1948     		ldr	r0, .L84+4
 1257 0144 FFF7FEFF 		bl	LoRa_E32_Send
 1258              	.LVL84:
 343:Core/Logic/logic_comm.c ****                 dtx.wait_ack = true;
 1259              		.loc 1 343 16 view .LVU343
 1260 0148 48B1     		cbz	r0, .L83
 348:Core/Logic/logic_comm.c ****                 if (dtx.fails >= DATA_MAX_FAILS) {
 1261              		.loc 1 348 17 is_stmt 1 view .LVU344
 348:Core/Logic/logic_comm.c ****                 if (dtx.fails >= DATA_MAX_FAILS) {
 1262              		.loc 1 348 20 is_stmt 0 view .LVU345
 1263 014a 164A     		ldr	r2, .L84
 1264 014c 137A     		ldrb	r3, [r2, #8]	@ zero_extendqisi2
 348:Core/Logic/logic_comm.c ****                 if (dtx.fails >= DATA_MAX_FAILS) {
 1265              		.loc 1 348 26 view .LVU346
 1266 014e 0133     		adds	r3, r3, #1
 1267 0150 DBB2     		uxtb	r3, r3
 1268 0152 1372     		strb	r3, [r2, #8]
 349:Core/Logic/logic_comm.c ****                     return COMM_OK;
 1269              		.loc 1 349 17 is_stmt 1 view .LVU347
 349:Core/Logic/logic_comm.c ****                     return COMM_OK;
ARM GAS  C:\Users\admin\AppData\Local\Temp\ccwPfCrn.s 			page 90


 1270              		.loc 1 349 20 is_stmt 0 view .LVU348
 1271 0154 042B     		cmp	r3, #4
 1272 0156 7FF67EAF 		bls	.L75
 350:Core/Logic/logic_comm.c ****                 }
 1273              		.loc 1 350 21 is_stmt 1 view .LVU349
 350:Core/Logic/logic_comm.c ****                 }
 1274              		.loc 1 350 28 is_stmt 0 view .LVU350
 1275 015a 0020     		movs	r0, #0
 1276 015c 7CE7     		b	.L70
 1277              	.L83:
 344:Core/Logic/logic_comm.c ****                 dtx.last_tick = HAL_GetTick();
 1278              		.loc 1 344 17 is_stmt 1 view .LVU351
 344:Core/Logic/logic_comm.c ****                 dtx.last_tick = HAL_GetTick();
 1279              		.loc 1 344 30 is_stmt 0 view .LVU352
 1280 015e 0123     		movs	r3, #1
 1281 0160 88F80130 		strb	r3, [r8, #1]
 345:Core/Logic/logic_comm.c ****                 Logic_Log("COMM: Sent packet %u/%u (%u bytes)\r\n", dtx.curr + 1, dtx.total, plen);
 1282              		.loc 1 345 17 is_stmt 1 view .LVU353
 345:Core/Logic/logic_comm.c ****                 Logic_Log("COMM: Sent packet %u/%u (%u bytes)\r\n", dtx.curr + 1, dtx.total, plen);
 1283              		.loc 1 345 33 is_stmt 0 view .LVU354
 1284 0164 FFF7FEFF 		bl	HAL_GetTick
 1285              	.LVL85:
 345:Core/Logic/logic_comm.c ****                 Logic_Log("COMM: Sent packet %u/%u (%u bytes)\r\n", dtx.curr + 1, dtx.total, plen);
 1286              		.loc 1 345 31 view .LVU355
 1287 0168 C8F81400 		str	r0, [r8, #20]
 346:Core/Logic/logic_comm.c ****             } else {
 1288              		.loc 1 346 17 is_stmt 1 view .LVU356
 346:Core/Logic/logic_comm.c ****             } else {
 1289              		.loc 1 346 72 is_stmt 0 view .LVU357
 1290 016c B8F81810 		ldrh	r1, [r8, #24]
 346:Core/Logic/logic_comm.c ****             } else {
 1291              		.loc 1 346 17 view .LVU358
 1292 0170 2346     		mov	r3, r4
 1293 0172 B8F81A20 		ldrh	r2, [r8, #26]
 1294 0176 0131     		adds	r1, r1, #1
 1295 0178 1348     		ldr	r0, .L84+36
 1296 017a FFF7FEFF 		bl	Logic_Log
 1297              	.LVL86:
 1298 017e 6AE7     		b	.L75
 1299              	.LVL87:
 1300              	.L71:
 346:Core/Logic/logic_comm.c ****             } else {
 1301              		.loc 1 346 17 view .LVU359
 1302              	.LBE28:
 1303              	.LBB29:
 358:Core/Logic/logic_comm.c ****         uint16_t elen = Packet_Build_End(end, dtx.curr);
 1304              		.loc 1 358 9 is_stmt 1 view .LVU360
 359:Core/Logic/logic_comm.c ****         LoRa_E32_Send(&lora_handle, end, elen, 500);
 1305              		.loc 1 359 9 view .LVU361
 359:Core/Logic/logic_comm.c ****         LoRa_E32_Send(&lora_handle, end, elen, 500);
 1306              		.loc 1 359 25 is_stmt 0 view .LVU362
 1307 0180 3146     		mov	r1, r6
 1308 0182 30A8     		add	r0, sp, #192
 1309 0184 FFF7FEFF 		bl	Packet_Build_End
 1310              	.LVL88:
 1311 0188 0246     		mov	r2, r0
 1312              	.LVL89:
ARM GAS  C:\Users\admin\AppData\Local\Temp\ccwPfCrn.s 			page 91


 360:Core/Logic/logic_comm.c ****         Logic_Log("COMM: Transmission complete (%lu bytes)\r\n", dtx.size);
 1313              		.loc 1 360 9 is_stmt 1 view .LVU363
 1314 018a 4FF4FA73 		mov	r3, #500
 1315 018e 30A9     		add	r1, sp, #192
 1316 0190 0548     		ldr	r0, .L84+4
 1317 0192 FFF7FEFF 		bl	LoRa_E32_Send
 1318              	.LVL90:
 361:Core/Logic/logic_comm.c ****         return COMM_OK;  // Done
 1319              		.loc 1 361 9 view .LVU364
 1320 0196 034B     		ldr	r3, .L84
 1321 0198 D968     		ldr	r1, [r3, #12]
 1322 019a 0C48     		ldr	r0, .L84+40
 1323 019c FFF7FEFF 		bl	Logic_Log
 1324              	.LVL91:
 362:Core/Logic/logic_comm.c ****     }
 1325              		.loc 1 362 9 view .LVU365
 362:Core/Logic/logic_comm.c ****     }
 1326              		.loc 1 362 16 is_stmt 0 view .LVU366
 1327 01a0 0020     		movs	r0, #0
 1328 01a2 59E7     		b	.L70
 1329              	.L85:
 1330              		.align	2
 1331              	.L84:
 1332 01a4 00000000 		.word	.LANCHOR2
 1333 01a8 00000000 		.word	lora_handle
 1334 01ac 00000000 		.word	dtx_buffer
 1335 01b0 176CC116 		.word	381774871
 1336 01b4 18000000 		.word	.LC1
 1337 01b8 00000000 		.word	.LC0
 1338 01bc 44000000 		.word	.LC2
 1339 01c0 60000000 		.word	.LC3
 1340 01c4 84000000 		.word	.LC4
 1341 01c8 A0000000 		.word	.LC5
 1342 01cc C8000000 		.word	.LC6
 1343              	.LBE29:
 1344              		.cfi_endproc
 1345              	.LFE158:
 1347              		.section	.rodata.Logic_Comm_Init.str1.4,"aMS",%progbits,1
 1348              		.align	2
 1349              	.LC7:
 1350 0000 434F4D4D 		.ascii	"COMM: Init\015\012\000"
 1350      3A20496E 
 1350      69740D0A 
 1350      00
 1351              		.section	.text.Logic_Comm_Init,"ax",%progbits
 1352              		.align	1
 1353              		.global	Logic_Comm_Init
 1354              		.syntax unified
 1355              		.thumb
 1356              		.thumb_func
 1358              	Logic_Comm_Init:
 1359              	.LFB151:
  36:Core/Logic/logic_comm.c ****   reset();
 1360              		.loc 1 36 1 is_stmt 1 view -0
 1361              		.cfi_startproc
 1362              		@ args = 0, pretend = 0, frame = 0
 1363              		@ frame_needed = 0, uses_anonymous_args = 0
ARM GAS  C:\Users\admin\AppData\Local\Temp\ccwPfCrn.s 			page 92


 1364 0000 08B5     		push	{r3, lr}
 1365              	.LCFI22:
 1366              		.cfi_def_cfa_offset 8
 1367              		.cfi_offset 3, -8
 1368              		.cfi_offset 14, -4
  37:Core/Logic/logic_comm.c ****   current_phase = COMM_PHASE_PREP;
 1369              		.loc 1 37 3 view .LVU368
 1370 0002 FFF7FEFF 		bl	reset
 1371              	.LVL92:
  38:Core/Logic/logic_comm.c ****   comm_start_tick = HAL_GetTick();
 1372              		.loc 1 38 3 view .LVU369
  38:Core/Logic/logic_comm.c ****   comm_start_tick = HAL_GetTick();
 1373              		.loc 1 38 17 is_stmt 0 view .LVU370
 1374 0006 064B     		ldr	r3, .L88
 1375 0008 0122     		movs	r2, #1
 1376 000a 1A70     		strb	r2, [r3]
  39:Core/Logic/logic_comm.c ****   Logic_Log("COMM: Init\r\n");
 1377              		.loc 1 39 3 is_stmt 1 view .LVU371
  39:Core/Logic/logic_comm.c ****   Logic_Log("COMM: Init\r\n");
 1378              		.loc 1 39 21 is_stmt 0 view .LVU372
 1379 000c FFF7FEFF 		bl	HAL_GetTick
 1380              	.LVL93:
  39:Core/Logic/logic_comm.c ****   Logic_Log("COMM: Init\r\n");
 1381              		.loc 1 39 19 view .LVU373
 1382 0010 044B     		ldr	r3, .L88+4
 1383 0012 1860     		str	r0, [r3]
  40:Core/Logic/logic_comm.c ****   return COMM_OK;
 1384              		.loc 1 40 3 is_stmt 1 view .LVU374
 1385 0014 0448     		ldr	r0, .L88+8
 1386 0016 FFF7FEFF 		bl	Logic_Log
 1387              	.LVL94:
  41:Core/Logic/logic_comm.c **** }
 1388              		.loc 1 41 3 view .LVU375
  42:Core/Logic/logic_comm.c **** 
 1389              		.loc 1 42 1 is_stmt 0 view .LVU376
 1390 001a 0020     		movs	r0, #0
 1391 001c 08BD     		pop	{r3, pc}
 1392              	.L89:
 1393 001e 00BF     		.align	2
 1394              	.L88:
 1395 0020 00000000 		.word	.LANCHOR8
 1396 0024 00000000 		.word	.LANCHOR9
 1397 0028 00000000 		.word	.LC7
 1398              		.cfi_endproc
 1399              	.LFE151:
 1401              		.section	.rodata.Logic_Comm_Process.str1.4,"aMS",%progbits,1
 1402              		.align	2
 1403              	.LC8:
 1404 0000 434F4D4D 		.ascii	"COMM: Total timeout\015\012\000"
 1404      3A20546F 
 1404      74616C20 
 1404      74696D65 
 1404      6F75740D 
 1405 0016 0000     		.align	2
 1406              	.LC9:
 1407 0018 434F4D4D 		.ascii	"COMM: Battery critical\015\012\000"
 1407      3A204261 
ARM GAS  C:\Users\admin\AppData\Local\Temp\ccwPfCrn.s 			page 93


 1407      74746572 
 1407      79206372 
 1407      69746963 
 1408 0031 000000   		.align	2
 1409              	.LC10:
 1410 0034 434F4D4D 		.ascii	"COMM: LoRa failed\015\012\000"
 1410      3A204C6F 
 1410      52612066 
 1410      61696C65 
 1410      640D0A00 
 1411              		.align	2
 1412              	.LC11:
 1413 0048 434F4D4D 		.ascii	"COMM: PREP done\015\012\000"
 1413      3A205052 
 1413      45502064 
 1413      6F6E650D 
 1413      0A00
 1414 005a 0000     		.align	2
 1415              	.LC12:
 1416 005c 434F4D4D 		.ascii	"COMM: BEACON done\015\012\000"
 1416      3A204245 
 1416      41434F4E 
 1416      20646F6E 
 1416      650D0A00 
 1417              		.align	2
 1418              	.LC13:
 1419 0070 434F4D4D 		.ascii	"COMM: LISTEN done\015\012\000"
 1419      3A204C49 
 1419      5354454E 
 1419      20646F6E 
 1419      650D0A00 
 1420              		.align	2
 1421              	.LC14:
 1422 0084 434F4D4D 		.ascii	"COMM: DATA_TX done\015\012\000"
 1422      3A204441 
 1422      54415F54 
 1422      5820646F 
 1422      6E650D0A 
 1423              		.section	.text.Logic_Comm_Process,"ax",%progbits
 1424              		.align	1
 1425              		.global	Logic_Comm_Process
 1426              		.syntax unified
 1427              		.thumb
 1428              		.thumb_func
 1430              	Logic_Comm_Process:
 1431              	.LFB152:
  45:Core/Logic/logic_comm.c ****   uint32_t total_timer = HAL_GetTick() - comm_start_tick;
 1432              		.loc 1 45 1 is_stmt 1 view -0
 1433              		.cfi_startproc
 1434              		@ args = 0, pretend = 0, frame = 0
 1435              		@ frame_needed = 0, uses_anonymous_args = 0
 1436 0000 38B5     		push	{r3, r4, r5, lr}
 1437              	.LCFI23:
 1438              		.cfi_def_cfa_offset 16
 1439              		.cfi_offset 3, -16
 1440              		.cfi_offset 4, -12
 1441              		.cfi_offset 5, -8
ARM GAS  C:\Users\admin\AppData\Local\Temp\ccwPfCrn.s 			page 94


 1442              		.cfi_offset 14, -4
  46:Core/Logic/logic_comm.c ****   system_health_t* health = Logic_GetHealth();
 1443              		.loc 1 46 3 view .LVU378
  46:Core/Logic/logic_comm.c ****   system_health_t* health = Logic_GetHealth();
 1444              		.loc 1 46 26 is_stmt 0 view .LVU379
 1445 0002 FFF7FEFF 		bl	HAL_GetTick
 1446              	.LVL95:
  46:Core/Logic/logic_comm.c ****   system_health_t* health = Logic_GetHealth();
 1447              		.loc 1 46 40 view .LVU380
 1448 0006 434B     		ldr	r3, .L116
 1449 0008 1C68     		ldr	r4, [r3]
  46:Core/Logic/logic_comm.c ****   system_health_t* health = Logic_GetHealth();
 1450              		.loc 1 46 12 view .LVU381
 1451 000a 041B     		subs	r4, r0, r4
 1452              	.LVL96:
  47:Core/Logic/logic_comm.c **** 
 1453              		.loc 1 47 3 is_stmt 1 view .LVU382
  47:Core/Logic/logic_comm.c **** 
 1454              		.loc 1 47 29 is_stmt 0 view .LVU383
 1455 000c FFF7FEFF 		bl	Logic_GetHealth
 1456              	.LVL97:
 1457 0010 0546     		mov	r5, r0
 1458              	.LVL98:
  51:Core/Logic/logic_comm.c ****   {
 1459              		.loc 1 51 3 is_stmt 1 view .LVU384
  51:Core/Logic/logic_comm.c ****   {
 1460              		.loc 1 51 6 is_stmt 0 view .LVU385
 1461 0012 414B     		ldr	r3, .L116+4
 1462 0014 9C42     		cmp	r4, r3
 1463 0016 03D9     		bls	.L91
  51:Core/Logic/logic_comm.c ****   {
 1464              		.loc 1 51 57 discriminator 1 view .LVU386
 1465 0018 404B     		ldr	r3, .L116+8
 1466 001a 1B78     		ldrb	r3, [r3]	@ zero_extendqisi2
  51:Core/Logic/logic_comm.c ****   {
 1467              		.loc 1 51 40 discriminator 1 view .LVU387
 1468 001c 042B     		cmp	r3, #4
 1469 001e 0FD1     		bne	.L111
 1470              	.L91:
  59:Core/Logic/logic_comm.c ****   {
 1471              		.loc 1 59 3 is_stmt 1 view .LVU388
  59:Core/Logic/logic_comm.c ****   {
 1472              		.loc 1 59 7 is_stmt 0 view .LVU389
 1473 0020 FFF7FEFF 		bl	Logic_Battery_Check_Critical
 1474              	.LVL99:
  59:Core/Logic/logic_comm.c ****   {
 1475              		.loc 1 59 6 view .LVU390
 1476 0024 A0B9     		cbnz	r0, .L112
  65:Core/Logic/logic_comm.c ****   {
 1477              		.loc 1 65 3 is_stmt 1 view .LVU391
  65:Core/Logic/logic_comm.c ****   {
 1478              		.loc 1 65 13 is_stmt 0 view .LVU392
 1479 0026 AB7E     		ldrb	r3, [r5, #26]	@ zero_extendqisi2
  65:Core/Logic/logic_comm.c ****   {
 1480              		.loc 1 65 6 view .LVU393
 1481 0028 022B     		cmp	r3, #2
 1482 002a 16D8     		bhi	.L113
ARM GAS  C:\Users\admin\AppData\Local\Temp\ccwPfCrn.s 			page 95


  72:Core/Logic/logic_comm.c ****   {
 1483              		.loc 1 72 3 is_stmt 1 view .LVU394
 1484 002c 3B4B     		ldr	r3, .L116+8
 1485 002e 1C78     		ldrb	r4, [r3]	@ zero_extendqisi2
 1486              	.LVL100:
  72:Core/Logic/logic_comm.c ****   {
 1487              		.loc 1 72 3 is_stmt 0 view .LVU395
 1488 0030 631E     		subs	r3, r4, #1
 1489 0032 052B     		cmp	r3, #5
 1490 0034 68D8     		bhi	.L104
 1491 0036 DFE803F0 		tbb	[pc, r3]
 1492              	.L96:
 1493 003a 17       		.byte	(.L101-.L96)/2
 1494 003b 22       		.byte	(.L100-.L96)/2
 1495 003c 33       		.byte	(.L99-.L96)/2
 1496 003d 4E       		.byte	(.L98-.L96)/2
 1497 003e 5B       		.byte	(.L97-.L96)/2
 1498 003f 63       		.byte	(.L95-.L96)/2
 1499              	.LVL101:
 1500              		.p2align 1
 1501              	.L111:
  53:Core/Logic/logic_comm.c ****     reset();
 1502              		.loc 1 53 5 is_stmt 1 view .LVU396
 1503 0040 3748     		ldr	r0, .L116+12
 1504              	.LVL102:
  53:Core/Logic/logic_comm.c ****     reset();
 1505              		.loc 1 53 5 is_stmt 0 view .LVU397
 1506 0042 FFF7FEFF 		bl	Logic_Log
 1507              	.LVL103:
  54:Core/Logic/logic_comm.c ****     return COMM_ERR_TIMEOUT;
 1508              		.loc 1 54 5 is_stmt 1 view .LVU398
 1509 0046 FFF7FEFF 		bl	reset
 1510              	.LVL104:
  55:Core/Logic/logic_comm.c ****   }
 1511              		.loc 1 55 5 view .LVU399
  55:Core/Logic/logic_comm.c ****   }
 1512              		.loc 1 55 12 is_stmt 0 view .LVU400
 1513 004a 0524     		movs	r4, #5
 1514              	.LVL105:
 1515              	.L92:
 118:Core/Logic/logic_comm.c **** 
 1516              		.loc 1 118 1 view .LVU401
 1517 004c 2046     		mov	r0, r4
 1518 004e 38BD     		pop	{r3, r4, r5, pc}
 1519              	.LVL106:
 1520              	.L112:
  61:Core/Logic/logic_comm.c ****     return COMM_ERR_BATTERY_CRITICAL;
 1521              		.loc 1 61 5 is_stmt 1 view .LVU402
 1522 0050 3448     		ldr	r0, .L116+16
 1523 0052 FFF7FEFF 		bl	Logic_Log
 1524              	.LVL107:
  62:Core/Logic/logic_comm.c ****   }
 1525              		.loc 1 62 5 view .LVU403
  62:Core/Logic/logic_comm.c ****   }
 1526              		.loc 1 62 12 is_stmt 0 view .LVU404
 1527 0056 0324     		movs	r4, #3
 1528              	.LVL108:
ARM GAS  C:\Users\admin\AppData\Local\Temp\ccwPfCrn.s 			page 96


  62:Core/Logic/logic_comm.c ****   }
 1529              		.loc 1 62 12 view .LVU405
 1530 0058 F8E7     		b	.L92
 1531              	.LVL109:
 1532              	.L113:
  67:Core/Logic/logic_comm.c ****     reset();
 1533              		.loc 1 67 5 is_stmt 1 view .LVU406
 1534 005a 3348     		ldr	r0, .L116+20
 1535 005c FFF7FEFF 		bl	Logic_Log
 1536              	.LVL110:
  68:Core/Logic/logic_comm.c ****     return COMM_ERR_LORA_FAIL;
 1537              		.loc 1 68 5 view .LVU407
 1538 0060 FFF7FEFF 		bl	reset
 1539              	.LVL111:
  69:Core/Logic/logic_comm.c ****   }
 1540              		.loc 1 69 5 view .LVU408
  69:Core/Logic/logic_comm.c ****   }
 1541              		.loc 1 69 12 is_stmt 0 view .LVU409
 1542 0064 0424     		movs	r4, #4
 1543              	.LVL112:
  69:Core/Logic/logic_comm.c ****   }
 1544              		.loc 1 69 12 view .LVU410
 1545 0066 F1E7     		b	.L92
 1546              	.L101:
  75:Core/Logic/logic_comm.c ****       current_phase = COMM_PHASE_BEACON;
 1547              		.loc 1 75 5 is_stmt 1 view .LVU411
  75:Core/Logic/logic_comm.c ****       current_phase = COMM_PHASE_BEACON;
 1548              		.loc 1 75 9 is_stmt 0 view .LVU412
 1549 0068 FFF7FEFF 		bl	Logic_Comm_Phase_Prep
 1550              	.LVL113:
  75:Core/Logic/logic_comm.c ****       current_phase = COMM_PHASE_BEACON;
 1551              		.loc 1 75 8 view .LVU413
 1552 006c 0028     		cmp	r0, #0
 1553 006e EDD1     		bne	.L92
  76:Core/Logic/logic_comm.c ****       Logic_Log("COMM: PREP done\r\n");
 1554              		.loc 1 76 7 is_stmt 1 view .LVU414
  76:Core/Logic/logic_comm.c ****       Logic_Log("COMM: PREP done\r\n");
 1555              		.loc 1 76 21 is_stmt 0 view .LVU415
 1556 0070 2A4B     		ldr	r3, .L116+8
 1557 0072 0222     		movs	r2, #2
 1558 0074 1A70     		strb	r2, [r3]
  77:Core/Logic/logic_comm.c ****     }
 1559              		.loc 1 77 7 is_stmt 1 view .LVU416
 1560 0076 2D48     		ldr	r0, .L116+24
 1561 0078 FFF7FEFF 		bl	Logic_Log
 1562              	.LVL114:
 1563 007c E6E7     		b	.L92
 1564              	.L100:
  82:Core/Logic/logic_comm.c ****       current_phase = COMM_PHASE_LISTEN;
 1565              		.loc 1 82 5 view .LVU417
  82:Core/Logic/logic_comm.c ****       current_phase = COMM_PHASE_LISTEN;
 1566              		.loc 1 82 9 is_stmt 0 view .LVU418
 1567 007e FFF7FEFF 		bl	Logic_Comm_Phase_Beacon
 1568              	.LVL115:
  82:Core/Logic/logic_comm.c ****       current_phase = COMM_PHASE_LISTEN;
 1569              		.loc 1 82 8 view .LVU419
 1570 0082 08B1     		cbz	r0, .L114
ARM GAS  C:\Users\admin\AppData\Local\Temp\ccwPfCrn.s 			page 97


 117:Core/Logic/logic_comm.c **** }
 1571              		.loc 1 117 10 view .LVU420
 1572 0084 0124     		movs	r4, #1
 1573 0086 E1E7     		b	.L92
 1574              	.L114:
  83:Core/Logic/logic_comm.c ****       listen_tick = HAL_GetTick();
 1575              		.loc 1 83 7 is_stmt 1 view .LVU421
  83:Core/Logic/logic_comm.c ****       listen_tick = HAL_GetTick();
 1576              		.loc 1 83 21 is_stmt 0 view .LVU422
 1577 0088 244B     		ldr	r3, .L116+8
 1578 008a 0322     		movs	r2, #3
 1579 008c 1A70     		strb	r2, [r3]
  84:Core/Logic/logic_comm.c ****       Logic_Log("COMM: BEACON done\r\n");
 1580              		.loc 1 84 7 is_stmt 1 view .LVU423
  84:Core/Logic/logic_comm.c ****       Logic_Log("COMM: BEACON done\r\n");
 1581              		.loc 1 84 21 is_stmt 0 view .LVU424
 1582 008e FFF7FEFF 		bl	HAL_GetTick
 1583              	.LVL116:
  84:Core/Logic/logic_comm.c ****       Logic_Log("COMM: BEACON done\r\n");
 1584              		.loc 1 84 19 view .LVU425
 1585 0092 274B     		ldr	r3, .L116+28
 1586 0094 1860     		str	r0, [r3]
  85:Core/Logic/logic_comm.c ****     }
 1587              		.loc 1 85 7 is_stmt 1 view .LVU426
 1588 0096 2748     		ldr	r0, .L116+32
 1589 0098 FFF7FEFF 		bl	Logic_Log
 1590              	.LVL117:
 117:Core/Logic/logic_comm.c **** }
 1591              		.loc 1 117 10 is_stmt 0 view .LVU427
 1592 009c 0124     		movs	r4, #1
 1593 009e D5E7     		b	.L92
 1594              	.L99:
  90:Core/Logic/logic_comm.c ****     // Timeout or received GET_DATA
 1595              		.loc 1 90 5 is_stmt 1 view .LVU428
 1596 00a0 FFF7FEFF 		bl	Logic_Comm_Phase_Listen
 1597              	.LVL118:
  92:Core/Logic/logic_comm.c ****       current_phase = dtx.requested ? COMM_PHASE_DATA_TX : COMM_PHASE_END;
 1598              		.loc 1 92 5 view .LVU429
  92:Core/Logic/logic_comm.c ****       current_phase = dtx.requested ? COMM_PHASE_DATA_TX : COMM_PHASE_END;
 1599              		.loc 1 92 9 is_stmt 0 view .LVU430
 1600 00a4 FFF7FEFF 		bl	HAL_GetTick
 1601              	.LVL119:
  92:Core/Logic/logic_comm.c ****       current_phase = dtx.requested ? COMM_PHASE_DATA_TX : COMM_PHASE_END;
 1602              		.loc 1 92 23 view .LVU431
 1603 00a8 214B     		ldr	r3, .L116+28
 1604 00aa 1B68     		ldr	r3, [r3]
 1605 00ac C01A     		subs	r0, r0, r3
  92:Core/Logic/logic_comm.c ****       current_phase = dtx.requested ? COMM_PHASE_DATA_TX : COMM_PHASE_END;
 1606              		.loc 1 92 8 view .LVU432
 1607 00ae 47F23053 		movw	r3, #30000
 1608 00b2 9842     		cmp	r0, r3
 1609 00b4 02D8     		bhi	.L102
  92:Core/Logic/logic_comm.c ****       current_phase = dtx.requested ? COMM_PHASE_DATA_TX : COMM_PHASE_END;
 1610              		.loc 1 92 63 discriminator 1 view .LVU433
 1611 00b6 204B     		ldr	r3, .L116+36
 1612 00b8 1B78     		ldrb	r3, [r3]	@ zero_extendqisi2
  92:Core/Logic/logic_comm.c ****       current_phase = dtx.requested ? COMM_PHASE_DATA_TX : COMM_PHASE_END;
ARM GAS  C:\Users\admin\AppData\Local\Temp\ccwPfCrn.s 			page 98


 1613              		.loc 1 92 57 discriminator 1 view .LVU434
 1614 00ba 3BB3     		cbz	r3, .L106
 1615              	.L102:
  93:Core/Logic/logic_comm.c ****       Logic_Log("COMM: LISTEN done\r\n");
 1616              		.loc 1 93 7 is_stmt 1 view .LVU435
  93:Core/Logic/logic_comm.c ****       Logic_Log("COMM: LISTEN done\r\n");
 1617              		.loc 1 93 26 is_stmt 0 view .LVU436
 1618 00bc 1E4B     		ldr	r3, .L116+36
 1619 00be 1B78     		ldrb	r3, [r3]	@ zero_extendqisi2
  93:Core/Logic/logic_comm.c ****       Logic_Log("COMM: LISTEN done\r\n");
 1620              		.loc 1 93 58 view .LVU437
 1621 00c0 3BB1     		cbz	r3, .L107
 1622 00c2 0422     		movs	r2, #4
 1623              	.L103:
  93:Core/Logic/logic_comm.c ****       Logic_Log("COMM: LISTEN done\r\n");
 1624              		.loc 1 93 21 discriminator 4 view .LVU438
 1625 00c4 154B     		ldr	r3, .L116+8
 1626 00c6 1A70     		strb	r2, [r3]
  94:Core/Logic/logic_comm.c ****     }
 1627              		.loc 1 94 7 is_stmt 1 discriminator 4 view .LVU439
 1628 00c8 1C48     		ldr	r0, .L116+40
 1629 00ca FFF7FEFF 		bl	Logic_Log
 1630              	.LVL120:
 117:Core/Logic/logic_comm.c **** }
 1631              		.loc 1 117 10 is_stmt 0 discriminator 4 view .LVU440
 1632 00ce 0124     		movs	r4, #1
 1633 00d0 BCE7     		b	.L92
 1634              	.L107:
  93:Core/Logic/logic_comm.c ****       Logic_Log("COMM: LISTEN done\r\n");
 1635              		.loc 1 93 58 view .LVU441
 1636 00d2 0522     		movs	r2, #5
 1637 00d4 F6E7     		b	.L103
 1638              	.L98:
 100:Core/Logic/logic_comm.c ****       current_phase = COMM_PHASE_END;
 1639              		.loc 1 100 5 is_stmt 1 view .LVU442
 100:Core/Logic/logic_comm.c ****       current_phase = COMM_PHASE_END;
 1640              		.loc 1 100 9 is_stmt 0 view .LVU443
 1641 00d6 FFF7FEFF 		bl	Logic_Comm_Phase_DataTx
 1642              	.LVL121:
 100:Core/Logic/logic_comm.c ****       current_phase = COMM_PHASE_END;
 1643              		.loc 1 100 8 view .LVU444
 1644 00da 08B1     		cbz	r0, .L115
 117:Core/Logic/logic_comm.c **** }
 1645              		.loc 1 117 10 view .LVU445
 1646 00dc 0124     		movs	r4, #1
 1647 00de B5E7     		b	.L92
 1648              	.L115:
 101:Core/Logic/logic_comm.c ****       Logic_Log("COMM: DATA_TX done\r\n");
 1649              		.loc 1 101 7 is_stmt 1 view .LVU446
 101:Core/Logic/logic_comm.c ****       Logic_Log("COMM: DATA_TX done\r\n");
 1650              		.loc 1 101 21 is_stmt 0 view .LVU447
 1651 00e0 0E4B     		ldr	r3, .L116+8
 1652 00e2 0522     		movs	r2, #5
 1653 00e4 1A70     		strb	r2, [r3]
 102:Core/Logic/logic_comm.c ****     }
 1654              		.loc 1 102 7 is_stmt 1 view .LVU448
 1655 00e6 1648     		ldr	r0, .L116+44
ARM GAS  C:\Users\admin\AppData\Local\Temp\ccwPfCrn.s 			page 99


 1656 00e8 FFF7FEFF 		bl	Logic_Log
 1657              	.LVL122:
 117:Core/Logic/logic_comm.c **** }
 1658              		.loc 1 117 10 is_stmt 0 view .LVU449
 1659 00ec 0124     		movs	r4, #1
 1660 00ee ADE7     		b	.L92
 1661              	.L97:
 107:Core/Logic/logic_comm.c ****       current_phase = COMM_PHASE_COMPLETE;
 1662              		.loc 1 107 5 is_stmt 1 view .LVU450
 107:Core/Logic/logic_comm.c ****       current_phase = COMM_PHASE_COMPLETE;
 1663              		.loc 1 107 9 is_stmt 0 view .LVU451
 1664 00f0 FFF7FEFF 		bl	Logic_Comm_Phase_End
 1665              	.LVL123:
 107:Core/Logic/logic_comm.c ****       current_phase = COMM_PHASE_COMPLETE;
 1666              		.loc 1 107 8 view .LVU452
 1667 00f4 60B9     		cbnz	r0, .L109
 108:Core/Logic/logic_comm.c ****     }
 1668              		.loc 1 108 7 is_stmt 1 view .LVU453
 108:Core/Logic/logic_comm.c ****     }
 1669              		.loc 1 108 21 is_stmt 0 view .LVU454
 1670 00f6 094B     		ldr	r3, .L116+8
 1671 00f8 0622     		movs	r2, #6
 1672 00fa 1A70     		strb	r2, [r3]
 117:Core/Logic/logic_comm.c **** }
 1673              		.loc 1 117 10 view .LVU455
 1674 00fc 0124     		movs	r4, #1
 1675 00fe A5E7     		b	.L92
 1676              	.L95:
 113:Core/Logic/logic_comm.c ****     return COMM_OK;
 1677              		.loc 1 113 5 is_stmt 1 view .LVU456
 113:Core/Logic/logic_comm.c ****     return COMM_OK;
 1678              		.loc 1 113 19 is_stmt 0 view .LVU457
 1679 0100 0024     		movs	r4, #0
 1680 0102 064B     		ldr	r3, .L116+8
 1681 0104 1C70     		strb	r4, [r3]
 114:Core/Logic/logic_comm.c ****   }
 1682              		.loc 1 114 5 is_stmt 1 view .LVU458
 114:Core/Logic/logic_comm.c ****   }
 1683              		.loc 1 114 12 is_stmt 0 view .LVU459
 1684 0106 A1E7     		b	.L92
 1685              	.L104:
  72:Core/Logic/logic_comm.c ****   {
 1686              		.loc 1 72 3 view .LVU460
 1687 0108 0124     		movs	r4, #1
 1688 010a 9FE7     		b	.L92
 1689              	.L106:
 117:Core/Logic/logic_comm.c **** }
 1690              		.loc 1 117 10 view .LVU461
 1691 010c 0124     		movs	r4, #1
 1692 010e 9DE7     		b	.L92
 1693              	.L109:
 1694 0110 0124     		movs	r4, #1
 1695 0112 9BE7     		b	.L92
 1696              	.L117:
 1697              		.align	2
 1698              	.L116:
 1699 0114 00000000 		.word	.LANCHOR9
ARM GAS  C:\Users\admin\AppData\Local\Temp\ccwPfCrn.s 			page 100


 1700 0118 C0D40100 		.word	120000
 1701 011c 00000000 		.word	.LANCHOR8
 1702 0120 00000000 		.word	.LC8
 1703 0124 18000000 		.word	.LC9
 1704 0128 34000000 		.word	.LC10
 1705 012c 48000000 		.word	.LC11
 1706 0130 00000000 		.word	.LANCHOR4
 1707 0134 5C000000 		.word	.LC12
 1708 0138 00000000 		.word	.LANCHOR2
 1709 013c 70000000 		.word	.LC13
 1710 0140 84000000 		.word	.LC14
 1711              		.cfi_endproc
 1712              	.LFE152:
 1714              		.section	.text.Logic_Comm_Abort,"ax",%progbits
 1715              		.align	1
 1716              		.global	Logic_Comm_Abort
 1717              		.syntax unified
 1718              		.thumb
 1719              		.thumb_func
 1721              	Logic_Comm_Abort:
 1722              	.LFB160:
 393:Core/Logic/logic_comm.c **** 
 394:Core/Logic/logic_comm.c **** comm_error_t Logic_Comm_Abort(void)
 395:Core/Logic/logic_comm.c **** {
 1723              		.loc 1 395 1 is_stmt 1 view -0
 1724              		.cfi_startproc
 1725              		@ args = 0, pretend = 0, frame = 0
 1726              		@ frame_needed = 0, uses_anonymous_args = 0
 1727 0000 08B5     		push	{r3, lr}
 1728              	.LCFI24:
 1729              		.cfi_def_cfa_offset 8
 1730              		.cfi_offset 3, -8
 1731              		.cfi_offset 14, -4
 396:Core/Logic/logic_comm.c ****   reset();
 1732              		.loc 1 396 3 view .LVU463
 1733 0002 FFF7FEFF 		bl	reset
 1734              	.LVL124:
 397:Core/Logic/logic_comm.c ****   current_phase = COMM_PHASE_STANDBY;
 1735              		.loc 1 397 3 view .LVU464
 1736              		.loc 1 397 17 is_stmt 0 view .LVU465
 1737 0006 0020     		movs	r0, #0
 1738 0008 014B     		ldr	r3, .L120
 1739 000a 1870     		strb	r0, [r3]
 398:Core/Logic/logic_comm.c ****   return COMM_OK;
 1740              		.loc 1 398 3 is_stmt 1 view .LVU466
 399:Core/Logic/logic_comm.c **** }
 1741              		.loc 1 399 1 is_stmt 0 view .LVU467
 1742 000c 08BD     		pop	{r3, pc}
 1743              	.L121:
 1744 000e 00BF     		.align	2
 1745              	.L120:
 1746 0010 00000000 		.word	.LANCHOR8
 1747              		.cfi_endproc
 1748              	.LFE160:
 1750              		.section	.text.Logic_Comm_GetPhase,"ax",%progbits
 1751              		.align	1
 1752              		.global	Logic_Comm_GetPhase
ARM GAS  C:\Users\admin\AppData\Local\Temp\ccwPfCrn.s 			page 101


 1753              		.syntax unified
 1754              		.thumb
 1755              		.thumb_func
 1757              	Logic_Comm_GetPhase:
 1758              	.LFB161:
 400:Core/Logic/logic_comm.c **** 
 401:Core/Logic/logic_comm.c **** comm_phase_t Logic_Comm_GetPhase(void) { return current_phase; }
 1759              		.loc 1 401 40 is_stmt 1 view -0
 1760              		.cfi_startproc
 1761              		@ args = 0, pretend = 0, frame = 0
 1762              		@ frame_needed = 0, uses_anonymous_args = 0
 1763              		@ link register save eliminated.
 1764              		.loc 1 401 42 view .LVU469
 1765              		.loc 1 401 64 is_stmt 0 view .LVU470
 1766 0000 014B     		ldr	r3, .L123
 1767 0002 1878     		ldrb	r0, [r3]	@ zero_extendqisi2
 1768 0004 7047     		bx	lr
 1769              	.L124:
 1770 0006 00BF     		.align	2
 1771              	.L123:
 1772 0008 00000000 		.word	.LANCHOR8
 1773              		.cfi_endproc
 1774              	.LFE161:
 1776              		.section	.text.Logic_Comm_GetPhaseTimer,"ax",%progbits
 1777              		.align	1
 1778              		.global	Logic_Comm_GetPhaseTimer
 1779              		.syntax unified
 1780              		.thumb
 1781              		.thumb_func
 1783              	Logic_Comm_GetPhaseTimer:
 1784              	.LFB162:
 402:Core/Logic/logic_comm.c **** uint32_t Logic_Comm_GetPhaseTimer(void) { return HAL_GetTick() - comm_start_tick; }
 1785              		.loc 1 402 41 is_stmt 1 view -0
 1786              		.cfi_startproc
 1787              		@ args = 0, pretend = 0, frame = 0
 1788              		@ frame_needed = 0, uses_anonymous_args = 0
 1789 0000 08B5     		push	{r3, lr}
 1790              	.LCFI25:
 1791              		.cfi_def_cfa_offset 8
 1792              		.cfi_offset 3, -8
 1793              		.cfi_offset 14, -4
 1794              		.loc 1 402 43 view .LVU472
 1795              		.loc 1 402 50 is_stmt 0 view .LVU473
 1796 0002 FFF7FEFF 		bl	HAL_GetTick
 1797              	.LVL125:
 1798              		.loc 1 402 64 view .LVU474
 1799 0006 024B     		ldr	r3, .L127
 1800 0008 1B68     		ldr	r3, [r3]
 1801              		.loc 1 402 83 view .LVU475
 1802 000a C01A     		subs	r0, r0, r3
 1803 000c 08BD     		pop	{r3, pc}
 1804              	.L128:
 1805 000e 00BF     		.align	2
 1806              	.L127:
 1807 0010 00000000 		.word	.LANCHOR9
 1808              		.cfi_endproc
 1809              	.LFE162:
ARM GAS  C:\Users\admin\AppData\Local\Temp\ccwPfCrn.s 			page 102


 1811              		.section	.bss.beacon,"aw",%nobits
 1812              		.align	2
 1813              		.set	.LANCHOR1,. + 0
 1816              	beacon:
 1817 0000 00000000 		.space	8
 1817      00000000 
 1818              		.section	.bss.comm_start_tick,"aw",%nobits
 1819              		.align	2
 1820              		.set	.LANCHOR9,. + 0
 1823              	comm_start_tick:
 1824 0000 00000000 		.space	4
 1825              		.section	.bss.current_phase,"aw",%nobits
 1826              		.set	.LANCHOR8,. + 0
 1829              	current_phase:
 1830 0000 00       		.space	1
 1831              		.section	.bss.dtx,"aw",%nobits
 1832              		.align	2
 1833              		.set	.LANCHOR2,. + 0
 1836              	dtx:
 1837 0000 00000000 		.space	28
 1837      00000000 
 1837      00000000 
 1837      00000000 
 1837      00000000 
 1838              		.section	.bss.dtx_buffer,"aw",%nobits
 1839              		.align	2
 1842              	dtx_buffer:
 1843 0000 00000000 		.space	51200
 1843      00000000 
 1843      00000000 
 1843      00000000 
 1843      00000000 
 1844              		.section	.bss.end_state,"aw",%nobits
 1845              		.align	2
 1846              		.set	.LANCHOR3,. + 0
 1849              	end_state:
 1850 0000 00000000 		.space	8
 1850      00000000 
 1851              		.section	.bss.listen_tick,"aw",%nobits
 1852              		.align	2
 1853              		.set	.LANCHOR4,. + 0
 1856              	listen_tick:
 1857 0000 00000000 		.space	4
 1858              		.section	.bss.lora,"aw",%nobits
 1859              		.align	2
 1860              		.set	.LANCHOR0,. + 0
 1863              	lora:
 1864 0000 00000000 		.space	8
 1864      00000000 
 1865              		.section	.bss.retry.1,"aw",%nobits
 1866              		.set	.LANCHOR6,. + 0
 1869              	retry.1:
 1870 0000 00       		.space	1
 1871              		.section	.bss.step.0,"aw",%nobits
 1872              		.set	.LANCHOR7,. + 0
 1875              	step.0:
 1876 0000 00       		.space	1
ARM GAS  C:\Users\admin\AppData\Local\Temp\ccwPfCrn.s 			page 103


 1877              		.section	.bss.step.2,"aw",%nobits
 1878              		.set	.LANCHOR5,. + 0
 1881              	step.2:
 1882 0000 00       		.space	1
 1883              		.text
 1884              	.Letext0:
 1885              		.file 4 "c:\\program files (x86)\\gnu arm embedded toolchain\\10 2021.10\\arm-none-eabi\\include\\
 1886              		.file 5 "c:\\program files (x86)\\gnu arm embedded toolchain\\10 2021.10\\arm-none-eabi\\include\\
 1887              		.file 6 "Drivers/CMSIS/Device/ST/STM32H7xx/Include/stm32h743xx.h"
 1888              		.file 7 "Drivers/STM32H7xx_HAL_Driver/Inc/stm32h7xx_hal_def.h"
 1889              		.file 8 "Drivers/STM32H7xx_HAL_Driver/Inc/stm32h7xx_hal_dma.h"
 1890              		.file 9 "Drivers/STM32H7xx_HAL_Driver/Inc/stm32h7xx_hal_uart.h"
 1891              		.file 10 "Core/Lib/cubesat_data.h"
 1892              		.file 11 "Core/Logic/logic_comm.h"
 1893              		.file 12 "Core/Lib/packet_protocol.h"
 1894              		.file 13 "Core/Lib/lora_e32.h"
 1895              		.file 14 "Core/Lib/sdcard.h"
 1896              		.file 15 "Drivers/STM32H7xx_HAL_Driver/Inc/stm32h7xx_hal.h"
 1897              		.file 16 "Core/Logic/logic.h"
 1898              		.file 17 "Core/Hardware/hardware.h"
 1899              		.file 18 "<built-in>"
ARM GAS  C:\Users\admin\AppData\Local\Temp\ccwPfCrn.s 			page 104


DEFINED SYMBOLS
                            *ABS*:00000000 logic_comm.c
C:\Users\admin\AppData\Local\Temp\ccwPfCrn.s:19     .text.reset:00000000 $t
C:\Users\admin\AppData\Local\Temp\ccwPfCrn.s:24     .text.reset:00000000 reset
C:\Users\admin\AppData\Local\Temp\ccwPfCrn.s:79     .text.reset:00000038 $d
C:\Users\admin\AppData\Local\Temp\ccwPfCrn.s:88     .text.Logic_Comm_Phase_Prep:00000000 $t
C:\Users\admin\AppData\Local\Temp\ccwPfCrn.s:93     .text.Logic_Comm_Phase_Prep:00000000 Logic_Comm_Phase_Prep
C:\Users\admin\AppData\Local\Temp\ccwPfCrn.s:248    .text.Logic_Comm_Phase_Prep:0000009c $d
C:\Users\admin\AppData\Local\Temp\ccwPfCrn.s:256    .text.Logic_Comm_Phase_Beacon:00000000 $t
C:\Users\admin\AppData\Local\Temp\ccwPfCrn.s:261    .text.Logic_Comm_Phase_Beacon:00000000 Logic_Comm_Phase_Beacon
C:\Users\admin\AppData\Local\Temp\ccwPfCrn.s:385    .text.Logic_Comm_Phase_Beacon:0000007c $d
C:\Users\admin\AppData\Local\Temp\ccwPfCrn.s:394    .text.Logic_Comm_Handle_Command:00000000 $t
C:\Users\admin\AppData\Local\Temp\ccwPfCrn.s:399    .text.Logic_Comm_Handle_Command:00000000 Logic_Comm_Handle_Command
C:\Users\admin\AppData\Local\Temp\ccwPfCrn.s:440    .text.Logic_Comm_Handle_Command:0000001e $d
C:\Users\admin\AppData\Local\Temp\ccwPfCrn.s:733    .text.Logic_Comm_Handle_Command:00000134 $d
C:\Users\admin\AppData\Local\Temp\ccwPfCrn.s:742    .text.Logic_Comm_Phase_Listen:00000000 $t
C:\Users\admin\AppData\Local\Temp\ccwPfCrn.s:747    .text.Logic_Comm_Phase_Listen:00000000 Logic_Comm_Phase_Listen
C:\Users\admin\AppData\Local\Temp\ccwPfCrn.s:827    .text.Logic_Comm_Phase_Listen:0000005c $d
C:\Users\admin\AppData\Local\Temp\ccwPfCrn.s:833    .text.Logic_Comm_Phase_End:00000000 $t
C:\Users\admin\AppData\Local\Temp\ccwPfCrn.s:838    .text.Logic_Comm_Phase_End:00000000 Logic_Comm_Phase_End
C:\Users\admin\AppData\Local\Temp\ccwPfCrn.s:945    .text.Logic_Comm_Phase_End:00000064 $d
C:\Users\admin\AppData\Local\Temp\ccwPfCrn.s:952    .rodata.Logic_Comm_Phase_DataTx.str1.4:00000000 $d
C:\Users\admin\AppData\Local\Temp\ccwPfCrn.s:974    .text.Logic_Comm_Phase_DataTx:00000000 $t
C:\Users\admin\AppData\Local\Temp\ccwPfCrn.s:979    .text.Logic_Comm_Phase_DataTx:00000000 Logic_Comm_Phase_DataTx
C:\Users\admin\AppData\Local\Temp\ccwPfCrn.s:1332   .text.Logic_Comm_Phase_DataTx:000001a4 $d
C:\Users\admin\AppData\Local\Temp\ccwPfCrn.s:1842   .bss.dtx_buffer:00000000 dtx_buffer
C:\Users\admin\AppData\Local\Temp\ccwPfCrn.s:1348   .rodata.Logic_Comm_Init.str1.4:00000000 $d
C:\Users\admin\AppData\Local\Temp\ccwPfCrn.s:1352   .text.Logic_Comm_Init:00000000 $t
C:\Users\admin\AppData\Local\Temp\ccwPfCrn.s:1358   .text.Logic_Comm_Init:00000000 Logic_Comm_Init
C:\Users\admin\AppData\Local\Temp\ccwPfCrn.s:1395   .text.Logic_Comm_Init:00000020 $d
C:\Users\admin\AppData\Local\Temp\ccwPfCrn.s:1402   .rodata.Logic_Comm_Process.str1.4:00000000 $d
C:\Users\admin\AppData\Local\Temp\ccwPfCrn.s:1424   .text.Logic_Comm_Process:00000000 $t
C:\Users\admin\AppData\Local\Temp\ccwPfCrn.s:1430   .text.Logic_Comm_Process:00000000 Logic_Comm_Process
C:\Users\admin\AppData\Local\Temp\ccwPfCrn.s:1493   .text.Logic_Comm_Process:0000003a $d
C:\Users\admin\AppData\Local\Temp\ccwPfCrn.s:1500   .text.Logic_Comm_Process:00000040 $t
C:\Users\admin\AppData\Local\Temp\ccwPfCrn.s:1699   .text.Logic_Comm_Process:00000114 $d
C:\Users\admin\AppData\Local\Temp\ccwPfCrn.s:1715   .text.Logic_Comm_Abort:00000000 $t
C:\Users\admin\AppData\Local\Temp\ccwPfCrn.s:1721   .text.Logic_Comm_Abort:00000000 Logic_Comm_Abort
C:\Users\admin\AppData\Local\Temp\ccwPfCrn.s:1746   .text.Logic_Comm_Abort:00000010 $d
C:\Users\admin\AppData\Local\Temp\ccwPfCrn.s:1751   .text.Logic_Comm_GetPhase:00000000 $t
C:\Users\admin\AppData\Local\Temp\ccwPfCrn.s:1757   .text.Logic_Comm_GetPhase:00000000 Logic_Comm_GetPhase
C:\Users\admin\AppData\Local\Temp\ccwPfCrn.s:1772   .text.Logic_Comm_GetPhase:00000008 $d
C:\Users\admin\AppData\Local\Temp\ccwPfCrn.s:1777   .text.Logic_Comm_GetPhaseTimer:00000000 $t
C:\Users\admin\AppData\Local\Temp\ccwPfCrn.s:1783   .text.Logic_Comm_GetPhaseTimer:00000000 Logic_Comm_GetPhaseTimer
C:\Users\admin\AppData\Local\Temp\ccwPfCrn.s:1807   .text.Logic_Comm_GetPhaseTimer:00000010 $d
C:\Users\admin\AppData\Local\Temp\ccwPfCrn.s:1812   .bss.beacon:00000000 $d
C:\Users\admin\AppData\Local\Temp\ccwPfCrn.s:1816   .bss.beacon:00000000 beacon
C:\Users\admin\AppData\Local\Temp\ccwPfCrn.s:1819   .bss.comm_start_tick:00000000 $d
C:\Users\admin\AppData\Local\Temp\ccwPfCrn.s:1823   .bss.comm_start_tick:00000000 comm_start_tick
C:\Users\admin\AppData\Local\Temp\ccwPfCrn.s:1829   .bss.current_phase:00000000 current_phase
C:\Users\admin\AppData\Local\Temp\ccwPfCrn.s:1830   .bss.current_phase:00000000 $d
C:\Users\admin\AppData\Local\Temp\ccwPfCrn.s:1832   .bss.dtx:00000000 $d
C:\Users\admin\AppData\Local\Temp\ccwPfCrn.s:1836   .bss.dtx:00000000 dtx
C:\Users\admin\AppData\Local\Temp\ccwPfCrn.s:1839   .bss.dtx_buffer:00000000 $d
C:\Users\admin\AppData\Local\Temp\ccwPfCrn.s:1845   .bss.end_state:00000000 $d
C:\Users\admin\AppData\Local\Temp\ccwPfCrn.s:1849   .bss.end_state:00000000 end_state
C:\Users\admin\AppData\Local\Temp\ccwPfCrn.s:1852   .bss.listen_tick:00000000 $d
ARM GAS  C:\Users\admin\AppData\Local\Temp\ccwPfCrn.s 			page 105


C:\Users\admin\AppData\Local\Temp\ccwPfCrn.s:1856   .bss.listen_tick:00000000 listen_tick
C:\Users\admin\AppData\Local\Temp\ccwPfCrn.s:1859   .bss.lora:00000000 $d
C:\Users\admin\AppData\Local\Temp\ccwPfCrn.s:1863   .bss.lora:00000000 lora
C:\Users\admin\AppData\Local\Temp\ccwPfCrn.s:1869   .bss.retry.1:00000000 retry.1
C:\Users\admin\AppData\Local\Temp\ccwPfCrn.s:1870   .bss.retry.1:00000000 $d
C:\Users\admin\AppData\Local\Temp\ccwPfCrn.s:1875   .bss.step.0:00000000 step.0
C:\Users\admin\AppData\Local\Temp\ccwPfCrn.s:1876   .bss.step.0:00000000 $d
C:\Users\admin\AppData\Local\Temp\ccwPfCrn.s:1881   .bss.step.2:00000000 step.2
C:\Users\admin\AppData\Local\Temp\ccwPfCrn.s:1882   .bss.step.2:00000000 $d
C:\Users\admin\AppData\Local\Temp\ccwPfCrn.s:461    .text.Logic_Comm_Handle_Command:00000033 $d
C:\Users\admin\AppData\Local\Temp\ccwPfCrn.s:461    .text.Logic_Comm_Handle_Command:00000034 $t

UNDEFINED SYMBOLS
HW_Power_LoRa_Off
Logic_Battery_Check_Comm
HAL_GetTick
HW_Power_LoRa_On
LoRa_E32_Init
lora_config
lora_handle
Logic_GetHealth
Logic_GetStatus
Packet_Build_Beacon
LoRa_E32_Send
Packet_Build_Pong
memset
Packet_Build_Status
Packet_Build_ACK
Logic_Command_Set
Packet_Calculate_CRC
LoRa_E32_DataAvailable
LoRa_E32_Receive
Packet_Verify_CRC
Packet_Parse_Type
SD_ReadScience
Logic_Log
Packet_Parse_ACK
memcpy
Packet_Build_DataPacket
Packet_Build_End
Logic_Battery_Check_Critical
