ARM GAS  C:\Users\admin\AppData\Local\Temp\ccwE4F76.s 			page 1


   1              		.cpu cortex-m7
   2              		.arch armv7e-m
   3              		.fpu fpv5-d16
   4              		.eabi_attribute 28, 1
   5              		.eabi_attribute 20, 1
   6              		.eabi_attribute 21, 1
   7              		.eabi_attribute 23, 3
   8              		.eabi_attribute 24, 1
   9              		.eabi_attribute 25, 1
  10              		.eabi_attribute 26, 1
  11              		.eabi_attribute 30, 1
  12              		.eabi_attribute 34, 1
  13              		.eabi_attribute 18, 4
  14              		.file	"main.c"
  15              		.text
  16              	.Ltext0:
  17              		.cfi_sections	.debug_frame
  18              		.section	.text.MX_SDMMC1_SD_Init,"ax",%progbits
  19              		.align	1
  20              		.syntax unified
  21              		.thumb
  22              		.thumb_func
  24              	MX_SDMMC1_SD_Init:
  25              	.LFB157:
  26              		.file 1 "Core/Src/main.c"
   1:Core/Src/main.c **** /* USER CODE BEGIN Header */
   2:Core/Src/main.c **** /**
   3:Core/Src/main.c ****   ******************************************************************************
   4:Core/Src/main.c ****   * @file           : main.c
   5:Core/Src/main.c ****   * @brief          : Main program body
   6:Core/Src/main.c ****   ******************************************************************************
   7:Core/Src/main.c ****   * @attention
   8:Core/Src/main.c ****   *
   9:Core/Src/main.c ****   * Copyright (c) 2025 STMicroelectronics.
  10:Core/Src/main.c ****   * All rights reserved.
  11:Core/Src/main.c ****   *
  12:Core/Src/main.c ****   * This software is licensed under terms that can be found in the LICENSE file
  13:Core/Src/main.c ****   * in the root directory of this software component.
  14:Core/Src/main.c ****   * If no LICENSE file comes with this software, it is provided AS-IS.
  15:Core/Src/main.c ****   *
  16:Core/Src/main.c ****   ******************************************************************************
  17:Core/Src/main.c ****   */
  18:Core/Src/main.c **** /* USER CODE END Header */
  19:Core/Src/main.c **** /* Includes ------------------------------------------------------------------*/
  20:Core/Src/main.c **** #include "main.h"
  21:Core/Src/main.c **** #include "cmsis_os.h"
  22:Core/Src/main.c **** #include "fatfs.h"
  23:Core/Src/main.c **** 
  24:Core/Src/main.c **** /* Private includes ----------------------------------------------------------*/
  25:Core/Src/main.c **** /* USER CODE BEGIN Includes */
  26:Core/Src/main.c **** #include "hardware.h"
  27:Core/Src/main.c **** #include "sdcard.h"
  28:Core/Src/main.c **** #include <stdio.h>
  29:Core/Src/main.c **** #include <string.h>
  30:Core/Src/main.c **** /* USER CODE END Includes */
  31:Core/Src/main.c **** 
  32:Core/Src/main.c **** /* Private typedef -----------------------------------------------------------*/
ARM GAS  C:\Users\admin\AppData\Local\Temp\ccwE4F76.s 			page 2


  33:Core/Src/main.c **** /* USER CODE BEGIN PTD */
  34:Core/Src/main.c **** /* USER CODE END PTD */
  35:Core/Src/main.c **** 
  36:Core/Src/main.c **** /* Private define ------------------------------------------------------------*/
  37:Core/Src/main.c **** /* USER CODE BEGIN PD */
  38:Core/Src/main.c **** FATFS fs;
  39:Core/Src/main.c **** /* USER CODE END PD */
  40:Core/Src/main.c **** 
  41:Core/Src/main.c **** /* Private macro -------------------------------------------------------------*/
  42:Core/Src/main.c **** /* USER CODE BEGIN PM */
  43:Core/Src/main.c **** 
  44:Core/Src/main.c **** /* USER CODE END PM */
  45:Core/Src/main.c **** 
  46:Core/Src/main.c **** /* Private variables ---------------------------------------------------------*/
  47:Core/Src/main.c **** 
  48:Core/Src/main.c **** DCMI_HandleTypeDef hdcmi;
  49:Core/Src/main.c **** DMA_HandleTypeDef hdma_dcmi;
  50:Core/Src/main.c **** 
  51:Core/Src/main.c **** I2C_HandleTypeDef hi2c2;
  52:Core/Src/main.c **** I2C_HandleTypeDef hi2c4;
  53:Core/Src/main.c **** 
  54:Core/Src/main.c **** RTC_HandleTypeDef hrtc;
  55:Core/Src/main.c **** 
  56:Core/Src/main.c **** SD_HandleTypeDef hsd1;
  57:Core/Src/main.c **** 
  58:Core/Src/main.c **** UART_HandleTypeDef huart2;
  59:Core/Src/main.c **** UART_HandleTypeDef huart3;
  60:Core/Src/main.c **** 
  61:Core/Src/main.c **** /* Definitions for defaultTask */
  62:Core/Src/main.c **** osThreadId_t defaultTaskHandle;
  63:Core/Src/main.c **** const osThreadAttr_t defaultTask_attributes = {
  64:Core/Src/main.c ****   .name = "defaultTask",
  65:Core/Src/main.c ****   .stack_size = 128 * 4,
  66:Core/Src/main.c ****   .priority = (osPriority_t) osPriorityNormal,
  67:Core/Src/main.c **** };
  68:Core/Src/main.c **** /* USER CODE BEGIN PV */
  69:Core/Src/main.c **** 
  70:Core/Src/main.c **** /* USER CODE END PV */
  71:Core/Src/main.c **** 
  72:Core/Src/main.c **** /* Private function prototypes -----------------------------------------------*/
  73:Core/Src/main.c **** void SystemClock_Config(void);
  74:Core/Src/main.c **** static void MPU_Config(void);
  75:Core/Src/main.c **** static void MX_GPIO_Init(void);
  76:Core/Src/main.c **** static void MX_DMA_Init(void);
  77:Core/Src/main.c **** static void MX_USART2_UART_Init(void);
  78:Core/Src/main.c **** static void MX_I2C4_Init(void);
  79:Core/Src/main.c **** static void MX_I2C2_Init(void);
  80:Core/Src/main.c **** static void MX_DCMI_Init(void);
  81:Core/Src/main.c **** static void MX_SDMMC1_SD_Init(void);
  82:Core/Src/main.c **** static void MX_USART3_UART_Init(void);
  83:Core/Src/main.c **** static void MX_RTC_Init(void);
  84:Core/Src/main.c **** void StartDefaultTask(void *argument);
  85:Core/Src/main.c **** 
  86:Core/Src/main.c **** /* USER CODE BEGIN PFP */
  87:Core/Src/main.c **** 
  88:Core/Src/main.c **** /* USER CODE END PFP */
  89:Core/Src/main.c **** 
ARM GAS  C:\Users\admin\AppData\Local\Temp\ccwE4F76.s 			page 3


  90:Core/Src/main.c **** /* Private user code ---------------------------------------------------------*/
  91:Core/Src/main.c **** /* USER CODE BEGIN 0 */
  92:Core/Src/main.c **** 
  93:Core/Src/main.c **** 
  94:Core/Src/main.c **** /* USER CODE END 0 */
  95:Core/Src/main.c **** 
  96:Core/Src/main.c **** /**
  97:Core/Src/main.c ****   * @brief  The application entry point.
  98:Core/Src/main.c ****   * @retval int
  99:Core/Src/main.c ****   */
 100:Core/Src/main.c **** int main(void)
 101:Core/Src/main.c **** {
 102:Core/Src/main.c **** 
 103:Core/Src/main.c ****   /* USER CODE BEGIN 1 */
 104:Core/Src/main.c **** 
 105:Core/Src/main.c **** 
 106:Core/Src/main.c ****   /* USER CODE END 1 */
 107:Core/Src/main.c **** 
 108:Core/Src/main.c ****   /* MPU Configuration--------------------------------------------------------*/
 109:Core/Src/main.c ****   MPU_Config();
 110:Core/Src/main.c **** 
 111:Core/Src/main.c ****   /* MCU Configuration--------------------------------------------------------*/
 112:Core/Src/main.c **** 
 113:Core/Src/main.c ****   /* Reset of all peripherals, Initializes the Flash interface and the Systick. */
 114:Core/Src/main.c ****   HAL_Init();
 115:Core/Src/main.c **** 
 116:Core/Src/main.c ****   /* USER CODE BEGIN Init */
 117:Core/Src/main.c **** 	//SCB_DisableDCache();
 118:Core/Src/main.c ****   /* USER CODE END Init */
 119:Core/Src/main.c **** 
 120:Core/Src/main.c ****   /* Configure the system clock */
 121:Core/Src/main.c ****   SystemClock_Config();
 122:Core/Src/main.c **** 
 123:Core/Src/main.c ****   /* USER CODE BEGIN SysInit */
 124:Core/Src/main.c **** 
 125:Core/Src/main.c ****   /* USER CODE END SysInit */
 126:Core/Src/main.c **** 
 127:Core/Src/main.c ****   /* Initialize all configured peripherals */
 128:Core/Src/main.c ****   MX_GPIO_Init();
 129:Core/Src/main.c ****   MX_DMA_Init();
 130:Core/Src/main.c ****   MX_USART2_UART_Init();
 131:Core/Src/main.c ****   MX_I2C4_Init();
 132:Core/Src/main.c ****   MX_I2C2_Init();
 133:Core/Src/main.c ****   MX_DCMI_Init();
 134:Core/Src/main.c ****   MX_SDMMC1_SD_Init();
 135:Core/Src/main.c ****   MX_FATFS_Init();
 136:Core/Src/main.c ****   MX_USART3_UART_Init();
 137:Core/Src/main.c ****   MX_RTC_Init();
 138:Core/Src/main.c ****   /* USER CODE BEGIN 2 */
 139:Core/Src/main.c **** 	Hardware_UART_Printf("\r\n=== SD Card Test ===\r\n");
 140:Core/Src/main.c ****     Hardware_UART_Printf("NOTE: If mount fails, check:\r\n");
 141:Core/Src/main.c ****     Hardware_UART_Printf("  1. SD card formatted as FAT32\r\n");
 142:Core/Src/main.c ****     Hardware_UART_Printf("  2. Use sd_diskio_fixed.c for alignment\r\n");
 143:Core/Src/main.c ****     Hardware_UART_Printf("\r\n");
 144:Core/Src/main.c ****     
 145:Core/Src/main.c ****     // Kiểm tra SD Detect Pin (nếu có)
 146:Core/Src/main.c ****     Hardware_UART_Printf("0. Check SD Detect Pin...");
ARM GAS  C:\Users\admin\AppData\Local\Temp\ccwE4F76.s 			page 4


 147:Core/Src/main.c ****     // Nếu bạn có SD_DETECT_PIN, uncomment dòng sau:
 148:Core/Src/main.c ****     // HAL_GPIO_ReadPin(SD_DETECT_GPIO_Port, SD_DETECT_Pin);
 149:Core/Src/main.c ****     Hardware_UART_Printf("Skip\r\n");
 150:Core/Src/main.c ****     
 151:Core/Src/main.c ****     // Delay để SD card khởi động
 152:Core/Src/main.c ****     Hardware_UART_Printf("   Waiting for SD card ready...");
 153:Core/Src/main.c ****     HAL_Delay(1000);
 154:Core/Src/main.c ****     Hardware_UART_Printf("Done\r\n");
 155:Core/Src/main.c ****     
 156:Core/Src/main.c ****     // Kiểm tra BSP SD driver
 157:Core/Src/main.c ****     Hardware_UART_Printf("1. Check BSP SD Init...");
 158:Core/Src/main.c ****     uint8_t bsp_status = BSP_SD_Init();
 159:Core/Src/main.c ****     Hardware_UART_Printf("Result=%d ", bsp_status);
 160:Core/Src/main.c ****     
 161:Core/Src/main.c ****     if (bsp_status == MSD_OK) {
 162:Core/Src/main.c ****         Hardware_UART_Printf("(OK)\r\n");
 163:Core/Src/main.c ****         
 164:Core/Src/main.c ****         // Kiểm tra SD card info
 165:Core/Src/main.c ****         BSP_SD_CardInfo CardInfo;
 166:Core/Src/main.c ****         BSP_SD_GetCardInfo(&CardInfo);
 167:Core/Src/main.c ****         Hardware_UART_Printf("   Card Type: %lu\r\n", CardInfo.CardType);
 168:Core/Src/main.c ****         Hardware_UART_Printf("   Card Version: %lu\r\n", CardInfo.CardVersion);
 169:Core/Src/main.c ****         Hardware_UART_Printf("   Card Size: %lu MB\r\n", 
 170:Core/Src/main.c ****                (CardInfo.LogBlockNbr * CardInfo.LogBlockSize) / (1024*1024));
 171:Core/Src/main.c ****     } else {
 172:Core/Src/main.c ****         Hardware_UART_Printf("(FAIL)\r\n");
 173:Core/Src/main.c ****         Hardware_UART_Printf("   Error codes:\r\n");
 174:Core/Src/main.c ****         Hardware_UART_Printf("   1 = MSD_ERROR (No SD card detected)\r\n");
 175:Core/Src/main.c ****         Hardware_UART_Printf("   2 = MSD_ERROR_SD_NOT_PRESENT\r\n");
 176:Core/Src/main.c ****         Hardware_UART_Printf("\r\n");
 177:Core/Src/main.c ****         Hardware_UART_Printf("   Solutions:\r\n");
 178:Core/Src/main.c ****         Hardware_UART_Printf("   - Check SD card is inserted\r\n");
 179:Core/Src/main.c ****         Hardware_UART_Printf("   - Check SDMMC pins in CubeMX\r\n");
 180:Core/Src/main.c ****         Hardware_UART_Printf("   - Try different SD card\r\n");
 181:Core/Src/main.c ****         Hardware_UART_Printf("   - Reduce SDMMC clock speed\r\n");
 182:Core/Src/main.c ****     }
 183:Core/Src/main.c ****     
 184:Core/Src/main.c ****     HAL_Delay(100);
 185:Core/Src/main.c ****     
 186:Core/Src/main.c ****     /* Detailed Debug */
 187:Core/Src/main.c ****     Hardware_UART_Printf("\r\n=== Detailed Mount Debug ===\r\n");
 188:Core/Src/main.c ****     
 189:Core/Src/main.c ****     // Test 1: Disk driver
 190:Core/Src/main.c ****     Hardware_UART_Printf("1. Testing disk driver...\r\n");
 191:Core/Src/main.c ****     DSTATUS dstatus = disk_initialize(0);
 192:Core/Src/main.c ****     Hardware_UART_Printf("   disk_initialize(0) = 0x%02X\r\n", dstatus);
 193:Core/Src/main.c ****     if (dstatus == 0) {
 194:Core/Src/main.c ****         Hardware_UART_Printf("   [OK] Disk ready\r\n");
 195:Core/Src/main.c ****     } else {
 196:Core/Src/main.c ****         Hardware_UART_Printf("   [FAIL] Disk error:\r\n");
 197:Core/Src/main.c ****         if (dstatus & 0x01) Hardware_UART_Printf("     - STA_NOINIT: Not initialized\r\n");
 198:Core/Src/main.c ****         if (dstatus & 0x02) Hardware_UART_Printf("     - STA_NODISK: No disk\r\n");
 199:Core/Src/main.c ****         if (dstatus & 0x04) Hardware_UART_Printf("     - STA_PROTECT: Write protected\r\n");
 200:Core/Src/main.c ****     }
 201:Core/Src/main.c ****     
 202:Core/Src/main.c ****     // Test 2: Mount
 203:Core/Src/main.c ****     Hardware_UART_Printf("\r\n2. Testing f_mount...\r\n");
ARM GAS  C:\Users\admin\AppData\Local\Temp\ccwE4F76.s 			page 5


 204:Core/Src/main.c ****     FRESULT fres = f_mount(&fs, "0:", 1);
 205:Core/Src/main.c ****     Hardware_UART_Printf("   f_mount result = %d\r\n", fres);
 206:Core/Src/main.c ****     
 207:Core/Src/main.c ****     switch(fres) {
 208:Core/Src/main.c ****         case FR_OK:
 209:Core/Src/main.c ****             Hardware_UART_Printf("   [OK] Mounted!\r\n");
 210:Core/Src/main.c ****             break;
 211:Core/Src/main.c ****         case FR_DISK_ERR:
 212:Core/Src/main.c ****             Hardware_UART_Printf("   [FAIL] FR_DISK_ERR (1) - Hardware error\r\n");
 213:Core/Src/main.c ****             break;
 214:Core/Src/main.c ****         case FR_NOT_READY:
 215:Core/Src/main.c ****             Hardware_UART_Printf("   [FAIL] FR_NOT_READY (3) - Disk not ready\r\n");
 216:Core/Src/main.c ****             break;
 217:Core/Src/main.c ****         case FR_NO_FILESYSTEM:
 218:Core/Src/main.c ****             Hardware_UART_Printf("   [FAIL] FR_NO_FILESYSTEM (13)\r\n");
 219:Core/Src/main.c ****             Hardware_UART_Printf("   *** SD CARD NOT FORMATTED AS FAT32! ***\r\n");
 220:Core/Src/main.c ****             Hardware_UART_Printf("   *** FORMAT IT ON PC AS FAT32 ***\r\n");
 221:Core/Src/main.c ****             break;
 222:Core/Src/main.c ****         case FR_INVALID_DRIVE:
 223:Core/Src/main.c ****             Hardware_UART_Printf("   [FAIL] FR_INVALID_DRIVE (11)\r\n");
 224:Core/Src/main.c ****             break;
 225:Core/Src/main.c ****         default:
 226:Core/Src/main.c ****             Hardware_UART_Printf("   [FAIL] Error: %d\r\n", fres);
 227:Core/Src/main.c ****             break;
 228:Core/Src/main.c ****     }
 229:Core/Src/main.c ****     
 230:Core/Src/main.c ****     // Test 3: Read sector (dùng static buffer để tránh lỗi alignment)
 231:Core/Src/main.c ****     if (dstatus == 0) {
 232:Core/Src/main.c ****         Hardware_UART_Printf("\r\n3. Testing disk read...\r\n");
 233:Core/Src/main.c ****         static uint8_t test_buffer[512] __attribute__((aligned(32)));
 234:Core/Src/main.c ****         DRESULT dres = disk_read(0, test_buffer, 0, 1);
 235:Core/Src/main.c ****         Hardware_UART_Printf("   disk_read = %d ", dres);
 236:Core/Src/main.c ****         if (dres == RES_OK) {
 237:Core/Src/main.c ****             Hardware_UART_Printf("OK\r\n");
 238:Core/Src/main.c ****             Hardware_UART_Printf("   Sector 0: %02X %02X %02X %02X...\r\n", 
 239:Core/Src/main.c ****                    test_buffer[0], test_buffer[1], test_buffer[2], test_buffer[3]);
 240:Core/Src/main.c ****         } else {
 241:Core/Src/main.c ****             Hardware_UART_Printf("FAIL\r\n");
 242:Core/Src/main.c ****         }
 243:Core/Src/main.c ****     }
 244:Core/Src/main.c ****     
 245:Core/Src/main.c ****     Hardware_UART_Printf("\r\n======================\r\n\r\n");
 246:Core/Src/main.c ****     
 247:Core/Src/main.c ****     /* Test SD Card */
 248:Core/Src/main.c ****     sd_status_t status;
 249:Core/Src/main.c ****     uint8_t data[100];
 250:Core/Src/main.c ****     uint32_t len;
 251:Core/Src/main.c ****     
 252:Core/Src/main.c ****     // 2. Mount filesystem
 253:Core/Src/main.c ****     Hardware_UART_Printf("2. Mount SD...");
 254:Core/Src/main.c ****     status = SD_Init();
 255:Core/Src/main.c ****     if (status == SD_OK) {
 256:Core/Src/main.c ****         Hardware_UART_Printf("OK\r\n");
 257:Core/Src/main.c ****     } else {
 258:Core/Src/main.c ****         Hardware_UART_Printf("FAIL (%d)\r\n", status);
 259:Core/Src/main.c ****         
 260:Core/Src/main.c ****         // Debug chi tiết FRESULT
ARM GAS  C:\Users\admin\AppData\Local\Temp\ccwE4F76.s 			page 6


 261:Core/Src/main.c ****         Hardware_UART_Printf("\r\n=== FatFS Mount Debug ===\r\n");
 262:Core/Src/main.c ****         FRESULT fres = f_mount(&fs, "0:", 1);
 263:Core/Src/main.c ****         Hardware_UART_Printf("f_mount FRESULT = %d\r\n", fres);
 264:Core/Src/main.c ****         Hardware_UART_Printf("\r\nFRESULT codes:\r\n");
 265:Core/Src/main.c ****         Hardware_UART_Printf("  0 = FR_OK (Success)\r\n");
 266:Core/Src/main.c ****         Hardware_UART_Printf("  1 = FR_DISK_ERR (Hardware error)\r\n");
 267:Core/Src/main.c ****         Hardware_UART_Printf("  2 = FR_INT_ERR (Assert failed)\r\n");
 268:Core/Src/main.c ****         Hardware_UART_Printf("  3 = FR_NOT_READY (Disk not ready)\r\n");
 269:Core/Src/main.c ****         Hardware_UART_Printf("  4 = FR_NO_FILE\r\n");
 270:Core/Src/main.c ****         Hardware_UART_Printf("  5 = FR_NO_PATH\r\n");
 271:Core/Src/main.c ****         Hardware_UART_Printf("  6 = FR_INVALID_NAME\r\n");
 272:Core/Src/main.c ****         Hardware_UART_Printf("  7 = FR_DENIED\r\n");
 273:Core/Src/main.c ****         Hardware_UART_Printf("  8 = FR_EXIST\r\n");
 274:Core/Src/main.c ****         Hardware_UART_Printf("  9 = FR_INVALID_OBJECT\r\n");
 275:Core/Src/main.c ****         Hardware_UART_Printf(" 10 = FR_WRITE_PROTECTED\r\n");
 276:Core/Src/main.c ****         Hardware_UART_Printf(" 11 = FR_INVALID_DRIVE\r\n");
 277:Core/Src/main.c ****         Hardware_UART_Printf(" 12 = FR_NOT_ENABLED\r\n");
 278:Core/Src/main.c ****         Hardware_UART_Printf(" 13 = FR_NO_FILESYSTEM (Not formatted FAT)\r\n");
 279:Core/Src/main.c ****         Hardware_UART_Printf(" 14 = FR_MKFS_ABORTED\r\n");
 280:Core/Src/main.c ****         Hardware_UART_Printf(" 15 = FR_TIMEOUT\r\n");
 281:Core/Src/main.c ****         
 282:Core/Src/main.c ****         // Test disk_initialize
 283:Core/Src/main.c ****         Hardware_UART_Printf("\r\n=== Disk Driver Test ===\r\n");
 284:Core/Src/main.c ****         DSTATUS disk_stat = disk_initialize(0);
 285:Core/Src/main.c ****         Hardware_UART_Printf("disk_initialize = 0x%02X\r\n", disk_stat);
 286:Core/Src/main.c ****         Hardware_UART_Printf("  0x00 = OK\r\n");
 287:Core/Src/main.c ****         Hardware_UART_Printf("  0x01 = STA_NOINIT (Not initialized)\r\n");
 288:Core/Src/main.c ****         Hardware_UART_Printf("  0x02 = STA_NODISK (No disk)\r\n");
 289:Core/Src/main.c ****         Hardware_UART_Printf("  0x04 = STA_PROTECT (Write protected)\r\n");
 290:Core/Src/main.c ****         
 291:Core/Src/main.c ****         // Thử format nếu không có filesystem
 292:Core/Src/main.c ****         if (fres == FR_NO_FILESYSTEM) {
 293:Core/Src/main.c ****             Hardware_UART_Printf("\r\n=== No filesystem detected ===\r\n");
 294:Core/Src/main.c ****             Hardware_UART_Printf("SD card needs to be formatted as FAT32\r\n");
 295:Core/Src/main.c ****             Hardware_UART_Printf("Options:\r\n");
 296:Core/Src/main.c ****             Hardware_UART_Printf("  1. Format on PC as FAT32\r\n");
 297:Core/Src/main.c ****             Hardware_UART_Printf("  2. Or try f_mkfs() to format here\r\n");
 298:Core/Src/main.c ****         }
 299:Core/Src/main.c ****         
 300:Core/Src/main.c ****         while(1);
 301:Core/Src/main.c ****     }
 302:Core/Src/main.c ****     
 303:Core/Src/main.c ****     // 2. Ghi dữ liệu
 304:Core/Src/main.c ****     Hardware_UART_Printf("2. Write data...");
 305:Core/Src/main.c ****     for (int i = 0; i < 100; i++) {
 306:Core/Src/main.c ****         data[i] = i;
 307:Core/Src/main.c ****     }
 308:Core/Src/main.c ****     status = SD_WriteScience(data, 100);
 309:Core/Src/main.c ****     Hardware_UART_Printf("%s\r\n", (status == SD_OK) ? "OK" : "FAIL");
 310:Core/Src/main.c ****     
 311:Core/Src/main.c ****     // 3. Đọc lại
 312:Core/Src/main.c ****     Hardware_UART_Printf("3. Read data...");
 313:Core/Src/main.c ****     len = 100;
 314:Core/Src/main.c ****     status = SD_ReadScience(data, &len);
 315:Core/Src/main.c ****     if (status == SD_OK) {
 316:Core/Src/main.c ****         Hardware_UART_Printf("OK (%lu bytes)\r\n", len);
 317:Core/Src/main.c ****         
ARM GAS  C:\Users\admin\AppData\Local\Temp\ccwE4F76.s 			page 7


 318:Core/Src/main.c ****         // Kiểm tra dữ liệu
 319:Core/Src/main.c ****         uint8_t ok = 1;
 320:Core/Src/main.c ****         for (int i = 0; i < 100; i++) {
 321:Core/Src/main.c ****             if (data[i] != i) {
 322:Core/Src/main.c ****                 ok = 0;
 323:Core/Src/main.c ****                 Hardware_UART_Printf("   Error at byte %d\r\n", i);
 324:Core/Src/main.c ****                 break;
 325:Core/Src/main.c ****             }
 326:Core/Src/main.c ****         }
 327:Core/Src/main.c ****         if (ok) Hardware_UART_Printf("   Data verified OK\r\n");
 328:Core/Src/main.c ****     } else {
 329:Core/Src/main.c ****         Hardware_UART_Printf("FAIL\r\n");
 330:Core/Src/main.c ****     }
 331:Core/Src/main.c ****     
 332:Core/Src/main.c ****     // 4. Xem thông tin
 333:Core/Src/main.c ****     uint32_t free = SD_GetFreeKB();
 334:Core/Src/main.c ****     uint32_t used = SD_GetUsedKB();
 335:Core/Src/main.c ****     Hardware_UART_Printf("4. Info:\r\n");
 336:Core/Src/main.c ****     Hardware_UART_Printf("   Free: %lu KB\r\n", free);
 337:Core/Src/main.c ****     Hardware_UART_Printf("   Used: %lu KB\r\n", used);
 338:Core/Src/main.c ****     
 339:Core/Src/main.c ****     Hardware_UART_Printf("\r\n=== Test Done ===\r\n");
 340:Core/Src/main.c ****   /* USER CODE END 2 */
 341:Core/Src/main.c **** 
 342:Core/Src/main.c ****   /* Init scheduler */
 343:Core/Src/main.c ****   osKernelInitialize();
 344:Core/Src/main.c **** 
 345:Core/Src/main.c ****   /* USER CODE BEGIN RTOS_MUTEX */
 346:Core/Src/main.c ****   /* add mutexes, ... */
 347:Core/Src/main.c ****   /* USER CODE END RTOS_MUTEX */
 348:Core/Src/main.c **** 
 349:Core/Src/main.c ****   /* USER CODE BEGIN RTOS_SEMAPHORES */
 350:Core/Src/main.c ****   /* add semaphores, ... */
 351:Core/Src/main.c ****   /* USER CODE END RTOS_SEMAPHORES */
 352:Core/Src/main.c **** 
 353:Core/Src/main.c ****   /* USER CODE BEGIN RTOS_TIMERS */
 354:Core/Src/main.c ****   /* start timers, add new ones, ... */
 355:Core/Src/main.c ****   /* USER CODE END RTOS_TIMERS */
 356:Core/Src/main.c **** 
 357:Core/Src/main.c ****   /* USER CODE BEGIN RTOS_QUEUES */
 358:Core/Src/main.c ****   /* add queues, ... */
 359:Core/Src/main.c ****   /* USER CODE END RTOS_QUEUES */
 360:Core/Src/main.c **** 
 361:Core/Src/main.c ****   /* Create the thread(s) */
 362:Core/Src/main.c ****   /* creation of defaultTask */
 363:Core/Src/main.c ****   defaultTaskHandle = osThreadNew(StartDefaultTask, NULL, &defaultTask_attributes);
 364:Core/Src/main.c **** 
 365:Core/Src/main.c ****   /* USER CODE BEGIN RTOS_THREADS */
 366:Core/Src/main.c ****   /* add threads, ... */
 367:Core/Src/main.c ****   /* USER CODE END RTOS_THREADS */
 368:Core/Src/main.c **** 
 369:Core/Src/main.c ****   /* USER CODE BEGIN RTOS_EVENTS */
 370:Core/Src/main.c ****   /* add events, ... */
 371:Core/Src/main.c ****   /* USER CODE END RTOS_EVENTS */
 372:Core/Src/main.c **** 
 373:Core/Src/main.c ****   /* Start scheduler */
 374:Core/Src/main.c ****   osKernelStart();
ARM GAS  C:\Users\admin\AppData\Local\Temp\ccwE4F76.s 			page 8


 375:Core/Src/main.c **** 
 376:Core/Src/main.c ****   /* We should never get here as control is now taken by the scheduler */
 377:Core/Src/main.c **** 
 378:Core/Src/main.c ****   /* Infinite loop */
 379:Core/Src/main.c ****   /* USER CODE BEGIN WHILE */
 380:Core/Src/main.c ****   while (1)
 381:Core/Src/main.c ****   {
 382:Core/Src/main.c **** 		HAL_Delay(1000);
 383:Core/Src/main.c ****     /* USER CODE END WHILE */
 384:Core/Src/main.c **** 
 385:Core/Src/main.c ****     /* USER CODE BEGIN 3 */
 386:Core/Src/main.c ****     
 387:Core/Src/main.c ****   }
 388:Core/Src/main.c ****   /* USER CODE END 3 */
 389:Core/Src/main.c **** }
 390:Core/Src/main.c **** 
 391:Core/Src/main.c **** /**
 392:Core/Src/main.c ****   * @brief System Clock Configuration
 393:Core/Src/main.c ****   * @retval None
 394:Core/Src/main.c ****   */
 395:Core/Src/main.c **** void SystemClock_Config(void)
 396:Core/Src/main.c **** {
 397:Core/Src/main.c ****   RCC_OscInitTypeDef RCC_OscInitStruct = {0};
 398:Core/Src/main.c ****   RCC_ClkInitTypeDef RCC_ClkInitStruct = {0};
 399:Core/Src/main.c **** 
 400:Core/Src/main.c ****   /** Supply configuration update enable
 401:Core/Src/main.c ****   */
 402:Core/Src/main.c ****   HAL_PWREx_ConfigSupply(PWR_LDO_SUPPLY);
 403:Core/Src/main.c **** 
 404:Core/Src/main.c ****   /** Configure the main internal regulator output voltage
 405:Core/Src/main.c ****   */
 406:Core/Src/main.c ****   __HAL_PWR_VOLTAGESCALING_CONFIG(PWR_REGULATOR_VOLTAGE_SCALE3);
 407:Core/Src/main.c **** 
 408:Core/Src/main.c ****   while(!__HAL_PWR_GET_FLAG(PWR_FLAG_VOSRDY)) {}
 409:Core/Src/main.c **** 
 410:Core/Src/main.c ****   /** Initializes the RCC Oscillators according to the specified parameters
 411:Core/Src/main.c ****   * in the RCC_OscInitTypeDef structure.
 412:Core/Src/main.c ****   */
 413:Core/Src/main.c ****   RCC_OscInitStruct.OscillatorType = RCC_OSCILLATORTYPE_HSI|RCC_OSCILLATORTYPE_LSI;
 414:Core/Src/main.c ****   RCC_OscInitStruct.HSIState = RCC_HSI_DIV1;
 415:Core/Src/main.c ****   RCC_OscInitStruct.HSICalibrationValue = RCC_HSICALIBRATION_DEFAULT;
 416:Core/Src/main.c ****   RCC_OscInitStruct.LSIState = RCC_LSI_ON;
 417:Core/Src/main.c ****   RCC_OscInitStruct.PLL.PLLState = RCC_PLL_ON;
 418:Core/Src/main.c ****   RCC_OscInitStruct.PLL.PLLSource = RCC_PLLSOURCE_HSI;
 419:Core/Src/main.c ****   RCC_OscInitStruct.PLL.PLLM = 4;
 420:Core/Src/main.c ****   RCC_OscInitStruct.PLL.PLLN = 10;
 421:Core/Src/main.c ****   RCC_OscInitStruct.PLL.PLLP = 2;
 422:Core/Src/main.c ****   RCC_OscInitStruct.PLL.PLLQ = 2;
 423:Core/Src/main.c ****   RCC_OscInitStruct.PLL.PLLR = 2;
 424:Core/Src/main.c ****   RCC_OscInitStruct.PLL.PLLRGE = RCC_PLL1VCIRANGE_3;
 425:Core/Src/main.c ****   RCC_OscInitStruct.PLL.PLLVCOSEL = RCC_PLL1VCOMEDIUM;
 426:Core/Src/main.c ****   RCC_OscInitStruct.PLL.PLLFRACN = 0;
 427:Core/Src/main.c ****   if (HAL_RCC_OscConfig(&RCC_OscInitStruct) != HAL_OK)
 428:Core/Src/main.c ****   {
 429:Core/Src/main.c ****     Error_Handler();
 430:Core/Src/main.c ****   }
 431:Core/Src/main.c **** 
ARM GAS  C:\Users\admin\AppData\Local\Temp\ccwE4F76.s 			page 9


 432:Core/Src/main.c ****   /** Initializes the CPU, AHB and APB buses clocks
 433:Core/Src/main.c ****   */
 434:Core/Src/main.c ****   RCC_ClkInitStruct.ClockType = RCC_CLOCKTYPE_HCLK|RCC_CLOCKTYPE_SYSCLK
 435:Core/Src/main.c ****                               |RCC_CLOCKTYPE_PCLK1|RCC_CLOCKTYPE_PCLK2
 436:Core/Src/main.c ****                               |RCC_CLOCKTYPE_D3PCLK1|RCC_CLOCKTYPE_D1PCLK1;
 437:Core/Src/main.c ****   RCC_ClkInitStruct.SYSCLKSource = RCC_SYSCLKSOURCE_HSI;
 438:Core/Src/main.c ****   RCC_ClkInitStruct.SYSCLKDivider = RCC_SYSCLK_DIV1;
 439:Core/Src/main.c ****   RCC_ClkInitStruct.AHBCLKDivider = RCC_HCLK_DIV1;
 440:Core/Src/main.c ****   RCC_ClkInitStruct.APB3CLKDivider = RCC_APB3_DIV1;
 441:Core/Src/main.c ****   RCC_ClkInitStruct.APB1CLKDivider = RCC_APB1_DIV2;
 442:Core/Src/main.c ****   RCC_ClkInitStruct.APB2CLKDivider = RCC_APB2_DIV2;
 443:Core/Src/main.c ****   RCC_ClkInitStruct.APB4CLKDivider = RCC_APB4_DIV2;
 444:Core/Src/main.c **** 
 445:Core/Src/main.c ****   if (HAL_RCC_ClockConfig(&RCC_ClkInitStruct, FLASH_LATENCY_1) != HAL_OK)
 446:Core/Src/main.c ****   {
 447:Core/Src/main.c ****     Error_Handler();
 448:Core/Src/main.c ****   }
 449:Core/Src/main.c **** }
 450:Core/Src/main.c **** 
 451:Core/Src/main.c **** /**
 452:Core/Src/main.c ****   * @brief DCMI Initialization Function
 453:Core/Src/main.c ****   * @param None
 454:Core/Src/main.c ****   * @retval None
 455:Core/Src/main.c ****   */
 456:Core/Src/main.c **** static void MX_DCMI_Init(void)
 457:Core/Src/main.c **** {
 458:Core/Src/main.c **** 
 459:Core/Src/main.c ****   /* USER CODE BEGIN DCMI_Init 0 */
 460:Core/Src/main.c **** 
 461:Core/Src/main.c ****   /* USER CODE END DCMI_Init 0 */
 462:Core/Src/main.c **** 
 463:Core/Src/main.c ****   /* USER CODE BEGIN DCMI_Init 1 */
 464:Core/Src/main.c **** 
 465:Core/Src/main.c ****   /* USER CODE END DCMI_Init 1 */
 466:Core/Src/main.c ****   hdcmi.Instance = DCMI;
 467:Core/Src/main.c ****   hdcmi.Init.SynchroMode = DCMI_SYNCHRO_HARDWARE;
 468:Core/Src/main.c ****   hdcmi.Init.PCKPolarity = DCMI_PCKPOLARITY_FALLING;
 469:Core/Src/main.c ****   hdcmi.Init.VSPolarity = DCMI_VSPOLARITY_LOW;
 470:Core/Src/main.c ****   hdcmi.Init.HSPolarity = DCMI_HSPOLARITY_LOW;
 471:Core/Src/main.c ****   hdcmi.Init.CaptureRate = DCMI_CR_ALL_FRAME;
 472:Core/Src/main.c ****   hdcmi.Init.ExtendedDataMode = DCMI_EXTEND_DATA_8B;
 473:Core/Src/main.c ****   hdcmi.Init.JPEGMode = DCMI_JPEG_DISABLE;
 474:Core/Src/main.c ****   hdcmi.Init.ByteSelectMode = DCMI_BSM_ALL;
 475:Core/Src/main.c ****   hdcmi.Init.ByteSelectStart = DCMI_OEBS_ODD;
 476:Core/Src/main.c ****   hdcmi.Init.LineSelectMode = DCMI_LSM_ALL;
 477:Core/Src/main.c ****   hdcmi.Init.LineSelectStart = DCMI_OELS_ODD;
 478:Core/Src/main.c ****   if (HAL_DCMI_Init(&hdcmi) != HAL_OK)
 479:Core/Src/main.c ****   {
 480:Core/Src/main.c ****     Error_Handler();
 481:Core/Src/main.c ****   }
 482:Core/Src/main.c ****   /* USER CODE BEGIN DCMI_Init 2 */
 483:Core/Src/main.c **** 
 484:Core/Src/main.c ****   /* USER CODE END DCMI_Init 2 */
 485:Core/Src/main.c **** 
 486:Core/Src/main.c **** }
 487:Core/Src/main.c **** 
 488:Core/Src/main.c **** /**
ARM GAS  C:\Users\admin\AppData\Local\Temp\ccwE4F76.s 			page 10


 489:Core/Src/main.c ****   * @brief I2C2 Initialization Function
 490:Core/Src/main.c ****   * @param None
 491:Core/Src/main.c ****   * @retval None
 492:Core/Src/main.c ****   */
 493:Core/Src/main.c **** static void MX_I2C2_Init(void)
 494:Core/Src/main.c **** {
 495:Core/Src/main.c **** 
 496:Core/Src/main.c ****   /* USER CODE BEGIN I2C2_Init 0 */
 497:Core/Src/main.c **** 
 498:Core/Src/main.c ****   /* USER CODE END I2C2_Init 0 */
 499:Core/Src/main.c **** 
 500:Core/Src/main.c ****   /* USER CODE BEGIN I2C2_Init 1 */
 501:Core/Src/main.c **** 
 502:Core/Src/main.c ****   /* USER CODE END I2C2_Init 1 */
 503:Core/Src/main.c ****   hi2c2.Instance = I2C2;
 504:Core/Src/main.c ****   hi2c2.Init.Timing = 0x00707CBB;
 505:Core/Src/main.c ****   hi2c2.Init.OwnAddress1 = 0;
 506:Core/Src/main.c ****   hi2c2.Init.AddressingMode = I2C_ADDRESSINGMODE_7BIT;
 507:Core/Src/main.c ****   hi2c2.Init.DualAddressMode = I2C_DUALADDRESS_DISABLE;
 508:Core/Src/main.c ****   hi2c2.Init.OwnAddress2 = 0;
 509:Core/Src/main.c ****   hi2c2.Init.OwnAddress2Masks = I2C_OA2_NOMASK;
 510:Core/Src/main.c ****   hi2c2.Init.GeneralCallMode = I2C_GENERALCALL_DISABLE;
 511:Core/Src/main.c ****   hi2c2.Init.NoStretchMode = I2C_NOSTRETCH_DISABLE;
 512:Core/Src/main.c ****   if (HAL_I2C_Init(&hi2c2) != HAL_OK)
 513:Core/Src/main.c ****   {
 514:Core/Src/main.c ****     Error_Handler();
 515:Core/Src/main.c ****   }
 516:Core/Src/main.c **** 
 517:Core/Src/main.c ****   /** Configure Analogue filter
 518:Core/Src/main.c ****   */
 519:Core/Src/main.c ****   if (HAL_I2CEx_ConfigAnalogFilter(&hi2c2, I2C_ANALOGFILTER_ENABLE) != HAL_OK)
 520:Core/Src/main.c ****   {
 521:Core/Src/main.c ****     Error_Handler();
 522:Core/Src/main.c ****   }
 523:Core/Src/main.c **** 
 524:Core/Src/main.c ****   /** Configure Digital filter
 525:Core/Src/main.c ****   */
 526:Core/Src/main.c ****   if (HAL_I2CEx_ConfigDigitalFilter(&hi2c2, 0) != HAL_OK)
 527:Core/Src/main.c ****   {
 528:Core/Src/main.c ****     Error_Handler();
 529:Core/Src/main.c ****   }
 530:Core/Src/main.c ****   /* USER CODE BEGIN I2C2_Init 2 */
 531:Core/Src/main.c **** 
 532:Core/Src/main.c ****   /* USER CODE END I2C2_Init 2 */
 533:Core/Src/main.c **** 
 534:Core/Src/main.c **** }
 535:Core/Src/main.c **** 
 536:Core/Src/main.c **** /**
 537:Core/Src/main.c ****   * @brief I2C4 Initialization Function
 538:Core/Src/main.c ****   * @param None
 539:Core/Src/main.c ****   * @retval None
 540:Core/Src/main.c ****   */
 541:Core/Src/main.c **** static void MX_I2C4_Init(void)
 542:Core/Src/main.c **** {
 543:Core/Src/main.c **** 
 544:Core/Src/main.c ****   /* USER CODE BEGIN I2C4_Init 0 */
 545:Core/Src/main.c **** 
ARM GAS  C:\Users\admin\AppData\Local\Temp\ccwE4F76.s 			page 11


 546:Core/Src/main.c ****   /* USER CODE END I2C4_Init 0 */
 547:Core/Src/main.c **** 
 548:Core/Src/main.c ****   /* USER CODE BEGIN I2C4_Init 1 */
 549:Core/Src/main.c **** 
 550:Core/Src/main.c ****   /* USER CODE END I2C4_Init 1 */
 551:Core/Src/main.c ****   hi2c4.Instance = I2C4;
 552:Core/Src/main.c ****   hi2c4.Init.Timing = 0x00707CBB;
 553:Core/Src/main.c ****   hi2c4.Init.OwnAddress1 = 0;
 554:Core/Src/main.c ****   hi2c4.Init.AddressingMode = I2C_ADDRESSINGMODE_7BIT;
 555:Core/Src/main.c ****   hi2c4.Init.DualAddressMode = I2C_DUALADDRESS_DISABLE;
 556:Core/Src/main.c ****   hi2c4.Init.OwnAddress2 = 0;
 557:Core/Src/main.c ****   hi2c4.Init.OwnAddress2Masks = I2C_OA2_NOMASK;
 558:Core/Src/main.c ****   hi2c4.Init.GeneralCallMode = I2C_GENERALCALL_DISABLE;
 559:Core/Src/main.c ****   hi2c4.Init.NoStretchMode = I2C_NOSTRETCH_DISABLE;
 560:Core/Src/main.c ****   if (HAL_I2C_Init(&hi2c4) != HAL_OK)
 561:Core/Src/main.c ****   {
 562:Core/Src/main.c ****     Error_Handler();
 563:Core/Src/main.c ****   }
 564:Core/Src/main.c **** 
 565:Core/Src/main.c ****   /** Configure Analogue filter
 566:Core/Src/main.c ****   */
 567:Core/Src/main.c ****   if (HAL_I2CEx_ConfigAnalogFilter(&hi2c4, I2C_ANALOGFILTER_ENABLE) != HAL_OK)
 568:Core/Src/main.c ****   {
 569:Core/Src/main.c ****     Error_Handler();
 570:Core/Src/main.c ****   }
 571:Core/Src/main.c **** 
 572:Core/Src/main.c ****   /** Configure Digital filter
 573:Core/Src/main.c ****   */
 574:Core/Src/main.c ****   if (HAL_I2CEx_ConfigDigitalFilter(&hi2c4, 0) != HAL_OK)
 575:Core/Src/main.c ****   {
 576:Core/Src/main.c ****     Error_Handler();
 577:Core/Src/main.c ****   }
 578:Core/Src/main.c ****   /* USER CODE BEGIN I2C4_Init 2 */
 579:Core/Src/main.c **** 
 580:Core/Src/main.c ****   /* USER CODE END I2C4_Init 2 */
 581:Core/Src/main.c **** 
 582:Core/Src/main.c **** }
 583:Core/Src/main.c **** 
 584:Core/Src/main.c **** /**
 585:Core/Src/main.c ****   * @brief RTC Initialization Function
 586:Core/Src/main.c ****   * @param None
 587:Core/Src/main.c ****   * @retval None
 588:Core/Src/main.c ****   */
 589:Core/Src/main.c **** static void MX_RTC_Init(void)
 590:Core/Src/main.c **** {
 591:Core/Src/main.c **** 
 592:Core/Src/main.c ****   /* USER CODE BEGIN RTC_Init 0 */
 593:Core/Src/main.c **** 
 594:Core/Src/main.c ****   /* USER CODE END RTC_Init 0 */
 595:Core/Src/main.c **** 
 596:Core/Src/main.c ****   RTC_TimeTypeDef sTime = {0};
 597:Core/Src/main.c ****   RTC_DateTypeDef sDate = {0};
 598:Core/Src/main.c **** 
 599:Core/Src/main.c ****   /* USER CODE BEGIN RTC_Init 1 */
 600:Core/Src/main.c **** 
 601:Core/Src/main.c ****   /* USER CODE END RTC_Init 1 */
 602:Core/Src/main.c **** 
ARM GAS  C:\Users\admin\AppData\Local\Temp\ccwE4F76.s 			page 12


 603:Core/Src/main.c ****   /** Initialize RTC Only
 604:Core/Src/main.c ****   */
 605:Core/Src/main.c ****   hrtc.Instance = RTC;
 606:Core/Src/main.c ****   hrtc.Init.HourFormat = RTC_HOURFORMAT_24;
 607:Core/Src/main.c ****   hrtc.Init.AsynchPrediv = 127;
 608:Core/Src/main.c ****   hrtc.Init.SynchPrediv = 255;
 609:Core/Src/main.c ****   hrtc.Init.OutPut = RTC_OUTPUT_DISABLE;
 610:Core/Src/main.c ****   hrtc.Init.OutPutPolarity = RTC_OUTPUT_POLARITY_HIGH;
 611:Core/Src/main.c ****   hrtc.Init.OutPutType = RTC_OUTPUT_TYPE_OPENDRAIN;
 612:Core/Src/main.c ****   hrtc.Init.OutPutRemap = RTC_OUTPUT_REMAP_NONE;
 613:Core/Src/main.c ****   if (HAL_RTC_Init(&hrtc) != HAL_OK)
 614:Core/Src/main.c ****   {
 615:Core/Src/main.c ****     Error_Handler();
 616:Core/Src/main.c ****   }
 617:Core/Src/main.c **** 
 618:Core/Src/main.c ****   /* USER CODE BEGIN Check_RTC_BKUP */
 619:Core/Src/main.c **** 
 620:Core/Src/main.c ****   /* USER CODE END Check_RTC_BKUP */
 621:Core/Src/main.c **** 
 622:Core/Src/main.c ****   /** Initialize RTC and set the Time and Date
 623:Core/Src/main.c ****   */
 624:Core/Src/main.c ****   sTime.Hours = 0x0;
 625:Core/Src/main.c ****   sTime.Minutes = 0x0;
 626:Core/Src/main.c ****   sTime.Seconds = 0x0;
 627:Core/Src/main.c ****   sTime.DayLightSaving = RTC_DAYLIGHTSAVING_NONE;
 628:Core/Src/main.c ****   sTime.StoreOperation = RTC_STOREOPERATION_RESET;
 629:Core/Src/main.c ****   if (HAL_RTC_SetTime(&hrtc, &sTime, RTC_FORMAT_BCD) != HAL_OK)
 630:Core/Src/main.c ****   {
 631:Core/Src/main.c ****     Error_Handler();
 632:Core/Src/main.c ****   }
 633:Core/Src/main.c ****   sDate.WeekDay = RTC_WEEKDAY_MONDAY;
 634:Core/Src/main.c ****   sDate.Month = RTC_MONTH_JANUARY;
 635:Core/Src/main.c ****   sDate.Date = 0x1;
 636:Core/Src/main.c ****   sDate.Year = 0x0;
 637:Core/Src/main.c **** 
 638:Core/Src/main.c ****   if (HAL_RTC_SetDate(&hrtc, &sDate, RTC_FORMAT_BCD) != HAL_OK)
 639:Core/Src/main.c ****   {
 640:Core/Src/main.c ****     Error_Handler();
 641:Core/Src/main.c ****   }
 642:Core/Src/main.c **** 
 643:Core/Src/main.c ****   /** Enable the WakeUp
 644:Core/Src/main.c ****   */
 645:Core/Src/main.c ****   if (HAL_RTCEx_SetWakeUpTimer_IT(&hrtc, 0, RTC_WAKEUPCLOCK_CK_SPRE_16BITS) != HAL_OK)
 646:Core/Src/main.c ****   {
 647:Core/Src/main.c ****     Error_Handler();
 648:Core/Src/main.c ****   }
 649:Core/Src/main.c ****   /* USER CODE BEGIN RTC_Init 2 */
 650:Core/Src/main.c **** 
 651:Core/Src/main.c ****   /* USER CODE END RTC_Init 2 */
 652:Core/Src/main.c **** 
 653:Core/Src/main.c **** }
 654:Core/Src/main.c **** 
 655:Core/Src/main.c **** /**
 656:Core/Src/main.c ****   * @brief SDMMC1 Initialization Function
 657:Core/Src/main.c ****   * @param None
 658:Core/Src/main.c ****   * @retval None
 659:Core/Src/main.c ****   */
ARM GAS  C:\Users\admin\AppData\Local\Temp\ccwE4F76.s 			page 13


 660:Core/Src/main.c **** static void MX_SDMMC1_SD_Init(void)
 661:Core/Src/main.c **** {
  27              		.loc 1 661 1 view -0
  28              		.cfi_startproc
  29              		@ args = 0, pretend = 0, frame = 0
  30              		@ frame_needed = 0, uses_anonymous_args = 0
  31              		@ link register save eliminated.
 662:Core/Src/main.c **** 
 663:Core/Src/main.c ****   /* USER CODE BEGIN SDMMC1_Init 0 */
 664:Core/Src/main.c **** 
 665:Core/Src/main.c ****   /* USER CODE END SDMMC1_Init 0 */
 666:Core/Src/main.c **** 
 667:Core/Src/main.c ****   /* USER CODE BEGIN SDMMC1_Init 1 */
 668:Core/Src/main.c **** 
 669:Core/Src/main.c ****   /* USER CODE END SDMMC1_Init 1 */
 670:Core/Src/main.c ****   hsd1.Instance = SDMMC1;
  32              		.loc 1 670 3 view .LVU1
  33              		.loc 1 670 17 is_stmt 0 view .LVU2
  34 0000 064B     		ldr	r3, .L2
  35 0002 074A     		ldr	r2, .L2+4
  36 0004 1A60     		str	r2, [r3]
 671:Core/Src/main.c ****   hsd1.Init.ClockEdge = SDMMC_CLOCK_EDGE_RISING;
  37              		.loc 1 671 3 is_stmt 1 view .LVU3
  38              		.loc 1 671 23 is_stmt 0 view .LVU4
  39 0006 0022     		movs	r2, #0
  40 0008 5A60     		str	r2, [r3, #4]
 672:Core/Src/main.c ****   hsd1.Init.ClockPowerSave = SDMMC_CLOCK_POWER_SAVE_DISABLE;
  41              		.loc 1 672 3 is_stmt 1 view .LVU5
  42              		.loc 1 672 28 is_stmt 0 view .LVU6
  43 000a 9A60     		str	r2, [r3, #8]
 673:Core/Src/main.c ****   hsd1.Init.BusWide = SDMMC_BUS_WIDE_4B;
  44              		.loc 1 673 3 is_stmt 1 view .LVU7
  45              		.loc 1 673 21 is_stmt 0 view .LVU8
  46 000c 4FF48041 		mov	r1, #16384
  47 0010 D960     		str	r1, [r3, #12]
 674:Core/Src/main.c ****   hsd1.Init.HardwareFlowControl = SDMMC_HARDWARE_FLOW_CONTROL_DISABLE;
  48              		.loc 1 674 3 is_stmt 1 view .LVU9
  49              		.loc 1 674 33 is_stmt 0 view .LVU10
  50 0012 1A61     		str	r2, [r3, #16]
 675:Core/Src/main.c ****   hsd1.Init.ClockDiv = 8;
  51              		.loc 1 675 3 is_stmt 1 view .LVU11
  52              		.loc 1 675 22 is_stmt 0 view .LVU12
  53 0014 0822     		movs	r2, #8
  54 0016 5A61     		str	r2, [r3, #20]
 676:Core/Src/main.c ****   /* USER CODE BEGIN SDMMC1_Init 2 */
 677:Core/Src/main.c **** 
 678:Core/Src/main.c ****   /* USER CODE END SDMMC1_Init 2 */
 679:Core/Src/main.c **** 
 680:Core/Src/main.c **** }
  55              		.loc 1 680 1 view .LVU13
  56 0018 7047     		bx	lr
  57              	.L3:
  58 001a 00BF     		.align	2
  59              	.L2:
  60 001c 00000000 		.word	.LANCHOR0
  61 0020 00700052 		.word	1375760384
  62              		.cfi_endproc
ARM GAS  C:\Users\admin\AppData\Local\Temp\ccwE4F76.s 			page 14


  63              	.LFE157:
  65              		.section	.text.MPU_Config,"ax",%progbits
  66              		.align	1
  67              		.syntax unified
  68              		.thumb
  69              		.thumb_func
  71              	MPU_Config:
  72              	.LFB163:
 681:Core/Src/main.c **** 
 682:Core/Src/main.c **** /**
 683:Core/Src/main.c ****   * @brief USART2 Initialization Function
 684:Core/Src/main.c ****   * @param None
 685:Core/Src/main.c ****   * @retval None
 686:Core/Src/main.c ****   */
 687:Core/Src/main.c **** static void MX_USART2_UART_Init(void)
 688:Core/Src/main.c **** {
 689:Core/Src/main.c **** 
 690:Core/Src/main.c ****   /* USER CODE BEGIN USART2_Init 0 */
 691:Core/Src/main.c **** 
 692:Core/Src/main.c ****   /* USER CODE END USART2_Init 0 */
 693:Core/Src/main.c **** 
 694:Core/Src/main.c ****   /* USER CODE BEGIN USART2_Init 1 */
 695:Core/Src/main.c **** 
 696:Core/Src/main.c ****   /* USER CODE END USART2_Init 1 */
 697:Core/Src/main.c ****   huart2.Instance = USART2;
 698:Core/Src/main.c ****   huart2.Init.BaudRate = 115200;
 699:Core/Src/main.c ****   huart2.Init.WordLength = UART_WORDLENGTH_8B;
 700:Core/Src/main.c ****   huart2.Init.StopBits = UART_STOPBITS_1;
 701:Core/Src/main.c ****   huart2.Init.Parity = UART_PARITY_NONE;
 702:Core/Src/main.c ****   huart2.Init.Mode = UART_MODE_TX_RX;
 703:Core/Src/main.c ****   huart2.Init.HwFlowCtl = UART_HWCONTROL_NONE;
 704:Core/Src/main.c ****   huart2.Init.OverSampling = UART_OVERSAMPLING_16;
 705:Core/Src/main.c ****   huart2.Init.OneBitSampling = UART_ONE_BIT_SAMPLE_DISABLE;
 706:Core/Src/main.c ****   huart2.Init.ClockPrescaler = UART_PRESCALER_DIV1;
 707:Core/Src/main.c ****   huart2.AdvancedInit.AdvFeatureInit = UART_ADVFEATURE_NO_INIT;
 708:Core/Src/main.c ****   if (HAL_UART_Init(&huart2) != HAL_OK)
 709:Core/Src/main.c ****   {
 710:Core/Src/main.c ****     Error_Handler();
 711:Core/Src/main.c ****   }
 712:Core/Src/main.c ****   if (HAL_UARTEx_SetTxFifoThreshold(&huart2, UART_TXFIFO_THRESHOLD_1_8) != HAL_OK)
 713:Core/Src/main.c ****   {
 714:Core/Src/main.c ****     Error_Handler();
 715:Core/Src/main.c ****   }
 716:Core/Src/main.c ****   if (HAL_UARTEx_SetRxFifoThreshold(&huart2, UART_RXFIFO_THRESHOLD_1_8) != HAL_OK)
 717:Core/Src/main.c ****   {
 718:Core/Src/main.c ****     Error_Handler();
 719:Core/Src/main.c ****   }
 720:Core/Src/main.c ****   if (HAL_UARTEx_DisableFifoMode(&huart2) != HAL_OK)
 721:Core/Src/main.c ****   {
 722:Core/Src/main.c ****     Error_Handler();
 723:Core/Src/main.c ****   }
 724:Core/Src/main.c ****   /* USER CODE BEGIN USART2_Init 2 */
 725:Core/Src/main.c **** 
 726:Core/Src/main.c ****   /* USER CODE END USART2_Init 2 */
 727:Core/Src/main.c **** 
 728:Core/Src/main.c **** }
 729:Core/Src/main.c **** 
ARM GAS  C:\Users\admin\AppData\Local\Temp\ccwE4F76.s 			page 15


 730:Core/Src/main.c **** /**
 731:Core/Src/main.c ****   * @brief USART3 Initialization Function
 732:Core/Src/main.c ****   * @param None
 733:Core/Src/main.c ****   * @retval None
 734:Core/Src/main.c ****   */
 735:Core/Src/main.c **** static void MX_USART3_UART_Init(void)
 736:Core/Src/main.c **** {
 737:Core/Src/main.c **** 
 738:Core/Src/main.c ****   /* USER CODE BEGIN USART3_Init 0 */
 739:Core/Src/main.c **** 
 740:Core/Src/main.c ****   /* USER CODE END USART3_Init 0 */
 741:Core/Src/main.c **** 
 742:Core/Src/main.c ****   /* USER CODE BEGIN USART3_Init 1 */
 743:Core/Src/main.c **** 
 744:Core/Src/main.c ****   /* USER CODE END USART3_Init 1 */
 745:Core/Src/main.c ****   huart3.Instance = USART3;
 746:Core/Src/main.c ****   huart3.Init.BaudRate = 115200;
 747:Core/Src/main.c ****   huart3.Init.WordLength = UART_WORDLENGTH_8B;
 748:Core/Src/main.c ****   huart3.Init.StopBits = UART_STOPBITS_1;
 749:Core/Src/main.c ****   huart3.Init.Parity = UART_PARITY_NONE;
 750:Core/Src/main.c ****   huart3.Init.Mode = UART_MODE_TX_RX;
 751:Core/Src/main.c ****   huart3.Init.HwFlowCtl = UART_HWCONTROL_NONE;
 752:Core/Src/main.c ****   huart3.Init.OverSampling = UART_OVERSAMPLING_16;
 753:Core/Src/main.c ****   huart3.Init.OneBitSampling = UART_ONE_BIT_SAMPLE_DISABLE;
 754:Core/Src/main.c ****   huart3.Init.ClockPrescaler = UART_PRESCALER_DIV1;
 755:Core/Src/main.c ****   huart3.AdvancedInit.AdvFeatureInit = UART_ADVFEATURE_NO_INIT;
 756:Core/Src/main.c ****   if (HAL_UART_Init(&huart3) != HAL_OK)
 757:Core/Src/main.c ****   {
 758:Core/Src/main.c ****     Error_Handler();
 759:Core/Src/main.c ****   }
 760:Core/Src/main.c ****   if (HAL_UARTEx_SetTxFifoThreshold(&huart3, UART_TXFIFO_THRESHOLD_1_8) != HAL_OK)
 761:Core/Src/main.c ****   {
 762:Core/Src/main.c ****     Error_Handler();
 763:Core/Src/main.c ****   }
 764:Core/Src/main.c ****   if (HAL_UARTEx_SetRxFifoThreshold(&huart3, UART_RXFIFO_THRESHOLD_1_8) != HAL_OK)
 765:Core/Src/main.c ****   {
 766:Core/Src/main.c ****     Error_Handler();
 767:Core/Src/main.c ****   }
 768:Core/Src/main.c ****   if (HAL_UARTEx_DisableFifoMode(&huart3) != HAL_OK)
 769:Core/Src/main.c ****   {
 770:Core/Src/main.c ****     Error_Handler();
 771:Core/Src/main.c ****   }
 772:Core/Src/main.c ****   /* USER CODE BEGIN USART3_Init 2 */
 773:Core/Src/main.c **** 
 774:Core/Src/main.c ****   /* USER CODE END USART3_Init 2 */
 775:Core/Src/main.c **** 
 776:Core/Src/main.c **** }
 777:Core/Src/main.c **** 
 778:Core/Src/main.c **** /**
 779:Core/Src/main.c ****   * Enable DMA controller clock
 780:Core/Src/main.c ****   */
 781:Core/Src/main.c **** static void MX_DMA_Init(void)
 782:Core/Src/main.c **** {
 783:Core/Src/main.c **** 
 784:Core/Src/main.c ****   /* DMA controller clock enable */
 785:Core/Src/main.c ****   __HAL_RCC_DMA1_CLK_ENABLE();
 786:Core/Src/main.c **** 
ARM GAS  C:\Users\admin\AppData\Local\Temp\ccwE4F76.s 			page 16


 787:Core/Src/main.c ****   /* DMA interrupt init */
 788:Core/Src/main.c ****   /* DMA1_Stream0_IRQn interrupt configuration */
 789:Core/Src/main.c ****   HAL_NVIC_SetPriority(DMA1_Stream0_IRQn, 5, 0);
 790:Core/Src/main.c ****   HAL_NVIC_EnableIRQ(DMA1_Stream0_IRQn);
 791:Core/Src/main.c **** 
 792:Core/Src/main.c **** }
 793:Core/Src/main.c **** 
 794:Core/Src/main.c **** /**
 795:Core/Src/main.c ****   * @brief GPIO Initialization Function
 796:Core/Src/main.c ****   * @param None
 797:Core/Src/main.c ****   * @retval None
 798:Core/Src/main.c ****   */
 799:Core/Src/main.c **** static void MX_GPIO_Init(void)
 800:Core/Src/main.c **** {
 801:Core/Src/main.c ****   GPIO_InitTypeDef GPIO_InitStruct = {0};
 802:Core/Src/main.c ****   /* USER CODE BEGIN MX_GPIO_Init_1 */
 803:Core/Src/main.c **** 
 804:Core/Src/main.c ****   /* USER CODE END MX_GPIO_Init_1 */
 805:Core/Src/main.c **** 
 806:Core/Src/main.c ****   /* GPIO Ports Clock Enable */
 807:Core/Src/main.c ****   __HAL_RCC_GPIOI_CLK_ENABLE();
 808:Core/Src/main.c ****   __HAL_RCC_GPIOG_CLK_ENABLE();
 809:Core/Src/main.c ****   __HAL_RCC_GPIOD_CLK_ENABLE();
 810:Core/Src/main.c ****   __HAL_RCC_GPIOC_CLK_ENABLE();
 811:Core/Src/main.c ****   __HAL_RCC_GPIOE_CLK_ENABLE();
 812:Core/Src/main.c ****   __HAL_RCC_GPIOB_CLK_ENABLE();
 813:Core/Src/main.c ****   __HAL_RCC_GPIOH_CLK_ENABLE();
 814:Core/Src/main.c ****   __HAL_RCC_GPIOJ_CLK_ENABLE();
 815:Core/Src/main.c ****   __HAL_RCC_GPIOA_CLK_ENABLE();
 816:Core/Src/main.c ****   __HAL_RCC_GPIOF_CLK_ENABLE();
 817:Core/Src/main.c **** 
 818:Core/Src/main.c ****   /*Configure GPIO pin Output Level */
 819:Core/Src/main.c ****   HAL_GPIO_WritePin(GPIOB, LORA_M1_Pin|GATE_CAM_Pin|LORA_AUXB1_Pin|LORA_M0B12_Pin
 820:Core/Src/main.c ****                           |GATE_TEMP_Pin|GATE_MAG_Pin, GPIO_PIN_RESET);
 821:Core/Src/main.c **** 
 822:Core/Src/main.c ****   /*Configure GPIO pin Output Level */
 823:Core/Src/main.c ****   HAL_GPIO_WritePin(GATE_GPS_GPIO_Port, GATE_GPS_Pin, GPIO_PIN_RESET);
 824:Core/Src/main.c **** 
 825:Core/Src/main.c ****   /*Configure GPIO pin Output Level */
 826:Core/Src/main.c ****   HAL_GPIO_WritePin(GPIOD, LORA_M0_Pin|CAM_RSTD12_Pin, GPIO_PIN_RESET);
 827:Core/Src/main.c **** 
 828:Core/Src/main.c ****   /*Configure GPIO pin Output Level */
 829:Core/Src/main.c ****   HAL_GPIO_WritePin(GPIOG, CAM_PWDN_Pin|CAM_RST_Pin, GPIO_PIN_RESET);
 830:Core/Src/main.c **** 
 831:Core/Src/main.c ****   /*Configure GPIO pin Output Level */
 832:Core/Src/main.c ****   HAL_GPIO_WritePin(GPIOC, GATE_LORA_Pin|GATE_IMU_Pin, GPIO_PIN_RESET);
 833:Core/Src/main.c **** 
 834:Core/Src/main.c ****   /*Configure GPIO pins : LORA_M1_Pin GATE_CAM_Pin LORA_AUXB1_Pin LORA_M0B12_Pin
 835:Core/Src/main.c ****                            GATE_TEMP_Pin GATE_MAG_Pin */
 836:Core/Src/main.c ****   GPIO_InitStruct.Pin = LORA_M1_Pin|GATE_CAM_Pin|LORA_AUXB1_Pin|LORA_M0B12_Pin
 837:Core/Src/main.c ****                           |GATE_TEMP_Pin|GATE_MAG_Pin;
 838:Core/Src/main.c ****   GPIO_InitStruct.Mode = GPIO_MODE_OUTPUT_PP;
 839:Core/Src/main.c ****   GPIO_InitStruct.Pull = GPIO_NOPULL;
 840:Core/Src/main.c ****   GPIO_InitStruct.Speed = GPIO_SPEED_FREQ_LOW;
 841:Core/Src/main.c ****   HAL_GPIO_Init(GPIOB, &GPIO_InitStruct);
 842:Core/Src/main.c **** 
 843:Core/Src/main.c ****   /*Configure GPIO pin : GATE_GPS_Pin */
ARM GAS  C:\Users\admin\AppData\Local\Temp\ccwE4F76.s 			page 17


 844:Core/Src/main.c ****   GPIO_InitStruct.Pin = GATE_GPS_Pin;
 845:Core/Src/main.c ****   GPIO_InitStruct.Mode = GPIO_MODE_OUTPUT_PP;
 846:Core/Src/main.c ****   GPIO_InitStruct.Pull = GPIO_NOPULL;
 847:Core/Src/main.c ****   GPIO_InitStruct.Speed = GPIO_SPEED_FREQ_LOW;
 848:Core/Src/main.c ****   HAL_GPIO_Init(GATE_GPS_GPIO_Port, &GPIO_InitStruct);
 849:Core/Src/main.c **** 
 850:Core/Src/main.c ****   /*Configure GPIO pin : LORA_AUX_Pin */
 851:Core/Src/main.c ****   GPIO_InitStruct.Pin = LORA_AUX_Pin;
 852:Core/Src/main.c ****   GPIO_InitStruct.Mode = GPIO_MODE_INPUT;
 853:Core/Src/main.c ****   GPIO_InitStruct.Pull = GPIO_NOPULL;
 854:Core/Src/main.c ****   HAL_GPIO_Init(LORA_AUX_GPIO_Port, &GPIO_InitStruct);
 855:Core/Src/main.c **** 
 856:Core/Src/main.c ****   /*Configure GPIO pins : LORA_M0_Pin CAM_RSTD12_Pin */
 857:Core/Src/main.c ****   GPIO_InitStruct.Pin = LORA_M0_Pin|CAM_RSTD12_Pin;
 858:Core/Src/main.c ****   GPIO_InitStruct.Mode = GPIO_MODE_OUTPUT_PP;
 859:Core/Src/main.c ****   GPIO_InitStruct.Pull = GPIO_NOPULL;
 860:Core/Src/main.c ****   GPIO_InitStruct.Speed = GPIO_SPEED_FREQ_LOW;
 861:Core/Src/main.c ****   HAL_GPIO_Init(GPIOD, &GPIO_InitStruct);
 862:Core/Src/main.c **** 
 863:Core/Src/main.c ****   /*Configure GPIO pin : GPS_PPS_Pin */
 864:Core/Src/main.c ****   GPIO_InitStruct.Pin = GPS_PPS_Pin;
 865:Core/Src/main.c ****   GPIO_InitStruct.Mode = GPIO_MODE_IT_RISING;
 866:Core/Src/main.c ****   GPIO_InitStruct.Pull = GPIO_NOPULL;
 867:Core/Src/main.c ****   HAL_GPIO_Init(GPS_PPS_GPIO_Port, &GPIO_InitStruct);
 868:Core/Src/main.c **** 
 869:Core/Src/main.c ****   /*Configure GPIO pins : CAM_PWDN_Pin CAM_RST_Pin */
 870:Core/Src/main.c ****   GPIO_InitStruct.Pin = CAM_PWDN_Pin|CAM_RST_Pin;
 871:Core/Src/main.c ****   GPIO_InitStruct.Mode = GPIO_MODE_OUTPUT_PP;
 872:Core/Src/main.c ****   GPIO_InitStruct.Pull = GPIO_NOPULL;
 873:Core/Src/main.c ****   GPIO_InitStruct.Speed = GPIO_SPEED_FREQ_LOW;
 874:Core/Src/main.c ****   HAL_GPIO_Init(GPIOG, &GPIO_InitStruct);
 875:Core/Src/main.c **** 
 876:Core/Src/main.c ****   /*Configure GPIO pins : GATE_LORA_Pin GATE_IMU_Pin */
 877:Core/Src/main.c ****   GPIO_InitStruct.Pin = GATE_LORA_Pin|GATE_IMU_Pin;
 878:Core/Src/main.c ****   GPIO_InitStruct.Mode = GPIO_MODE_OUTPUT_PP;
 879:Core/Src/main.c ****   GPIO_InitStruct.Pull = GPIO_NOPULL;
 880:Core/Src/main.c ****   GPIO_InitStruct.Speed = GPIO_SPEED_FREQ_LOW;
 881:Core/Src/main.c ****   HAL_GPIO_Init(GPIOC, &GPIO_InitStruct);
 882:Core/Src/main.c **** 
 883:Core/Src/main.c ****   /*Configure GPIO pin : GPS_PPSB0_Pin */
 884:Core/Src/main.c ****   GPIO_InitStruct.Pin = GPS_PPSB0_Pin;
 885:Core/Src/main.c ****   GPIO_InitStruct.Mode = GPIO_MODE_IT_RISING;
 886:Core/Src/main.c ****   GPIO_InitStruct.Pull = GPIO_NOPULL;
 887:Core/Src/main.c ****   HAL_GPIO_Init(GPS_PPSB0_GPIO_Port, &GPIO_InitStruct);
 888:Core/Src/main.c **** 
 889:Core/Src/main.c ****   /*AnalogSwitch Config */
 890:Core/Src/main.c ****   HAL_SYSCFG_AnalogSwitchConfig(SYSCFG_SWITCH_PC2, SYSCFG_SWITCH_PC2_CLOSE);
 891:Core/Src/main.c **** 
 892:Core/Src/main.c ****   /*AnalogSwitch Config */
 893:Core/Src/main.c ****   HAL_SYSCFG_AnalogSwitchConfig(SYSCFG_SWITCH_PC3, SYSCFG_SWITCH_PC3_CLOSE);
 894:Core/Src/main.c **** 
 895:Core/Src/main.c ****   /* USER CODE BEGIN MX_GPIO_Init_2 */
 896:Core/Src/main.c **** 
 897:Core/Src/main.c ****   /* USER CODE END MX_GPIO_Init_2 */
 898:Core/Src/main.c **** }
 899:Core/Src/main.c **** 
 900:Core/Src/main.c **** /* USER CODE BEGIN 4 */
ARM GAS  C:\Users\admin\AppData\Local\Temp\ccwE4F76.s 			page 18


 901:Core/Src/main.c **** 
 902:Core/Src/main.c **** /* USER CODE END 4 */
 903:Core/Src/main.c **** 
 904:Core/Src/main.c **** /* USER CODE BEGIN Header_StartDefaultTask */
 905:Core/Src/main.c **** /**
 906:Core/Src/main.c ****   * @brief  Function implementing the defaultTask thread.
 907:Core/Src/main.c ****   * @param  argument: Not used
 908:Core/Src/main.c ****   * @retval None
 909:Core/Src/main.c ****   */
 910:Core/Src/main.c **** /* USER CODE END Header_StartDefaultTask */
 911:Core/Src/main.c **** void StartDefaultTask(void *argument)
 912:Core/Src/main.c **** {
 913:Core/Src/main.c ****   /* USER CODE BEGIN 5 */
 914:Core/Src/main.c ****   /* Infinite loop */
 915:Core/Src/main.c ****   for(;;)
 916:Core/Src/main.c ****   {
 917:Core/Src/main.c ****     osDelay(1);
 918:Core/Src/main.c ****   }
 919:Core/Src/main.c ****   /* USER CODE END 5 */
 920:Core/Src/main.c **** }
 921:Core/Src/main.c **** 
 922:Core/Src/main.c ****  /* MPU Configuration */
 923:Core/Src/main.c **** 
 924:Core/Src/main.c **** void MPU_Config(void)
 925:Core/Src/main.c **** {
  73              		.loc 1 925 1 is_stmt 1 view -0
  74              		.cfi_startproc
  75              		@ args = 0, pretend = 0, frame = 16
  76              		@ frame_needed = 0, uses_anonymous_args = 0
  77 0000 10B5     		push	{r4, lr}
  78              	.LCFI0:
  79              		.cfi_def_cfa_offset 8
  80              		.cfi_offset 4, -8
  81              		.cfi_offset 14, -4
  82 0002 84B0     		sub	sp, sp, #16
  83              	.LCFI1:
  84              		.cfi_def_cfa_offset 24
 926:Core/Src/main.c ****   MPU_Region_InitTypeDef MPU_InitStruct = {0};
  85              		.loc 1 926 3 view .LVU15
  86              		.loc 1 926 26 is_stmt 0 view .LVU16
  87 0004 0024     		movs	r4, #0
  88 0006 0094     		str	r4, [sp]
  89 0008 0194     		str	r4, [sp, #4]
  90 000a 0294     		str	r4, [sp, #8]
  91 000c 0394     		str	r4, [sp, #12]
 927:Core/Src/main.c **** 
 928:Core/Src/main.c ****   /* Disables the MPU */
 929:Core/Src/main.c ****   HAL_MPU_Disable();
  92              		.loc 1 929 3 is_stmt 1 view .LVU17
  93 000e FFF7FEFF 		bl	HAL_MPU_Disable
  94              	.LVL0:
 930:Core/Src/main.c **** 
 931:Core/Src/main.c ****   /** Initializes and configures the Region and the memory to be protected
 932:Core/Src/main.c ****   */
 933:Core/Src/main.c ****   MPU_InitStruct.Enable = MPU_REGION_ENABLE;
  95              		.loc 1 933 3 view .LVU18
  96              		.loc 1 933 25 is_stmt 0 view .LVU19
ARM GAS  C:\Users\admin\AppData\Local\Temp\ccwE4F76.s 			page 19


  97 0012 0123     		movs	r3, #1
  98 0014 8DF80030 		strb	r3, [sp]
 934:Core/Src/main.c ****   MPU_InitStruct.Number = MPU_REGION_NUMBER0;
  99              		.loc 1 934 3 is_stmt 1 view .LVU20
 100              		.loc 1 934 25 is_stmt 0 view .LVU21
 101 0018 8DF80140 		strb	r4, [sp, #1]
 935:Core/Src/main.c ****   MPU_InitStruct.BaseAddress = 0x0;
 102              		.loc 1 935 3 is_stmt 1 view .LVU22
 103              		.loc 1 935 30 is_stmt 0 view .LVU23
 104 001c 0194     		str	r4, [sp, #4]
 936:Core/Src/main.c ****   MPU_InitStruct.Size = MPU_REGION_SIZE_4GB;
 105              		.loc 1 936 3 is_stmt 1 view .LVU24
 106              		.loc 1 936 23 is_stmt 0 view .LVU25
 107 001e 1F22     		movs	r2, #31
 108 0020 8DF80820 		strb	r2, [sp, #8]
 937:Core/Src/main.c ****   MPU_InitStruct.SubRegionDisable = 0x87;
 109              		.loc 1 937 3 is_stmt 1 view .LVU26
 110              		.loc 1 937 35 is_stmt 0 view .LVU27
 111 0024 8722     		movs	r2, #135
 112 0026 8DF80920 		strb	r2, [sp, #9]
 938:Core/Src/main.c ****   MPU_InitStruct.TypeExtField = MPU_TEX_LEVEL0;
 113              		.loc 1 938 3 is_stmt 1 view .LVU28
 114              		.loc 1 938 31 is_stmt 0 view .LVU29
 115 002a 8DF80A40 		strb	r4, [sp, #10]
 939:Core/Src/main.c ****   MPU_InitStruct.AccessPermission = MPU_REGION_NO_ACCESS;
 116              		.loc 1 939 3 is_stmt 1 view .LVU30
 117              		.loc 1 939 35 is_stmt 0 view .LVU31
 118 002e 8DF80B40 		strb	r4, [sp, #11]
 940:Core/Src/main.c ****   MPU_InitStruct.DisableExec = MPU_INSTRUCTION_ACCESS_DISABLE;
 119              		.loc 1 940 3 is_stmt 1 view .LVU32
 120              		.loc 1 940 30 is_stmt 0 view .LVU33
 121 0032 8DF80C30 		strb	r3, [sp, #12]
 941:Core/Src/main.c ****   MPU_InitStruct.IsShareable = MPU_ACCESS_SHAREABLE;
 122              		.loc 1 941 3 is_stmt 1 view .LVU34
 123              		.loc 1 941 30 is_stmt 0 view .LVU35
 124 0036 8DF80D30 		strb	r3, [sp, #13]
 942:Core/Src/main.c ****   MPU_InitStruct.IsCacheable = MPU_ACCESS_NOT_CACHEABLE;
 125              		.loc 1 942 3 is_stmt 1 view .LVU36
 126              		.loc 1 942 30 is_stmt 0 view .LVU37
 127 003a 8DF80E40 		strb	r4, [sp, #14]
 943:Core/Src/main.c ****   MPU_InitStruct.IsBufferable = MPU_ACCESS_NOT_BUFFERABLE;
 128              		.loc 1 943 3 is_stmt 1 view .LVU38
 129              		.loc 1 943 31 is_stmt 0 view .LVU39
 130 003e 8DF80F40 		strb	r4, [sp, #15]
 944:Core/Src/main.c **** 
 945:Core/Src/main.c ****   HAL_MPU_ConfigRegion(&MPU_InitStruct);
 131              		.loc 1 945 3 is_stmt 1 view .LVU40
 132 0042 6846     		mov	r0, sp
 133 0044 FFF7FEFF 		bl	HAL_MPU_ConfigRegion
 134              	.LVL1:
 946:Core/Src/main.c ****   /* Enables the MPU */
 947:Core/Src/main.c ****   HAL_MPU_Enable(MPU_PRIVILEGED_DEFAULT);
 135              		.loc 1 947 3 view .LVU41
 136 0048 0420     		movs	r0, #4
 137 004a FFF7FEFF 		bl	HAL_MPU_Enable
 138              	.LVL2:
 948:Core/Src/main.c **** 
ARM GAS  C:\Users\admin\AppData\Local\Temp\ccwE4F76.s 			page 20


 949:Core/Src/main.c **** }
 139              		.loc 1 949 1 is_stmt 0 view .LVU42
 140 004e 04B0     		add	sp, sp, #16
 141              	.LCFI2:
 142              		.cfi_def_cfa_offset 8
 143              		@ sp needed
 144 0050 10BD     		pop	{r4, pc}
 145              		.cfi_endproc
 146              	.LFE163:
 148              		.section	.text.MX_GPIO_Init,"ax",%progbits
 149              		.align	1
 150              		.syntax unified
 151              		.thumb
 152              		.thumb_func
 154              	MX_GPIO_Init:
 155              	.LFB161:
 800:Core/Src/main.c ****   GPIO_InitTypeDef GPIO_InitStruct = {0};
 156              		.loc 1 800 1 is_stmt 1 view -0
 157              		.cfi_startproc
 158              		@ args = 0, pretend = 0, frame = 64
 159              		@ frame_needed = 0, uses_anonymous_args = 0
 160 0000 2DE9F047 		push	{r4, r5, r6, r7, r8, r9, r10, lr}
 161              	.LCFI3:
 162              		.cfi_def_cfa_offset 32
 163              		.cfi_offset 4, -32
 164              		.cfi_offset 5, -28
 165              		.cfi_offset 6, -24
 166              		.cfi_offset 7, -20
 167              		.cfi_offset 8, -16
 168              		.cfi_offset 9, -12
 169              		.cfi_offset 10, -8
 170              		.cfi_offset 14, -4
 171 0004 90B0     		sub	sp, sp, #64
 172              	.LCFI4:
 173              		.cfi_def_cfa_offset 96
 801:Core/Src/main.c ****   /* USER CODE BEGIN MX_GPIO_Init_1 */
 174              		.loc 1 801 3 view .LVU44
 801:Core/Src/main.c ****   /* USER CODE BEGIN MX_GPIO_Init_1 */
 175              		.loc 1 801 20 is_stmt 0 view .LVU45
 176 0006 0024     		movs	r4, #0
 177 0008 0B94     		str	r4, [sp, #44]
 178 000a 0C94     		str	r4, [sp, #48]
 179 000c 0D94     		str	r4, [sp, #52]
 180 000e 0E94     		str	r4, [sp, #56]
 181 0010 0F94     		str	r4, [sp, #60]
 807:Core/Src/main.c ****   __HAL_RCC_GPIOG_CLK_ENABLE();
 182              		.loc 1 807 3 is_stmt 1 view .LVU46
 183              	.LBB4:
 807:Core/Src/main.c ****   __HAL_RCC_GPIOG_CLK_ENABLE();
 184              		.loc 1 807 3 view .LVU47
 807:Core/Src/main.c ****   __HAL_RCC_GPIOG_CLK_ENABLE();
 185              		.loc 1 807 3 view .LVU48
 186 0012 7B4B     		ldr	r3, .L8
 187 0014 D3F8E020 		ldr	r2, [r3, #224]
 188 0018 42F48072 		orr	r2, r2, #256
 189 001c C3F8E020 		str	r2, [r3, #224]
 807:Core/Src/main.c ****   __HAL_RCC_GPIOG_CLK_ENABLE();
ARM GAS  C:\Users\admin\AppData\Local\Temp\ccwE4F76.s 			page 21


 190              		.loc 1 807 3 view .LVU49
 191 0020 D3F8E020 		ldr	r2, [r3, #224]
 192 0024 02F48072 		and	r2, r2, #256
 193 0028 0192     		str	r2, [sp, #4]
 807:Core/Src/main.c ****   __HAL_RCC_GPIOG_CLK_ENABLE();
 194              		.loc 1 807 3 view .LVU50
 195 002a 019A     		ldr	r2, [sp, #4]
 196              	.LBE4:
 807:Core/Src/main.c ****   __HAL_RCC_GPIOG_CLK_ENABLE();
 197              		.loc 1 807 3 view .LVU51
 808:Core/Src/main.c ****   __HAL_RCC_GPIOD_CLK_ENABLE();
 198              		.loc 1 808 3 view .LVU52
 199              	.LBB5:
 808:Core/Src/main.c ****   __HAL_RCC_GPIOD_CLK_ENABLE();
 200              		.loc 1 808 3 view .LVU53
 808:Core/Src/main.c ****   __HAL_RCC_GPIOD_CLK_ENABLE();
 201              		.loc 1 808 3 view .LVU54
 202 002c D3F8E020 		ldr	r2, [r3, #224]
 203 0030 42F04002 		orr	r2, r2, #64
 204 0034 C3F8E020 		str	r2, [r3, #224]
 808:Core/Src/main.c ****   __HAL_RCC_GPIOD_CLK_ENABLE();
 205              		.loc 1 808 3 view .LVU55
 206 0038 D3F8E020 		ldr	r2, [r3, #224]
 207 003c 02F04002 		and	r2, r2, #64
 208 0040 0292     		str	r2, [sp, #8]
 808:Core/Src/main.c ****   __HAL_RCC_GPIOD_CLK_ENABLE();
 209              		.loc 1 808 3 view .LVU56
 210 0042 029A     		ldr	r2, [sp, #8]
 211              	.LBE5:
 808:Core/Src/main.c ****   __HAL_RCC_GPIOD_CLK_ENABLE();
 212              		.loc 1 808 3 view .LVU57
 809:Core/Src/main.c ****   __HAL_RCC_GPIOC_CLK_ENABLE();
 213              		.loc 1 809 3 view .LVU58
 214              	.LBB6:
 809:Core/Src/main.c ****   __HAL_RCC_GPIOC_CLK_ENABLE();
 215              		.loc 1 809 3 view .LVU59
 809:Core/Src/main.c ****   __HAL_RCC_GPIOC_CLK_ENABLE();
 216              		.loc 1 809 3 view .LVU60
 217 0044 D3F8E020 		ldr	r2, [r3, #224]
 218 0048 42F00802 		orr	r2, r2, #8
 219 004c C3F8E020 		str	r2, [r3, #224]
 809:Core/Src/main.c ****   __HAL_RCC_GPIOC_CLK_ENABLE();
 220              		.loc 1 809 3 view .LVU61
 221 0050 D3F8E020 		ldr	r2, [r3, #224]
 222 0054 02F00802 		and	r2, r2, #8
 223 0058 0392     		str	r2, [sp, #12]
 809:Core/Src/main.c ****   __HAL_RCC_GPIOC_CLK_ENABLE();
 224              		.loc 1 809 3 view .LVU62
 225 005a 039A     		ldr	r2, [sp, #12]
 226              	.LBE6:
 809:Core/Src/main.c ****   __HAL_RCC_GPIOC_CLK_ENABLE();
 227              		.loc 1 809 3 view .LVU63
 810:Core/Src/main.c ****   __HAL_RCC_GPIOE_CLK_ENABLE();
 228              		.loc 1 810 3 view .LVU64
 229              	.LBB7:
 810:Core/Src/main.c ****   __HAL_RCC_GPIOE_CLK_ENABLE();
 230              		.loc 1 810 3 view .LVU65
ARM GAS  C:\Users\admin\AppData\Local\Temp\ccwE4F76.s 			page 22


 810:Core/Src/main.c ****   __HAL_RCC_GPIOE_CLK_ENABLE();
 231              		.loc 1 810 3 view .LVU66
 232 005c D3F8E020 		ldr	r2, [r3, #224]
 233 0060 42F00402 		orr	r2, r2, #4
 234 0064 C3F8E020 		str	r2, [r3, #224]
 810:Core/Src/main.c ****   __HAL_RCC_GPIOE_CLK_ENABLE();
 235              		.loc 1 810 3 view .LVU67
 236 0068 D3F8E020 		ldr	r2, [r3, #224]
 237 006c 02F00402 		and	r2, r2, #4
 238 0070 0492     		str	r2, [sp, #16]
 810:Core/Src/main.c ****   __HAL_RCC_GPIOE_CLK_ENABLE();
 239              		.loc 1 810 3 view .LVU68
 240 0072 049A     		ldr	r2, [sp, #16]
 241              	.LBE7:
 810:Core/Src/main.c ****   __HAL_RCC_GPIOE_CLK_ENABLE();
 242              		.loc 1 810 3 view .LVU69
 811:Core/Src/main.c ****   __HAL_RCC_GPIOB_CLK_ENABLE();
 243              		.loc 1 811 3 view .LVU70
 244              	.LBB8:
 811:Core/Src/main.c ****   __HAL_RCC_GPIOB_CLK_ENABLE();
 245              		.loc 1 811 3 view .LVU71
 811:Core/Src/main.c ****   __HAL_RCC_GPIOB_CLK_ENABLE();
 246              		.loc 1 811 3 view .LVU72
 247 0074 D3F8E020 		ldr	r2, [r3, #224]
 248 0078 42F01002 		orr	r2, r2, #16
 249 007c C3F8E020 		str	r2, [r3, #224]
 811:Core/Src/main.c ****   __HAL_RCC_GPIOB_CLK_ENABLE();
 250              		.loc 1 811 3 view .LVU73
 251 0080 D3F8E020 		ldr	r2, [r3, #224]
 252 0084 02F01002 		and	r2, r2, #16
 253 0088 0592     		str	r2, [sp, #20]
 811:Core/Src/main.c ****   __HAL_RCC_GPIOB_CLK_ENABLE();
 254              		.loc 1 811 3 view .LVU74
 255 008a 059A     		ldr	r2, [sp, #20]
 256              	.LBE8:
 811:Core/Src/main.c ****   __HAL_RCC_GPIOB_CLK_ENABLE();
 257              		.loc 1 811 3 view .LVU75
 812:Core/Src/main.c ****   __HAL_RCC_GPIOH_CLK_ENABLE();
 258              		.loc 1 812 3 view .LVU76
 259              	.LBB9:
 812:Core/Src/main.c ****   __HAL_RCC_GPIOH_CLK_ENABLE();
 260              		.loc 1 812 3 view .LVU77
 812:Core/Src/main.c ****   __HAL_RCC_GPIOH_CLK_ENABLE();
 261              		.loc 1 812 3 view .LVU78
 262 008c D3F8E020 		ldr	r2, [r3, #224]
 263 0090 42F00202 		orr	r2, r2, #2
 264 0094 C3F8E020 		str	r2, [r3, #224]
 812:Core/Src/main.c ****   __HAL_RCC_GPIOH_CLK_ENABLE();
 265              		.loc 1 812 3 view .LVU79
 266 0098 D3F8E020 		ldr	r2, [r3, #224]
 267 009c 02F00202 		and	r2, r2, #2
 268 00a0 0692     		str	r2, [sp, #24]
 812:Core/Src/main.c ****   __HAL_RCC_GPIOH_CLK_ENABLE();
 269              		.loc 1 812 3 view .LVU80
 270 00a2 069A     		ldr	r2, [sp, #24]
 271              	.LBE9:
 812:Core/Src/main.c ****   __HAL_RCC_GPIOH_CLK_ENABLE();
ARM GAS  C:\Users\admin\AppData\Local\Temp\ccwE4F76.s 			page 23


 272              		.loc 1 812 3 view .LVU81
 813:Core/Src/main.c ****   __HAL_RCC_GPIOJ_CLK_ENABLE();
 273              		.loc 1 813 3 view .LVU82
 274              	.LBB10:
 813:Core/Src/main.c ****   __HAL_RCC_GPIOJ_CLK_ENABLE();
 275              		.loc 1 813 3 view .LVU83
 813:Core/Src/main.c ****   __HAL_RCC_GPIOJ_CLK_ENABLE();
 276              		.loc 1 813 3 view .LVU84
 277 00a4 D3F8E020 		ldr	r2, [r3, #224]
 278 00a8 42F08002 		orr	r2, r2, #128
 279 00ac C3F8E020 		str	r2, [r3, #224]
 813:Core/Src/main.c ****   __HAL_RCC_GPIOJ_CLK_ENABLE();
 280              		.loc 1 813 3 view .LVU85
 281 00b0 D3F8E020 		ldr	r2, [r3, #224]
 282 00b4 02F08002 		and	r2, r2, #128
 283 00b8 0792     		str	r2, [sp, #28]
 813:Core/Src/main.c ****   __HAL_RCC_GPIOJ_CLK_ENABLE();
 284              		.loc 1 813 3 view .LVU86
 285 00ba 079A     		ldr	r2, [sp, #28]
 286              	.LBE10:
 813:Core/Src/main.c ****   __HAL_RCC_GPIOJ_CLK_ENABLE();
 287              		.loc 1 813 3 view .LVU87
 814:Core/Src/main.c ****   __HAL_RCC_GPIOA_CLK_ENABLE();
 288              		.loc 1 814 3 view .LVU88
 289              	.LBB11:
 814:Core/Src/main.c ****   __HAL_RCC_GPIOA_CLK_ENABLE();
 290              		.loc 1 814 3 view .LVU89
 814:Core/Src/main.c ****   __HAL_RCC_GPIOA_CLK_ENABLE();
 291              		.loc 1 814 3 view .LVU90
 292 00bc D3F8E020 		ldr	r2, [r3, #224]
 293 00c0 42F40072 		orr	r2, r2, #512
 294 00c4 C3F8E020 		str	r2, [r3, #224]
 814:Core/Src/main.c ****   __HAL_RCC_GPIOA_CLK_ENABLE();
 295              		.loc 1 814 3 view .LVU91
 296 00c8 D3F8E020 		ldr	r2, [r3, #224]
 297 00cc 02F40072 		and	r2, r2, #512
 298 00d0 0892     		str	r2, [sp, #32]
 814:Core/Src/main.c ****   __HAL_RCC_GPIOA_CLK_ENABLE();
 299              		.loc 1 814 3 view .LVU92
 300 00d2 089A     		ldr	r2, [sp, #32]
 301              	.LBE11:
 814:Core/Src/main.c ****   __HAL_RCC_GPIOA_CLK_ENABLE();
 302              		.loc 1 814 3 view .LVU93
 815:Core/Src/main.c ****   __HAL_RCC_GPIOF_CLK_ENABLE();
 303              		.loc 1 815 3 view .LVU94
 304              	.LBB12:
 815:Core/Src/main.c ****   __HAL_RCC_GPIOF_CLK_ENABLE();
 305              		.loc 1 815 3 view .LVU95
 815:Core/Src/main.c ****   __HAL_RCC_GPIOF_CLK_ENABLE();
 306              		.loc 1 815 3 view .LVU96
 307 00d4 D3F8E020 		ldr	r2, [r3, #224]
 308 00d8 42F00102 		orr	r2, r2, #1
 309 00dc C3F8E020 		str	r2, [r3, #224]
 815:Core/Src/main.c ****   __HAL_RCC_GPIOF_CLK_ENABLE();
 310              		.loc 1 815 3 view .LVU97
 311 00e0 D3F8E020 		ldr	r2, [r3, #224]
 312 00e4 02F00102 		and	r2, r2, #1
ARM GAS  C:\Users\admin\AppData\Local\Temp\ccwE4F76.s 			page 24


 313 00e8 0992     		str	r2, [sp, #36]
 815:Core/Src/main.c ****   __HAL_RCC_GPIOF_CLK_ENABLE();
 314              		.loc 1 815 3 view .LVU98
 315 00ea 099A     		ldr	r2, [sp, #36]
 316              	.LBE12:
 815:Core/Src/main.c ****   __HAL_RCC_GPIOF_CLK_ENABLE();
 317              		.loc 1 815 3 view .LVU99
 816:Core/Src/main.c **** 
 318              		.loc 1 816 3 view .LVU100
 319              	.LBB13:
 816:Core/Src/main.c **** 
 320              		.loc 1 816 3 view .LVU101
 816:Core/Src/main.c **** 
 321              		.loc 1 816 3 view .LVU102
 322 00ec D3F8E020 		ldr	r2, [r3, #224]
 323 00f0 42F02002 		orr	r2, r2, #32
 324 00f4 C3F8E020 		str	r2, [r3, #224]
 816:Core/Src/main.c **** 
 325              		.loc 1 816 3 view .LVU103
 326 00f8 D3F8E030 		ldr	r3, [r3, #224]
 327 00fc 03F02003 		and	r3, r3, #32
 328 0100 0A93     		str	r3, [sp, #40]
 816:Core/Src/main.c **** 
 329              		.loc 1 816 3 view .LVU104
 330 0102 0A9B     		ldr	r3, [sp, #40]
 331              	.LBE13:
 816:Core/Src/main.c **** 
 332              		.loc 1 816 3 view .LVU105
 819:Core/Src/main.c ****                           |GATE_TEMP_Pin|GATE_MAG_Pin, GPIO_PIN_RESET);
 333              		.loc 1 819 3 view .LVU106
 334 0104 3F4E     		ldr	r6, .L8+4
 335 0106 2246     		mov	r2, r4
 336 0108 47F21A01 		movw	r1, #28698
 337 010c 3046     		mov	r0, r6
 338 010e FFF7FEFF 		bl	HAL_GPIO_WritePin
 339              	.LVL3:
 823:Core/Src/main.c **** 
 340              		.loc 1 823 3 view .LVU107
 341 0112 DFF8FCA0 		ldr	r10, .L8+16
 342 0116 2246     		mov	r2, r4
 343 0118 0421     		movs	r1, #4
 344 011a 5046     		mov	r0, r10
 345 011c FFF7FEFF 		bl	HAL_GPIO_WritePin
 346              	.LVL4:
 826:Core/Src/main.c **** 
 347              		.loc 1 826 3 view .LVU108
 348 0120 DFF8F080 		ldr	r8, .L8+20
 349 0124 2246     		mov	r2, r4
 350 0126 41F20101 		movw	r1, #4097
 351 012a 4046     		mov	r0, r8
 352 012c FFF7FEFF 		bl	HAL_GPIO_WritePin
 353              	.LVL5:
 829:Core/Src/main.c **** 
 354              		.loc 1 829 3 view .LVU109
 355 0130 354F     		ldr	r7, .L8+8
 356 0132 2246     		mov	r2, r4
 357 0134 6021     		movs	r1, #96
ARM GAS  C:\Users\admin\AppData\Local\Temp\ccwE4F76.s 			page 25


 358 0136 3846     		mov	r0, r7
 359 0138 FFF7FEFF 		bl	HAL_GPIO_WritePin
 360              	.LVL6:
 832:Core/Src/main.c **** 
 361              		.loc 1 832 3 view .LVU110
 362 013c DFF8D890 		ldr	r9, .L8+24
 363 0140 2246     		mov	r2, r4
 364 0142 0C21     		movs	r1, #12
 365 0144 4846     		mov	r0, r9
 366 0146 FFF7FEFF 		bl	HAL_GPIO_WritePin
 367              	.LVL7:
 836:Core/Src/main.c ****                           |GATE_TEMP_Pin|GATE_MAG_Pin;
 368              		.loc 1 836 3 view .LVU111
 836:Core/Src/main.c ****                           |GATE_TEMP_Pin|GATE_MAG_Pin;
 369              		.loc 1 836 23 is_stmt 0 view .LVU112
 370 014a 47F21A03 		movw	r3, #28698
 371 014e 0B93     		str	r3, [sp, #44]
 838:Core/Src/main.c ****   GPIO_InitStruct.Pull = GPIO_NOPULL;
 372              		.loc 1 838 3 is_stmt 1 view .LVU113
 838:Core/Src/main.c ****   GPIO_InitStruct.Pull = GPIO_NOPULL;
 373              		.loc 1 838 24 is_stmt 0 view .LVU114
 374 0150 0125     		movs	r5, #1
 375 0152 0C95     		str	r5, [sp, #48]
 839:Core/Src/main.c ****   GPIO_InitStruct.Speed = GPIO_SPEED_FREQ_LOW;
 376              		.loc 1 839 3 is_stmt 1 view .LVU115
 839:Core/Src/main.c ****   GPIO_InitStruct.Speed = GPIO_SPEED_FREQ_LOW;
 377              		.loc 1 839 24 is_stmt 0 view .LVU116
 378 0154 0D94     		str	r4, [sp, #52]
 840:Core/Src/main.c ****   HAL_GPIO_Init(GPIOB, &GPIO_InitStruct);
 379              		.loc 1 840 3 is_stmt 1 view .LVU117
 840:Core/Src/main.c ****   HAL_GPIO_Init(GPIOB, &GPIO_InitStruct);
 380              		.loc 1 840 25 is_stmt 0 view .LVU118
 381 0156 0E94     		str	r4, [sp, #56]
 841:Core/Src/main.c **** 
 382              		.loc 1 841 3 is_stmt 1 view .LVU119
 383 0158 0BA9     		add	r1, sp, #44
 384 015a 3046     		mov	r0, r6
 385 015c FFF7FEFF 		bl	HAL_GPIO_Init
 386              	.LVL8:
 844:Core/Src/main.c ****   GPIO_InitStruct.Mode = GPIO_MODE_OUTPUT_PP;
 387              		.loc 1 844 3 view .LVU120
 844:Core/Src/main.c ****   GPIO_InitStruct.Mode = GPIO_MODE_OUTPUT_PP;
 388              		.loc 1 844 23 is_stmt 0 view .LVU121
 389 0160 0423     		movs	r3, #4
 390 0162 0B93     		str	r3, [sp, #44]
 845:Core/Src/main.c ****   GPIO_InitStruct.Pull = GPIO_NOPULL;
 391              		.loc 1 845 3 is_stmt 1 view .LVU122
 845:Core/Src/main.c ****   GPIO_InitStruct.Pull = GPIO_NOPULL;
 392              		.loc 1 845 24 is_stmt 0 view .LVU123
 393 0164 0C95     		str	r5, [sp, #48]
 846:Core/Src/main.c ****   GPIO_InitStruct.Speed = GPIO_SPEED_FREQ_LOW;
 394              		.loc 1 846 3 is_stmt 1 view .LVU124
 846:Core/Src/main.c ****   GPIO_InitStruct.Speed = GPIO_SPEED_FREQ_LOW;
 395              		.loc 1 846 24 is_stmt 0 view .LVU125
 396 0166 0D94     		str	r4, [sp, #52]
 847:Core/Src/main.c ****   HAL_GPIO_Init(GATE_GPS_GPIO_Port, &GPIO_InitStruct);
 397              		.loc 1 847 3 is_stmt 1 view .LVU126
ARM GAS  C:\Users\admin\AppData\Local\Temp\ccwE4F76.s 			page 26


 847:Core/Src/main.c ****   HAL_GPIO_Init(GATE_GPS_GPIO_Port, &GPIO_InitStruct);
 398              		.loc 1 847 25 is_stmt 0 view .LVU127
 399 0168 0E94     		str	r4, [sp, #56]
 848:Core/Src/main.c **** 
 400              		.loc 1 848 3 is_stmt 1 view .LVU128
 401 016a 0BA9     		add	r1, sp, #44
 402 016c 5046     		mov	r0, r10
 403 016e FFF7FEFF 		bl	HAL_GPIO_Init
 404              	.LVL9:
 851:Core/Src/main.c ****   GPIO_InitStruct.Mode = GPIO_MODE_INPUT;
 405              		.loc 1 851 3 view .LVU129
 851:Core/Src/main.c ****   GPIO_InitStruct.Mode = GPIO_MODE_INPUT;
 406              		.loc 1 851 23 is_stmt 0 view .LVU130
 407 0172 4FF48043 		mov	r3, #16384
 408 0176 0B93     		str	r3, [sp, #44]
 852:Core/Src/main.c ****   GPIO_InitStruct.Pull = GPIO_NOPULL;
 409              		.loc 1 852 3 is_stmt 1 view .LVU131
 852:Core/Src/main.c ****   GPIO_InitStruct.Pull = GPIO_NOPULL;
 410              		.loc 1 852 24 is_stmt 0 view .LVU132
 411 0178 0C94     		str	r4, [sp, #48]
 853:Core/Src/main.c ****   HAL_GPIO_Init(LORA_AUX_GPIO_Port, &GPIO_InitStruct);
 412              		.loc 1 853 3 is_stmt 1 view .LVU133
 853:Core/Src/main.c ****   HAL_GPIO_Init(LORA_AUX_GPIO_Port, &GPIO_InitStruct);
 413              		.loc 1 853 24 is_stmt 0 view .LVU134
 414 017a 0D94     		str	r4, [sp, #52]
 854:Core/Src/main.c **** 
 415              		.loc 1 854 3 is_stmt 1 view .LVU135
 416 017c 0BA9     		add	r1, sp, #44
 417 017e 2348     		ldr	r0, .L8+12
 418 0180 FFF7FEFF 		bl	HAL_GPIO_Init
 419              	.LVL10:
 857:Core/Src/main.c ****   GPIO_InitStruct.Mode = GPIO_MODE_OUTPUT_PP;
 420              		.loc 1 857 3 view .LVU136
 857:Core/Src/main.c ****   GPIO_InitStruct.Mode = GPIO_MODE_OUTPUT_PP;
 421              		.loc 1 857 23 is_stmt 0 view .LVU137
 422 0184 41F20103 		movw	r3, #4097
 423 0188 0B93     		str	r3, [sp, #44]
 858:Core/Src/main.c ****   GPIO_InitStruct.Pull = GPIO_NOPULL;
 424              		.loc 1 858 3 is_stmt 1 view .LVU138
 858:Core/Src/main.c ****   GPIO_InitStruct.Pull = GPIO_NOPULL;
 425              		.loc 1 858 24 is_stmt 0 view .LVU139
 426 018a 0C95     		str	r5, [sp, #48]
 859:Core/Src/main.c ****   GPIO_InitStruct.Speed = GPIO_SPEED_FREQ_LOW;
 427              		.loc 1 859 3 is_stmt 1 view .LVU140
 859:Core/Src/main.c ****   GPIO_InitStruct.Speed = GPIO_SPEED_FREQ_LOW;
 428              		.loc 1 859 24 is_stmt 0 view .LVU141
 429 018c 0D94     		str	r4, [sp, #52]
 860:Core/Src/main.c ****   HAL_GPIO_Init(GPIOD, &GPIO_InitStruct);
 430              		.loc 1 860 3 is_stmt 1 view .LVU142
 860:Core/Src/main.c ****   HAL_GPIO_Init(GPIOD, &GPIO_InitStruct);
 431              		.loc 1 860 25 is_stmt 0 view .LVU143
 432 018e 0E94     		str	r4, [sp, #56]
 861:Core/Src/main.c **** 
 433              		.loc 1 861 3 is_stmt 1 view .LVU144
 434 0190 0BA9     		add	r1, sp, #44
 435 0192 4046     		mov	r0, r8
 436 0194 FFF7FEFF 		bl	HAL_GPIO_Init
ARM GAS  C:\Users\admin\AppData\Local\Temp\ccwE4F76.s 			page 27


 437              	.LVL11:
 864:Core/Src/main.c ****   GPIO_InitStruct.Mode = GPIO_MODE_IT_RISING;
 438              		.loc 1 864 3 view .LVU145
 864:Core/Src/main.c ****   GPIO_InitStruct.Mode = GPIO_MODE_IT_RISING;
 439              		.loc 1 864 23 is_stmt 0 view .LVU146
 440 0198 4FF48073 		mov	r3, #256
 441 019c 0B93     		str	r3, [sp, #44]
 865:Core/Src/main.c ****   GPIO_InitStruct.Pull = GPIO_NOPULL;
 442              		.loc 1 865 3 is_stmt 1 view .LVU147
 865:Core/Src/main.c ****   GPIO_InitStruct.Pull = GPIO_NOPULL;
 443              		.loc 1 865 24 is_stmt 0 view .LVU148
 444 019e 4FF48818 		mov	r8, #1114112
 445 01a2 CDF83080 		str	r8, [sp, #48]
 866:Core/Src/main.c ****   HAL_GPIO_Init(GPS_PPS_GPIO_Port, &GPIO_InitStruct);
 446              		.loc 1 866 3 is_stmt 1 view .LVU149
 866:Core/Src/main.c ****   HAL_GPIO_Init(GPS_PPS_GPIO_Port, &GPIO_InitStruct);
 447              		.loc 1 866 24 is_stmt 0 view .LVU150
 448 01a6 0D94     		str	r4, [sp, #52]
 867:Core/Src/main.c **** 
 449              		.loc 1 867 3 is_stmt 1 view .LVU151
 450 01a8 0BA9     		add	r1, sp, #44
 451 01aa 3846     		mov	r0, r7
 452 01ac FFF7FEFF 		bl	HAL_GPIO_Init
 453              	.LVL12:
 870:Core/Src/main.c ****   GPIO_InitStruct.Mode = GPIO_MODE_OUTPUT_PP;
 454              		.loc 1 870 3 view .LVU152
 870:Core/Src/main.c ****   GPIO_InitStruct.Mode = GPIO_MODE_OUTPUT_PP;
 455              		.loc 1 870 23 is_stmt 0 view .LVU153
 456 01b0 6023     		movs	r3, #96
 457 01b2 0B93     		str	r3, [sp, #44]
 871:Core/Src/main.c ****   GPIO_InitStruct.Pull = GPIO_NOPULL;
 458              		.loc 1 871 3 is_stmt 1 view .LVU154
 871:Core/Src/main.c ****   GPIO_InitStruct.Pull = GPIO_NOPULL;
 459              		.loc 1 871 24 is_stmt 0 view .LVU155
 460 01b4 0C95     		str	r5, [sp, #48]
 872:Core/Src/main.c ****   GPIO_InitStruct.Speed = GPIO_SPEED_FREQ_LOW;
 461              		.loc 1 872 3 is_stmt 1 view .LVU156
 872:Core/Src/main.c ****   GPIO_InitStruct.Speed = GPIO_SPEED_FREQ_LOW;
 462              		.loc 1 872 24 is_stmt 0 view .LVU157
 463 01b6 0D94     		str	r4, [sp, #52]
 873:Core/Src/main.c ****   HAL_GPIO_Init(GPIOG, &GPIO_InitStruct);
 464              		.loc 1 873 3 is_stmt 1 view .LVU158
 873:Core/Src/main.c ****   HAL_GPIO_Init(GPIOG, &GPIO_InitStruct);
 465              		.loc 1 873 25 is_stmt 0 view .LVU159
 466 01b8 0E94     		str	r4, [sp, #56]
 874:Core/Src/main.c **** 
 467              		.loc 1 874 3 is_stmt 1 view .LVU160
 468 01ba 0BA9     		add	r1, sp, #44
 469 01bc 3846     		mov	r0, r7
 470 01be FFF7FEFF 		bl	HAL_GPIO_Init
 471              	.LVL13:
 877:Core/Src/main.c ****   GPIO_InitStruct.Mode = GPIO_MODE_OUTPUT_PP;
 472              		.loc 1 877 3 view .LVU161
 877:Core/Src/main.c ****   GPIO_InitStruct.Mode = GPIO_MODE_OUTPUT_PP;
 473              		.loc 1 877 23 is_stmt 0 view .LVU162
 474 01c2 0C23     		movs	r3, #12
 475 01c4 0B93     		str	r3, [sp, #44]
ARM GAS  C:\Users\admin\AppData\Local\Temp\ccwE4F76.s 			page 28


 878:Core/Src/main.c ****   GPIO_InitStruct.Pull = GPIO_NOPULL;
 476              		.loc 1 878 3 is_stmt 1 view .LVU163
 878:Core/Src/main.c ****   GPIO_InitStruct.Pull = GPIO_NOPULL;
 477              		.loc 1 878 24 is_stmt 0 view .LVU164
 478 01c6 0C95     		str	r5, [sp, #48]
 879:Core/Src/main.c ****   GPIO_InitStruct.Speed = GPIO_SPEED_FREQ_LOW;
 479              		.loc 1 879 3 is_stmt 1 view .LVU165
 879:Core/Src/main.c ****   GPIO_InitStruct.Speed = GPIO_SPEED_FREQ_LOW;
 480              		.loc 1 879 24 is_stmt 0 view .LVU166
 481 01c8 0D94     		str	r4, [sp, #52]
 880:Core/Src/main.c ****   HAL_GPIO_Init(GPIOC, &GPIO_InitStruct);
 482              		.loc 1 880 3 is_stmt 1 view .LVU167
 880:Core/Src/main.c ****   HAL_GPIO_Init(GPIOC, &GPIO_InitStruct);
 483              		.loc 1 880 25 is_stmt 0 view .LVU168
 484 01ca 0E94     		str	r4, [sp, #56]
 881:Core/Src/main.c **** 
 485              		.loc 1 881 3 is_stmt 1 view .LVU169
 486 01cc 0BA9     		add	r1, sp, #44
 487 01ce 4846     		mov	r0, r9
 488 01d0 FFF7FEFF 		bl	HAL_GPIO_Init
 489              	.LVL14:
 884:Core/Src/main.c ****   GPIO_InitStruct.Mode = GPIO_MODE_IT_RISING;
 490              		.loc 1 884 3 view .LVU170
 884:Core/Src/main.c ****   GPIO_InitStruct.Mode = GPIO_MODE_IT_RISING;
 491              		.loc 1 884 23 is_stmt 0 view .LVU171
 492 01d4 0B95     		str	r5, [sp, #44]
 885:Core/Src/main.c ****   GPIO_InitStruct.Pull = GPIO_NOPULL;
 493              		.loc 1 885 3 is_stmt 1 view .LVU172
 885:Core/Src/main.c ****   GPIO_InitStruct.Pull = GPIO_NOPULL;
 494              		.loc 1 885 24 is_stmt 0 view .LVU173
 495 01d6 CDF83080 		str	r8, [sp, #48]
 886:Core/Src/main.c ****   HAL_GPIO_Init(GPS_PPSB0_GPIO_Port, &GPIO_InitStruct);
 496              		.loc 1 886 3 is_stmt 1 view .LVU174
 886:Core/Src/main.c ****   HAL_GPIO_Init(GPS_PPSB0_GPIO_Port, &GPIO_InitStruct);
 497              		.loc 1 886 24 is_stmt 0 view .LVU175
 498 01da 0D94     		str	r4, [sp, #52]
 887:Core/Src/main.c **** 
 499              		.loc 1 887 3 is_stmt 1 view .LVU176
 500 01dc 0BA9     		add	r1, sp, #44
 501 01de 3046     		mov	r0, r6
 502 01e0 FFF7FEFF 		bl	HAL_GPIO_Init
 503              	.LVL15:
 890:Core/Src/main.c **** 
 504              		.loc 1 890 3 view .LVU177
 505 01e4 2146     		mov	r1, r4
 506 01e6 4FF08060 		mov	r0, #67108864
 507 01ea FFF7FEFF 		bl	HAL_SYSCFG_AnalogSwitchConfig
 508              	.LVL16:
 893:Core/Src/main.c **** 
 509              		.loc 1 893 3 view .LVU178
 510 01ee 2146     		mov	r1, r4
 511 01f0 4FF00060 		mov	r0, #134217728
 512 01f4 FFF7FEFF 		bl	HAL_SYSCFG_AnalogSwitchConfig
 513              	.LVL17:
 898:Core/Src/main.c **** 
 514              		.loc 1 898 1 is_stmt 0 view .LVU179
 515 01f8 10B0     		add	sp, sp, #64
ARM GAS  C:\Users\admin\AppData\Local\Temp\ccwE4F76.s 			page 29


 516              	.LCFI5:
 517              		.cfi_def_cfa_offset 32
 518              		@ sp needed
 519 01fa BDE8F087 		pop	{r4, r5, r6, r7, r8, r9, r10, pc}
 520              	.L9:
 521 01fe 00BF     		.align	2
 522              	.L8:
 523 0200 00440258 		.word	1476543488
 524 0204 00040258 		.word	1476527104
 525 0208 00180258 		.word	1476532224
 526 020c 00240258 		.word	1476535296
 527 0210 00100258 		.word	1476530176
 528 0214 000C0258 		.word	1476529152
 529 0218 00080258 		.word	1476528128
 530              		.cfi_endproc
 531              	.LFE161:
 533              		.section	.text.MX_DMA_Init,"ax",%progbits
 534              		.align	1
 535              		.syntax unified
 536              		.thumb
 537              		.thumb_func
 539              	MX_DMA_Init:
 540              	.LFB160:
 782:Core/Src/main.c **** 
 541              		.loc 1 782 1 is_stmt 1 view -0
 542              		.cfi_startproc
 543              		@ args = 0, pretend = 0, frame = 8
 544              		@ frame_needed = 0, uses_anonymous_args = 0
 545 0000 00B5     		push	{lr}
 546              	.LCFI6:
 547              		.cfi_def_cfa_offset 4
 548              		.cfi_offset 14, -4
 549 0002 83B0     		sub	sp, sp, #12
 550              	.LCFI7:
 551              		.cfi_def_cfa_offset 16
 785:Core/Src/main.c **** 
 552              		.loc 1 785 3 view .LVU181
 553              	.LBB14:
 785:Core/Src/main.c **** 
 554              		.loc 1 785 3 view .LVU182
 785:Core/Src/main.c **** 
 555              		.loc 1 785 3 view .LVU183
 556 0004 0B4B     		ldr	r3, .L12
 557 0006 D3F8D820 		ldr	r2, [r3, #216]
 558 000a 42F00102 		orr	r2, r2, #1
 559 000e C3F8D820 		str	r2, [r3, #216]
 785:Core/Src/main.c **** 
 560              		.loc 1 785 3 view .LVU184
 561 0012 D3F8D830 		ldr	r3, [r3, #216]
 562 0016 03F00103 		and	r3, r3, #1
 563 001a 0193     		str	r3, [sp, #4]
 785:Core/Src/main.c **** 
 564              		.loc 1 785 3 view .LVU185
 565 001c 019B     		ldr	r3, [sp, #4]
 566              	.LBE14:
 785:Core/Src/main.c **** 
 567              		.loc 1 785 3 view .LVU186
ARM GAS  C:\Users\admin\AppData\Local\Temp\ccwE4F76.s 			page 30


 789:Core/Src/main.c ****   HAL_NVIC_EnableIRQ(DMA1_Stream0_IRQn);
 568              		.loc 1 789 3 view .LVU187
 569 001e 0022     		movs	r2, #0
 570 0020 0521     		movs	r1, #5
 571 0022 0B20     		movs	r0, #11
 572 0024 FFF7FEFF 		bl	HAL_NVIC_SetPriority
 573              	.LVL18:
 790:Core/Src/main.c **** 
 574              		.loc 1 790 3 view .LVU188
 575 0028 0B20     		movs	r0, #11
 576 002a FFF7FEFF 		bl	HAL_NVIC_EnableIRQ
 577              	.LVL19:
 792:Core/Src/main.c **** 
 578              		.loc 1 792 1 is_stmt 0 view .LVU189
 579 002e 03B0     		add	sp, sp, #12
 580              	.LCFI8:
 581              		.cfi_def_cfa_offset 4
 582              		@ sp needed
 583 0030 5DF804FB 		ldr	pc, [sp], #4
 584              	.L13:
 585              		.align	2
 586              	.L12:
 587 0034 00440258 		.word	1476543488
 588              		.cfi_endproc
 589              	.LFE160:
 591              		.section	.text.StartDefaultTask,"ax",%progbits
 592              		.align	1
 593              		.global	StartDefaultTask
 594              		.syntax unified
 595              		.thumb
 596              		.thumb_func
 598              	StartDefaultTask:
 599              	.LFB162:
 912:Core/Src/main.c ****   /* USER CODE BEGIN 5 */
 600              		.loc 1 912 1 is_stmt 1 view -0
 601              		.cfi_startproc
 602              		@ Volatile: function does not return.
 603              		@ args = 0, pretend = 0, frame = 0
 604              		@ frame_needed = 0, uses_anonymous_args = 0
 605              	.LVL20:
 912:Core/Src/main.c ****   /* USER CODE BEGIN 5 */
 606              		.loc 1 912 1 is_stmt 0 view .LVU191
 607 0000 08B5     		push	{r3, lr}
 608              	.LCFI9:
 609              		.cfi_def_cfa_offset 8
 610              		.cfi_offset 3, -8
 611              		.cfi_offset 14, -4
 612              	.LVL21:
 613              	.L15:
 915:Core/Src/main.c ****   {
 614              		.loc 1 915 3 is_stmt 1 discriminator 1 view .LVU192
 917:Core/Src/main.c ****   }
 615              		.loc 1 917 5 discriminator 1 view .LVU193
 616 0002 0120     		movs	r0, #1
 617 0004 FFF7FEFF 		bl	osDelay
 618              	.LVL22:
 915:Core/Src/main.c ****   {
ARM GAS  C:\Users\admin\AppData\Local\Temp\ccwE4F76.s 			page 31


 619              		.loc 1 915 8 discriminator 1 view .LVU194
 620 0008 FBE7     		b	.L15
 621              		.cfi_endproc
 622              	.LFE162:
 624              		.section	.text.HAL_TIM_PeriodElapsedCallback,"ax",%progbits
 625              		.align	1
 626              		.global	HAL_TIM_PeriodElapsedCallback
 627              		.syntax unified
 628              		.thumb
 629              		.thumb_func
 631              	HAL_TIM_PeriodElapsedCallback:
 632              	.LVL23:
 633              	.LFB164:
 950:Core/Src/main.c **** 
 951:Core/Src/main.c **** /**
 952:Core/Src/main.c ****   * @brief  Period elapsed callback in non blocking mode
 953:Core/Src/main.c ****   * @note   This function is called  when TIM1 interrupt took place, inside
 954:Core/Src/main.c ****   * HAL_TIM_IRQHandler(). It makes a direct call to HAL_IncTick() to increment
 955:Core/Src/main.c ****   * a global variable "uwTick" used as application time base.
 956:Core/Src/main.c ****   * @param  htim : TIM handle
 957:Core/Src/main.c ****   * @retval None
 958:Core/Src/main.c ****   */
 959:Core/Src/main.c **** void HAL_TIM_PeriodElapsedCallback(TIM_HandleTypeDef *htim)
 960:Core/Src/main.c **** {
 634              		.loc 1 960 1 view -0
 635              		.cfi_startproc
 636              		@ args = 0, pretend = 0, frame = 0
 637              		@ frame_needed = 0, uses_anonymous_args = 0
 638              		.loc 1 960 1 is_stmt 0 view .LVU196
 639 0000 08B5     		push	{r3, lr}
 640              	.LCFI10:
 641              		.cfi_def_cfa_offset 8
 642              		.cfi_offset 3, -8
 643              		.cfi_offset 14, -4
 961:Core/Src/main.c ****   /* USER CODE BEGIN Callback 0 */
 962:Core/Src/main.c **** 
 963:Core/Src/main.c ****   /* USER CODE END Callback 0 */
 964:Core/Src/main.c ****   if (htim->Instance == TIM1)
 644              		.loc 1 964 3 is_stmt 1 view .LVU197
 645              		.loc 1 964 11 is_stmt 0 view .LVU198
 646 0002 0268     		ldr	r2, [r0]
 647              		.loc 1 964 6 view .LVU199
 648 0004 034B     		ldr	r3, .L21
 649 0006 9A42     		cmp	r2, r3
 650 0008 00D0     		beq	.L20
 651              	.LVL24:
 652              	.L17:
 965:Core/Src/main.c ****   {
 966:Core/Src/main.c ****     HAL_IncTick();
 967:Core/Src/main.c ****   }
 968:Core/Src/main.c ****   /* USER CODE BEGIN Callback 1 */
 969:Core/Src/main.c **** 
 970:Core/Src/main.c ****   /* USER CODE END Callback 1 */
 971:Core/Src/main.c **** }
 653              		.loc 1 971 1 view .LVU200
 654 000a 08BD     		pop	{r3, pc}
 655              	.LVL25:
ARM GAS  C:\Users\admin\AppData\Local\Temp\ccwE4F76.s 			page 32


 656              	.L20:
 966:Core/Src/main.c ****   }
 657              		.loc 1 966 5 is_stmt 1 view .LVU201
 658 000c FFF7FEFF 		bl	HAL_IncTick
 659              	.LVL26:
 660              		.loc 1 971 1 is_stmt 0 view .LVU202
 661 0010 FBE7     		b	.L17
 662              	.L22:
 663 0012 00BF     		.align	2
 664              	.L21:
 665 0014 00000140 		.word	1073807360
 666              		.cfi_endproc
 667              	.LFE164:
 669              		.section	.text.Error_Handler,"ax",%progbits
 670              		.align	1
 671              		.global	Error_Handler
 672              		.syntax unified
 673              		.thumb
 674              		.thumb_func
 676              	Error_Handler:
 677              	.LFB165:
 972:Core/Src/main.c **** 
 973:Core/Src/main.c **** /**
 974:Core/Src/main.c ****   * @brief  This function is executed in case of error occurrence.
 975:Core/Src/main.c ****   * @retval None
 976:Core/Src/main.c ****   */
 977:Core/Src/main.c **** void Error_Handler(void)
 978:Core/Src/main.c **** {
 678              		.loc 1 978 1 is_stmt 1 view -0
 679              		.cfi_startproc
 680              		@ Volatile: function does not return.
 681              		@ args = 0, pretend = 0, frame = 0
 682              		@ frame_needed = 0, uses_anonymous_args = 0
 683              		@ link register save eliminated.
 979:Core/Src/main.c ****   /* USER CODE BEGIN Error_Handler_Debug */
 980:Core/Src/main.c ****   /* User can add his own implementation to report the HAL error return state */
 981:Core/Src/main.c ****   __disable_irq();
 684              		.loc 1 981 3 view .LVU204
 685              	.LBB15:
 686              	.LBI15:
 687              		.file 2 "Drivers/CMSIS/Include/cmsis_gcc.h"
   1:Drivers/CMSIS/Include/cmsis_gcc.h **** /**************************************************************************//**
   2:Drivers/CMSIS/Include/cmsis_gcc.h ****  * @file     cmsis_gcc.h
   3:Drivers/CMSIS/Include/cmsis_gcc.h ****  * @brief    CMSIS compiler GCC header file
   4:Drivers/CMSIS/Include/cmsis_gcc.h ****  * @version  V5.2.0
   5:Drivers/CMSIS/Include/cmsis_gcc.h ****  * @date     08. May 2019
   6:Drivers/CMSIS/Include/cmsis_gcc.h ****  ******************************************************************************/
   7:Drivers/CMSIS/Include/cmsis_gcc.h **** /*
   8:Drivers/CMSIS/Include/cmsis_gcc.h ****  * Copyright (c) 2009-2019 Arm Limited. All rights reserved.
   9:Drivers/CMSIS/Include/cmsis_gcc.h ****  *
  10:Drivers/CMSIS/Include/cmsis_gcc.h ****  * SPDX-License-Identifier: Apache-2.0
  11:Drivers/CMSIS/Include/cmsis_gcc.h ****  *
  12:Drivers/CMSIS/Include/cmsis_gcc.h ****  * Licensed under the Apache License, Version 2.0 (the License); you may
  13:Drivers/CMSIS/Include/cmsis_gcc.h ****  * not use this file except in compliance with the License.
  14:Drivers/CMSIS/Include/cmsis_gcc.h ****  * You may obtain a copy of the License at
  15:Drivers/CMSIS/Include/cmsis_gcc.h ****  *
  16:Drivers/CMSIS/Include/cmsis_gcc.h ****  * www.apache.org/licenses/LICENSE-2.0
ARM GAS  C:\Users\admin\AppData\Local\Temp\ccwE4F76.s 			page 33


  17:Drivers/CMSIS/Include/cmsis_gcc.h ****  *
  18:Drivers/CMSIS/Include/cmsis_gcc.h ****  * Unless required by applicable law or agreed to in writing, software
  19:Drivers/CMSIS/Include/cmsis_gcc.h ****  * distributed under the License is distributed on an AS IS BASIS, WITHOUT
  20:Drivers/CMSIS/Include/cmsis_gcc.h ****  * WARRANTIES OR CONDITIONS OF ANY KIND, either express or implied.
  21:Drivers/CMSIS/Include/cmsis_gcc.h ****  * See the License for the specific language governing permissions and
  22:Drivers/CMSIS/Include/cmsis_gcc.h ****  * limitations under the License.
  23:Drivers/CMSIS/Include/cmsis_gcc.h ****  */
  24:Drivers/CMSIS/Include/cmsis_gcc.h **** 
  25:Drivers/CMSIS/Include/cmsis_gcc.h **** #ifndef __CMSIS_GCC_H
  26:Drivers/CMSIS/Include/cmsis_gcc.h **** #define __CMSIS_GCC_H
  27:Drivers/CMSIS/Include/cmsis_gcc.h **** 
  28:Drivers/CMSIS/Include/cmsis_gcc.h **** /* ignore some GCC warnings */
  29:Drivers/CMSIS/Include/cmsis_gcc.h **** #pragma GCC diagnostic push
  30:Drivers/CMSIS/Include/cmsis_gcc.h **** #pragma GCC diagnostic ignored "-Wsign-conversion"
  31:Drivers/CMSIS/Include/cmsis_gcc.h **** #pragma GCC diagnostic ignored "-Wconversion"
  32:Drivers/CMSIS/Include/cmsis_gcc.h **** #pragma GCC diagnostic ignored "-Wunused-parameter"
  33:Drivers/CMSIS/Include/cmsis_gcc.h **** 
  34:Drivers/CMSIS/Include/cmsis_gcc.h **** /* Fallback for __has_builtin */
  35:Drivers/CMSIS/Include/cmsis_gcc.h **** #ifndef __has_builtin
  36:Drivers/CMSIS/Include/cmsis_gcc.h ****   #define __has_builtin(x) (0)
  37:Drivers/CMSIS/Include/cmsis_gcc.h **** #endif
  38:Drivers/CMSIS/Include/cmsis_gcc.h **** 
  39:Drivers/CMSIS/Include/cmsis_gcc.h **** /* CMSIS compiler specific defines */
  40:Drivers/CMSIS/Include/cmsis_gcc.h **** #ifndef   __ASM
  41:Drivers/CMSIS/Include/cmsis_gcc.h ****   #define __ASM                                  __asm
  42:Drivers/CMSIS/Include/cmsis_gcc.h **** #endif
  43:Drivers/CMSIS/Include/cmsis_gcc.h **** #ifndef   __INLINE
  44:Drivers/CMSIS/Include/cmsis_gcc.h ****   #define __INLINE                               inline
  45:Drivers/CMSIS/Include/cmsis_gcc.h **** #endif
  46:Drivers/CMSIS/Include/cmsis_gcc.h **** #ifndef   __STATIC_INLINE
  47:Drivers/CMSIS/Include/cmsis_gcc.h ****   #define __STATIC_INLINE                        static inline
  48:Drivers/CMSIS/Include/cmsis_gcc.h **** #endif
  49:Drivers/CMSIS/Include/cmsis_gcc.h **** #ifndef   __STATIC_FORCEINLINE                 
  50:Drivers/CMSIS/Include/cmsis_gcc.h ****   #define __STATIC_FORCEINLINE                   __attribute__((always_inline)) static inline
  51:Drivers/CMSIS/Include/cmsis_gcc.h **** #endif                                           
  52:Drivers/CMSIS/Include/cmsis_gcc.h **** #ifndef   __NO_RETURN
  53:Drivers/CMSIS/Include/cmsis_gcc.h ****   #define __NO_RETURN                            __attribute__((__noreturn__))
  54:Drivers/CMSIS/Include/cmsis_gcc.h **** #endif
  55:Drivers/CMSIS/Include/cmsis_gcc.h **** #ifndef   __USED
  56:Drivers/CMSIS/Include/cmsis_gcc.h ****   #define __USED                                 __attribute__((used))
  57:Drivers/CMSIS/Include/cmsis_gcc.h **** #endif
  58:Drivers/CMSIS/Include/cmsis_gcc.h **** #ifndef   __WEAK
  59:Drivers/CMSIS/Include/cmsis_gcc.h ****   #define __WEAK                                 __attribute__((weak))
  60:Drivers/CMSIS/Include/cmsis_gcc.h **** #endif
  61:Drivers/CMSIS/Include/cmsis_gcc.h **** #ifndef   __PACKED
  62:Drivers/CMSIS/Include/cmsis_gcc.h ****   #define __PACKED                               __attribute__((packed, aligned(1)))
  63:Drivers/CMSIS/Include/cmsis_gcc.h **** #endif
  64:Drivers/CMSIS/Include/cmsis_gcc.h **** #ifndef   __PACKED_STRUCT
  65:Drivers/CMSIS/Include/cmsis_gcc.h ****   #define __PACKED_STRUCT                        struct __attribute__((packed, aligned(1)))
  66:Drivers/CMSIS/Include/cmsis_gcc.h **** #endif
  67:Drivers/CMSIS/Include/cmsis_gcc.h **** #ifndef   __PACKED_UNION
  68:Drivers/CMSIS/Include/cmsis_gcc.h ****   #define __PACKED_UNION                         union __attribute__((packed, aligned(1)))
  69:Drivers/CMSIS/Include/cmsis_gcc.h **** #endif
  70:Drivers/CMSIS/Include/cmsis_gcc.h **** #ifndef   __UNALIGNED_UINT32        /* deprecated */
  71:Drivers/CMSIS/Include/cmsis_gcc.h ****   #pragma GCC diagnostic push
  72:Drivers/CMSIS/Include/cmsis_gcc.h ****   #pragma GCC diagnostic ignored "-Wpacked"
  73:Drivers/CMSIS/Include/cmsis_gcc.h ****   #pragma GCC diagnostic ignored "-Wattributes"
ARM GAS  C:\Users\admin\AppData\Local\Temp\ccwE4F76.s 			page 34


  74:Drivers/CMSIS/Include/cmsis_gcc.h ****   struct __attribute__((packed)) T_UINT32 { uint32_t v; };
  75:Drivers/CMSIS/Include/cmsis_gcc.h ****   #pragma GCC diagnostic pop
  76:Drivers/CMSIS/Include/cmsis_gcc.h ****   #define __UNALIGNED_UINT32(x)                  (((struct T_UINT32 *)(x))->v)
  77:Drivers/CMSIS/Include/cmsis_gcc.h **** #endif
  78:Drivers/CMSIS/Include/cmsis_gcc.h **** #ifndef   __UNALIGNED_UINT16_WRITE
  79:Drivers/CMSIS/Include/cmsis_gcc.h ****   #pragma GCC diagnostic push
  80:Drivers/CMSIS/Include/cmsis_gcc.h ****   #pragma GCC diagnostic ignored "-Wpacked"
  81:Drivers/CMSIS/Include/cmsis_gcc.h ****   #pragma GCC diagnostic ignored "-Wattributes"
  82:Drivers/CMSIS/Include/cmsis_gcc.h ****   __PACKED_STRUCT T_UINT16_WRITE { uint16_t v; };
  83:Drivers/CMSIS/Include/cmsis_gcc.h ****   #pragma GCC diagnostic pop
  84:Drivers/CMSIS/Include/cmsis_gcc.h ****   #define __UNALIGNED_UINT16_WRITE(addr, val)    (void)((((struct T_UINT16_WRITE *)(void *)(addr))-
  85:Drivers/CMSIS/Include/cmsis_gcc.h **** #endif
  86:Drivers/CMSIS/Include/cmsis_gcc.h **** #ifndef   __UNALIGNED_UINT16_READ
  87:Drivers/CMSIS/Include/cmsis_gcc.h ****   #pragma GCC diagnostic push
  88:Drivers/CMSIS/Include/cmsis_gcc.h ****   #pragma GCC diagnostic ignored "-Wpacked"
  89:Drivers/CMSIS/Include/cmsis_gcc.h ****   #pragma GCC diagnostic ignored "-Wattributes"
  90:Drivers/CMSIS/Include/cmsis_gcc.h ****   __PACKED_STRUCT T_UINT16_READ { uint16_t v; };
  91:Drivers/CMSIS/Include/cmsis_gcc.h ****   #pragma GCC diagnostic pop
  92:Drivers/CMSIS/Include/cmsis_gcc.h ****   #define __UNALIGNED_UINT16_READ(addr)          (((const struct T_UINT16_READ *)(const void *)(add
  93:Drivers/CMSIS/Include/cmsis_gcc.h **** #endif
  94:Drivers/CMSIS/Include/cmsis_gcc.h **** #ifndef   __UNALIGNED_UINT32_WRITE
  95:Drivers/CMSIS/Include/cmsis_gcc.h ****   #pragma GCC diagnostic push
  96:Drivers/CMSIS/Include/cmsis_gcc.h ****   #pragma GCC diagnostic ignored "-Wpacked"
  97:Drivers/CMSIS/Include/cmsis_gcc.h ****   #pragma GCC diagnostic ignored "-Wattributes"
  98:Drivers/CMSIS/Include/cmsis_gcc.h ****   __PACKED_STRUCT T_UINT32_WRITE { uint32_t v; };
  99:Drivers/CMSIS/Include/cmsis_gcc.h ****   #pragma GCC diagnostic pop
 100:Drivers/CMSIS/Include/cmsis_gcc.h ****   #define __UNALIGNED_UINT32_WRITE(addr, val)    (void)((((struct T_UINT32_WRITE *)(void *)(addr))-
 101:Drivers/CMSIS/Include/cmsis_gcc.h **** #endif
 102:Drivers/CMSIS/Include/cmsis_gcc.h **** #ifndef   __UNALIGNED_UINT32_READ
 103:Drivers/CMSIS/Include/cmsis_gcc.h ****   #pragma GCC diagnostic push
 104:Drivers/CMSIS/Include/cmsis_gcc.h ****   #pragma GCC diagnostic ignored "-Wpacked"
 105:Drivers/CMSIS/Include/cmsis_gcc.h ****   #pragma GCC diagnostic ignored "-Wattributes"
 106:Drivers/CMSIS/Include/cmsis_gcc.h ****   __PACKED_STRUCT T_UINT32_READ { uint32_t v; };
 107:Drivers/CMSIS/Include/cmsis_gcc.h ****   #pragma GCC diagnostic pop
 108:Drivers/CMSIS/Include/cmsis_gcc.h ****   #define __UNALIGNED_UINT32_READ(addr)          (((const struct T_UINT32_READ *)(const void *)(add
 109:Drivers/CMSIS/Include/cmsis_gcc.h **** #endif
 110:Drivers/CMSIS/Include/cmsis_gcc.h **** #ifndef   __ALIGNED
 111:Drivers/CMSIS/Include/cmsis_gcc.h ****   #define __ALIGNED(x)                           __attribute__((aligned(x)))
 112:Drivers/CMSIS/Include/cmsis_gcc.h **** #endif
 113:Drivers/CMSIS/Include/cmsis_gcc.h **** #ifndef   __RESTRICT
 114:Drivers/CMSIS/Include/cmsis_gcc.h ****   #define __RESTRICT                             __restrict
 115:Drivers/CMSIS/Include/cmsis_gcc.h **** #endif
 116:Drivers/CMSIS/Include/cmsis_gcc.h **** #ifndef   __COMPILER_BARRIER
 117:Drivers/CMSIS/Include/cmsis_gcc.h ****   #define __COMPILER_BARRIER()                   __ASM volatile("":::"memory")
 118:Drivers/CMSIS/Include/cmsis_gcc.h **** #endif
 119:Drivers/CMSIS/Include/cmsis_gcc.h **** 
 120:Drivers/CMSIS/Include/cmsis_gcc.h **** /* #########################  Startup and Lowlevel Init  ######################## */
 121:Drivers/CMSIS/Include/cmsis_gcc.h **** 
 122:Drivers/CMSIS/Include/cmsis_gcc.h **** #ifndef __PROGRAM_START
 123:Drivers/CMSIS/Include/cmsis_gcc.h **** 
 124:Drivers/CMSIS/Include/cmsis_gcc.h **** /**
 125:Drivers/CMSIS/Include/cmsis_gcc.h ****   \brief   Initializes data and bss sections
 126:Drivers/CMSIS/Include/cmsis_gcc.h ****   \details This default implementations initialized all data and additional bss
 127:Drivers/CMSIS/Include/cmsis_gcc.h ****            sections relying on .copy.table and .zero.table specified properly
 128:Drivers/CMSIS/Include/cmsis_gcc.h ****            in the used linker script.
 129:Drivers/CMSIS/Include/cmsis_gcc.h ****   
 130:Drivers/CMSIS/Include/cmsis_gcc.h ****  */
ARM GAS  C:\Users\admin\AppData\Local\Temp\ccwE4F76.s 			page 35


 131:Drivers/CMSIS/Include/cmsis_gcc.h **** __STATIC_FORCEINLINE __NO_RETURN void __cmsis_start(void)
 132:Drivers/CMSIS/Include/cmsis_gcc.h **** {
 133:Drivers/CMSIS/Include/cmsis_gcc.h ****   extern void _start(void) __NO_RETURN;
 134:Drivers/CMSIS/Include/cmsis_gcc.h ****   
 135:Drivers/CMSIS/Include/cmsis_gcc.h ****   typedef struct {
 136:Drivers/CMSIS/Include/cmsis_gcc.h ****     uint32_t const* src;
 137:Drivers/CMSIS/Include/cmsis_gcc.h ****     uint32_t* dest;
 138:Drivers/CMSIS/Include/cmsis_gcc.h ****     uint32_t  wlen;
 139:Drivers/CMSIS/Include/cmsis_gcc.h ****   } __copy_table_t;
 140:Drivers/CMSIS/Include/cmsis_gcc.h ****   
 141:Drivers/CMSIS/Include/cmsis_gcc.h ****   typedef struct {
 142:Drivers/CMSIS/Include/cmsis_gcc.h ****     uint32_t* dest;
 143:Drivers/CMSIS/Include/cmsis_gcc.h ****     uint32_t  wlen;
 144:Drivers/CMSIS/Include/cmsis_gcc.h ****   } __zero_table_t;
 145:Drivers/CMSIS/Include/cmsis_gcc.h ****   
 146:Drivers/CMSIS/Include/cmsis_gcc.h ****   extern const __copy_table_t __copy_table_start__;
 147:Drivers/CMSIS/Include/cmsis_gcc.h ****   extern const __copy_table_t __copy_table_end__;
 148:Drivers/CMSIS/Include/cmsis_gcc.h ****   extern const __zero_table_t __zero_table_start__;
 149:Drivers/CMSIS/Include/cmsis_gcc.h ****   extern const __zero_table_t __zero_table_end__;
 150:Drivers/CMSIS/Include/cmsis_gcc.h **** 
 151:Drivers/CMSIS/Include/cmsis_gcc.h ****   for (__copy_table_t const* pTable = &__copy_table_start__; pTable < &__copy_table_end__; ++pTable
 152:Drivers/CMSIS/Include/cmsis_gcc.h ****     for(uint32_t i=0u; i<pTable->wlen; ++i) {
 153:Drivers/CMSIS/Include/cmsis_gcc.h ****       pTable->dest[i] = pTable->src[i];
 154:Drivers/CMSIS/Include/cmsis_gcc.h ****     }
 155:Drivers/CMSIS/Include/cmsis_gcc.h ****   }
 156:Drivers/CMSIS/Include/cmsis_gcc.h ****  
 157:Drivers/CMSIS/Include/cmsis_gcc.h ****   for (__zero_table_t const* pTable = &__zero_table_start__; pTable < &__zero_table_end__; ++pTable
 158:Drivers/CMSIS/Include/cmsis_gcc.h ****     for(uint32_t i=0u; i<pTable->wlen; ++i) {
 159:Drivers/CMSIS/Include/cmsis_gcc.h ****       pTable->dest[i] = 0u;
 160:Drivers/CMSIS/Include/cmsis_gcc.h ****     }
 161:Drivers/CMSIS/Include/cmsis_gcc.h ****   }
 162:Drivers/CMSIS/Include/cmsis_gcc.h ****  
 163:Drivers/CMSIS/Include/cmsis_gcc.h ****   _start();
 164:Drivers/CMSIS/Include/cmsis_gcc.h **** }
 165:Drivers/CMSIS/Include/cmsis_gcc.h ****   
 166:Drivers/CMSIS/Include/cmsis_gcc.h **** #define __PROGRAM_START           __cmsis_start
 167:Drivers/CMSIS/Include/cmsis_gcc.h **** #endif
 168:Drivers/CMSIS/Include/cmsis_gcc.h **** 
 169:Drivers/CMSIS/Include/cmsis_gcc.h **** #ifndef __INITIAL_SP
 170:Drivers/CMSIS/Include/cmsis_gcc.h **** #define __INITIAL_SP              __StackTop
 171:Drivers/CMSIS/Include/cmsis_gcc.h **** #endif
 172:Drivers/CMSIS/Include/cmsis_gcc.h **** 
 173:Drivers/CMSIS/Include/cmsis_gcc.h **** #ifndef __STACK_LIMIT
 174:Drivers/CMSIS/Include/cmsis_gcc.h **** #define __STACK_LIMIT             __StackLimit
 175:Drivers/CMSIS/Include/cmsis_gcc.h **** #endif
 176:Drivers/CMSIS/Include/cmsis_gcc.h **** 
 177:Drivers/CMSIS/Include/cmsis_gcc.h **** #ifndef __VECTOR_TABLE
 178:Drivers/CMSIS/Include/cmsis_gcc.h **** #define __VECTOR_TABLE            __Vectors
 179:Drivers/CMSIS/Include/cmsis_gcc.h **** #endif
 180:Drivers/CMSIS/Include/cmsis_gcc.h **** 
 181:Drivers/CMSIS/Include/cmsis_gcc.h **** #ifndef __VECTOR_TABLE_ATTRIBUTE
 182:Drivers/CMSIS/Include/cmsis_gcc.h **** #define __VECTOR_TABLE_ATTRIBUTE  __attribute((used, section(".vectors")))
 183:Drivers/CMSIS/Include/cmsis_gcc.h **** #endif
 184:Drivers/CMSIS/Include/cmsis_gcc.h **** 
 185:Drivers/CMSIS/Include/cmsis_gcc.h **** /* ###########################  Core Function Access  ########################### */
 186:Drivers/CMSIS/Include/cmsis_gcc.h **** /** \ingroup  CMSIS_Core_FunctionInterface
 187:Drivers/CMSIS/Include/cmsis_gcc.h ****     \defgroup CMSIS_Core_RegAccFunctions CMSIS Core Register Access Functions
ARM GAS  C:\Users\admin\AppData\Local\Temp\ccwE4F76.s 			page 36


 188:Drivers/CMSIS/Include/cmsis_gcc.h ****   @{
 189:Drivers/CMSIS/Include/cmsis_gcc.h ****  */
 190:Drivers/CMSIS/Include/cmsis_gcc.h **** 
 191:Drivers/CMSIS/Include/cmsis_gcc.h **** /**
 192:Drivers/CMSIS/Include/cmsis_gcc.h ****   \brief   Enable IRQ Interrupts
 193:Drivers/CMSIS/Include/cmsis_gcc.h ****   \details Enables IRQ interrupts by clearing the I-bit in the CPSR.
 194:Drivers/CMSIS/Include/cmsis_gcc.h ****            Can only be executed in Privileged modes.
 195:Drivers/CMSIS/Include/cmsis_gcc.h ****  */
 196:Drivers/CMSIS/Include/cmsis_gcc.h **** __STATIC_FORCEINLINE void __enable_irq(void)
 197:Drivers/CMSIS/Include/cmsis_gcc.h **** {
 198:Drivers/CMSIS/Include/cmsis_gcc.h ****   __ASM volatile ("cpsie i" : : : "memory");
 199:Drivers/CMSIS/Include/cmsis_gcc.h **** }
 200:Drivers/CMSIS/Include/cmsis_gcc.h **** 
 201:Drivers/CMSIS/Include/cmsis_gcc.h **** 
 202:Drivers/CMSIS/Include/cmsis_gcc.h **** /**
 203:Drivers/CMSIS/Include/cmsis_gcc.h ****   \brief   Disable IRQ Interrupts
 204:Drivers/CMSIS/Include/cmsis_gcc.h ****   \details Disables IRQ interrupts by setting the I-bit in the CPSR.
 205:Drivers/CMSIS/Include/cmsis_gcc.h ****            Can only be executed in Privileged modes.
 206:Drivers/CMSIS/Include/cmsis_gcc.h ****  */
 207:Drivers/CMSIS/Include/cmsis_gcc.h **** __STATIC_FORCEINLINE void __disable_irq(void)
 688              		.loc 2 207 27 view .LVU205
 689              	.LBB16:
 208:Drivers/CMSIS/Include/cmsis_gcc.h **** {
 209:Drivers/CMSIS/Include/cmsis_gcc.h ****   __ASM volatile ("cpsid i" : : : "memory");
 690              		.loc 2 209 3 view .LVU206
 691              		.syntax unified
 692              	@ 209 "Drivers/CMSIS/Include/cmsis_gcc.h" 1
 693 0000 72B6     		cpsid i
 694              	@ 0 "" 2
 695              		.thumb
 696              		.syntax unified
 697              	.L24:
 698              	.LBE16:
 699              	.LBE15:
 982:Core/Src/main.c ****   while (1)
 700              		.loc 1 982 3 discriminator 1 view .LVU207
 983:Core/Src/main.c ****   {
 984:Core/Src/main.c ****   }
 701              		.loc 1 984 3 discriminator 1 view .LVU208
 982:Core/Src/main.c ****   while (1)
 702              		.loc 1 982 9 discriminator 1 view .LVU209
 703 0002 FEE7     		b	.L24
 704              		.cfi_endproc
 705              	.LFE165:
 707              		.section	.text.MX_USART2_UART_Init,"ax",%progbits
 708              		.align	1
 709              		.syntax unified
 710              		.thumb
 711              		.thumb_func
 713              	MX_USART2_UART_Init:
 714              	.LFB158:
 688:Core/Src/main.c **** 
 715              		.loc 1 688 1 view -0
 716              		.cfi_startproc
 717              		@ args = 0, pretend = 0, frame = 0
 718              		@ frame_needed = 0, uses_anonymous_args = 0
 719 0000 08B5     		push	{r3, lr}
ARM GAS  C:\Users\admin\AppData\Local\Temp\ccwE4F76.s 			page 37


 720              	.LCFI11:
 721              		.cfi_def_cfa_offset 8
 722              		.cfi_offset 3, -8
 723              		.cfi_offset 14, -4
 697:Core/Src/main.c ****   huart2.Init.BaudRate = 115200;
 724              		.loc 1 697 3 view .LVU211
 697:Core/Src/main.c ****   huart2.Init.BaudRate = 115200;
 725              		.loc 1 697 19 is_stmt 0 view .LVU212
 726 0002 1548     		ldr	r0, .L35
 727 0004 154B     		ldr	r3, .L35+4
 728 0006 0360     		str	r3, [r0]
 698:Core/Src/main.c ****   huart2.Init.WordLength = UART_WORDLENGTH_8B;
 729              		.loc 1 698 3 is_stmt 1 view .LVU213
 698:Core/Src/main.c ****   huart2.Init.WordLength = UART_WORDLENGTH_8B;
 730              		.loc 1 698 24 is_stmt 0 view .LVU214
 731 0008 4FF4E133 		mov	r3, #115200
 732 000c 4360     		str	r3, [r0, #4]
 699:Core/Src/main.c ****   huart2.Init.StopBits = UART_STOPBITS_1;
 733              		.loc 1 699 3 is_stmt 1 view .LVU215
 699:Core/Src/main.c ****   huart2.Init.StopBits = UART_STOPBITS_1;
 734              		.loc 1 699 26 is_stmt 0 view .LVU216
 735 000e 0023     		movs	r3, #0
 736 0010 8360     		str	r3, [r0, #8]
 700:Core/Src/main.c ****   huart2.Init.Parity = UART_PARITY_NONE;
 737              		.loc 1 700 3 is_stmt 1 view .LVU217
 700:Core/Src/main.c ****   huart2.Init.Parity = UART_PARITY_NONE;
 738              		.loc 1 700 24 is_stmt 0 view .LVU218
 739 0012 C360     		str	r3, [r0, #12]
 701:Core/Src/main.c ****   huart2.Init.Mode = UART_MODE_TX_RX;
 740              		.loc 1 701 3 is_stmt 1 view .LVU219
 701:Core/Src/main.c ****   huart2.Init.Mode = UART_MODE_TX_RX;
 741              		.loc 1 701 22 is_stmt 0 view .LVU220
 742 0014 0361     		str	r3, [r0, #16]
 702:Core/Src/main.c ****   huart2.Init.HwFlowCtl = UART_HWCONTROL_NONE;
 743              		.loc 1 702 3 is_stmt 1 view .LVU221
 702:Core/Src/main.c ****   huart2.Init.HwFlowCtl = UART_HWCONTROL_NONE;
 744              		.loc 1 702 20 is_stmt 0 view .LVU222
 745 0016 0C22     		movs	r2, #12
 746 0018 4261     		str	r2, [r0, #20]
 703:Core/Src/main.c ****   huart2.Init.OverSampling = UART_OVERSAMPLING_16;
 747              		.loc 1 703 3 is_stmt 1 view .LVU223
 703:Core/Src/main.c ****   huart2.Init.OverSampling = UART_OVERSAMPLING_16;
 748              		.loc 1 703 25 is_stmt 0 view .LVU224
 749 001a 8361     		str	r3, [r0, #24]
 704:Core/Src/main.c ****   huart2.Init.OneBitSampling = UART_ONE_BIT_SAMPLE_DISABLE;
 750              		.loc 1 704 3 is_stmt 1 view .LVU225
 704:Core/Src/main.c ****   huart2.Init.OneBitSampling = UART_ONE_BIT_SAMPLE_DISABLE;
 751              		.loc 1 704 28 is_stmt 0 view .LVU226
 752 001c C361     		str	r3, [r0, #28]
 705:Core/Src/main.c ****   huart2.Init.ClockPrescaler = UART_PRESCALER_DIV1;
 753              		.loc 1 705 3 is_stmt 1 view .LVU227
 705:Core/Src/main.c ****   huart2.Init.ClockPrescaler = UART_PRESCALER_DIV1;
 754              		.loc 1 705 30 is_stmt 0 view .LVU228
 755 001e 0362     		str	r3, [r0, #32]
 706:Core/Src/main.c ****   huart2.AdvancedInit.AdvFeatureInit = UART_ADVFEATURE_NO_INIT;
 756              		.loc 1 706 3 is_stmt 1 view .LVU229
 706:Core/Src/main.c ****   huart2.AdvancedInit.AdvFeatureInit = UART_ADVFEATURE_NO_INIT;
ARM GAS  C:\Users\admin\AppData\Local\Temp\ccwE4F76.s 			page 38


 757              		.loc 1 706 30 is_stmt 0 view .LVU230
 758 0020 4362     		str	r3, [r0, #36]
 707:Core/Src/main.c ****   if (HAL_UART_Init(&huart2) != HAL_OK)
 759              		.loc 1 707 3 is_stmt 1 view .LVU231
 707:Core/Src/main.c ****   if (HAL_UART_Init(&huart2) != HAL_OK)
 760              		.loc 1 707 38 is_stmt 0 view .LVU232
 761 0022 8362     		str	r3, [r0, #40]
 708:Core/Src/main.c ****   {
 762              		.loc 1 708 3 is_stmt 1 view .LVU233
 708:Core/Src/main.c ****   {
 763              		.loc 1 708 7 is_stmt 0 view .LVU234
 764 0024 FFF7FEFF 		bl	HAL_UART_Init
 765              	.LVL27:
 708:Core/Src/main.c ****   {
 766              		.loc 1 708 6 view .LVU235
 767 0028 70B9     		cbnz	r0, .L31
 712:Core/Src/main.c ****   {
 768              		.loc 1 712 3 is_stmt 1 view .LVU236
 712:Core/Src/main.c ****   {
 769              		.loc 1 712 7 is_stmt 0 view .LVU237
 770 002a 0021     		movs	r1, #0
 771 002c 0A48     		ldr	r0, .L35
 772 002e FFF7FEFF 		bl	HAL_UARTEx_SetTxFifoThreshold
 773              	.LVL28:
 712:Core/Src/main.c ****   {
 774              		.loc 1 712 6 view .LVU238
 775 0032 58B9     		cbnz	r0, .L32
 716:Core/Src/main.c ****   {
 776              		.loc 1 716 3 is_stmt 1 view .LVU239
 716:Core/Src/main.c ****   {
 777              		.loc 1 716 7 is_stmt 0 view .LVU240
 778 0034 0021     		movs	r1, #0
 779 0036 0848     		ldr	r0, .L35
 780 0038 FFF7FEFF 		bl	HAL_UARTEx_SetRxFifoThreshold
 781              	.LVL29:
 716:Core/Src/main.c ****   {
 782              		.loc 1 716 6 view .LVU241
 783 003c 40B9     		cbnz	r0, .L33
 720:Core/Src/main.c ****   {
 784              		.loc 1 720 3 is_stmt 1 view .LVU242
 720:Core/Src/main.c ****   {
 785              		.loc 1 720 7 is_stmt 0 view .LVU243
 786 003e 0648     		ldr	r0, .L35
 787 0040 FFF7FEFF 		bl	HAL_UARTEx_DisableFifoMode
 788              	.LVL30:
 720:Core/Src/main.c ****   {
 789              		.loc 1 720 6 view .LVU244
 790 0044 30B9     		cbnz	r0, .L34
 728:Core/Src/main.c **** 
 791              		.loc 1 728 1 view .LVU245
 792 0046 08BD     		pop	{r3, pc}
 793              	.L31:
 710:Core/Src/main.c ****   }
 794              		.loc 1 710 5 is_stmt 1 view .LVU246
 795 0048 FFF7FEFF 		bl	Error_Handler
 796              	.LVL31:
 797              	.L32:
ARM GAS  C:\Users\admin\AppData\Local\Temp\ccwE4F76.s 			page 39


 714:Core/Src/main.c ****   }
 798              		.loc 1 714 5 view .LVU247
 799 004c FFF7FEFF 		bl	Error_Handler
 800              	.LVL32:
 801              	.L33:
 718:Core/Src/main.c ****   }
 802              		.loc 1 718 5 view .LVU248
 803 0050 FFF7FEFF 		bl	Error_Handler
 804              	.LVL33:
 805              	.L34:
 722:Core/Src/main.c ****   }
 806              		.loc 1 722 5 view .LVU249
 807 0054 FFF7FEFF 		bl	Error_Handler
 808              	.LVL34:
 809              	.L36:
 810              		.align	2
 811              	.L35:
 812 0058 00000000 		.word	.LANCHOR1
 813 005c 00440040 		.word	1073759232
 814              		.cfi_endproc
 815              	.LFE158:
 817              		.section	.text.MX_I2C4_Init,"ax",%progbits
 818              		.align	1
 819              		.syntax unified
 820              		.thumb
 821              		.thumb_func
 823              	MX_I2C4_Init:
 824              	.LFB155:
 542:Core/Src/main.c **** 
 825              		.loc 1 542 1 view -0
 826              		.cfi_startproc
 827              		@ args = 0, pretend = 0, frame = 0
 828              		@ frame_needed = 0, uses_anonymous_args = 0
 829 0000 08B5     		push	{r3, lr}
 830              	.LCFI12:
 831              		.cfi_def_cfa_offset 8
 832              		.cfi_offset 3, -8
 833              		.cfi_offset 14, -4
 551:Core/Src/main.c ****   hi2c4.Init.Timing = 0x00707CBB;
 834              		.loc 1 551 3 view .LVU251
 551:Core/Src/main.c ****   hi2c4.Init.Timing = 0x00707CBB;
 835              		.loc 1 551 18 is_stmt 0 view .LVU252
 836 0002 1148     		ldr	r0, .L45
 837 0004 114B     		ldr	r3, .L45+4
 838 0006 0360     		str	r3, [r0]
 552:Core/Src/main.c ****   hi2c4.Init.OwnAddress1 = 0;
 839              		.loc 1 552 3 is_stmt 1 view .LVU253
 552:Core/Src/main.c ****   hi2c4.Init.OwnAddress1 = 0;
 840              		.loc 1 552 21 is_stmt 0 view .LVU254
 841 0008 114B     		ldr	r3, .L45+8
 842 000a 4360     		str	r3, [r0, #4]
 553:Core/Src/main.c ****   hi2c4.Init.AddressingMode = I2C_ADDRESSINGMODE_7BIT;
 843              		.loc 1 553 3 is_stmt 1 view .LVU255
 553:Core/Src/main.c ****   hi2c4.Init.AddressingMode = I2C_ADDRESSINGMODE_7BIT;
 844              		.loc 1 553 26 is_stmt 0 view .LVU256
 845 000c 0023     		movs	r3, #0
 846 000e 8360     		str	r3, [r0, #8]
ARM GAS  C:\Users\admin\AppData\Local\Temp\ccwE4F76.s 			page 40


 554:Core/Src/main.c ****   hi2c4.Init.DualAddressMode = I2C_DUALADDRESS_DISABLE;
 847              		.loc 1 554 3 is_stmt 1 view .LVU257
 554:Core/Src/main.c ****   hi2c4.Init.DualAddressMode = I2C_DUALADDRESS_DISABLE;
 848              		.loc 1 554 29 is_stmt 0 view .LVU258
 849 0010 0122     		movs	r2, #1
 850 0012 C260     		str	r2, [r0, #12]
 555:Core/Src/main.c ****   hi2c4.Init.OwnAddress2 = 0;
 851              		.loc 1 555 3 is_stmt 1 view .LVU259
 555:Core/Src/main.c ****   hi2c4.Init.OwnAddress2 = 0;
 852              		.loc 1 555 30 is_stmt 0 view .LVU260
 853 0014 0361     		str	r3, [r0, #16]
 556:Core/Src/main.c ****   hi2c4.Init.OwnAddress2Masks = I2C_OA2_NOMASK;
 854              		.loc 1 556 3 is_stmt 1 view .LVU261
 556:Core/Src/main.c ****   hi2c4.Init.OwnAddress2Masks = I2C_OA2_NOMASK;
 855              		.loc 1 556 26 is_stmt 0 view .LVU262
 856 0016 4361     		str	r3, [r0, #20]
 557:Core/Src/main.c ****   hi2c4.Init.GeneralCallMode = I2C_GENERALCALL_DISABLE;
 857              		.loc 1 557 3 is_stmt 1 view .LVU263
 557:Core/Src/main.c ****   hi2c4.Init.GeneralCallMode = I2C_GENERALCALL_DISABLE;
 858              		.loc 1 557 31 is_stmt 0 view .LVU264
 859 0018 8361     		str	r3, [r0, #24]
 558:Core/Src/main.c ****   hi2c4.Init.NoStretchMode = I2C_NOSTRETCH_DISABLE;
 860              		.loc 1 558 3 is_stmt 1 view .LVU265
 558:Core/Src/main.c ****   hi2c4.Init.NoStretchMode = I2C_NOSTRETCH_DISABLE;
 861              		.loc 1 558 30 is_stmt 0 view .LVU266
 862 001a C361     		str	r3, [r0, #28]
 559:Core/Src/main.c ****   if (HAL_I2C_Init(&hi2c4) != HAL_OK)
 863              		.loc 1 559 3 is_stmt 1 view .LVU267
 559:Core/Src/main.c ****   if (HAL_I2C_Init(&hi2c4) != HAL_OK)
 864              		.loc 1 559 28 is_stmt 0 view .LVU268
 865 001c 0362     		str	r3, [r0, #32]
 560:Core/Src/main.c ****   {
 866              		.loc 1 560 3 is_stmt 1 view .LVU269
 560:Core/Src/main.c ****   {
 867              		.loc 1 560 7 is_stmt 0 view .LVU270
 868 001e FFF7FEFF 		bl	HAL_I2C_Init
 869              	.LVL35:
 560:Core/Src/main.c ****   {
 870              		.loc 1 560 6 view .LVU271
 871 0022 50B9     		cbnz	r0, .L42
 567:Core/Src/main.c ****   {
 872              		.loc 1 567 3 is_stmt 1 view .LVU272
 567:Core/Src/main.c ****   {
 873              		.loc 1 567 7 is_stmt 0 view .LVU273
 874 0024 0021     		movs	r1, #0
 875 0026 0848     		ldr	r0, .L45
 876 0028 FFF7FEFF 		bl	HAL_I2CEx_ConfigAnalogFilter
 877              	.LVL36:
 567:Core/Src/main.c ****   {
 878              		.loc 1 567 6 view .LVU274
 879 002c 38B9     		cbnz	r0, .L43
 574:Core/Src/main.c ****   {
 880              		.loc 1 574 3 is_stmt 1 view .LVU275
 574:Core/Src/main.c ****   {
 881              		.loc 1 574 7 is_stmt 0 view .LVU276
 882 002e 0021     		movs	r1, #0
 883 0030 0548     		ldr	r0, .L45
ARM GAS  C:\Users\admin\AppData\Local\Temp\ccwE4F76.s 			page 41


 884 0032 FFF7FEFF 		bl	HAL_I2CEx_ConfigDigitalFilter
 885              	.LVL37:
 574:Core/Src/main.c ****   {
 886              		.loc 1 574 6 view .LVU277
 887 0036 20B9     		cbnz	r0, .L44
 582:Core/Src/main.c **** 
 888              		.loc 1 582 1 view .LVU278
 889 0038 08BD     		pop	{r3, pc}
 890              	.L42:
 562:Core/Src/main.c ****   }
 891              		.loc 1 562 5 is_stmt 1 view .LVU279
 892 003a FFF7FEFF 		bl	Error_Handler
 893              	.LVL38:
 894              	.L43:
 569:Core/Src/main.c ****   }
 895              		.loc 1 569 5 view .LVU280
 896 003e FFF7FEFF 		bl	Error_Handler
 897              	.LVL39:
 898              	.L44:
 576:Core/Src/main.c ****   }
 899              		.loc 1 576 5 view .LVU281
 900 0042 FFF7FEFF 		bl	Error_Handler
 901              	.LVL40:
 902              	.L46:
 903 0046 00BF     		.align	2
 904              	.L45:
 905 0048 00000000 		.word	.LANCHOR2
 906 004c 001C0058 		.word	1476402176
 907 0050 BB7C7000 		.word	7371963
 908              		.cfi_endproc
 909              	.LFE155:
 911              		.section	.text.MX_I2C2_Init,"ax",%progbits
 912              		.align	1
 913              		.syntax unified
 914              		.thumb
 915              		.thumb_func
 917              	MX_I2C2_Init:
 918              	.LFB154:
 494:Core/Src/main.c **** 
 919              		.loc 1 494 1 view -0
 920              		.cfi_startproc
 921              		@ args = 0, pretend = 0, frame = 0
 922              		@ frame_needed = 0, uses_anonymous_args = 0
 923 0000 08B5     		push	{r3, lr}
 924              	.LCFI13:
 925              		.cfi_def_cfa_offset 8
 926              		.cfi_offset 3, -8
 927              		.cfi_offset 14, -4
 503:Core/Src/main.c ****   hi2c2.Init.Timing = 0x00707CBB;
 928              		.loc 1 503 3 view .LVU283
 503:Core/Src/main.c ****   hi2c2.Init.Timing = 0x00707CBB;
 929              		.loc 1 503 18 is_stmt 0 view .LVU284
 930 0002 1148     		ldr	r0, .L55
 931 0004 114B     		ldr	r3, .L55+4
 932 0006 0360     		str	r3, [r0]
 504:Core/Src/main.c ****   hi2c2.Init.OwnAddress1 = 0;
 933              		.loc 1 504 3 is_stmt 1 view .LVU285
ARM GAS  C:\Users\admin\AppData\Local\Temp\ccwE4F76.s 			page 42


 504:Core/Src/main.c ****   hi2c2.Init.OwnAddress1 = 0;
 934              		.loc 1 504 21 is_stmt 0 view .LVU286
 935 0008 114B     		ldr	r3, .L55+8
 936 000a 4360     		str	r3, [r0, #4]
 505:Core/Src/main.c ****   hi2c2.Init.AddressingMode = I2C_ADDRESSINGMODE_7BIT;
 937              		.loc 1 505 3 is_stmt 1 view .LVU287
 505:Core/Src/main.c ****   hi2c2.Init.AddressingMode = I2C_ADDRESSINGMODE_7BIT;
 938              		.loc 1 505 26 is_stmt 0 view .LVU288
 939 000c 0023     		movs	r3, #0
 940 000e 8360     		str	r3, [r0, #8]
 506:Core/Src/main.c ****   hi2c2.Init.DualAddressMode = I2C_DUALADDRESS_DISABLE;
 941              		.loc 1 506 3 is_stmt 1 view .LVU289
 506:Core/Src/main.c ****   hi2c2.Init.DualAddressMode = I2C_DUALADDRESS_DISABLE;
 942              		.loc 1 506 29 is_stmt 0 view .LVU290
 943 0010 0122     		movs	r2, #1
 944 0012 C260     		str	r2, [r0, #12]
 507:Core/Src/main.c ****   hi2c2.Init.OwnAddress2 = 0;
 945              		.loc 1 507 3 is_stmt 1 view .LVU291
 507:Core/Src/main.c ****   hi2c2.Init.OwnAddress2 = 0;
 946              		.loc 1 507 30 is_stmt 0 view .LVU292
 947 0014 0361     		str	r3, [r0, #16]
 508:Core/Src/main.c ****   hi2c2.Init.OwnAddress2Masks = I2C_OA2_NOMASK;
 948              		.loc 1 508 3 is_stmt 1 view .LVU293
 508:Core/Src/main.c ****   hi2c2.Init.OwnAddress2Masks = I2C_OA2_NOMASK;
 949              		.loc 1 508 26 is_stmt 0 view .LVU294
 950 0016 4361     		str	r3, [r0, #20]
 509:Core/Src/main.c ****   hi2c2.Init.GeneralCallMode = I2C_GENERALCALL_DISABLE;
 951              		.loc 1 509 3 is_stmt 1 view .LVU295
 509:Core/Src/main.c ****   hi2c2.Init.GeneralCallMode = I2C_GENERALCALL_DISABLE;
 952              		.loc 1 509 31 is_stmt 0 view .LVU296
 953 0018 8361     		str	r3, [r0, #24]
 510:Core/Src/main.c ****   hi2c2.Init.NoStretchMode = I2C_NOSTRETCH_DISABLE;
 954              		.loc 1 510 3 is_stmt 1 view .LVU297
 510:Core/Src/main.c ****   hi2c2.Init.NoStretchMode = I2C_NOSTRETCH_DISABLE;
 955              		.loc 1 510 30 is_stmt 0 view .LVU298
 956 001a C361     		str	r3, [r0, #28]
 511:Core/Src/main.c ****   if (HAL_I2C_Init(&hi2c2) != HAL_OK)
 957              		.loc 1 511 3 is_stmt 1 view .LVU299
 511:Core/Src/main.c ****   if (HAL_I2C_Init(&hi2c2) != HAL_OK)
 958              		.loc 1 511 28 is_stmt 0 view .LVU300
 959 001c 0362     		str	r3, [r0, #32]
 512:Core/Src/main.c ****   {
 960              		.loc 1 512 3 is_stmt 1 view .LVU301
 512:Core/Src/main.c ****   {
 961              		.loc 1 512 7 is_stmt 0 view .LVU302
 962 001e FFF7FEFF 		bl	HAL_I2C_Init
 963              	.LVL41:
 512:Core/Src/main.c ****   {
 964              		.loc 1 512 6 view .LVU303
 965 0022 50B9     		cbnz	r0, .L52
 519:Core/Src/main.c ****   {
 966              		.loc 1 519 3 is_stmt 1 view .LVU304
 519:Core/Src/main.c ****   {
 967              		.loc 1 519 7 is_stmt 0 view .LVU305
 968 0024 0021     		movs	r1, #0
 969 0026 0848     		ldr	r0, .L55
 970 0028 FFF7FEFF 		bl	HAL_I2CEx_ConfigAnalogFilter
ARM GAS  C:\Users\admin\AppData\Local\Temp\ccwE4F76.s 			page 43


 971              	.LVL42:
 519:Core/Src/main.c ****   {
 972              		.loc 1 519 6 view .LVU306
 973 002c 38B9     		cbnz	r0, .L53
 526:Core/Src/main.c ****   {
 974              		.loc 1 526 3 is_stmt 1 view .LVU307
 526:Core/Src/main.c ****   {
 975              		.loc 1 526 7 is_stmt 0 view .LVU308
 976 002e 0021     		movs	r1, #0
 977 0030 0548     		ldr	r0, .L55
 978 0032 FFF7FEFF 		bl	HAL_I2CEx_ConfigDigitalFilter
 979              	.LVL43:
 526:Core/Src/main.c ****   {
 980              		.loc 1 526 6 view .LVU309
 981 0036 20B9     		cbnz	r0, .L54
 534:Core/Src/main.c **** 
 982              		.loc 1 534 1 view .LVU310
 983 0038 08BD     		pop	{r3, pc}
 984              	.L52:
 514:Core/Src/main.c ****   }
 985              		.loc 1 514 5 is_stmt 1 view .LVU311
 986 003a FFF7FEFF 		bl	Error_Handler
 987              	.LVL44:
 988              	.L53:
 521:Core/Src/main.c ****   }
 989              		.loc 1 521 5 view .LVU312
 990 003e FFF7FEFF 		bl	Error_Handler
 991              	.LVL45:
 992              	.L54:
 528:Core/Src/main.c ****   }
 993              		.loc 1 528 5 view .LVU313
 994 0042 FFF7FEFF 		bl	Error_Handler
 995              	.LVL46:
 996              	.L56:
 997 0046 00BF     		.align	2
 998              	.L55:
 999 0048 00000000 		.word	.LANCHOR3
 1000 004c 00580040 		.word	1073764352
 1001 0050 BB7C7000 		.word	7371963
 1002              		.cfi_endproc
 1003              	.LFE154:
 1005              		.section	.text.MX_DCMI_Init,"ax",%progbits
 1006              		.align	1
 1007              		.syntax unified
 1008              		.thumb
 1009              		.thumb_func
 1011              	MX_DCMI_Init:
 1012              	.LFB153:
 457:Core/Src/main.c **** 
 1013              		.loc 1 457 1 view -0
 1014              		.cfi_startproc
 1015              		@ args = 0, pretend = 0, frame = 0
 1016              		@ frame_needed = 0, uses_anonymous_args = 0
 1017 0000 08B5     		push	{r3, lr}
 1018              	.LCFI14:
 1019              		.cfi_def_cfa_offset 8
 1020              		.cfi_offset 3, -8
ARM GAS  C:\Users\admin\AppData\Local\Temp\ccwE4F76.s 			page 44


 1021              		.cfi_offset 14, -4
 466:Core/Src/main.c ****   hdcmi.Init.SynchroMode = DCMI_SYNCHRO_HARDWARE;
 1022              		.loc 1 466 3 view .LVU315
 466:Core/Src/main.c ****   hdcmi.Init.SynchroMode = DCMI_SYNCHRO_HARDWARE;
 1023              		.loc 1 466 18 is_stmt 0 view .LVU316
 1024 0002 0A48     		ldr	r0, .L61
 1025 0004 0A4B     		ldr	r3, .L61+4
 1026 0006 0360     		str	r3, [r0]
 467:Core/Src/main.c ****   hdcmi.Init.PCKPolarity = DCMI_PCKPOLARITY_FALLING;
 1027              		.loc 1 467 3 is_stmt 1 view .LVU317
 467:Core/Src/main.c ****   hdcmi.Init.PCKPolarity = DCMI_PCKPOLARITY_FALLING;
 1028              		.loc 1 467 26 is_stmt 0 view .LVU318
 1029 0008 0023     		movs	r3, #0
 1030 000a 4360     		str	r3, [r0, #4]
 468:Core/Src/main.c ****   hdcmi.Init.VSPolarity = DCMI_VSPOLARITY_LOW;
 1031              		.loc 1 468 3 is_stmt 1 view .LVU319
 468:Core/Src/main.c ****   hdcmi.Init.VSPolarity = DCMI_VSPOLARITY_LOW;
 1032              		.loc 1 468 26 is_stmt 0 view .LVU320
 1033 000c 8360     		str	r3, [r0, #8]
 469:Core/Src/main.c ****   hdcmi.Init.HSPolarity = DCMI_HSPOLARITY_LOW;
 1034              		.loc 1 469 3 is_stmt 1 view .LVU321
 469:Core/Src/main.c ****   hdcmi.Init.HSPolarity = DCMI_HSPOLARITY_LOW;
 1035              		.loc 1 469 25 is_stmt 0 view .LVU322
 1036 000e C360     		str	r3, [r0, #12]
 470:Core/Src/main.c ****   hdcmi.Init.CaptureRate = DCMI_CR_ALL_FRAME;
 1037              		.loc 1 470 3 is_stmt 1 view .LVU323
 470:Core/Src/main.c ****   hdcmi.Init.CaptureRate = DCMI_CR_ALL_FRAME;
 1038              		.loc 1 470 25 is_stmt 0 view .LVU324
 1039 0010 0361     		str	r3, [r0, #16]
 471:Core/Src/main.c ****   hdcmi.Init.ExtendedDataMode = DCMI_EXTEND_DATA_8B;
 1040              		.loc 1 471 3 is_stmt 1 view .LVU325
 471:Core/Src/main.c ****   hdcmi.Init.ExtendedDataMode = DCMI_EXTEND_DATA_8B;
 1041              		.loc 1 471 26 is_stmt 0 view .LVU326
 1042 0012 4361     		str	r3, [r0, #20]
 472:Core/Src/main.c ****   hdcmi.Init.JPEGMode = DCMI_JPEG_DISABLE;
 1043              		.loc 1 472 3 is_stmt 1 view .LVU327
 472:Core/Src/main.c ****   hdcmi.Init.JPEGMode = DCMI_JPEG_DISABLE;
 1044              		.loc 1 472 31 is_stmt 0 view .LVU328
 1045 0014 8361     		str	r3, [r0, #24]
 473:Core/Src/main.c ****   hdcmi.Init.ByteSelectMode = DCMI_BSM_ALL;
 1046              		.loc 1 473 3 is_stmt 1 view .LVU329
 473:Core/Src/main.c ****   hdcmi.Init.ByteSelectMode = DCMI_BSM_ALL;
 1047              		.loc 1 473 23 is_stmt 0 view .LVU330
 1048 0016 0362     		str	r3, [r0, #32]
 474:Core/Src/main.c ****   hdcmi.Init.ByteSelectStart = DCMI_OEBS_ODD;
 1049              		.loc 1 474 3 is_stmt 1 view .LVU331
 474:Core/Src/main.c ****   hdcmi.Init.ByteSelectStart = DCMI_OEBS_ODD;
 1050              		.loc 1 474 29 is_stmt 0 view .LVU332
 1051 0018 4362     		str	r3, [r0, #36]
 475:Core/Src/main.c ****   hdcmi.Init.LineSelectMode = DCMI_LSM_ALL;
 1052              		.loc 1 475 3 is_stmt 1 view .LVU333
 475:Core/Src/main.c ****   hdcmi.Init.LineSelectMode = DCMI_LSM_ALL;
 1053              		.loc 1 475 30 is_stmt 0 view .LVU334
 1054 001a 8362     		str	r3, [r0, #40]
 476:Core/Src/main.c ****   hdcmi.Init.LineSelectStart = DCMI_OELS_ODD;
 1055              		.loc 1 476 3 is_stmt 1 view .LVU335
 476:Core/Src/main.c ****   hdcmi.Init.LineSelectStart = DCMI_OELS_ODD;
ARM GAS  C:\Users\admin\AppData\Local\Temp\ccwE4F76.s 			page 45


 1056              		.loc 1 476 29 is_stmt 0 view .LVU336
 1057 001c C362     		str	r3, [r0, #44]
 477:Core/Src/main.c ****   if (HAL_DCMI_Init(&hdcmi) != HAL_OK)
 1058              		.loc 1 477 3 is_stmt 1 view .LVU337
 477:Core/Src/main.c ****   if (HAL_DCMI_Init(&hdcmi) != HAL_OK)
 1059              		.loc 1 477 30 is_stmt 0 view .LVU338
 1060 001e 0363     		str	r3, [r0, #48]
 478:Core/Src/main.c ****   {
 1061              		.loc 1 478 3 is_stmt 1 view .LVU339
 478:Core/Src/main.c ****   {
 1062              		.loc 1 478 7 is_stmt 0 view .LVU340
 1063 0020 FFF7FEFF 		bl	HAL_DCMI_Init
 1064              	.LVL47:
 478:Core/Src/main.c ****   {
 1065              		.loc 1 478 6 view .LVU341
 1066 0024 00B9     		cbnz	r0, .L60
 486:Core/Src/main.c **** 
 1067              		.loc 1 486 1 view .LVU342
 1068 0026 08BD     		pop	{r3, pc}
 1069              	.L60:
 480:Core/Src/main.c ****   }
 1070              		.loc 1 480 5 is_stmt 1 view .LVU343
 1071 0028 FFF7FEFF 		bl	Error_Handler
 1072              	.LVL48:
 1073              	.L62:
 1074              		.align	2
 1075              	.L61:
 1076 002c 00000000 		.word	.LANCHOR4
 1077 0030 00000248 		.word	1208090624
 1078              		.cfi_endproc
 1079              	.LFE153:
 1081              		.section	.text.MX_USART3_UART_Init,"ax",%progbits
 1082              		.align	1
 1083              		.syntax unified
 1084              		.thumb
 1085              		.thumb_func
 1087              	MX_USART3_UART_Init:
 1088              	.LFB159:
 736:Core/Src/main.c **** 
 1089              		.loc 1 736 1 view -0
 1090              		.cfi_startproc
 1091              		@ args = 0, pretend = 0, frame = 0
 1092              		@ frame_needed = 0, uses_anonymous_args = 0
 1093 0000 08B5     		push	{r3, lr}
 1094              	.LCFI15:
 1095              		.cfi_def_cfa_offset 8
 1096              		.cfi_offset 3, -8
 1097              		.cfi_offset 14, -4
 745:Core/Src/main.c ****   huart3.Init.BaudRate = 115200;
 1098              		.loc 1 745 3 view .LVU345
 745:Core/Src/main.c ****   huart3.Init.BaudRate = 115200;
 1099              		.loc 1 745 19 is_stmt 0 view .LVU346
 1100 0002 1548     		ldr	r0, .L73
 1101 0004 154B     		ldr	r3, .L73+4
 1102 0006 0360     		str	r3, [r0]
 746:Core/Src/main.c ****   huart3.Init.WordLength = UART_WORDLENGTH_8B;
 1103              		.loc 1 746 3 is_stmt 1 view .LVU347
ARM GAS  C:\Users\admin\AppData\Local\Temp\ccwE4F76.s 			page 46


 746:Core/Src/main.c ****   huart3.Init.WordLength = UART_WORDLENGTH_8B;
 1104              		.loc 1 746 24 is_stmt 0 view .LVU348
 1105 0008 4FF4E133 		mov	r3, #115200
 1106 000c 4360     		str	r3, [r0, #4]
 747:Core/Src/main.c ****   huart3.Init.StopBits = UART_STOPBITS_1;
 1107              		.loc 1 747 3 is_stmt 1 view .LVU349
 747:Core/Src/main.c ****   huart3.Init.StopBits = UART_STOPBITS_1;
 1108              		.loc 1 747 26 is_stmt 0 view .LVU350
 1109 000e 0023     		movs	r3, #0
 1110 0010 8360     		str	r3, [r0, #8]
 748:Core/Src/main.c ****   huart3.Init.Parity = UART_PARITY_NONE;
 1111              		.loc 1 748 3 is_stmt 1 view .LVU351
 748:Core/Src/main.c ****   huart3.Init.Parity = UART_PARITY_NONE;
 1112              		.loc 1 748 24 is_stmt 0 view .LVU352
 1113 0012 C360     		str	r3, [r0, #12]
 749:Core/Src/main.c ****   huart3.Init.Mode = UART_MODE_TX_RX;
 1114              		.loc 1 749 3 is_stmt 1 view .LVU353
 749:Core/Src/main.c ****   huart3.Init.Mode = UART_MODE_TX_RX;
 1115              		.loc 1 749 22 is_stmt 0 view .LVU354
 1116 0014 0361     		str	r3, [r0, #16]
 750:Core/Src/main.c ****   huart3.Init.HwFlowCtl = UART_HWCONTROL_NONE;
 1117              		.loc 1 750 3 is_stmt 1 view .LVU355
 750:Core/Src/main.c ****   huart3.Init.HwFlowCtl = UART_HWCONTROL_NONE;
 1118              		.loc 1 750 20 is_stmt 0 view .LVU356
 1119 0016 0C22     		movs	r2, #12
 1120 0018 4261     		str	r2, [r0, #20]
 751:Core/Src/main.c ****   huart3.Init.OverSampling = UART_OVERSAMPLING_16;
 1121              		.loc 1 751 3 is_stmt 1 view .LVU357
 751:Core/Src/main.c ****   huart3.Init.OverSampling = UART_OVERSAMPLING_16;
 1122              		.loc 1 751 25 is_stmt 0 view .LVU358
 1123 001a 8361     		str	r3, [r0, #24]
 752:Core/Src/main.c ****   huart3.Init.OneBitSampling = UART_ONE_BIT_SAMPLE_DISABLE;
 1124              		.loc 1 752 3 is_stmt 1 view .LVU359
 752:Core/Src/main.c ****   huart3.Init.OneBitSampling = UART_ONE_BIT_SAMPLE_DISABLE;
 1125              		.loc 1 752 28 is_stmt 0 view .LVU360
 1126 001c C361     		str	r3, [r0, #28]
 753:Core/Src/main.c ****   huart3.Init.ClockPrescaler = UART_PRESCALER_DIV1;
 1127              		.loc 1 753 3 is_stmt 1 view .LVU361
 753:Core/Src/main.c ****   huart3.Init.ClockPrescaler = UART_PRESCALER_DIV1;
 1128              		.loc 1 753 30 is_stmt 0 view .LVU362
 1129 001e 0362     		str	r3, [r0, #32]
 754:Core/Src/main.c ****   huart3.AdvancedInit.AdvFeatureInit = UART_ADVFEATURE_NO_INIT;
 1130              		.loc 1 754 3 is_stmt 1 view .LVU363
 754:Core/Src/main.c ****   huart3.AdvancedInit.AdvFeatureInit = UART_ADVFEATURE_NO_INIT;
 1131              		.loc 1 754 30 is_stmt 0 view .LVU364
 1132 0020 4362     		str	r3, [r0, #36]
 755:Core/Src/main.c ****   if (HAL_UART_Init(&huart3) != HAL_OK)
 1133              		.loc 1 755 3 is_stmt 1 view .LVU365
 755:Core/Src/main.c ****   if (HAL_UART_Init(&huart3) != HAL_OK)
 1134              		.loc 1 755 38 is_stmt 0 view .LVU366
 1135 0022 8362     		str	r3, [r0, #40]
 756:Core/Src/main.c ****   {
 1136              		.loc 1 756 3 is_stmt 1 view .LVU367
 756:Core/Src/main.c ****   {
 1137              		.loc 1 756 7 is_stmt 0 view .LVU368
 1138 0024 FFF7FEFF 		bl	HAL_UART_Init
 1139              	.LVL49:
ARM GAS  C:\Users\admin\AppData\Local\Temp\ccwE4F76.s 			page 47


 756:Core/Src/main.c ****   {
 1140              		.loc 1 756 6 view .LVU369
 1141 0028 70B9     		cbnz	r0, .L69
 760:Core/Src/main.c ****   {
 1142              		.loc 1 760 3 is_stmt 1 view .LVU370
 760:Core/Src/main.c ****   {
 1143              		.loc 1 760 7 is_stmt 0 view .LVU371
 1144 002a 0021     		movs	r1, #0
 1145 002c 0A48     		ldr	r0, .L73
 1146 002e FFF7FEFF 		bl	HAL_UARTEx_SetTxFifoThreshold
 1147              	.LVL50:
 760:Core/Src/main.c ****   {
 1148              		.loc 1 760 6 view .LVU372
 1149 0032 58B9     		cbnz	r0, .L70
 764:Core/Src/main.c ****   {
 1150              		.loc 1 764 3 is_stmt 1 view .LVU373
 764:Core/Src/main.c ****   {
 1151              		.loc 1 764 7 is_stmt 0 view .LVU374
 1152 0034 0021     		movs	r1, #0
 1153 0036 0848     		ldr	r0, .L73
 1154 0038 FFF7FEFF 		bl	HAL_UARTEx_SetRxFifoThreshold
 1155              	.LVL51:
 764:Core/Src/main.c ****   {
 1156              		.loc 1 764 6 view .LVU375
 1157 003c 40B9     		cbnz	r0, .L71
 768:Core/Src/main.c ****   {
 1158              		.loc 1 768 3 is_stmt 1 view .LVU376
 768:Core/Src/main.c ****   {
 1159              		.loc 1 768 7 is_stmt 0 view .LVU377
 1160 003e 0648     		ldr	r0, .L73
 1161 0040 FFF7FEFF 		bl	HAL_UARTEx_DisableFifoMode
 1162              	.LVL52:
 768:Core/Src/main.c ****   {
 1163              		.loc 1 768 6 view .LVU378
 1164 0044 30B9     		cbnz	r0, .L72
 776:Core/Src/main.c **** 
 1165              		.loc 1 776 1 view .LVU379
 1166 0046 08BD     		pop	{r3, pc}
 1167              	.L69:
 758:Core/Src/main.c ****   }
 1168              		.loc 1 758 5 is_stmt 1 view .LVU380
 1169 0048 FFF7FEFF 		bl	Error_Handler
 1170              	.LVL53:
 1171              	.L70:
 762:Core/Src/main.c ****   }
 1172              		.loc 1 762 5 view .LVU381
 1173 004c FFF7FEFF 		bl	Error_Handler
 1174              	.LVL54:
 1175              	.L71:
 766:Core/Src/main.c ****   }
 1176              		.loc 1 766 5 view .LVU382
 1177 0050 FFF7FEFF 		bl	Error_Handler
 1178              	.LVL55:
 1179              	.L72:
 770:Core/Src/main.c ****   }
 1180              		.loc 1 770 5 view .LVU383
 1181 0054 FFF7FEFF 		bl	Error_Handler
ARM GAS  C:\Users\admin\AppData\Local\Temp\ccwE4F76.s 			page 48


 1182              	.LVL56:
 1183              	.L74:
 1184              		.align	2
 1185              	.L73:
 1186 0058 00000000 		.word	.LANCHOR5
 1187 005c 00480040 		.word	1073760256
 1188              		.cfi_endproc
 1189              	.LFE159:
 1191              		.section	.text.MX_RTC_Init,"ax",%progbits
 1192              		.align	1
 1193              		.syntax unified
 1194              		.thumb
 1195              		.thumb_func
 1197              	MX_RTC_Init:
 1198              	.LFB156:
 590:Core/Src/main.c **** 
 1199              		.loc 1 590 1 view -0
 1200              		.cfi_startproc
 1201              		@ args = 0, pretend = 0, frame = 24
 1202              		@ frame_needed = 0, uses_anonymous_args = 0
 1203 0000 00B5     		push	{lr}
 1204              	.LCFI16:
 1205              		.cfi_def_cfa_offset 4
 1206              		.cfi_offset 14, -4
 1207 0002 87B0     		sub	sp, sp, #28
 1208              	.LCFI17:
 1209              		.cfi_def_cfa_offset 32
 596:Core/Src/main.c ****   RTC_DateTypeDef sDate = {0};
 1210              		.loc 1 596 3 view .LVU385
 596:Core/Src/main.c ****   RTC_DateTypeDef sDate = {0};
 1211              		.loc 1 596 19 is_stmt 0 view .LVU386
 1212 0004 0023     		movs	r3, #0
 1213 0006 0193     		str	r3, [sp, #4]
 1214 0008 0293     		str	r3, [sp, #8]
 1215 000a 0393     		str	r3, [sp, #12]
 1216 000c 0493     		str	r3, [sp, #16]
 1217 000e 0593     		str	r3, [sp, #20]
 597:Core/Src/main.c **** 
 1218              		.loc 1 597 3 is_stmt 1 view .LVU387
 597:Core/Src/main.c **** 
 1219              		.loc 1 597 19 is_stmt 0 view .LVU388
 1220 0010 0093     		str	r3, [sp]
 605:Core/Src/main.c ****   hrtc.Init.HourFormat = RTC_HOURFORMAT_24;
 1221              		.loc 1 605 3 is_stmt 1 view .LVU389
 605:Core/Src/main.c ****   hrtc.Init.HourFormat = RTC_HOURFORMAT_24;
 1222              		.loc 1 605 17 is_stmt 0 view .LVU390
 1223 0012 1F48     		ldr	r0, .L85
 1224 0014 1F4A     		ldr	r2, .L85+4
 1225 0016 0260     		str	r2, [r0]
 606:Core/Src/main.c ****   hrtc.Init.AsynchPrediv = 127;
 1226              		.loc 1 606 3 is_stmt 1 view .LVU391
 606:Core/Src/main.c ****   hrtc.Init.AsynchPrediv = 127;
 1227              		.loc 1 606 24 is_stmt 0 view .LVU392
 1228 0018 4360     		str	r3, [r0, #4]
 607:Core/Src/main.c ****   hrtc.Init.SynchPrediv = 255;
 1229              		.loc 1 607 3 is_stmt 1 view .LVU393
 607:Core/Src/main.c ****   hrtc.Init.SynchPrediv = 255;
ARM GAS  C:\Users\admin\AppData\Local\Temp\ccwE4F76.s 			page 49


 1230              		.loc 1 607 26 is_stmt 0 view .LVU394
 1231 001a 7F22     		movs	r2, #127
 1232 001c 8260     		str	r2, [r0, #8]
 608:Core/Src/main.c ****   hrtc.Init.OutPut = RTC_OUTPUT_DISABLE;
 1233              		.loc 1 608 3 is_stmt 1 view .LVU395
 608:Core/Src/main.c ****   hrtc.Init.OutPut = RTC_OUTPUT_DISABLE;
 1234              		.loc 1 608 25 is_stmt 0 view .LVU396
 1235 001e FF22     		movs	r2, #255
 1236 0020 C260     		str	r2, [r0, #12]
 609:Core/Src/main.c ****   hrtc.Init.OutPutPolarity = RTC_OUTPUT_POLARITY_HIGH;
 1237              		.loc 1 609 3 is_stmt 1 view .LVU397
 609:Core/Src/main.c ****   hrtc.Init.OutPutPolarity = RTC_OUTPUT_POLARITY_HIGH;
 1238              		.loc 1 609 20 is_stmt 0 view .LVU398
 1239 0022 0361     		str	r3, [r0, #16]
 610:Core/Src/main.c ****   hrtc.Init.OutPutType = RTC_OUTPUT_TYPE_OPENDRAIN;
 1240              		.loc 1 610 3 is_stmt 1 view .LVU399
 610:Core/Src/main.c ****   hrtc.Init.OutPutType = RTC_OUTPUT_TYPE_OPENDRAIN;
 1241              		.loc 1 610 28 is_stmt 0 view .LVU400
 1242 0024 8361     		str	r3, [r0, #24]
 611:Core/Src/main.c ****   hrtc.Init.OutPutRemap = RTC_OUTPUT_REMAP_NONE;
 1243              		.loc 1 611 3 is_stmt 1 view .LVU401
 611:Core/Src/main.c ****   hrtc.Init.OutPutRemap = RTC_OUTPUT_REMAP_NONE;
 1244              		.loc 1 611 24 is_stmt 0 view .LVU402
 1245 0026 C361     		str	r3, [r0, #28]
 612:Core/Src/main.c ****   if (HAL_RTC_Init(&hrtc) != HAL_OK)
 1246              		.loc 1 612 3 is_stmt 1 view .LVU403
 612:Core/Src/main.c ****   if (HAL_RTC_Init(&hrtc) != HAL_OK)
 1247              		.loc 1 612 25 is_stmt 0 view .LVU404
 1248 0028 4361     		str	r3, [r0, #20]
 613:Core/Src/main.c ****   {
 1249              		.loc 1 613 3 is_stmt 1 view .LVU405
 613:Core/Src/main.c ****   {
 1250              		.loc 1 613 7 is_stmt 0 view .LVU406
 1251 002a FFF7FEFF 		bl	HAL_RTC_Init
 1252              	.LVL57:
 613:Core/Src/main.c ****   {
 1253              		.loc 1 613 6 view .LVU407
 1254 002e 30BB     		cbnz	r0, .L81
 624:Core/Src/main.c ****   sTime.Minutes = 0x0;
 1255              		.loc 1 624 3 is_stmt 1 view .LVU408
 624:Core/Src/main.c ****   sTime.Minutes = 0x0;
 1256              		.loc 1 624 15 is_stmt 0 view .LVU409
 1257 0030 0023     		movs	r3, #0
 1258 0032 8DF80430 		strb	r3, [sp, #4]
 625:Core/Src/main.c ****   sTime.Seconds = 0x0;
 1259              		.loc 1 625 3 is_stmt 1 view .LVU410
 625:Core/Src/main.c ****   sTime.Seconds = 0x0;
 1260              		.loc 1 625 17 is_stmt 0 view .LVU411
 1261 0036 8DF80530 		strb	r3, [sp, #5]
 626:Core/Src/main.c ****   sTime.DayLightSaving = RTC_DAYLIGHTSAVING_NONE;
 1262              		.loc 1 626 3 is_stmt 1 view .LVU412
 626:Core/Src/main.c ****   sTime.DayLightSaving = RTC_DAYLIGHTSAVING_NONE;
 1263              		.loc 1 626 17 is_stmt 0 view .LVU413
 1264 003a 8DF80630 		strb	r3, [sp, #6]
 627:Core/Src/main.c ****   sTime.StoreOperation = RTC_STOREOPERATION_RESET;
 1265              		.loc 1 627 3 is_stmt 1 view .LVU414
 627:Core/Src/main.c ****   sTime.StoreOperation = RTC_STOREOPERATION_RESET;
ARM GAS  C:\Users\admin\AppData\Local\Temp\ccwE4F76.s 			page 50


 1266              		.loc 1 627 24 is_stmt 0 view .LVU415
 1267 003e 0493     		str	r3, [sp, #16]
 628:Core/Src/main.c ****   if (HAL_RTC_SetTime(&hrtc, &sTime, RTC_FORMAT_BCD) != HAL_OK)
 1268              		.loc 1 628 3 is_stmt 1 view .LVU416
 628:Core/Src/main.c ****   if (HAL_RTC_SetTime(&hrtc, &sTime, RTC_FORMAT_BCD) != HAL_OK)
 1269              		.loc 1 628 24 is_stmt 0 view .LVU417
 1270 0040 0593     		str	r3, [sp, #20]
 629:Core/Src/main.c ****   {
 1271              		.loc 1 629 3 is_stmt 1 view .LVU418
 629:Core/Src/main.c ****   {
 1272              		.loc 1 629 7 is_stmt 0 view .LVU419
 1273 0042 0122     		movs	r2, #1
 1274 0044 01A9     		add	r1, sp, #4
 1275 0046 1248     		ldr	r0, .L85
 1276 0048 FFF7FEFF 		bl	HAL_RTC_SetTime
 1277              	.LVL58:
 629:Core/Src/main.c ****   {
 1278              		.loc 1 629 6 view .LVU420
 1279 004c C8B9     		cbnz	r0, .L82
 633:Core/Src/main.c ****   sDate.Month = RTC_MONTH_JANUARY;
 1280              		.loc 1 633 3 is_stmt 1 view .LVU421
 633:Core/Src/main.c ****   sDate.Month = RTC_MONTH_JANUARY;
 1281              		.loc 1 633 17 is_stmt 0 view .LVU422
 1282 004e 0122     		movs	r2, #1
 1283 0050 8DF80020 		strb	r2, [sp]
 634:Core/Src/main.c ****   sDate.Date = 0x1;
 1284              		.loc 1 634 3 is_stmt 1 view .LVU423
 634:Core/Src/main.c ****   sDate.Date = 0x1;
 1285              		.loc 1 634 15 is_stmt 0 view .LVU424
 1286 0054 8DF80120 		strb	r2, [sp, #1]
 635:Core/Src/main.c ****   sDate.Year = 0x0;
 1287              		.loc 1 635 3 is_stmt 1 view .LVU425
 635:Core/Src/main.c ****   sDate.Year = 0x0;
 1288              		.loc 1 635 14 is_stmt 0 view .LVU426
 1289 0058 8DF80220 		strb	r2, [sp, #2]
 636:Core/Src/main.c **** 
 1290              		.loc 1 636 3 is_stmt 1 view .LVU427
 636:Core/Src/main.c **** 
 1291              		.loc 1 636 14 is_stmt 0 view .LVU428
 1292 005c 0023     		movs	r3, #0
 1293 005e 8DF80330 		strb	r3, [sp, #3]
 638:Core/Src/main.c ****   {
 1294              		.loc 1 638 3 is_stmt 1 view .LVU429
 638:Core/Src/main.c ****   {
 1295              		.loc 1 638 7 is_stmt 0 view .LVU430
 1296 0062 6946     		mov	r1, sp
 1297 0064 0A48     		ldr	r0, .L85
 1298 0066 FFF7FEFF 		bl	HAL_RTC_SetDate
 1299              	.LVL59:
 638:Core/Src/main.c ****   {
 1300              		.loc 1 638 6 view .LVU431
 1301 006a 60B9     		cbnz	r0, .L83
 645:Core/Src/main.c ****   {
 1302              		.loc 1 645 3 is_stmt 1 view .LVU432
 645:Core/Src/main.c ****   {
 1303              		.loc 1 645 7 is_stmt 0 view .LVU433
 1304 006c 0422     		movs	r2, #4
ARM GAS  C:\Users\admin\AppData\Local\Temp\ccwE4F76.s 			page 51


 1305 006e 0021     		movs	r1, #0
 1306 0070 0748     		ldr	r0, .L85
 1307 0072 FFF7FEFF 		bl	HAL_RTCEx_SetWakeUpTimer_IT
 1308              	.LVL60:
 645:Core/Src/main.c ****   {
 1309              		.loc 1 645 6 view .LVU434
 1310 0076 40B9     		cbnz	r0, .L84
 653:Core/Src/main.c **** 
 1311              		.loc 1 653 1 view .LVU435
 1312 0078 07B0     		add	sp, sp, #28
 1313              	.LCFI18:
 1314              		.cfi_remember_state
 1315              		.cfi_def_cfa_offset 4
 1316              		@ sp needed
 1317 007a 5DF804FB 		ldr	pc, [sp], #4
 1318              	.L81:
 1319              	.LCFI19:
 1320              		.cfi_restore_state
 615:Core/Src/main.c ****   }
 1321              		.loc 1 615 5 is_stmt 1 view .LVU436
 1322 007e FFF7FEFF 		bl	Error_Handler
 1323              	.LVL61:
 1324              	.L82:
 631:Core/Src/main.c ****   }
 1325              		.loc 1 631 5 view .LVU437
 1326 0082 FFF7FEFF 		bl	Error_Handler
 1327              	.LVL62:
 1328              	.L83:
 640:Core/Src/main.c ****   }
 1329              		.loc 1 640 5 view .LVU438
 1330 0086 FFF7FEFF 		bl	Error_Handler
 1331              	.LVL63:
 1332              	.L84:
 647:Core/Src/main.c ****   }
 1333              		.loc 1 647 5 view .LVU439
 1334 008a FFF7FEFF 		bl	Error_Handler
 1335              	.LVL64:
 1336              	.L86:
 1337 008e 00BF     		.align	2
 1338              	.L85:
 1339 0090 00000000 		.word	.LANCHOR6
 1340 0094 00400058 		.word	1476411392
 1341              		.cfi_endproc
 1342              	.LFE156:
 1344              		.section	.text.SystemClock_Config,"ax",%progbits
 1345              		.align	1
 1346              		.global	SystemClock_Config
 1347              		.syntax unified
 1348              		.thumb
 1349              		.thumb_func
 1351              	SystemClock_Config:
 1352              	.LFB152:
 396:Core/Src/main.c ****   RCC_OscInitTypeDef RCC_OscInitStruct = {0};
 1353              		.loc 1 396 1 view -0
 1354              		.cfi_startproc
 1355              		@ args = 0, pretend = 0, frame = 112
 1356              		@ frame_needed = 0, uses_anonymous_args = 0
ARM GAS  C:\Users\admin\AppData\Local\Temp\ccwE4F76.s 			page 52


 1357 0000 00B5     		push	{lr}
 1358              	.LCFI20:
 1359              		.cfi_def_cfa_offset 4
 1360              		.cfi_offset 14, -4
 1361 0002 9DB0     		sub	sp, sp, #116
 1362              	.LCFI21:
 1363              		.cfi_def_cfa_offset 120
 397:Core/Src/main.c ****   RCC_ClkInitTypeDef RCC_ClkInitStruct = {0};
 1364              		.loc 1 397 3 view .LVU441
 397:Core/Src/main.c ****   RCC_ClkInitTypeDef RCC_ClkInitStruct = {0};
 1365              		.loc 1 397 22 is_stmt 0 view .LVU442
 1366 0004 4C22     		movs	r2, #76
 1367 0006 0021     		movs	r1, #0
 1368 0008 09A8     		add	r0, sp, #36
 1369 000a FFF7FEFF 		bl	memset
 1370              	.LVL65:
 398:Core/Src/main.c **** 
 1371              		.loc 1 398 3 is_stmt 1 view .LVU443
 398:Core/Src/main.c **** 
 1372              		.loc 1 398 22 is_stmt 0 view .LVU444
 1373 000e 2022     		movs	r2, #32
 1374 0010 0021     		movs	r1, #0
 1375 0012 01A8     		add	r0, sp, #4
 1376 0014 FFF7FEFF 		bl	memset
 1377              	.LVL66:
 402:Core/Src/main.c **** 
 1378              		.loc 1 402 3 is_stmt 1 view .LVU445
 1379 0018 0220     		movs	r0, #2
 1380 001a FFF7FEFF 		bl	HAL_PWREx_ConfigSupply
 1381              	.LVL67:
 406:Core/Src/main.c **** 
 1382              		.loc 1 406 3 view .LVU446
 1383              	.LBB17:
 406:Core/Src/main.c **** 
 1384              		.loc 1 406 3 view .LVU447
 1385 001e 0023     		movs	r3, #0
 1386 0020 0093     		str	r3, [sp]
 406:Core/Src/main.c **** 
 1387              		.loc 1 406 3 view .LVU448
 406:Core/Src/main.c **** 
 1388              		.loc 1 406 3 view .LVU449
 1389 0022 264B     		ldr	r3, .L94
 1390 0024 DA6A     		ldr	r2, [r3, #44]
 1391 0026 22F00102 		bic	r2, r2, #1
 1392 002a DA62     		str	r2, [r3, #44]
 406:Core/Src/main.c **** 
 1393              		.loc 1 406 3 view .LVU450
 1394 002c DB6A     		ldr	r3, [r3, #44]
 1395 002e 03F00103 		and	r3, r3, #1
 1396 0032 0093     		str	r3, [sp]
 406:Core/Src/main.c **** 
 1397              		.loc 1 406 3 view .LVU451
 1398 0034 224A     		ldr	r2, .L94+4
 1399 0036 9369     		ldr	r3, [r2, #24]
 1400 0038 23F44043 		bic	r3, r3, #49152
 1401 003c 43F48043 		orr	r3, r3, #16384
 1402 0040 9361     		str	r3, [r2, #24]
ARM GAS  C:\Users\admin\AppData\Local\Temp\ccwE4F76.s 			page 53


 406:Core/Src/main.c **** 
 1403              		.loc 1 406 3 view .LVU452
 1404 0042 9369     		ldr	r3, [r2, #24]
 1405 0044 03F44043 		and	r3, r3, #49152
 1406 0048 0093     		str	r3, [sp]
 406:Core/Src/main.c **** 
 1407              		.loc 1 406 3 view .LVU453
 1408 004a 009B     		ldr	r3, [sp]
 1409              	.LBE17:
 406:Core/Src/main.c **** 
 1410              		.loc 1 406 3 view .LVU454
 408:Core/Src/main.c **** 
 1411              		.loc 1 408 3 view .LVU455
 1412              	.L88:
 408:Core/Src/main.c **** 
 1413              		.loc 1 408 48 discriminator 1 view .LVU456
 408:Core/Src/main.c **** 
 1414              		.loc 1 408 8 discriminator 1 view .LVU457
 408:Core/Src/main.c **** 
 1415              		.loc 1 408 10 is_stmt 0 discriminator 1 view .LVU458
 1416 004c 1C4B     		ldr	r3, .L94+4
 1417 004e 9B69     		ldr	r3, [r3, #24]
 408:Core/Src/main.c **** 
 1418              		.loc 1 408 8 discriminator 1 view .LVU459
 1419 0050 13F4005F 		tst	r3, #8192
 1420 0054 FAD0     		beq	.L88
 413:Core/Src/main.c ****   RCC_OscInitStruct.HSIState = RCC_HSI_DIV1;
 1421              		.loc 1 413 3 is_stmt 1 view .LVU460
 413:Core/Src/main.c ****   RCC_OscInitStruct.HSIState = RCC_HSI_DIV1;
 1422              		.loc 1 413 36 is_stmt 0 view .LVU461
 1423 0056 0A21     		movs	r1, #10
 1424 0058 0991     		str	r1, [sp, #36]
 414:Core/Src/main.c ****   RCC_OscInitStruct.HSICalibrationValue = RCC_HSICALIBRATION_DEFAULT;
 1425              		.loc 1 414 3 is_stmt 1 view .LVU462
 414:Core/Src/main.c ****   RCC_OscInitStruct.HSICalibrationValue = RCC_HSICALIBRATION_DEFAULT;
 1426              		.loc 1 414 30 is_stmt 0 view .LVU463
 1427 005a 0123     		movs	r3, #1
 1428 005c 0C93     		str	r3, [sp, #48]
 415:Core/Src/main.c ****   RCC_OscInitStruct.LSIState = RCC_LSI_ON;
 1429              		.loc 1 415 3 is_stmt 1 view .LVU464
 415:Core/Src/main.c ****   RCC_OscInitStruct.LSIState = RCC_LSI_ON;
 1430              		.loc 1 415 41 is_stmt 0 view .LVU465
 1431 005e 4022     		movs	r2, #64
 1432 0060 0D92     		str	r2, [sp, #52]
 416:Core/Src/main.c ****   RCC_OscInitStruct.PLL.PLLState = RCC_PLL_ON;
 1433              		.loc 1 416 3 is_stmt 1 view .LVU466
 416:Core/Src/main.c ****   RCC_OscInitStruct.PLL.PLLState = RCC_PLL_ON;
 1434              		.loc 1 416 30 is_stmt 0 view .LVU467
 1435 0062 0E93     		str	r3, [sp, #56]
 417:Core/Src/main.c ****   RCC_OscInitStruct.PLL.PLLSource = RCC_PLLSOURCE_HSI;
 1436              		.loc 1 417 3 is_stmt 1 view .LVU468
 417:Core/Src/main.c ****   RCC_OscInitStruct.PLL.PLLSource = RCC_PLLSOURCE_HSI;
 1437              		.loc 1 417 34 is_stmt 0 view .LVU469
 1438 0064 0223     		movs	r3, #2
 1439 0066 1293     		str	r3, [sp, #72]
 418:Core/Src/main.c ****   RCC_OscInitStruct.PLL.PLLM = 4;
 1440              		.loc 1 418 3 is_stmt 1 view .LVU470
ARM GAS  C:\Users\admin\AppData\Local\Temp\ccwE4F76.s 			page 54


 418:Core/Src/main.c ****   RCC_OscInitStruct.PLL.PLLM = 4;
 1441              		.loc 1 418 35 is_stmt 0 view .LVU471
 1442 0068 0022     		movs	r2, #0
 1443 006a 1392     		str	r2, [sp, #76]
 419:Core/Src/main.c ****   RCC_OscInitStruct.PLL.PLLN = 10;
 1444              		.loc 1 419 3 is_stmt 1 view .LVU472
 419:Core/Src/main.c ****   RCC_OscInitStruct.PLL.PLLN = 10;
 1445              		.loc 1 419 30 is_stmt 0 view .LVU473
 1446 006c 0420     		movs	r0, #4
 1447 006e 1490     		str	r0, [sp, #80]
 420:Core/Src/main.c ****   RCC_OscInitStruct.PLL.PLLP = 2;
 1448              		.loc 1 420 3 is_stmt 1 view .LVU474
 420:Core/Src/main.c ****   RCC_OscInitStruct.PLL.PLLP = 2;
 1449              		.loc 1 420 30 is_stmt 0 view .LVU475
 1450 0070 1591     		str	r1, [sp, #84]
 421:Core/Src/main.c ****   RCC_OscInitStruct.PLL.PLLQ = 2;
 1451              		.loc 1 421 3 is_stmt 1 view .LVU476
 421:Core/Src/main.c ****   RCC_OscInitStruct.PLL.PLLQ = 2;
 1452              		.loc 1 421 30 is_stmt 0 view .LVU477
 1453 0072 1693     		str	r3, [sp, #88]
 422:Core/Src/main.c ****   RCC_OscInitStruct.PLL.PLLR = 2;
 1454              		.loc 1 422 3 is_stmt 1 view .LVU478
 422:Core/Src/main.c ****   RCC_OscInitStruct.PLL.PLLR = 2;
 1455              		.loc 1 422 30 is_stmt 0 view .LVU479
 1456 0074 1793     		str	r3, [sp, #92]
 423:Core/Src/main.c ****   RCC_OscInitStruct.PLL.PLLRGE = RCC_PLL1VCIRANGE_3;
 1457              		.loc 1 423 3 is_stmt 1 view .LVU480
 423:Core/Src/main.c ****   RCC_OscInitStruct.PLL.PLLRGE = RCC_PLL1VCIRANGE_3;
 1458              		.loc 1 423 30 is_stmt 0 view .LVU481
 1459 0076 1893     		str	r3, [sp, #96]
 424:Core/Src/main.c ****   RCC_OscInitStruct.PLL.PLLVCOSEL = RCC_PLL1VCOMEDIUM;
 1460              		.loc 1 424 3 is_stmt 1 view .LVU482
 424:Core/Src/main.c ****   RCC_OscInitStruct.PLL.PLLVCOSEL = RCC_PLL1VCOMEDIUM;
 1461              		.loc 1 424 32 is_stmt 0 view .LVU483
 1462 0078 0C21     		movs	r1, #12
 1463 007a 1991     		str	r1, [sp, #100]
 425:Core/Src/main.c ****   RCC_OscInitStruct.PLL.PLLFRACN = 0;
 1464              		.loc 1 425 3 is_stmt 1 view .LVU484
 425:Core/Src/main.c ****   RCC_OscInitStruct.PLL.PLLFRACN = 0;
 1465              		.loc 1 425 35 is_stmt 0 view .LVU485
 1466 007c 1A93     		str	r3, [sp, #104]
 426:Core/Src/main.c ****   if (HAL_RCC_OscConfig(&RCC_OscInitStruct) != HAL_OK)
 1467              		.loc 1 426 3 is_stmt 1 view .LVU486
 426:Core/Src/main.c ****   if (HAL_RCC_OscConfig(&RCC_OscInitStruct) != HAL_OK)
 1468              		.loc 1 426 34 is_stmt 0 view .LVU487
 1469 007e 1B92     		str	r2, [sp, #108]
 427:Core/Src/main.c ****   {
 1470              		.loc 1 427 3 is_stmt 1 view .LVU488
 427:Core/Src/main.c ****   {
 1471              		.loc 1 427 7 is_stmt 0 view .LVU489
 1472 0080 09A8     		add	r0, sp, #36
 1473 0082 FFF7FEFF 		bl	HAL_RCC_OscConfig
 1474              	.LVL68:
 427:Core/Src/main.c ****   {
 1475              		.loc 1 427 6 view .LVU490
 1476 0086 A0B9     		cbnz	r0, .L92
 434:Core/Src/main.c ****                               |RCC_CLOCKTYPE_PCLK1|RCC_CLOCKTYPE_PCLK2
ARM GAS  C:\Users\admin\AppData\Local\Temp\ccwE4F76.s 			page 55


 1477              		.loc 1 434 3 is_stmt 1 view .LVU491
 434:Core/Src/main.c ****                               |RCC_CLOCKTYPE_PCLK1|RCC_CLOCKTYPE_PCLK2
 1478              		.loc 1 434 31 is_stmt 0 view .LVU492
 1479 0088 3F23     		movs	r3, #63
 1480 008a 0193     		str	r3, [sp, #4]
 437:Core/Src/main.c ****   RCC_ClkInitStruct.SYSCLKDivider = RCC_SYSCLK_DIV1;
 1481              		.loc 1 437 3 is_stmt 1 view .LVU493
 437:Core/Src/main.c ****   RCC_ClkInitStruct.SYSCLKDivider = RCC_SYSCLK_DIV1;
 1482              		.loc 1 437 34 is_stmt 0 view .LVU494
 1483 008c 0023     		movs	r3, #0
 1484 008e 0293     		str	r3, [sp, #8]
 438:Core/Src/main.c ****   RCC_ClkInitStruct.AHBCLKDivider = RCC_HCLK_DIV1;
 1485              		.loc 1 438 3 is_stmt 1 view .LVU495
 438:Core/Src/main.c ****   RCC_ClkInitStruct.AHBCLKDivider = RCC_HCLK_DIV1;
 1486              		.loc 1 438 35 is_stmt 0 view .LVU496
 1487 0090 0393     		str	r3, [sp, #12]
 439:Core/Src/main.c ****   RCC_ClkInitStruct.APB3CLKDivider = RCC_APB3_DIV1;
 1488              		.loc 1 439 3 is_stmt 1 view .LVU497
 439:Core/Src/main.c ****   RCC_ClkInitStruct.APB3CLKDivider = RCC_APB3_DIV1;
 1489              		.loc 1 439 35 is_stmt 0 view .LVU498
 1490 0092 0493     		str	r3, [sp, #16]
 440:Core/Src/main.c ****   RCC_ClkInitStruct.APB1CLKDivider = RCC_APB1_DIV2;
 1491              		.loc 1 440 3 is_stmt 1 view .LVU499
 440:Core/Src/main.c ****   RCC_ClkInitStruct.APB1CLKDivider = RCC_APB1_DIV2;
 1492              		.loc 1 440 36 is_stmt 0 view .LVU500
 1493 0094 0593     		str	r3, [sp, #20]
 441:Core/Src/main.c ****   RCC_ClkInitStruct.APB2CLKDivider = RCC_APB2_DIV2;
 1494              		.loc 1 441 3 is_stmt 1 view .LVU501
 441:Core/Src/main.c ****   RCC_ClkInitStruct.APB2CLKDivider = RCC_APB2_DIV2;
 1495              		.loc 1 441 36 is_stmt 0 view .LVU502
 1496 0096 4023     		movs	r3, #64
 1497 0098 0693     		str	r3, [sp, #24]
 442:Core/Src/main.c ****   RCC_ClkInitStruct.APB4CLKDivider = RCC_APB4_DIV2;
 1498              		.loc 1 442 3 is_stmt 1 view .LVU503
 442:Core/Src/main.c ****   RCC_ClkInitStruct.APB4CLKDivider = RCC_APB4_DIV2;
 1499              		.loc 1 442 36 is_stmt 0 view .LVU504
 1500 009a 4FF48062 		mov	r2, #1024
 1501 009e 0792     		str	r2, [sp, #28]
 443:Core/Src/main.c **** 
 1502              		.loc 1 443 3 is_stmt 1 view .LVU505
 443:Core/Src/main.c **** 
 1503              		.loc 1 443 36 is_stmt 0 view .LVU506
 1504 00a0 0893     		str	r3, [sp, #32]
 445:Core/Src/main.c ****   {
 1505              		.loc 1 445 3 is_stmt 1 view .LVU507
 445:Core/Src/main.c ****   {
 1506              		.loc 1 445 7 is_stmt 0 view .LVU508
 1507 00a2 0121     		movs	r1, #1
 1508 00a4 01A8     		add	r0, sp, #4
 1509 00a6 FFF7FEFF 		bl	HAL_RCC_ClockConfig
 1510              	.LVL69:
 445:Core/Src/main.c ****   {
 1511              		.loc 1 445 6 view .LVU509
 1512 00aa 20B9     		cbnz	r0, .L93
 449:Core/Src/main.c **** 
 1513              		.loc 1 449 1 view .LVU510
 1514 00ac 1DB0     		add	sp, sp, #116
ARM GAS  C:\Users\admin\AppData\Local\Temp\ccwE4F76.s 			page 56


 1515              	.LCFI22:
 1516              		.cfi_remember_state
 1517              		.cfi_def_cfa_offset 4
 1518              		@ sp needed
 1519 00ae 5DF804FB 		ldr	pc, [sp], #4
 1520              	.L92:
 1521              	.LCFI23:
 1522              		.cfi_restore_state
 429:Core/Src/main.c ****   }
 1523              		.loc 1 429 5 is_stmt 1 view .LVU511
 1524 00b2 FFF7FEFF 		bl	Error_Handler
 1525              	.LVL70:
 1526              	.L93:
 447:Core/Src/main.c ****   }
 1527              		.loc 1 447 5 view .LVU512
 1528 00b6 FFF7FEFF 		bl	Error_Handler
 1529              	.LVL71:
 1530              	.L95:
 1531 00ba 00BF     		.align	2
 1532              	.L94:
 1533 00bc 00040058 		.word	1476396032
 1534 00c0 00480258 		.word	1476544512
 1535              		.cfi_endproc
 1536              	.LFE152:
 1538              		.section	.rodata.main.str1.4,"aMS",%progbits,1
 1539              		.align	2
 1540              	.LC0:
 1541 0000 4641494C 		.ascii	"FAIL\000"
 1541      00
 1542 0005 000000   		.align	2
 1543              	.LC1:
 1544 0008 4F4B00   		.ascii	"OK\000"
 1545 000b 00       		.align	2
 1546              	.LC2:
 1547 000c 0D0A3D3D 		.ascii	"\015\012=== SD Card Test ===\015\012\000"
 1547      3D205344 
 1547      20436172 
 1547      64205465 
 1547      7374203D 
 1548 0025 000000   		.align	2
 1549              	.LC3:
 1550 0028 4E4F5445 		.ascii	"NOTE: If mount fails, check:\015\012\000"
 1550      3A204966 
 1550      206D6F75 
 1550      6E742066 
 1550      61696C73 
 1551 0047 00       		.align	2
 1552              	.LC4:
 1553 0048 2020312E 		.ascii	"  1. SD card formatted as FAT32\015\012\000"
 1553      20534420 
 1553      63617264 
 1553      20666F72 
 1553      6D617474 
 1554 006a 0000     		.align	2
 1555              	.LC5:
 1556 006c 2020322E 		.ascii	"  2. Use sd_diskio_fixed.c for alignment\015\012\000"
 1556      20557365 
ARM GAS  C:\Users\admin\AppData\Local\Temp\ccwE4F76.s 			page 57


 1556      2073645F 
 1556      6469736B 
 1556      696F5F66 
 1557 0097 00       		.align	2
 1558              	.LC6:
 1559 0098 0D0A00   		.ascii	"\015\012\000"
 1560 009b 00       		.align	2
 1561              	.LC7:
 1562 009c 302E2043 		.ascii	"0. Check SD Detect Pin...\000"
 1562      6865636B 
 1562      20534420 
 1562      44657465 
 1562      63742050 
 1563 00b6 0000     		.align	2
 1564              	.LC8:
 1565 00b8 536B6970 		.ascii	"Skip\015\012\000"
 1565      0D0A00
 1566 00bf 00       		.align	2
 1567              	.LC9:
 1568 00c0 20202057 		.ascii	"   Waiting for SD card ready...\000"
 1568      61697469 
 1568      6E672066 
 1568      6F722053 
 1568      44206361 
 1569              		.align	2
 1570              	.LC10:
 1571 00e0 446F6E65 		.ascii	"Done\015\012\000"
 1571      0D0A00
 1572 00e7 00       		.align	2
 1573              	.LC11:
 1574 00e8 312E2043 		.ascii	"1. Check BSP SD Init...\000"
 1574      6865636B 
 1574      20425350 
 1574      20534420 
 1574      496E6974 
 1575              		.align	2
 1576              	.LC12:
 1577 0100 52657375 		.ascii	"Result=%d \000"
 1577      6C743D25 
 1577      642000
 1578 010b 00       		.align	2
 1579              	.LC13:
 1580 010c 284F4B29 		.ascii	"(OK)\015\012\000"
 1580      0D0A00
 1581 0113 00       		.align	2
 1582              	.LC14:
 1583 0114 20202043 		.ascii	"   Card Type: %lu\015\012\000"
 1583      61726420 
 1583      54797065 
 1583      3A20256C 
 1583      750D0A00 
 1584              		.align	2
 1585              	.LC15:
 1586 0128 20202043 		.ascii	"   Card Version: %lu\015\012\000"
 1586      61726420 
 1586      56657273 
 1586      696F6E3A 
ARM GAS  C:\Users\admin\AppData\Local\Temp\ccwE4F76.s 			page 58


 1586      20256C75 
 1587 013f 00       		.align	2
 1588              	.LC16:
 1589 0140 20202043 		.ascii	"   Card Size: %lu MB\015\012\000"
 1589      61726420 
 1589      53697A65 
 1589      3A20256C 
 1589      75204D42 
 1590 0157 00       		.align	2
 1591              	.LC17:
 1592 0158 28464149 		.ascii	"(FAIL)\015\012\000"
 1592      4C290D0A 
 1592      00
 1593 0161 000000   		.align	2
 1594              	.LC18:
 1595 0164 20202045 		.ascii	"   Error codes:\015\012\000"
 1595      72726F72 
 1595      20636F64 
 1595      65733A0D 
 1595      0A00
 1596 0176 0000     		.align	2
 1597              	.LC19:
 1598 0178 20202031 		.ascii	"   1 = MSD_ERROR (No SD card detected)\015\012\000"
 1598      203D204D 
 1598      53445F45 
 1598      52524F52 
 1598      20284E6F 
 1599 01a1 000000   		.align	2
 1600              	.LC20:
 1601 01a4 20202032 		.ascii	"   2 = MSD_ERROR_SD_NOT_PRESENT\015\012\000"
 1601      203D204D 
 1601      53445F45 
 1601      52524F52 
 1601      5F53445F 
 1602 01c6 0000     		.align	2
 1603              	.LC21:
 1604 01c8 20202053 		.ascii	"   Solutions:\015\012\000"
 1604      6F6C7574 
 1604      696F6E73 
 1604      3A0D0A00 
 1605              		.align	2
 1606              	.LC22:
 1607 01d8 2020202D 		.ascii	"   - Check SD card is inserted\015\012\000"
 1607      20436865 
 1607      636B2053 
 1607      44206361 
 1607      72642069 
 1608 01f9 000000   		.align	2
 1609              	.LC23:
 1610 01fc 2020202D 		.ascii	"   - Check SDMMC pins in CubeMX\015\012\000"
 1610      20436865 
 1610      636B2053 
 1610      444D4D43 
 1610      2070696E 
 1611 021e 0000     		.align	2
 1612              	.LC24:
 1613 0220 2020202D 		.ascii	"   - Try different SD card\015\012\000"
ARM GAS  C:\Users\admin\AppData\Local\Temp\ccwE4F76.s 			page 59


 1613      20547279 
 1613      20646966 
 1613      66657265 
 1613      6E742053 
 1614 023d 000000   		.align	2
 1615              	.LC25:
 1616 0240 2020202D 		.ascii	"   - Reduce SDMMC clock speed\015\012\000"
 1616      20526564 
 1616      75636520 
 1616      53444D4D 
 1616      4320636C 
 1617              		.align	2
 1618              	.LC26:
 1619 0260 0D0A3D3D 		.ascii	"\015\012=== Detailed Mount Debug ===\015\012\000"
 1619      3D204465 
 1619      7461696C 
 1619      6564204D 
 1619      6F756E74 
 1620 0281 000000   		.align	2
 1621              	.LC27:
 1622 0284 312E2054 		.ascii	"1. Testing disk driver...\015\012\000"
 1622      65737469 
 1622      6E672064 
 1622      69736B20 
 1622      64726976 
 1623              		.align	2
 1624              	.LC28:
 1625 02a0 20202064 		.ascii	"   disk_initialize(0) = 0x%02X\015\012\000"
 1625      69736B5F 
 1625      696E6974 
 1625      69616C69 
 1625      7A652830 
 1626 02c1 000000   		.align	2
 1627              	.LC29:
 1628 02c4 2020205B 		.ascii	"   [OK] Disk ready\015\012\000"
 1628      4F4B5D20 
 1628      4469736B 
 1628      20726561 
 1628      64790D0A 
 1629 02d9 000000   		.align	2
 1630              	.LC30:
 1631 02dc 2020205B 		.ascii	"   [FAIL] Disk error:\015\012\000"
 1631      4641494C 
 1631      5D204469 
 1631      736B2065 
 1631      72726F72 
 1632              		.align	2
 1633              	.LC31:
 1634 02f4 20202020 		.ascii	"     - STA_NOINIT: Not initialized\015\012\000"
 1634      202D2053 
 1634      54415F4E 
 1634      4F494E49 
 1634      543A204E 
 1635 0319 000000   		.align	2
 1636              	.LC32:
 1637 031c 20202020 		.ascii	"     - STA_NODISK: No disk\015\012\000"
 1637      202D2053 
ARM GAS  C:\Users\admin\AppData\Local\Temp\ccwE4F76.s 			page 60


 1637      54415F4E 
 1637      4F444953 
 1637      4B3A204E 
 1638 0339 000000   		.align	2
 1639              	.LC33:
 1640 033c 20202020 		.ascii	"     - STA_PROTECT: Write protected\015\012\000"
 1640      202D2053 
 1640      54415F50 
 1640      524F5445 
 1640      43543A20 
 1641 0362 0000     		.align	2
 1642              	.LC34:
 1643 0364 0D0A322E 		.ascii	"\015\0122. Testing f_mount...\015\012\000"
 1643      20546573 
 1643      74696E67 
 1643      20665F6D 
 1643      6F756E74 
 1644 037e 0000     		.align	2
 1645              	.LC35:
 1646 0380 303A00   		.ascii	"0:\000"
 1647 0383 00       		.align	2
 1648              	.LC36:
 1649 0384 20202066 		.ascii	"   f_mount result = %d\015\012\000"
 1649      5F6D6F75 
 1649      6E742072 
 1649      6573756C 
 1649      74203D20 
 1650 039d 000000   		.align	2
 1651              	.LC37:
 1652 03a0 2020205B 		.ascii	"   [OK] Mounted!\015\012\000"
 1652      4F4B5D20 
 1652      4D6F756E 
 1652      74656421 
 1652      0D0A00
 1653 03b3 00       		.align	2
 1654              	.LC38:
 1655 03b4 2020205B 		.ascii	"   [FAIL] FR_DISK_ERR (1) - Hardware error\015\012\000"
 1655      4641494C 
 1655      5D204652 
 1655      5F444953 
 1655      4B5F4552 
 1656 03e1 000000   		.align	2
 1657              	.LC39:
 1658 03e4 2020205B 		.ascii	"   [FAIL] FR_NOT_READY (3) - Disk not ready\015\012"
 1658      4641494C 
 1658      5D204652 
 1658      5F4E4F54 
 1658      5F524541 
 1659 0411 00       		.ascii	"\000"
 1660 0412 0000     		.align	2
 1661              	.LC40:
 1662 0414 2020205B 		.ascii	"   [FAIL] FR_NO_FILESYSTEM (13)\015\012\000"
 1662      4641494C 
 1662      5D204652 
 1662      5F4E4F5F 
 1662      46494C45 
 1663 0436 0000     		.align	2
ARM GAS  C:\Users\admin\AppData\Local\Temp\ccwE4F76.s 			page 61


 1664              	.LC41:
 1665 0438 2020202A 		.ascii	"   *** SD CARD NOT FORMATTED AS FAT32! ***\015\012\000"
 1665      2A2A2053 
 1665      44204341 
 1665      5244204E 
 1665      4F542046 
 1666 0465 000000   		.align	2
 1667              	.LC42:
 1668 0468 2020202A 		.ascii	"   *** FORMAT IT ON PC AS FAT32 ***\015\012\000"
 1668      2A2A2046 
 1668      4F524D41 
 1668      54204954 
 1668      204F4E20 
 1669 048e 0000     		.align	2
 1670              	.LC43:
 1671 0490 2020205B 		.ascii	"   [FAIL] FR_INVALID_DRIVE (11)\015\012\000"
 1671      4641494C 
 1671      5D204652 
 1671      5F494E56 
 1671      414C4944 
 1672 04b2 0000     		.align	2
 1673              	.LC44:
 1674 04b4 2020205B 		.ascii	"   [FAIL] Error: %d\015\012\000"
 1674      4641494C 
 1674      5D204572 
 1674      726F723A 
 1674      2025640D 
 1675 04ca 0000     		.align	2
 1676              	.LC45:
 1677 04cc 0D0A332E 		.ascii	"\015\0123. Testing disk read...\015\012\000"
 1677      20546573 
 1677      74696E67 
 1677      20646973 
 1677      6B207265 
 1678              		.align	2
 1679              	.LC46:
 1680 04e8 20202064 		.ascii	"   disk_read = %d \000"
 1680      69736B5F 
 1680      72656164 
 1680      203D2025 
 1680      642000
 1681 04fb 00       		.align	2
 1682              	.LC47:
 1683 04fc 4F4B0D0A 		.ascii	"OK\015\012\000"
 1683      00
 1684 0501 000000   		.align	2
 1685              	.LC48:
 1686 0504 20202053 		.ascii	"   Sector 0: %02X %02X %02X %02X...\015\012\000"
 1686      6563746F 
 1686      7220303A 
 1686      20253032 
 1686      58202530 
 1687 052a 0000     		.align	2
 1688              	.LC49:
 1689 052c 4641494C 		.ascii	"FAIL\015\012\000"
 1689      0D0A00
 1690 0533 00       		.align	2
ARM GAS  C:\Users\admin\AppData\Local\Temp\ccwE4F76.s 			page 62


 1691              	.LC50:
 1692 0534 0D0A3D3D 		.ascii	"\015\012======================\015\012\015\012\000"
 1692      3D3D3D3D 
 1692      3D3D3D3D 
 1692      3D3D3D3D 
 1692      3D3D3D3D 
 1693 0551 000000   		.align	2
 1694              	.LC51:
 1695 0554 322E204D 		.ascii	"2. Mount SD...\000"
 1695      6F756E74 
 1695      2053442E 
 1695      2E2E00
 1696 0563 00       		.align	2
 1697              	.LC52:
 1698 0564 322E2057 		.ascii	"2. Write data...\000"
 1698      72697465 
 1698      20646174 
 1698      612E2E2E 
 1698      00
 1699 0575 000000   		.align	2
 1700              	.LC53:
 1701 0578 4641494C 		.ascii	"FAIL (%d)\015\012\000"
 1701      20282564 
 1701      290D0A00 
 1702              		.align	2
 1703              	.LC54:
 1704 0584 0D0A3D3D 		.ascii	"\015\012=== FatFS Mount Debug ===\015\012\000"
 1704      3D204661 
 1704      74465320 
 1704      4D6F756E 
 1704      74204465 
 1705 05a2 0000     		.align	2
 1706              	.LC55:
 1707 05a4 665F6D6F 		.ascii	"f_mount FRESULT = %d\015\012\000"
 1707      756E7420 
 1707      46524553 
 1707      554C5420 
 1707      3D202564 
 1708 05bb 00       		.align	2
 1709              	.LC56:
 1710 05bc 0D0A4652 		.ascii	"\015\012FRESULT codes:\015\012\000"
 1710      4553554C 
 1710      5420636F 
 1710      6465733A 
 1710      0D0A00
 1711 05cf 00       		.align	2
 1712              	.LC57:
 1713 05d0 20203020 		.ascii	"  0 = FR_OK (Success)\015\012\000"
 1713      3D204652 
 1713      5F4F4B20 
 1713      28537563 
 1713      63657373 
 1714              		.align	2
 1715              	.LC58:
 1716 05e8 20203120 		.ascii	"  1 = FR_DISK_ERR (Hardware error)\015\012\000"
 1716      3D204652 
 1716      5F444953 
ARM GAS  C:\Users\admin\AppData\Local\Temp\ccwE4F76.s 			page 63


 1716      4B5F4552 
 1716      52202848 
 1717 060d 000000   		.align	2
 1718              	.LC59:
 1719 0610 20203220 		.ascii	"  2 = FR_INT_ERR (Assert failed)\015\012\000"
 1719      3D204652 
 1719      5F494E54 
 1719      5F455252 
 1719      20284173 
 1720 0633 00       		.align	2
 1721              	.LC60:
 1722 0634 20203320 		.ascii	"  3 = FR_NOT_READY (Disk not ready)\015\012\000"
 1722      3D204652 
 1722      5F4E4F54 
 1722      5F524541 
 1722      44592028 
 1723 065a 0000     		.align	2
 1724              	.LC61:
 1725 065c 20203420 		.ascii	"  4 = FR_NO_FILE\015\012\000"
 1725      3D204652 
 1725      5F4E4F5F 
 1725      46494C45 
 1725      0D0A00
 1726 066f 00       		.align	2
 1727              	.LC62:
 1728 0670 20203520 		.ascii	"  5 = FR_NO_PATH\015\012\000"
 1728      3D204652 
 1728      5F4E4F5F 
 1728      50415448 
 1728      0D0A00
 1729 0683 00       		.align	2
 1730              	.LC63:
 1731 0684 20203620 		.ascii	"  6 = FR_INVALID_NAME\015\012\000"
 1731      3D204652 
 1731      5F494E56 
 1731      414C4944 
 1731      5F4E414D 
 1732              		.align	2
 1733              	.LC64:
 1734 069c 20203720 		.ascii	"  7 = FR_DENIED\015\012\000"
 1734      3D204652 
 1734      5F44454E 
 1734      4945440D 
 1734      0A00
 1735 06ae 0000     		.align	2
 1736              	.LC65:
 1737 06b0 20203820 		.ascii	"  8 = FR_EXIST\015\012\000"
 1737      3D204652 
 1737      5F455849 
 1737      53540D0A 
 1737      00
 1738 06c1 000000   		.align	2
 1739              	.LC66:
 1740 06c4 20203920 		.ascii	"  9 = FR_INVALID_OBJECT\015\012\000"
 1740      3D204652 
 1740      5F494E56 
 1740      414C4944 
ARM GAS  C:\Users\admin\AppData\Local\Temp\ccwE4F76.s 			page 64


 1740      5F4F424A 
 1741 06de 0000     		.align	2
 1742              	.LC67:
 1743 06e0 20313020 		.ascii	" 10 = FR_WRITE_PROTECTED\015\012\000"
 1743      3D204652 
 1743      5F575249 
 1743      54455F50 
 1743      524F5445 
 1744 06fb 00       		.align	2
 1745              	.LC68:
 1746 06fc 20313120 		.ascii	" 11 = FR_INVALID_DRIVE\015\012\000"
 1746      3D204652 
 1746      5F494E56 
 1746      414C4944 
 1746      5F445249 
 1747 0715 000000   		.align	2
 1748              	.LC69:
 1749 0718 20313220 		.ascii	" 12 = FR_NOT_ENABLED\015\012\000"
 1749      3D204652 
 1749      5F4E4F54 
 1749      5F454E41 
 1749      424C4544 
 1750 072f 00       		.align	2
 1751              	.LC70:
 1752 0730 20313320 		.ascii	" 13 = FR_NO_FILESYSTEM (Not formatted FAT)\015\012\000"
 1752      3D204652 
 1752      5F4E4F5F 
 1752      46494C45 
 1752      53595354 
 1753 075d 000000   		.align	2
 1754              	.LC71:
 1755 0760 20313420 		.ascii	" 14 = FR_MKFS_ABORTED\015\012\000"
 1755      3D204652 
 1755      5F4D4B46 
 1755      535F4142 
 1755      4F525445 
 1756              		.align	2
 1757              	.LC72:
 1758 0778 20313520 		.ascii	" 15 = FR_TIMEOUT\015\012\000"
 1758      3D204652 
 1758      5F54494D 
 1758      454F5554 
 1758      0D0A00
 1759 078b 00       		.align	2
 1760              	.LC73:
 1761 078c 0D0A3D3D 		.ascii	"\015\012=== Disk Driver Test ===\015\012\000"
 1761      3D204469 
 1761      736B2044 
 1761      72697665 
 1761      72205465 
 1762 07a9 000000   		.align	2
 1763              	.LC74:
 1764 07ac 6469736B 		.ascii	"disk_initialize = 0x%02X\015\012\000"
 1764      5F696E69 
 1764      7469616C 
 1764      697A6520 
 1764      3D203078 
ARM GAS  C:\Users\admin\AppData\Local\Temp\ccwE4F76.s 			page 65


 1765 07c7 00       		.align	2
 1766              	.LC75:
 1767 07c8 20203078 		.ascii	"  0x00 = OK\015\012\000"
 1767      3030203D 
 1767      204F4B0D 
 1767      0A00
 1768 07d6 0000     		.align	2
 1769              	.LC76:
 1770 07d8 20203078 		.ascii	"  0x01 = STA_NOINIT (Not initialized)\015\012\000"
 1770      3031203D 
 1770      20535441 
 1770      5F4E4F49 
 1770      4E495420 
 1771              		.align	2
 1772              	.LC77:
 1773 0800 20203078 		.ascii	"  0x02 = STA_NODISK (No disk)\015\012\000"
 1773      3032203D 
 1773      20535441 
 1773      5F4E4F44 
 1773      49534B20 
 1774              		.align	2
 1775              	.LC78:
 1776 0820 20203078 		.ascii	"  0x04 = STA_PROTECT (Write protected)\015\012\000"
 1776      3034203D 
 1776      20535441 
 1776      5F50524F 
 1776      54454354 
 1777 0849 000000   		.align	2
 1778              	.LC79:
 1779 084c 0D0A3D3D 		.ascii	"\015\012=== No filesystem detected ===\015\012\000"
 1779      3D204E6F 
 1779      2066696C 
 1779      65737973 
 1779      74656D20 
 1780 086f 00       		.align	2
 1781              	.LC80:
 1782 0870 53442063 		.ascii	"SD card needs to be formatted as FAT32\015\012\000"
 1782      61726420 
 1782      6E656564 
 1782      7320746F 
 1782      20626520 
 1783 0899 000000   		.align	2
 1784              	.LC81:
 1785 089c 4F707469 		.ascii	"Options:\015\012\000"
 1785      6F6E733A 
 1785      0D0A00
 1786 08a7 00       		.align	2
 1787              	.LC82:
 1788 08a8 2020312E 		.ascii	"  1. Format on PC as FAT32\015\012\000"
 1788      20466F72 
 1788      6D617420 
 1788      6F6E2050 
 1788      43206173 
 1789 08c5 000000   		.align	2
 1790              	.LC83:
 1791 08c8 2020322E 		.ascii	"  2. Or try f_mkfs() to format here\015\012\000"
 1791      204F7220 
ARM GAS  C:\Users\admin\AppData\Local\Temp\ccwE4F76.s 			page 66


 1791      74727920 
 1791      665F6D6B 
 1791      66732829 
 1792 08ee 0000     		.align	2
 1793              	.LC84:
 1794 08f0 25730D0A 		.ascii	"%s\015\012\000"
 1794      00
 1795 08f5 000000   		.align	2
 1796              	.LC85:
 1797 08f8 332E2052 		.ascii	"3. Read data...\000"
 1797      65616420 
 1797      64617461 
 1797      2E2E2E00 
 1798              		.align	2
 1799              	.LC86:
 1800 0908 4F4B2028 		.ascii	"OK (%lu bytes)\015\012\000"
 1800      256C7520 
 1800      62797465 
 1800      73290D0A 
 1800      00
 1801 0919 000000   		.align	2
 1802              	.LC87:
 1803 091c 20202045 		.ascii	"   Error at byte %d\015\012\000"
 1803      72726F72 
 1803      20617420 
 1803      62797465 
 1803      2025640D 
 1804 0932 0000     		.align	2
 1805              	.LC88:
 1806 0934 20202044 		.ascii	"   Data verified OK\015\012\000"
 1806      61746120 
 1806      76657269 
 1806      66696564 
 1806      204F4B0D 
 1807 094a 0000     		.align	2
 1808              	.LC89:
 1809 094c 342E2049 		.ascii	"4. Info:\015\012\000"
 1809      6E666F3A 
 1809      0D0A00
 1810 0957 00       		.align	2
 1811              	.LC90:
 1812 0958 20202046 		.ascii	"   Free: %lu KB\015\012\000"
 1812      7265653A 
 1812      20256C75 
 1812      204B420D 
 1812      0A00
 1813 096a 0000     		.align	2
 1814              	.LC91:
 1815 096c 20202055 		.ascii	"   Used: %lu KB\015\012\000"
 1815      7365643A 
 1815      20256C75 
 1815      204B420D 
 1815      0A00
 1816 097e 0000     		.align	2
 1817              	.LC92:
 1818 0980 0D0A3D3D 		.ascii	"\015\012=== Test Done ===\015\012\000"
 1818      3D205465 
ARM GAS  C:\Users\admin\AppData\Local\Temp\ccwE4F76.s 			page 67


 1818      73742044 
 1818      6F6E6520 
 1818      3D3D3D0D 
 1819              		.section	.text.main,"ax",%progbits
 1820              		.align	1
 1821              		.global	main
 1822              		.syntax unified
 1823              		.thumb
 1824              		.thumb_func
 1826              	main:
 1827              	.LFB151:
 101:Core/Src/main.c **** 
 1828              		.loc 1 101 1 view -0
 1829              		.cfi_startproc
 1830              		@ args = 0, pretend = 0, frame = 144
 1831              		@ frame_needed = 0, uses_anonymous_args = 0
 1832 0000 70B5     		push	{r4, r5, r6, lr}
 1833              	.LCFI24:
 1834              		.cfi_def_cfa_offset 16
 1835              		.cfi_offset 4, -16
 1836              		.cfi_offset 5, -12
 1837              		.cfi_offset 6, -8
 1838              		.cfi_offset 14, -4
 1839 0002 A6B0     		sub	sp, sp, #152
 1840              	.LCFI25:
 1841              		.cfi_def_cfa_offset 168
 109:Core/Src/main.c **** 
 1842              		.loc 1 109 3 view .LVU514
 1843 0004 FFF7FEFF 		bl	MPU_Config
 1844              	.LVL72:
 114:Core/Src/main.c **** 
 1845              		.loc 1 114 3 view .LVU515
 1846 0008 FFF7FEFF 		bl	HAL_Init
 1847              	.LVL73:
 121:Core/Src/main.c **** 
 1848              		.loc 1 121 3 view .LVU516
 1849 000c FFF7FEFF 		bl	SystemClock_Config
 1850              	.LVL74:
 128:Core/Src/main.c ****   MX_DMA_Init();
 1851              		.loc 1 128 3 view .LVU517
 1852 0010 FFF7FEFF 		bl	MX_GPIO_Init
 1853              	.LVL75:
 129:Core/Src/main.c ****   MX_USART2_UART_Init();
 1854              		.loc 1 129 3 view .LVU518
 1855 0014 FFF7FEFF 		bl	MX_DMA_Init
 1856              	.LVL76:
 130:Core/Src/main.c ****   MX_I2C4_Init();
 1857              		.loc 1 130 3 view .LVU519
 1858 0018 FFF7FEFF 		bl	MX_USART2_UART_Init
 1859              	.LVL77:
 131:Core/Src/main.c ****   MX_I2C2_Init();
 1860              		.loc 1 131 3 view .LVU520
 1861 001c FFF7FEFF 		bl	MX_I2C4_Init
 1862              	.LVL78:
 132:Core/Src/main.c ****   MX_DCMI_Init();
 1863              		.loc 1 132 3 view .LVU521
 1864 0020 FFF7FEFF 		bl	MX_I2C2_Init
ARM GAS  C:\Users\admin\AppData\Local\Temp\ccwE4F76.s 			page 68


 1865              	.LVL79:
 133:Core/Src/main.c ****   MX_SDMMC1_SD_Init();
 1866              		.loc 1 133 3 view .LVU522
 1867 0024 FFF7FEFF 		bl	MX_DCMI_Init
 1868              	.LVL80:
 134:Core/Src/main.c ****   MX_FATFS_Init();
 1869              		.loc 1 134 3 view .LVU523
 1870 0028 FFF7FEFF 		bl	MX_SDMMC1_SD_Init
 1871              	.LVL81:
 135:Core/Src/main.c ****   MX_USART3_UART_Init();
 1872              		.loc 1 135 3 view .LVU524
 1873 002c FFF7FEFF 		bl	MX_FATFS_Init
 1874              	.LVL82:
 136:Core/Src/main.c ****   MX_RTC_Init();
 1875              		.loc 1 136 3 view .LVU525
 1876 0030 FFF7FEFF 		bl	MX_USART3_UART_Init
 1877              	.LVL83:
 137:Core/Src/main.c ****   /* USER CODE BEGIN 2 */
 1878              		.loc 1 137 3 view .LVU526
 1879 0034 FFF7FEFF 		bl	MX_RTC_Init
 1880              	.LVL84:
 139:Core/Src/main.c ****     Hardware_UART_Printf("NOTE: If mount fails, check:\r\n");
 1881              		.loc 1 139 2 view .LVU527
 1882 0038 AA48     		ldr	r0, .L131
 1883 003a FFF7FEFF 		bl	Hardware_UART_Printf
 1884              	.LVL85:
 140:Core/Src/main.c ****     Hardware_UART_Printf("  1. SD card formatted as FAT32\r\n");
 1885              		.loc 1 140 5 view .LVU528
 1886 003e AA48     		ldr	r0, .L131+4
 1887 0040 FFF7FEFF 		bl	Hardware_UART_Printf
 1888              	.LVL86:
 141:Core/Src/main.c ****     Hardware_UART_Printf("  2. Use sd_diskio_fixed.c for alignment\r\n");
 1889              		.loc 1 141 5 view .LVU529
 1890 0044 A948     		ldr	r0, .L131+8
 1891 0046 FFF7FEFF 		bl	Hardware_UART_Printf
 1892              	.LVL87:
 142:Core/Src/main.c ****     Hardware_UART_Printf("\r\n");
 1893              		.loc 1 142 5 view .LVU530
 1894 004a A948     		ldr	r0, .L131+12
 1895 004c FFF7FEFF 		bl	Hardware_UART_Printf
 1896              	.LVL88:
 143:Core/Src/main.c ****     
 1897              		.loc 1 143 5 view .LVU531
 1898 0050 A848     		ldr	r0, .L131+16
 1899 0052 FFF7FEFF 		bl	Hardware_UART_Printf
 1900              	.LVL89:
 146:Core/Src/main.c ****     // Nếu bạn có SD_DETECT_PIN, uncomment dòng sau:
 1901              		.loc 1 146 5 view .LVU532
 1902 0056 A848     		ldr	r0, .L131+20
 1903 0058 FFF7FEFF 		bl	Hardware_UART_Printf
 1904              	.LVL90:
 149:Core/Src/main.c ****     
 1905              		.loc 1 149 5 view .LVU533
 1906 005c A748     		ldr	r0, .L131+24
 1907 005e FFF7FEFF 		bl	Hardware_UART_Printf
 1908              	.LVL91:
 152:Core/Src/main.c ****     HAL_Delay(1000);
ARM GAS  C:\Users\admin\AppData\Local\Temp\ccwE4F76.s 			page 69


 1909              		.loc 1 152 5 view .LVU534
 1910 0062 A748     		ldr	r0, .L131+28
 1911 0064 FFF7FEFF 		bl	Hardware_UART_Printf
 1912              	.LVL92:
 153:Core/Src/main.c ****     Hardware_UART_Printf("Done\r\n");
 1913              		.loc 1 153 5 view .LVU535
 1914 0068 4FF47A70 		mov	r0, #1000
 1915 006c FFF7FEFF 		bl	HAL_Delay
 1916              	.LVL93:
 154:Core/Src/main.c ****     
 1917              		.loc 1 154 5 view .LVU536
 1918 0070 A448     		ldr	r0, .L131+32
 1919 0072 FFF7FEFF 		bl	Hardware_UART_Printf
 1920              	.LVL94:
 157:Core/Src/main.c ****     uint8_t bsp_status = BSP_SD_Init();
 1921              		.loc 1 157 5 view .LVU537
 1922 0076 A448     		ldr	r0, .L131+36
 1923 0078 FFF7FEFF 		bl	Hardware_UART_Printf
 1924              	.LVL95:
 158:Core/Src/main.c ****     Hardware_UART_Printf("Result=%d ", bsp_status);
 1925              		.loc 1 158 5 view .LVU538
 158:Core/Src/main.c ****     Hardware_UART_Printf("Result=%d ", bsp_status);
 1926              		.loc 1 158 26 is_stmt 0 view .LVU539
 1927 007c FFF7FEFF 		bl	BSP_SD_Init
 1928              	.LVL96:
 1929 0080 0446     		mov	r4, r0
 1930              	.LVL97:
 159:Core/Src/main.c ****     
 1931              		.loc 1 159 5 is_stmt 1 view .LVU540
 1932 0082 0146     		mov	r1, r0
 1933 0084 A148     		ldr	r0, .L131+40
 1934              	.LVL98:
 159:Core/Src/main.c ****     
 1935              		.loc 1 159 5 is_stmt 0 view .LVU541
 1936 0086 FFF7FEFF 		bl	Hardware_UART_Printf
 1937              	.LVL99:
 161:Core/Src/main.c ****         Hardware_UART_Printf("(OK)\r\n");
 1938              		.loc 1 161 5 is_stmt 1 view .LVU542
 161:Core/Src/main.c ****         Hardware_UART_Printf("(OK)\r\n");
 1939              		.loc 1 161 8 is_stmt 0 view .LVU543
 1940 008a 002C     		cmp	r4, #0
 1941 008c 43D1     		bne	.L97
 1942              	.LBB18:
 162:Core/Src/main.c ****         
 1943              		.loc 1 162 9 is_stmt 1 view .LVU544
 1944 008e A048     		ldr	r0, .L131+44
 1945 0090 FFF7FEFF 		bl	Hardware_UART_Printf
 1946              	.LVL100:
 165:Core/Src/main.c ****         BSP_SD_GetCardInfo(&CardInfo);
 1947              		.loc 1 165 9 view .LVU545
 166:Core/Src/main.c ****         Hardware_UART_Printf("   Card Type: %lu\r\n", CardInfo.CardType);
 1948              		.loc 1 166 9 view .LVU546
 1949 0094 03A8     		add	r0, sp, #12
 1950 0096 FFF7FEFF 		bl	BSP_SD_GetCardInfo
 1951              	.LVL101:
 167:Core/Src/main.c ****         Hardware_UART_Printf("   Card Version: %lu\r\n", CardInfo.CardVersion);
 1952              		.loc 1 167 9 view .LVU547
ARM GAS  C:\Users\admin\AppData\Local\Temp\ccwE4F76.s 			page 70


 1953 009a 0399     		ldr	r1, [sp, #12]
 1954 009c 9D48     		ldr	r0, .L131+48
 1955 009e FFF7FEFF 		bl	Hardware_UART_Printf
 1956              	.LVL102:
 168:Core/Src/main.c ****         Hardware_UART_Printf("   Card Size: %lu MB\r\n", 
 1957              		.loc 1 168 9 view .LVU548
 1958 00a2 0499     		ldr	r1, [sp, #16]
 1959 00a4 9C48     		ldr	r0, .L131+52
 1960 00a6 FFF7FEFF 		bl	Hardware_UART_Printf
 1961              	.LVL103:
 169:Core/Src/main.c ****                (CardInfo.LogBlockNbr * CardInfo.LogBlockSize) / (1024*1024));
 1962              		.loc 1 169 9 view .LVU549
 170:Core/Src/main.c ****     } else {
 1963              		.loc 1 170 38 is_stmt 0 view .LVU550
 1964 00aa 099B     		ldr	r3, [sp, #36]
 1965 00ac 0A9A     		ldr	r2, [sp, #40]
 1966 00ae 02FB03F3 		mul	r3, r2, r3
 169:Core/Src/main.c ****                (CardInfo.LogBlockNbr * CardInfo.LogBlockSize) / (1024*1024));
 1967              		.loc 1 169 9 view .LVU551
 1968 00b2 190D     		lsrs	r1, r3, #20
 1969 00b4 9948     		ldr	r0, .L131+56
 1970 00b6 FFF7FEFF 		bl	Hardware_UART_Printf
 1971              	.LVL104:
 1972              	.L98:
 1973              	.LBE18:
 184:Core/Src/main.c ****     
 1974              		.loc 1 184 5 is_stmt 1 view .LVU552
 1975 00ba 6420     		movs	r0, #100
 1976 00bc FFF7FEFF 		bl	HAL_Delay
 1977              	.LVL105:
 187:Core/Src/main.c ****     
 1978              		.loc 1 187 5 view .LVU553
 1979 00c0 9748     		ldr	r0, .L131+60
 1980 00c2 FFF7FEFF 		bl	Hardware_UART_Printf
 1981              	.LVL106:
 190:Core/Src/main.c ****     DSTATUS dstatus = disk_initialize(0);
 1982              		.loc 1 190 5 view .LVU554
 1983 00c6 9748     		ldr	r0, .L131+64
 1984 00c8 FFF7FEFF 		bl	Hardware_UART_Printf
 1985              	.LVL107:
 191:Core/Src/main.c ****     Hardware_UART_Printf("   disk_initialize(0) = 0x%02X\r\n", dstatus);
 1986              		.loc 1 191 5 view .LVU555
 191:Core/Src/main.c ****     Hardware_UART_Printf("   disk_initialize(0) = 0x%02X\r\n", dstatus);
 1987              		.loc 1 191 23 is_stmt 0 view .LVU556
 1988 00cc 0020     		movs	r0, #0
 1989 00ce FFF7FEFF 		bl	disk_initialize
 1990              	.LVL108:
 1991 00d2 0446     		mov	r4, r0
 1992              	.LVL109:
 192:Core/Src/main.c ****     if (dstatus == 0) {
 1993              		.loc 1 192 5 is_stmt 1 view .LVU557
 1994 00d4 0146     		mov	r1, r0
 1995 00d6 9448     		ldr	r0, .L131+68
 1996              	.LVL110:
 192:Core/Src/main.c ****     if (dstatus == 0) {
 1997              		.loc 1 192 5 is_stmt 0 view .LVU558
 1998 00d8 FFF7FEFF 		bl	Hardware_UART_Printf
ARM GAS  C:\Users\admin\AppData\Local\Temp\ccwE4F76.s 			page 71


 1999              	.LVL111:
 193:Core/Src/main.c ****         Hardware_UART_Printf("   [OK] Disk ready\r\n");
 2000              		.loc 1 193 5 is_stmt 1 view .LVU559
 193:Core/Src/main.c ****         Hardware_UART_Printf("   [OK] Disk ready\r\n");
 2001              		.loc 1 193 8 is_stmt 0 view .LVU560
 2002 00dc 002C     		cmp	r4, #0
 2003 00de 39D1     		bne	.L99
 194:Core/Src/main.c ****     } else {
 2004              		.loc 1 194 9 is_stmt 1 view .LVU561
 2005 00e0 9248     		ldr	r0, .L131+72
 2006 00e2 FFF7FEFF 		bl	Hardware_UART_Printf
 2007              	.LVL112:
 2008              	.L100:
 203:Core/Src/main.c ****     FRESULT fres = f_mount(&fs, "0:", 1);
 2009              		.loc 1 203 5 view .LVU562
 2010 00e6 9248     		ldr	r0, .L131+76
 2011 00e8 FFF7FEFF 		bl	Hardware_UART_Printf
 2012              	.LVL113:
 204:Core/Src/main.c ****     Hardware_UART_Printf("   f_mount result = %d\r\n", fres);
 2013              		.loc 1 204 5 view .LVU563
 204:Core/Src/main.c ****     Hardware_UART_Printf("   f_mount result = %d\r\n", fres);
 2014              		.loc 1 204 20 is_stmt 0 view .LVU564
 2015 00ec 0122     		movs	r2, #1
 2016 00ee 9149     		ldr	r1, .L131+80
 2017 00f0 9148     		ldr	r0, .L131+84
 2018 00f2 FFF7FEFF 		bl	f_mount
 2019              	.LVL114:
 2020 00f6 0546     		mov	r5, r0
 2021              	.LVL115:
 205:Core/Src/main.c ****     
 2022              		.loc 1 205 5 is_stmt 1 view .LVU565
 2023 00f8 0146     		mov	r1, r0
 2024 00fa 9048     		ldr	r0, .L131+88
 2025              	.LVL116:
 205:Core/Src/main.c ****     
 2026              		.loc 1 205 5 is_stmt 0 view .LVU566
 2027 00fc FFF7FEFF 		bl	Hardware_UART_Printf
 2028              	.LVL117:
 207:Core/Src/main.c ****         case FR_OK:
 2029              		.loc 1 207 5 is_stmt 1 view .LVU567
 2030 0100 0D2D     		cmp	r5, #13
 2031 0102 6CD8     		bhi	.L103
 2032 0104 DFE805F0 		tbb	[pc, r5]
 2033              	.L105:
 2034 0108 3E       		.byte	(.L109-.L105)/2
 2035 0109 55       		.byte	(.L108-.L105)/2
 2036 010a 6B       		.byte	(.L103-.L105)/2
 2037 010b 59       		.byte	(.L107-.L105)/2
 2038 010c 6B       		.byte	(.L103-.L105)/2
 2039 010d 6B       		.byte	(.L103-.L105)/2
 2040 010e 6B       		.byte	(.L103-.L105)/2
 2041 010f 6B       		.byte	(.L103-.L105)/2
 2042 0110 6B       		.byte	(.L103-.L105)/2
 2043 0111 6B       		.byte	(.L103-.L105)/2
 2044 0112 6B       		.byte	(.L103-.L105)/2
 2045 0113 67       		.byte	(.L106-.L105)/2
 2046 0114 6B       		.byte	(.L103-.L105)/2
ARM GAS  C:\Users\admin\AppData\Local\Temp\ccwE4F76.s 			page 72


 2047 0115 5D       		.byte	(.L104-.L105)/2
 2048              		.p2align 1
 2049              	.L97:
 172:Core/Src/main.c ****         Hardware_UART_Printf("   Error codes:\r\n");
 2050              		.loc 1 172 9 view .LVU568
 2051 0116 8A48     		ldr	r0, .L131+92
 2052 0118 FFF7FEFF 		bl	Hardware_UART_Printf
 2053              	.LVL118:
 173:Core/Src/main.c ****         Hardware_UART_Printf("   1 = MSD_ERROR (No SD card detected)\r\n");
 2054              		.loc 1 173 9 view .LVU569
 2055 011c 8948     		ldr	r0, .L131+96
 2056 011e FFF7FEFF 		bl	Hardware_UART_Printf
 2057              	.LVL119:
 174:Core/Src/main.c ****         Hardware_UART_Printf("   2 = MSD_ERROR_SD_NOT_PRESENT\r\n");
 2058              		.loc 1 174 9 view .LVU570
 2059 0122 8948     		ldr	r0, .L131+100
 2060 0124 FFF7FEFF 		bl	Hardware_UART_Printf
 2061              	.LVL120:
 175:Core/Src/main.c ****         Hardware_UART_Printf("\r\n");
 2062              		.loc 1 175 9 view .LVU571
 2063 0128 8848     		ldr	r0, .L131+104
 2064 012a FFF7FEFF 		bl	Hardware_UART_Printf
 2065              	.LVL121:
 176:Core/Src/main.c ****         Hardware_UART_Printf("   Solutions:\r\n");
 2066              		.loc 1 176 9 view .LVU572
 2067 012e 7148     		ldr	r0, .L131+16
 2068 0130 FFF7FEFF 		bl	Hardware_UART_Printf
 2069              	.LVL122:
 177:Core/Src/main.c ****         Hardware_UART_Printf("   - Check SD card is inserted\r\n");
 2070              		.loc 1 177 9 view .LVU573
 2071 0134 8648     		ldr	r0, .L131+108
 2072 0136 FFF7FEFF 		bl	Hardware_UART_Printf
 2073              	.LVL123:
 178:Core/Src/main.c ****         Hardware_UART_Printf("   - Check SDMMC pins in CubeMX\r\n");
 2074              		.loc 1 178 9 view .LVU574
 2075 013a 8648     		ldr	r0, .L131+112
 2076 013c FFF7FEFF 		bl	Hardware_UART_Printf
 2077              	.LVL124:
 179:Core/Src/main.c ****         Hardware_UART_Printf("   - Try different SD card\r\n");
 2078              		.loc 1 179 9 view .LVU575
 2079 0140 8548     		ldr	r0, .L131+116
 2080 0142 FFF7FEFF 		bl	Hardware_UART_Printf
 2081              	.LVL125:
 180:Core/Src/main.c ****         Hardware_UART_Printf("   - Reduce SDMMC clock speed\r\n");
 2082              		.loc 1 180 9 view .LVU576
 2083 0146 8548     		ldr	r0, .L131+120
 2084 0148 FFF7FEFF 		bl	Hardware_UART_Printf
 2085              	.LVL126:
 181:Core/Src/main.c ****     }
 2086              		.loc 1 181 9 view .LVU577
 2087 014c 8448     		ldr	r0, .L131+124
 2088 014e FFF7FEFF 		bl	Hardware_UART_Printf
 2089              	.LVL127:
 2090 0152 B2E7     		b	.L98
 2091              	.L99:
 196:Core/Src/main.c ****         if (dstatus & 0x01) Hardware_UART_Printf("     - STA_NOINIT: Not initialized\r\n");
 2092              		.loc 1 196 9 view .LVU578
ARM GAS  C:\Users\admin\AppData\Local\Temp\ccwE4F76.s 			page 73


 2093 0154 8348     		ldr	r0, .L131+128
 2094 0156 FFF7FEFF 		bl	Hardware_UART_Printf
 2095              	.LVL128:
 197:Core/Src/main.c ****         if (dstatus & 0x02) Hardware_UART_Printf("     - STA_NODISK: No disk\r\n");
 2096              		.loc 1 197 9 view .LVU579
 197:Core/Src/main.c ****         if (dstatus & 0x02) Hardware_UART_Printf("     - STA_NODISK: No disk\r\n");
 2097              		.loc 1 197 12 is_stmt 0 view .LVU580
 2098 015a 14F0010F 		tst	r4, #1
 2099 015e 09D1     		bne	.L126
 2100              	.L101:
 198:Core/Src/main.c ****         if (dstatus & 0x04) Hardware_UART_Printf("     - STA_PROTECT: Write protected\r\n");
 2101              		.loc 1 198 9 is_stmt 1 view .LVU581
 198:Core/Src/main.c ****         if (dstatus & 0x04) Hardware_UART_Printf("     - STA_PROTECT: Write protected\r\n");
 2102              		.loc 1 198 12 is_stmt 0 view .LVU582
 2103 0160 14F0020F 		tst	r4, #2
 2104 0164 0AD1     		bne	.L127
 2105              	.L102:
 199:Core/Src/main.c ****     }
 2106              		.loc 1 199 9 is_stmt 1 view .LVU583
 199:Core/Src/main.c ****     }
 2107              		.loc 1 199 12 is_stmt 0 view .LVU584
 2108 0166 14F0040F 		tst	r4, #4
 2109 016a BCD0     		beq	.L100
 199:Core/Src/main.c ****     }
 2110              		.loc 1 199 29 is_stmt 1 discriminator 1 view .LVU585
 2111 016c 7E48     		ldr	r0, .L131+132
 2112 016e FFF7FEFF 		bl	Hardware_UART_Printf
 2113              	.LVL129:
 2114 0172 B8E7     		b	.L100
 2115              	.L126:
 197:Core/Src/main.c ****         if (dstatus & 0x02) Hardware_UART_Printf("     - STA_NODISK: No disk\r\n");
 2116              		.loc 1 197 29 discriminator 1 view .LVU586
 2117 0174 7D48     		ldr	r0, .L131+136
 2118 0176 FFF7FEFF 		bl	Hardware_UART_Printf
 2119              	.LVL130:
 2120 017a F1E7     		b	.L101
 2121              	.L127:
 198:Core/Src/main.c ****         if (dstatus & 0x04) Hardware_UART_Printf("     - STA_PROTECT: Write protected\r\n");
 2122              		.loc 1 198 29 discriminator 1 view .LVU587
 2123 017c 7C48     		ldr	r0, .L131+140
 2124 017e FFF7FEFF 		bl	Hardware_UART_Printf
 2125              	.LVL131:
 2126 0182 F0E7     		b	.L102
 2127              	.L109:
 209:Core/Src/main.c ****             break;
 2128              		.loc 1 209 13 view .LVU588
 2129 0184 7B48     		ldr	r0, .L131+144
 2130 0186 FFF7FEFF 		bl	Hardware_UART_Printf
 2131              	.LVL132:
 210:Core/Src/main.c ****         case FR_DISK_ERR:
 2132              		.loc 1 210 13 view .LVU589
 2133              	.L110:
 231:Core/Src/main.c ****         Hardware_UART_Printf("\r\n3. Testing disk read...\r\n");
 2134              		.loc 1 231 5 view .LVU590
 231:Core/Src/main.c ****         Hardware_UART_Printf("\r\n3. Testing disk read...\r\n");
 2135              		.loc 1 231 8 is_stmt 0 view .LVU591
 2136 018a 6CB3     		cbz	r4, .L128
ARM GAS  C:\Users\admin\AppData\Local\Temp\ccwE4F76.s 			page 74


 2137              	.L111:
 245:Core/Src/main.c ****     
 2138              		.loc 1 245 5 is_stmt 1 view .LVU592
 2139 018c 7A48     		ldr	r0, .L131+148
 2140 018e FFF7FEFF 		bl	Hardware_UART_Printf
 2141              	.LVL133:
 248:Core/Src/main.c ****     uint8_t data[100];
 2142              		.loc 1 248 5 view .LVU593
 249:Core/Src/main.c ****     uint32_t len;
 2143              		.loc 1 249 5 view .LVU594
 250:Core/Src/main.c ****     
 2144              		.loc 1 250 5 view .LVU595
 253:Core/Src/main.c ****     status = SD_Init();
 2145              		.loc 1 253 5 view .LVU596
 2146 0192 7A48     		ldr	r0, .L131+152
 2147 0194 FFF7FEFF 		bl	Hardware_UART_Printf
 2148              	.LVL134:
 254:Core/Src/main.c ****     if (status == SD_OK) {
 2149              		.loc 1 254 5 view .LVU597
 254:Core/Src/main.c ****     if (status == SD_OK) {
 2150              		.loc 1 254 14 is_stmt 0 view .LVU598
 2151 0198 FFF7FEFF 		bl	SD_Init
 2152              	.LVL135:
 255:Core/Src/main.c ****         Hardware_UART_Printf("OK\r\n");
 2153              		.loc 1 255 5 is_stmt 1 view .LVU599
 255:Core/Src/main.c ****         Hardware_UART_Printf("OK\r\n");
 2154              		.loc 1 255 8 is_stmt 0 view .LVU600
 2155 019c 0146     		mov	r1, r0
 2156 019e 0028     		cmp	r0, #0
 2157 01a0 42D1     		bne	.L113
 256:Core/Src/main.c ****     } else {
 2158              		.loc 1 256 9 is_stmt 1 view .LVU601
 2159 01a2 7748     		ldr	r0, .L131+156
 2160              	.LVL136:
 256:Core/Src/main.c ****     } else {
 2161              		.loc 1 256 9 is_stmt 0 view .LVU602
 2162 01a4 FFF7FEFF 		bl	Hardware_UART_Printf
 2163              	.LVL137:
 304:Core/Src/main.c ****     for (int i = 0; i < 100; i++) {
 2164              		.loc 1 304 5 is_stmt 1 view .LVU603
 2165 01a8 7648     		ldr	r0, .L131+160
 2166 01aa FFF7FEFF 		bl	Hardware_UART_Printf
 2167              	.LVL138:
 305:Core/Src/main.c ****         data[i] = i;
 2168              		.loc 1 305 5 view .LVU604
 2169              	.LBB19:
 305:Core/Src/main.c ****         data[i] = i;
 2170              		.loc 1 305 10 view .LVU605
 305:Core/Src/main.c ****         data[i] = i;
 2171              		.loc 1 305 14 is_stmt 0 view .LVU606
 2172 01ae 0023     		movs	r3, #0
 305:Core/Src/main.c ****         data[i] = i;
 2173              		.loc 1 305 5 view .LVU607
 2174 01b0 4CE1     		b	.L114
 2175              	.LVL139:
 2176              	.L108:
 305:Core/Src/main.c ****         data[i] = i;
ARM GAS  C:\Users\admin\AppData\Local\Temp\ccwE4F76.s 			page 75


 2177              		.loc 1 305 5 view .LVU608
 2178              	.LBE19:
 212:Core/Src/main.c ****             break;
 2179              		.loc 1 212 13 is_stmt 1 view .LVU609
 2180 01b2 7548     		ldr	r0, .L131+164
 2181 01b4 FFF7FEFF 		bl	Hardware_UART_Printf
 2182              	.LVL140:
 213:Core/Src/main.c ****         case FR_NOT_READY:
 2183              		.loc 1 213 13 view .LVU610
 2184 01b8 E7E7     		b	.L110
 2185              	.L107:
 215:Core/Src/main.c ****             break;
 2186              		.loc 1 215 13 view .LVU611
 2187 01ba 7448     		ldr	r0, .L131+168
 2188 01bc FFF7FEFF 		bl	Hardware_UART_Printf
 2189              	.LVL141:
 216:Core/Src/main.c ****         case FR_NO_FILESYSTEM:
 2190              		.loc 1 216 13 view .LVU612
 2191 01c0 E3E7     		b	.L110
 2192              	.L104:
 218:Core/Src/main.c ****             Hardware_UART_Printf("   *** SD CARD NOT FORMATTED AS FAT32! ***\r\n");
 2193              		.loc 1 218 13 view .LVU613
 2194 01c2 7348     		ldr	r0, .L131+172
 2195 01c4 FFF7FEFF 		bl	Hardware_UART_Printf
 2196              	.LVL142:
 219:Core/Src/main.c ****             Hardware_UART_Printf("   *** FORMAT IT ON PC AS FAT32 ***\r\n");
 2197              		.loc 1 219 13 view .LVU614
 2198 01c8 7248     		ldr	r0, .L131+176
 2199 01ca FFF7FEFF 		bl	Hardware_UART_Printf
 2200              	.LVL143:
 220:Core/Src/main.c ****             break;
 2201              		.loc 1 220 13 view .LVU615
 2202 01ce 7248     		ldr	r0, .L131+180
 2203 01d0 FFF7FEFF 		bl	Hardware_UART_Printf
 2204              	.LVL144:
 221:Core/Src/main.c ****         case FR_INVALID_DRIVE:
 2205              		.loc 1 221 13 view .LVU616
 2206 01d4 D9E7     		b	.L110
 2207              	.L106:
 223:Core/Src/main.c ****             break;
 2208              		.loc 1 223 13 view .LVU617
 2209 01d6 7148     		ldr	r0, .L131+184
 2210 01d8 FFF7FEFF 		bl	Hardware_UART_Printf
 2211              	.LVL145:
 224:Core/Src/main.c ****         default:
 2212              		.loc 1 224 13 view .LVU618
 2213 01dc D5E7     		b	.L110
 2214              	.L103:
 226:Core/Src/main.c ****             break;
 2215              		.loc 1 226 13 view .LVU619
 2216 01de 2946     		mov	r1, r5
 2217 01e0 6F48     		ldr	r0, .L131+188
 2218 01e2 FFF7FEFF 		bl	Hardware_UART_Printf
 2219              	.LVL146:
 227:Core/Src/main.c ****     }
 2220              		.loc 1 227 13 view .LVU620
 2221 01e6 D0E7     		b	.L110
ARM GAS  C:\Users\admin\AppData\Local\Temp\ccwE4F76.s 			page 76


 2222              	.L128:
 2223              	.LBB20:
 232:Core/Src/main.c ****         static uint8_t test_buffer[512] __attribute__((aligned(32)));
 2224              		.loc 1 232 9 view .LVU621
 2225 01e8 6E48     		ldr	r0, .L131+192
 2226 01ea FFF7FEFF 		bl	Hardware_UART_Printf
 2227              	.LVL147:
 233:Core/Src/main.c ****         DRESULT dres = disk_read(0, test_buffer, 0, 1);
 2228              		.loc 1 233 9 view .LVU622
 234:Core/Src/main.c ****         Hardware_UART_Printf("   disk_read = %d ", dres);
 2229              		.loc 1 234 9 view .LVU623
 234:Core/Src/main.c ****         Hardware_UART_Printf("   disk_read = %d ", dres);
 2230              		.loc 1 234 24 is_stmt 0 view .LVU624
 2231 01ee 0123     		movs	r3, #1
 2232 01f0 0022     		movs	r2, #0
 2233 01f2 6D49     		ldr	r1, .L131+196
 2234 01f4 1046     		mov	r0, r2
 2235 01f6 FFF7FEFF 		bl	disk_read
 2236              	.LVL148:
 2237 01fa 0446     		mov	r4, r0
 2238              	.LVL149:
 235:Core/Src/main.c ****         if (dres == RES_OK) {
 2239              		.loc 1 235 9 is_stmt 1 view .LVU625
 2240 01fc 0146     		mov	r1, r0
 2241 01fe 6B48     		ldr	r0, .L131+200
 2242              	.LVL150:
 235:Core/Src/main.c ****         if (dres == RES_OK) {
 2243              		.loc 1 235 9 is_stmt 0 view .LVU626
 2244 0200 FFF7FEFF 		bl	Hardware_UART_Printf
 2245              	.LVL151:
 236:Core/Src/main.c ****             Hardware_UART_Printf("OK\r\n");
 2246              		.loc 1 236 9 is_stmt 1 view .LVU627
 236:Core/Src/main.c ****             Hardware_UART_Printf("OK\r\n");
 2247              		.loc 1 236 12 is_stmt 0 view .LVU628
 2248 0204 64B9     		cbnz	r4, .L112
 237:Core/Src/main.c ****             Hardware_UART_Printf("   Sector 0: %02X %02X %02X %02X...\r\n", 
 2249              		.loc 1 237 13 is_stmt 1 view .LVU629
 2250 0206 5E48     		ldr	r0, .L131+156
 2251 0208 FFF7FEFF 		bl	Hardware_UART_Printf
 2252              	.LVL152:
 238:Core/Src/main.c ****                    test_buffer[0], test_buffer[1], test_buffer[2], test_buffer[3]);
 2253              		.loc 1 238 13 view .LVU630
 239:Core/Src/main.c ****         } else {
 2254              		.loc 1 239 31 is_stmt 0 view .LVU631
 2255 020c 6649     		ldr	r1, .L131+196
 239:Core/Src/main.c ****         } else {
 2256              		.loc 1 239 79 view .LVU632
 2257 020e CB78     		ldrb	r3, [r1, #3]	@ zero_extendqisi2
 238:Core/Src/main.c ****                    test_buffer[0], test_buffer[1], test_buffer[2], test_buffer[3]);
 2258              		.loc 1 238 13 view .LVU633
 2259 0210 0093     		str	r3, [sp]
 2260 0212 8B78     		ldrb	r3, [r1, #2]	@ zero_extendqisi2
 2261 0214 4A78     		ldrb	r2, [r1, #1]	@ zero_extendqisi2
 2262 0216 0978     		ldrb	r1, [r1]	@ zero_extendqisi2
 2263 0218 6548     		ldr	r0, .L131+204
 2264 021a FFF7FEFF 		bl	Hardware_UART_Printf
 2265              	.LVL153:
ARM GAS  C:\Users\admin\AppData\Local\Temp\ccwE4F76.s 			page 77


 2266 021e B5E7     		b	.L111
 2267              	.L112:
 241:Core/Src/main.c ****         }
 2268              		.loc 1 241 13 is_stmt 1 view .LVU634
 2269 0220 6448     		ldr	r0, .L131+208
 2270 0222 FFF7FEFF 		bl	Hardware_UART_Printf
 2271              	.LVL154:
 2272 0226 B1E7     		b	.L111
 2273              	.LVL155:
 2274              	.L113:
 241:Core/Src/main.c ****         }
 2275              		.loc 1 241 13 is_stmt 0 view .LVU635
 2276              	.LBE20:
 2277              	.LBB21:
 258:Core/Src/main.c ****         
 2278              		.loc 1 258 9 is_stmt 1 view .LVU636
 2279 0228 6348     		ldr	r0, .L131+212
 2280              	.LVL156:
 258:Core/Src/main.c ****         
 2281              		.loc 1 258 9 is_stmt 0 view .LVU637
 2282 022a FFF7FEFF 		bl	Hardware_UART_Printf
 2283              	.LVL157:
 261:Core/Src/main.c ****         FRESULT fres = f_mount(&fs, "0:", 1);
 2284              		.loc 1 261 9 is_stmt 1 view .LVU638
 2285 022e 6348     		ldr	r0, .L131+216
 2286 0230 FFF7FEFF 		bl	Hardware_UART_Printf
 2287              	.LVL158:
 262:Core/Src/main.c ****         Hardware_UART_Printf("f_mount FRESULT = %d\r\n", fres);
 2288              		.loc 1 262 9 view .LVU639
 262:Core/Src/main.c ****         Hardware_UART_Printf("f_mount FRESULT = %d\r\n", fres);
 2289              		.loc 1 262 24 is_stmt 0 view .LVU640
 2290 0234 0122     		movs	r2, #1
 2291 0236 3F49     		ldr	r1, .L131+80
 2292 0238 3F48     		ldr	r0, .L131+84
 2293 023a FFF7FEFF 		bl	f_mount
 2294              	.LVL159:
 2295 023e 0446     		mov	r4, r0
 2296              	.LVL160:
 263:Core/Src/main.c ****         Hardware_UART_Printf("\r\nFRESULT codes:\r\n");
 2297              		.loc 1 263 9 is_stmt 1 view .LVU641
 2298 0240 0146     		mov	r1, r0
 2299 0242 5F48     		ldr	r0, .L131+220
 2300              	.LVL161:
 263:Core/Src/main.c ****         Hardware_UART_Printf("\r\nFRESULT codes:\r\n");
 2301              		.loc 1 263 9 is_stmt 0 view .LVU642
 2302 0244 FFF7FEFF 		bl	Hardware_UART_Printf
 2303              	.LVL162:
 264:Core/Src/main.c ****         Hardware_UART_Printf("  0 = FR_OK (Success)\r\n");
 2304              		.loc 1 264 9 is_stmt 1 view .LVU643
 2305 0248 5E48     		ldr	r0, .L131+224
 2306 024a FFF7FEFF 		bl	Hardware_UART_Printf
 2307              	.LVL163:
 265:Core/Src/main.c ****         Hardware_UART_Printf("  1 = FR_DISK_ERR (Hardware error)\r\n");
 2308              		.loc 1 265 9 view .LVU644
 2309 024e 5E48     		ldr	r0, .L131+228
 2310 0250 FFF7FEFF 		bl	Hardware_UART_Printf
 2311              	.LVL164:
ARM GAS  C:\Users\admin\AppData\Local\Temp\ccwE4F76.s 			page 78


 266:Core/Src/main.c ****         Hardware_UART_Printf("  2 = FR_INT_ERR (Assert failed)\r\n");
 2312              		.loc 1 266 9 view .LVU645
 2313 0254 5D48     		ldr	r0, .L131+232
 2314 0256 FFF7FEFF 		bl	Hardware_UART_Printf
 2315              	.LVL165:
 267:Core/Src/main.c ****         Hardware_UART_Printf("  3 = FR_NOT_READY (Disk not ready)\r\n");
 2316              		.loc 1 267 9 view .LVU646
 2317 025a 5D48     		ldr	r0, .L131+236
 2318 025c FFF7FEFF 		bl	Hardware_UART_Printf
 2319              	.LVL166:
 268:Core/Src/main.c ****         Hardware_UART_Printf("  4 = FR_NO_FILE\r\n");
 2320              		.loc 1 268 9 view .LVU647
 2321 0260 5C48     		ldr	r0, .L131+240
 2322 0262 FFF7FEFF 		bl	Hardware_UART_Printf
 2323              	.LVL167:
 269:Core/Src/main.c ****         Hardware_UART_Printf("  5 = FR_NO_PATH\r\n");
 2324              		.loc 1 269 9 view .LVU648
 2325 0266 5C48     		ldr	r0, .L131+244
 2326 0268 FFF7FEFF 		bl	Hardware_UART_Printf
 2327              	.LVL168:
 270:Core/Src/main.c ****         Hardware_UART_Printf("  6 = FR_INVALID_NAME\r\n");
 2328              		.loc 1 270 9 view .LVU649
 2329 026c 5B48     		ldr	r0, .L131+248
 2330 026e FFF7FEFF 		bl	Hardware_UART_Printf
 2331              	.LVL169:
 271:Core/Src/main.c ****         Hardware_UART_Printf("  7 = FR_DENIED\r\n");
 2332              		.loc 1 271 9 view .LVU650
 2333 0272 5B48     		ldr	r0, .L131+252
 2334 0274 FFF7FEFF 		bl	Hardware_UART_Printf
 2335              	.LVL170:
 272:Core/Src/main.c ****         Hardware_UART_Printf("  8 = FR_EXIST\r\n");
 2336              		.loc 1 272 9 view .LVU651
 2337 0278 5A48     		ldr	r0, .L131+256
 2338 027a FFF7FEFF 		bl	Hardware_UART_Printf
 2339              	.LVL171:
 273:Core/Src/main.c ****         Hardware_UART_Printf("  9 = FR_INVALID_OBJECT\r\n");
 2340              		.loc 1 273 9 view .LVU652
 2341 027e 5A48     		ldr	r0, .L131+260
 2342 0280 FFF7FEFF 		bl	Hardware_UART_Printf
 2343              	.LVL172:
 274:Core/Src/main.c ****         Hardware_UART_Printf(" 10 = FR_WRITE_PROTECTED\r\n");
 2344              		.loc 1 274 9 view .LVU653
 2345 0284 5948     		ldr	r0, .L131+264
 2346 0286 FFF7FEFF 		bl	Hardware_UART_Printf
 2347              	.LVL173:
 275:Core/Src/main.c ****         Hardware_UART_Printf(" 11 = FR_INVALID_DRIVE\r\n");
 2348              		.loc 1 275 9 view .LVU654
 2349 028a 5948     		ldr	r0, .L131+268
 2350 028c FFF7FEFF 		bl	Hardware_UART_Printf
 2351              	.LVL174:
 276:Core/Src/main.c ****         Hardware_UART_Printf(" 12 = FR_NOT_ENABLED\r\n");
 2352              		.loc 1 276 9 view .LVU655
 2353 0290 5848     		ldr	r0, .L131+272
 2354 0292 FFF7FEFF 		bl	Hardware_UART_Printf
 2355              	.LVL175:
 277:Core/Src/main.c ****         Hardware_UART_Printf(" 13 = FR_NO_FILESYSTEM (Not formatted FAT)\r\n");
 2356              		.loc 1 277 9 view .LVU656
ARM GAS  C:\Users\admin\AppData\Local\Temp\ccwE4F76.s 			page 79


 2357 0296 5848     		ldr	r0, .L131+276
 2358 0298 FFF7FEFF 		bl	Hardware_UART_Printf
 2359              	.LVL176:
 278:Core/Src/main.c ****         Hardware_UART_Printf(" 14 = FR_MKFS_ABORTED\r\n");
 2360              		.loc 1 278 9 view .LVU657
 2361 029c 5748     		ldr	r0, .L131+280
 2362 029e FFF7FEFF 		bl	Hardware_UART_Printf
 2363              	.LVL177:
 279:Core/Src/main.c ****         Hardware_UART_Printf(" 15 = FR_TIMEOUT\r\n");
 2364              		.loc 1 279 9 view .LVU658
 2365 02a2 5748     		ldr	r0, .L131+284
 2366 02a4 FFF7FEFF 		bl	Hardware_UART_Printf
 2367              	.LVL178:
 280:Core/Src/main.c ****         
 2368              		.loc 1 280 9 view .LVU659
 2369 02a8 5648     		ldr	r0, .L131+288
 2370 02aa FFF7FEFF 		bl	Hardware_UART_Printf
 2371              	.LVL179:
 283:Core/Src/main.c ****         DSTATUS disk_stat = disk_initialize(0);
 2372              		.loc 1 283 9 view .LVU660
 2373 02ae 5648     		ldr	r0, .L131+292
 2374 02b0 FFF7FEFF 		bl	Hardware_UART_Printf
 2375              	.LVL180:
 284:Core/Src/main.c ****         Hardware_UART_Printf("disk_initialize = 0x%02X\r\n", disk_stat);
 2376              		.loc 1 284 9 view .LVU661
 284:Core/Src/main.c ****         Hardware_UART_Printf("disk_initialize = 0x%02X\r\n", disk_stat);
 2377              		.loc 1 284 29 is_stmt 0 view .LVU662
 2378 02b4 0020     		movs	r0, #0
 2379 02b6 FFF7FEFF 		bl	disk_initialize
 2380              	.LVL181:
 2381 02ba 0146     		mov	r1, r0
 2382              	.LVL182:
 285:Core/Src/main.c ****         Hardware_UART_Printf("  0x00 = OK\r\n");
 2383              		.loc 1 285 9 is_stmt 1 view .LVU663
 2384 02bc 5348     		ldr	r0, .L131+296
 2385 02be FFF7FEFF 		bl	Hardware_UART_Printf
 2386              	.LVL183:
 286:Core/Src/main.c ****         Hardware_UART_Printf("  0x01 = STA_NOINIT (Not initialized)\r\n");
 2387              		.loc 1 286 9 view .LVU664
 2388 02c2 5348     		ldr	r0, .L131+300
 2389 02c4 FFF7FEFF 		bl	Hardware_UART_Printf
 2390              	.LVL184:
 287:Core/Src/main.c ****         Hardware_UART_Printf("  0x02 = STA_NODISK (No disk)\r\n");
 2391              		.loc 1 287 9 view .LVU665
 2392 02c8 5248     		ldr	r0, .L131+304
 2393 02ca FFF7FEFF 		bl	Hardware_UART_Printf
 2394              	.LVL185:
 288:Core/Src/main.c ****         Hardware_UART_Printf("  0x04 = STA_PROTECT (Write protected)\r\n");
 2395              		.loc 1 288 9 view .LVU666
 2396 02ce 5248     		ldr	r0, .L131+308
 2397 02d0 FFF7FEFF 		bl	Hardware_UART_Printf
 2398              	.LVL186:
 289:Core/Src/main.c ****         
 2399              		.loc 1 289 9 view .LVU667
 2400 02d4 5148     		ldr	r0, .L131+312
 2401 02d6 FFF7FEFF 		bl	Hardware_UART_Printf
 2402              	.LVL187:
ARM GAS  C:\Users\admin\AppData\Local\Temp\ccwE4F76.s 			page 80


 292:Core/Src/main.c ****             Hardware_UART_Printf("\r\n=== No filesystem detected ===\r\n");
 2403              		.loc 1 292 9 view .LVU668
 292:Core/Src/main.c ****             Hardware_UART_Printf("\r\n=== No filesystem detected ===\r\n");
 2404              		.loc 1 292 12 is_stmt 0 view .LVU669
 2405 02da 0D2C     		cmp	r4, #13
 2406 02dc 00F0A080 		beq	.L129
 2407              	.L115:
 300:Core/Src/main.c ****     }
 2408              		.loc 1 300 9 is_stmt 1 discriminator 1 view .LVU670
 300:Core/Src/main.c ****     }
 2409              		.loc 1 300 17 discriminator 1 view .LVU671
 300:Core/Src/main.c ****     }
 2410              		.loc 1 300 14 discriminator 1 view .LVU672
 2411 02e0 FEE7     		b	.L115
 2412              	.L132:
 2413 02e2 00BF     		.align	2
 2414              	.L131:
 2415 02e4 0C000000 		.word	.LC2
 2416 02e8 28000000 		.word	.LC3
 2417 02ec 48000000 		.word	.LC4
 2418 02f0 6C000000 		.word	.LC5
 2419 02f4 98000000 		.word	.LC6
 2420 02f8 9C000000 		.word	.LC7
 2421 02fc B8000000 		.word	.LC8
 2422 0300 C0000000 		.word	.LC9
 2423 0304 E0000000 		.word	.LC10
 2424 0308 E8000000 		.word	.LC11
 2425 030c 00010000 		.word	.LC12
 2426 0310 0C010000 		.word	.LC13
 2427 0314 14010000 		.word	.LC14
 2428 0318 28010000 		.word	.LC15
 2429 031c 40010000 		.word	.LC16
 2430 0320 60020000 		.word	.LC26
 2431 0324 84020000 		.word	.LC27
 2432 0328 A0020000 		.word	.LC28
 2433 032c C4020000 		.word	.LC29
 2434 0330 64030000 		.word	.LC34
 2435 0334 80030000 		.word	.LC35
 2436 0338 00000000 		.word	.LANCHOR7
 2437 033c 84030000 		.word	.LC36
 2438 0340 58010000 		.word	.LC17
 2439 0344 64010000 		.word	.LC18
 2440 0348 78010000 		.word	.LC19
 2441 034c A4010000 		.word	.LC20
 2442 0350 C8010000 		.word	.LC21
 2443 0354 D8010000 		.word	.LC22
 2444 0358 FC010000 		.word	.LC23
 2445 035c 20020000 		.word	.LC24
 2446 0360 40020000 		.word	.LC25
 2447 0364 DC020000 		.word	.LC30
 2448 0368 3C030000 		.word	.LC33
 2449 036c F4020000 		.word	.LC31
 2450 0370 1C030000 		.word	.LC32
 2451 0374 A0030000 		.word	.LC37
 2452 0378 34050000 		.word	.LC50
 2453 037c 54050000 		.word	.LC51
 2454 0380 FC040000 		.word	.LC47
ARM GAS  C:\Users\admin\AppData\Local\Temp\ccwE4F76.s 			page 81


 2455 0384 64050000 		.word	.LC52
 2456 0388 B4030000 		.word	.LC38
 2457 038c E4030000 		.word	.LC39
 2458 0390 14040000 		.word	.LC40
 2459 0394 38040000 		.word	.LC41
 2460 0398 68040000 		.word	.LC42
 2461 039c 90040000 		.word	.LC43
 2462 03a0 B4040000 		.word	.LC44
 2463 03a4 CC040000 		.word	.LC45
 2464 03a8 00000000 		.word	.LANCHOR8
 2465 03ac E8040000 		.word	.LC46
 2466 03b0 04050000 		.word	.LC48
 2467 03b4 2C050000 		.word	.LC49
 2468 03b8 78050000 		.word	.LC53
 2469 03bc 84050000 		.word	.LC54
 2470 03c0 A4050000 		.word	.LC55
 2471 03c4 BC050000 		.word	.LC56
 2472 03c8 D0050000 		.word	.LC57
 2473 03cc E8050000 		.word	.LC58
 2474 03d0 10060000 		.word	.LC59
 2475 03d4 34060000 		.word	.LC60
 2476 03d8 5C060000 		.word	.LC61
 2477 03dc 70060000 		.word	.LC62
 2478 03e0 84060000 		.word	.LC63
 2479 03e4 9C060000 		.word	.LC64
 2480 03e8 B0060000 		.word	.LC65
 2481 03ec C4060000 		.word	.LC66
 2482 03f0 E0060000 		.word	.LC67
 2483 03f4 FC060000 		.word	.LC68
 2484 03f8 18070000 		.word	.LC69
 2485 03fc 30070000 		.word	.LC70
 2486 0400 60070000 		.word	.LC71
 2487 0404 78070000 		.word	.LC72
 2488 0408 8C070000 		.word	.LC73
 2489 040c AC070000 		.word	.LC74
 2490 0410 C8070000 		.word	.LC75
 2491 0414 D8070000 		.word	.LC76
 2492 0418 00080000 		.word	.LC77
 2493 041c 20080000 		.word	.LC78
 2494              	.L129:
 293:Core/Src/main.c ****             Hardware_UART_Printf("SD card needs to be formatted as FAT32\r\n");
 2495              		.loc 1 293 13 view .LVU673
 2496 0420 3548     		ldr	r0, .L133
 2497 0422 FFF7FEFF 		bl	Hardware_UART_Printf
 2498              	.LVL188:
 294:Core/Src/main.c ****             Hardware_UART_Printf("Options:\r\n");
 2499              		.loc 1 294 13 view .LVU674
 2500 0426 3548     		ldr	r0, .L133+4
 2501 0428 FFF7FEFF 		bl	Hardware_UART_Printf
 2502              	.LVL189:
 295:Core/Src/main.c ****             Hardware_UART_Printf("  1. Format on PC as FAT32\r\n");
 2503              		.loc 1 295 13 view .LVU675
 2504 042c 3448     		ldr	r0, .L133+8
 2505 042e FFF7FEFF 		bl	Hardware_UART_Printf
 2506              	.LVL190:
 296:Core/Src/main.c ****             Hardware_UART_Printf("  2. Or try f_mkfs() to format here\r\n");
 2507              		.loc 1 296 13 view .LVU676
ARM GAS  C:\Users\admin\AppData\Local\Temp\ccwE4F76.s 			page 82


 2508 0432 3448     		ldr	r0, .L133+12
 2509 0434 FFF7FEFF 		bl	Hardware_UART_Printf
 2510              	.LVL191:
 297:Core/Src/main.c ****         }
 2511              		.loc 1 297 13 view .LVU677
 2512 0438 3348     		ldr	r0, .L133+16
 2513 043a FFF7FEFF 		bl	Hardware_UART_Printf
 2514              	.LVL192:
 2515 043e 4FE7     		b	.L115
 2516              	.LVL193:
 2517              	.L116:
 297:Core/Src/main.c ****         }
 2518              		.loc 1 297 13 is_stmt 0 view .LVU678
 2519              	.LBE21:
 2520              	.LBB22:
 306:Core/Src/main.c ****     }
 2521              		.loc 1 306 9 is_stmt 1 discriminator 3 view .LVU679
 306:Core/Src/main.c ****     }
 2522              		.loc 1 306 17 is_stmt 0 discriminator 3 view .LVU680
 2523 0440 03F19802 		add	r2, r3, #152
 2524 0444 6A44     		add	r2, sp, r2
 2525 0446 02F8643C 		strb	r3, [r2, #-100]
 305:Core/Src/main.c ****         data[i] = i;
 2526              		.loc 1 305 30 is_stmt 1 discriminator 3 view .LVU681
 305:Core/Src/main.c ****         data[i] = i;
 2527              		.loc 1 305 31 is_stmt 0 discriminator 3 view .LVU682
 2528 044a 0133     		adds	r3, r3, #1
 2529              	.LVL194:
 2530              	.L114:
 305:Core/Src/main.c ****         data[i] = i;
 2531              		.loc 1 305 21 is_stmt 1 discriminator 1 view .LVU683
 305:Core/Src/main.c ****         data[i] = i;
 2532              		.loc 1 305 5 is_stmt 0 discriminator 1 view .LVU684
 2533 044c 632B     		cmp	r3, #99
 2534 044e F7DD     		ble	.L116
 2535              	.LBE22:
 308:Core/Src/main.c ****     Hardware_UART_Printf("%s\r\n", (status == SD_OK) ? "OK" : "FAIL");
 2536              		.loc 1 308 5 is_stmt 1 view .LVU685
 308:Core/Src/main.c ****     Hardware_UART_Printf("%s\r\n", (status == SD_OK) ? "OK" : "FAIL");
 2537              		.loc 1 308 14 is_stmt 0 view .LVU686
 2538 0450 6421     		movs	r1, #100
 2539 0452 0DA8     		add	r0, sp, #52
 2540 0454 FFF7FEFF 		bl	SD_WriteScience
 2541              	.LVL195:
 309:Core/Src/main.c ****     
 2542              		.loc 1 309 5 is_stmt 1 view .LVU687
 2543 0458 98B9     		cbnz	r0, .L124
 2544 045a 2C49     		ldr	r1, .L133+20
 2545              	.L117:
 309:Core/Src/main.c ****     
 2546              		.loc 1 309 5 is_stmt 0 discriminator 4 view .LVU688
 2547 045c 2C48     		ldr	r0, .L133+24
 2548              	.LVL196:
 309:Core/Src/main.c ****     
 2549              		.loc 1 309 5 discriminator 4 view .LVU689
 2550 045e FFF7FEFF 		bl	Hardware_UART_Printf
 2551              	.LVL197:
ARM GAS  C:\Users\admin\AppData\Local\Temp\ccwE4F76.s 			page 83


 312:Core/Src/main.c ****     len = 100;
 2552              		.loc 1 312 5 is_stmt 1 discriminator 4 view .LVU690
 2553 0462 2C48     		ldr	r0, .L133+28
 2554 0464 FFF7FEFF 		bl	Hardware_UART_Printf
 2555              	.LVL198:
 313:Core/Src/main.c ****     status = SD_ReadScience(data, &len);
 2556              		.loc 1 313 5 discriminator 4 view .LVU691
 313:Core/Src/main.c ****     status = SD_ReadScience(data, &len);
 2557              		.loc 1 313 9 is_stmt 0 discriminator 4 view .LVU692
 2558 0468 6423     		movs	r3, #100
 2559 046a 0C93     		str	r3, [sp, #48]
 314:Core/Src/main.c ****     if (status == SD_OK) {
 2560              		.loc 1 314 5 is_stmt 1 discriminator 4 view .LVU693
 314:Core/Src/main.c ****     if (status == SD_OK) {
 2561              		.loc 1 314 14 is_stmt 0 discriminator 4 view .LVU694
 2562 046c 0CA9     		add	r1, sp, #48
 2563 046e 0DA8     		add	r0, sp, #52
 2564 0470 FFF7FEFF 		bl	SD_ReadScience
 2565              	.LVL199:
 315:Core/Src/main.c ****         Hardware_UART_Printf("OK (%lu bytes)\r\n", len);
 2566              		.loc 1 315 5 is_stmt 1 discriminator 4 view .LVU695
 315:Core/Src/main.c ****         Hardware_UART_Printf("OK (%lu bytes)\r\n", len);
 2567              		.loc 1 315 8 is_stmt 0 discriminator 4 view .LVU696
 2568 0474 C8B9     		cbnz	r0, .L118
 2569              	.LBB23:
 316:Core/Src/main.c ****         
 2570              		.loc 1 316 9 is_stmt 1 view .LVU697
 2571 0476 0C99     		ldr	r1, [sp, #48]
 2572 0478 2748     		ldr	r0, .L133+32
 2573              	.LVL200:
 316:Core/Src/main.c ****         
 2574              		.loc 1 316 9 is_stmt 0 view .LVU698
 2575 047a FFF7FEFF 		bl	Hardware_UART_Printf
 2576              	.LVL201:
 319:Core/Src/main.c ****         for (int i = 0; i < 100; i++) {
 2577              		.loc 1 319 9 is_stmt 1 view .LVU699
 320:Core/Src/main.c ****             if (data[i] != i) {
 2578              		.loc 1 320 9 view .LVU700
 2579              	.LBB24:
 320:Core/Src/main.c ****             if (data[i] != i) {
 2580              		.loc 1 320 14 view .LVU701
 320:Core/Src/main.c ****             if (data[i] != i) {
 2581              		.loc 1 320 18 is_stmt 0 view .LVU702
 2582 047e 0021     		movs	r1, #0
 320:Core/Src/main.c ****             if (data[i] != i) {
 2583              		.loc 1 320 9 view .LVU703
 2584 0480 02E0     		b	.L119
 2585              	.LVL202:
 2586              	.L124:
 320:Core/Src/main.c ****             if (data[i] != i) {
 2587              		.loc 1 320 9 view .LVU704
 2588              	.LBE24:
 2589              	.LBE23:
 309:Core/Src/main.c ****     
 2590              		.loc 1 309 5 view .LVU705
 2591 0482 2649     		ldr	r1, .L133+36
 2592 0484 EAE7     		b	.L117
ARM GAS  C:\Users\admin\AppData\Local\Temp\ccwE4F76.s 			page 84


 2593              	.LVL203:
 2594              	.L120:
 2595              	.LBB26:
 2596              	.LBB25:
 320:Core/Src/main.c ****             if (data[i] != i) {
 2597              		.loc 1 320 34 is_stmt 1 discriminator 2 view .LVU706
 320:Core/Src/main.c ****             if (data[i] != i) {
 2598              		.loc 1 320 35 is_stmt 0 discriminator 2 view .LVU707
 2599 0486 0131     		adds	r1, r1, #1
 2600              	.LVL204:
 2601              	.L119:
 320:Core/Src/main.c ****             if (data[i] != i) {
 2602              		.loc 1 320 25 is_stmt 1 discriminator 1 view .LVU708
 320:Core/Src/main.c ****             if (data[i] != i) {
 2603              		.loc 1 320 9 is_stmt 0 discriminator 1 view .LVU709
 2604 0488 6329     		cmp	r1, #99
 2605 048a 0ADC     		bgt	.L130
 321:Core/Src/main.c ****                 ok = 0;
 2606              		.loc 1 321 13 is_stmt 1 view .LVU710
 321:Core/Src/main.c ****                 ok = 0;
 2607              		.loc 1 321 21 is_stmt 0 view .LVU711
 2608 048c 01F19803 		add	r3, r1, #152
 2609 0490 6B44     		add	r3, sp, r3
 2610 0492 13F8643C 		ldrb	r3, [r3, #-100]	@ zero_extendqisi2
 321:Core/Src/main.c ****                 ok = 0;
 2611              		.loc 1 321 16 view .LVU712
 2612 0496 8B42     		cmp	r3, r1
 2613 0498 F5D0     		beq	.L120
 322:Core/Src/main.c ****                 Hardware_UART_Printf("   Error at byte %d\r\n", i);
 2614              		.loc 1 322 17 is_stmt 1 view .LVU713
 2615              	.LVL205:
 323:Core/Src/main.c ****                 break;
 2616              		.loc 1 323 17 view .LVU714
 2617 049a 2148     		ldr	r0, .L133+40
 2618 049c FFF7FEFF 		bl	Hardware_UART_Printf
 2619              	.LVL206:
 324:Core/Src/main.c ****             }
 2620              		.loc 1 324 17 view .LVU715
 324:Core/Src/main.c ****             }
 2621              		.loc 1 324 17 is_stmt 0 view .LVU716
 2622              	.LBE25:
 327:Core/Src/main.c ****     } else {
 2623              		.loc 1 327 9 is_stmt 1 view .LVU717
 2624 04a0 06E0     		b	.L121
 2625              	.LVL207:
 2626              	.L130:
 327:Core/Src/main.c ****     } else {
 2627              		.loc 1 327 9 view .LVU718
 327:Core/Src/main.c ****     } else {
 2628              		.loc 1 327 17 view .LVU719
 2629 04a2 2048     		ldr	r0, .L133+44
 2630 04a4 FFF7FEFF 		bl	Hardware_UART_Printf
 2631              	.LVL208:
 327:Core/Src/main.c ****     } else {
 2632              		.loc 1 327 17 is_stmt 0 view .LVU720
 2633 04a8 02E0     		b	.L121
 2634              	.LVL209:
ARM GAS  C:\Users\admin\AppData\Local\Temp\ccwE4F76.s 			page 85


 2635              	.L118:
 327:Core/Src/main.c ****     } else {
 2636              		.loc 1 327 17 view .LVU721
 2637              	.LBE26:
 329:Core/Src/main.c ****     }
 2638              		.loc 1 329 9 is_stmt 1 view .LVU722
 2639 04aa 1F48     		ldr	r0, .L133+48
 2640              	.LVL210:
 329:Core/Src/main.c ****     }
 2641              		.loc 1 329 9 is_stmt 0 view .LVU723
 2642 04ac FFF7FEFF 		bl	Hardware_UART_Printf
 2643              	.LVL211:
 2644              	.L121:
 333:Core/Src/main.c ****     uint32_t used = SD_GetUsedKB();
 2645              		.loc 1 333 5 is_stmt 1 view .LVU724
 333:Core/Src/main.c ****     uint32_t used = SD_GetUsedKB();
 2646              		.loc 1 333 21 is_stmt 0 view .LVU725
 2647 04b0 FFF7FEFF 		bl	SD_GetFreeKB
 2648              	.LVL212:
 2649 04b4 0546     		mov	r5, r0
 2650              	.LVL213:
 334:Core/Src/main.c ****     Hardware_UART_Printf("4. Info:\r\n");
 2651              		.loc 1 334 5 is_stmt 1 view .LVU726
 334:Core/Src/main.c ****     Hardware_UART_Printf("4. Info:\r\n");
 2652              		.loc 1 334 21 is_stmt 0 view .LVU727
 2653 04b6 FFF7FEFF 		bl	SD_GetUsedKB
 2654              	.LVL214:
 334:Core/Src/main.c ****     Hardware_UART_Printf("4. Info:\r\n");
 2655              		.loc 1 334 21 view .LVU728
 2656 04ba 0446     		mov	r4, r0
 2657              	.LVL215:
 335:Core/Src/main.c ****     Hardware_UART_Printf("   Free: %lu KB\r\n", free);
 2658              		.loc 1 335 5 is_stmt 1 view .LVU729
 2659 04bc 1B48     		ldr	r0, .L133+52
 2660              	.LVL216:
 335:Core/Src/main.c ****     Hardware_UART_Printf("   Free: %lu KB\r\n", free);
 2661              		.loc 1 335 5 is_stmt 0 view .LVU730
 2662 04be FFF7FEFF 		bl	Hardware_UART_Printf
 2663              	.LVL217:
 336:Core/Src/main.c ****     Hardware_UART_Printf("   Used: %lu KB\r\n", used);
 2664              		.loc 1 336 5 is_stmt 1 view .LVU731
 2665 04c2 2946     		mov	r1, r5
 2666 04c4 1A48     		ldr	r0, .L133+56
 2667 04c6 FFF7FEFF 		bl	Hardware_UART_Printf
 2668              	.LVL218:
 337:Core/Src/main.c ****     
 2669              		.loc 1 337 5 view .LVU732
 2670 04ca 2146     		mov	r1, r4
 2671 04cc 1948     		ldr	r0, .L133+60
 2672 04ce FFF7FEFF 		bl	Hardware_UART_Printf
 2673              	.LVL219:
 339:Core/Src/main.c ****   /* USER CODE END 2 */
 2674              		.loc 1 339 5 view .LVU733
 2675 04d2 1948     		ldr	r0, .L133+64
 2676 04d4 FFF7FEFF 		bl	Hardware_UART_Printf
 2677              	.LVL220:
 343:Core/Src/main.c **** 
ARM GAS  C:\Users\admin\AppData\Local\Temp\ccwE4F76.s 			page 86


 2678              		.loc 1 343 3 view .LVU734
 2679 04d8 FFF7FEFF 		bl	osKernelInitialize
 2680              	.LVL221:
 363:Core/Src/main.c **** 
 2681              		.loc 1 363 3 view .LVU735
 363:Core/Src/main.c **** 
 2682              		.loc 1 363 23 is_stmt 0 view .LVU736
 2683 04dc 174A     		ldr	r2, .L133+68
 2684 04de 0021     		movs	r1, #0
 2685 04e0 1748     		ldr	r0, .L133+72
 2686 04e2 FFF7FEFF 		bl	osThreadNew
 2687              	.LVL222:
 363:Core/Src/main.c **** 
 2688              		.loc 1 363 21 view .LVU737
 2689 04e6 174B     		ldr	r3, .L133+76
 2690 04e8 1860     		str	r0, [r3]
 374:Core/Src/main.c **** 
 2691              		.loc 1 374 3 is_stmt 1 view .LVU738
 2692 04ea FFF7FEFF 		bl	osKernelStart
 2693              	.LVL223:
 2694              	.L123:
 380:Core/Src/main.c ****   {
 2695              		.loc 1 380 3 discriminator 1 view .LVU739
 382:Core/Src/main.c ****     /* USER CODE END WHILE */
 2696              		.loc 1 382 3 discriminator 1 view .LVU740
 2697 04ee 4FF47A70 		mov	r0, #1000
 2698 04f2 FFF7FEFF 		bl	HAL_Delay
 2699              	.LVL224:
 380:Core/Src/main.c ****   {
 2700              		.loc 1 380 9 discriminator 1 view .LVU741
 2701 04f6 FAE7     		b	.L123
 2702              	.L134:
 2703              		.align	2
 2704              	.L133:
 2705 04f8 4C080000 		.word	.LC79
 2706 04fc 70080000 		.word	.LC80
 2707 0500 9C080000 		.word	.LC81
 2708 0504 A8080000 		.word	.LC82
 2709 0508 C8080000 		.word	.LC83
 2710 050c 08000000 		.word	.LC1
 2711 0510 F0080000 		.word	.LC84
 2712 0514 F8080000 		.word	.LC85
 2713 0518 08090000 		.word	.LC86
 2714 051c 00000000 		.word	.LC0
 2715 0520 1C090000 		.word	.LC87
 2716 0524 34090000 		.word	.LC88
 2717 0528 2C050000 		.word	.LC49
 2718 052c 4C090000 		.word	.LC89
 2719 0530 58090000 		.word	.LC90
 2720 0534 6C090000 		.word	.LC91
 2721 0538 80090000 		.word	.LC92
 2722 053c 00000000 		.word	.LANCHOR9
 2723 0540 00000000 		.word	StartDefaultTask
 2724 0544 00000000 		.word	.LANCHOR10
 2725              		.cfi_endproc
 2726              	.LFE151:
 2728              		.global	defaultTask_attributes
ARM GAS  C:\Users\admin\AppData\Local\Temp\ccwE4F76.s 			page 87


 2729              		.section	.rodata.str1.4,"aMS",%progbits,1
 2730              		.align	2
 2731              	.LC93:
 2732 0000 64656661 		.ascii	"defaultTask\000"
 2732      756C7454 
 2732      61736B00 
 2733              		.global	defaultTaskHandle
 2734              		.global	huart3
 2735              		.global	huart2
 2736              		.global	hsd1
 2737              		.global	hrtc
 2738              		.global	hi2c4
 2739              		.global	hi2c2
 2740              		.global	hdma_dcmi
 2741              		.global	hdcmi
 2742              		.global	fs
 2743              		.section	.bss.defaultTaskHandle,"aw",%nobits
 2744              		.align	2
 2745              		.set	.LANCHOR10,. + 0
 2748              	defaultTaskHandle:
 2749 0000 00000000 		.space	4
 2750              		.section	.bss.fs,"aw",%nobits
 2751              		.align	2
 2752              		.set	.LANCHOR7,. + 0
 2755              	fs:
 2756 0000 00000000 		.space	564
 2756      00000000 
 2756      00000000 
 2756      00000000 
 2756      00000000 
 2757              		.section	.bss.hdcmi,"aw",%nobits
 2758              		.align	2
 2759              		.set	.LANCHOR4,. + 0
 2762              	hdcmi:
 2763 0000 00000000 		.space	80
 2763      00000000 
 2763      00000000 
 2763      00000000 
 2763      00000000 
 2764              		.section	.bss.hdma_dcmi,"aw",%nobits
 2765              		.align	2
 2768              	hdma_dcmi:
 2769 0000 00000000 		.space	120
 2769      00000000 
 2769      00000000 
 2769      00000000 
 2769      00000000 
 2770              		.section	.bss.hi2c2,"aw",%nobits
 2771              		.align	2
 2772              		.set	.LANCHOR3,. + 0
 2775              	hi2c2:
 2776 0000 00000000 		.space	84
 2776      00000000 
 2776      00000000 
 2776      00000000 
 2776      00000000 
 2777              		.section	.bss.hi2c4,"aw",%nobits
ARM GAS  C:\Users\admin\AppData\Local\Temp\ccwE4F76.s 			page 88


 2778              		.align	2
 2779              		.set	.LANCHOR2,. + 0
 2782              	hi2c4:
 2783 0000 00000000 		.space	84
 2783      00000000 
 2783      00000000 
 2783      00000000 
 2783      00000000 
 2784              		.section	.bss.hrtc,"aw",%nobits
 2785              		.align	2
 2786              		.set	.LANCHOR6,. + 0
 2789              	hrtc:
 2790 0000 00000000 		.space	36
 2790      00000000 
 2790      00000000 
 2790      00000000 
 2790      00000000 
 2791              		.section	.bss.hsd1,"aw",%nobits
 2792              		.align	2
 2793              		.set	.LANCHOR0,. + 0
 2796              	hsd1:
 2797 0000 00000000 		.space	124
 2797      00000000 
 2797      00000000 
 2797      00000000 
 2797      00000000 
 2798              		.section	.bss.huart2,"aw",%nobits
 2799              		.align	2
 2800              		.set	.LANCHOR1,. + 0
 2803              	huart2:
 2804 0000 00000000 		.space	148
 2804      00000000 
 2804      00000000 
 2804      00000000 
 2804      00000000 
 2805              		.section	.bss.huart3,"aw",%nobits
 2806              		.align	2
 2807              		.set	.LANCHOR5,. + 0
 2810              	huart3:
 2811 0000 00000000 		.space	148
 2811      00000000 
 2811      00000000 
 2811      00000000 
 2811      00000000 
 2812              		.section	.bss.test_buffer.0,"aw",%nobits
 2813              		.align	5
 2814              		.set	.LANCHOR8,. + 0
 2817              	test_buffer.0:
 2818 0000 00000000 		.space	512
 2818      00000000 
 2818      00000000 
 2818      00000000 
 2818      00000000 
 2819              		.section	.rodata.defaultTask_attributes,"a"
 2820              		.align	2
 2821              		.set	.LANCHOR9,. + 0
 2824              	defaultTask_attributes:
ARM GAS  C:\Users\admin\AppData\Local\Temp\ccwE4F76.s 			page 89


 2825 0000 00000000 		.word	.LC93
 2826 0004 00000000 		.space	16
 2826      00000000 
 2826      00000000 
 2826      00000000 
 2827 0014 00020000 		.word	512
 2828 0018 18000000 		.word	24
 2829 001c 00000000 		.space	8
 2829      00000000 
 2830              		.text
 2831              	.Letext0:
 2832              		.file 3 "c:\\program files (x86)\\gnu arm embedded toolchain\\10 2021.10\\arm-none-eabi\\include\\
 2833              		.file 4 "c:\\program files (x86)\\gnu arm embedded toolchain\\10 2021.10\\arm-none-eabi\\include\\
 2834              		.file 5 "Drivers/CMSIS/Device/ST/STM32H7xx/Include/stm32h743xx.h"
 2835              		.file 6 "Drivers/STM32H7xx_HAL_Driver/Inc/stm32h7xx_hal_def.h"
 2836              		.file 7 "Drivers/STM32H7xx_HAL_Driver/Inc/stm32h7xx_hal_rcc.h"
 2837              		.file 8 "Drivers/STM32H7xx_HAL_Driver/Inc/stm32h7xx_hal_gpio.h"
 2838              		.file 9 "Drivers/STM32H7xx_HAL_Driver/Inc/stm32h7xx_hal_dma.h"
 2839              		.file 10 "Drivers/STM32H7xx_HAL_Driver/Inc/stm32h7xx_hal_dcmi.h"
 2840              		.file 11 "Drivers/STM32H7xx_HAL_Driver/Inc/stm32h7xx_hal_cortex.h"
 2841              		.file 12 "Drivers/STM32H7xx_HAL_Driver/Inc/stm32h7xx_hal_i2c.h"
 2842              		.file 13 "Drivers/STM32H7xx_HAL_Driver/Inc/stm32h7xx_hal_rtc.h"
 2843              		.file 14 "Drivers/STM32H7xx_HAL_Driver/Inc/stm32h7xx_ll_sdmmc.h"
 2844              		.file 15 "Drivers/STM32H7xx_HAL_Driver/Inc/stm32h7xx_hal_sd.h"
 2845              		.file 16 "Drivers/STM32H7xx_HAL_Driver/Inc/stm32h7xx_hal_tim.h"
 2846              		.file 17 "Drivers/STM32H7xx_HAL_Driver/Inc/stm32h7xx_hal_uart.h"
 2847              		.file 18 "Middlewares/Third_Party/FreeRTOS/Source/CMSIS_RTOS_V2/cmsis_os2.h"
 2848              		.file 19 "Middlewares/Third_Party/FatFs/src/integer.h"
 2849              		.file 20 "Middlewares/Third_Party/FatFs/src/ff.h"
 2850              		.file 21 "Middlewares/Third_Party/FatFs/src/diskio.h"
 2851              		.file 22 "Core/Lib/sdcard.h"
 2852              		.file 23 "Core/Lib/cubesat_data.h"
 2853              		.file 24 "Core/Hardware/hardware.h"
 2854              		.file 25 "Drivers/STM32H7xx_HAL_Driver/Inc/stm32h7xx_hal.h"
 2855              		.file 26 "Drivers/STM32H7xx_HAL_Driver/Inc/stm32h7xx_hal_uart_ex.h"
 2856              		.file 27 "Drivers/STM32H7xx_HAL_Driver/Inc/stm32h7xx_hal_rtc_ex.h"
 2857              		.file 28 "Drivers/STM32H7xx_HAL_Driver/Inc/stm32h7xx_hal_i2c_ex.h"
 2858              		.file 29 "Drivers/STM32H7xx_HAL_Driver/Inc/stm32h7xx_hal_pwr_ex.h"
 2859              		.file 30 "FATFS/Target/bsp_driver_sd.h"
 2860              		.file 31 "FATFS/App/fatfs.h"
 2861              		.file 32 "<built-in>"
ARM GAS  C:\Users\admin\AppData\Local\Temp\ccwE4F76.s 			page 90


DEFINED SYMBOLS
                            *ABS*:00000000 main.c
C:\Users\admin\AppData\Local\Temp\ccwE4F76.s:19     .text.MX_SDMMC1_SD_Init:00000000 $t
C:\Users\admin\AppData\Local\Temp\ccwE4F76.s:24     .text.MX_SDMMC1_SD_Init:00000000 MX_SDMMC1_SD_Init
C:\Users\admin\AppData\Local\Temp\ccwE4F76.s:60     .text.MX_SDMMC1_SD_Init:0000001c $d
C:\Users\admin\AppData\Local\Temp\ccwE4F76.s:66     .text.MPU_Config:00000000 $t
C:\Users\admin\AppData\Local\Temp\ccwE4F76.s:71     .text.MPU_Config:00000000 MPU_Config
C:\Users\admin\AppData\Local\Temp\ccwE4F76.s:149    .text.MX_GPIO_Init:00000000 $t
C:\Users\admin\AppData\Local\Temp\ccwE4F76.s:154    .text.MX_GPIO_Init:00000000 MX_GPIO_Init
C:\Users\admin\AppData\Local\Temp\ccwE4F76.s:523    .text.MX_GPIO_Init:00000200 $d
C:\Users\admin\AppData\Local\Temp\ccwE4F76.s:534    .text.MX_DMA_Init:00000000 $t
C:\Users\admin\AppData\Local\Temp\ccwE4F76.s:539    .text.MX_DMA_Init:00000000 MX_DMA_Init
C:\Users\admin\AppData\Local\Temp\ccwE4F76.s:587    .text.MX_DMA_Init:00000034 $d
C:\Users\admin\AppData\Local\Temp\ccwE4F76.s:592    .text.StartDefaultTask:00000000 $t
C:\Users\admin\AppData\Local\Temp\ccwE4F76.s:598    .text.StartDefaultTask:00000000 StartDefaultTask
C:\Users\admin\AppData\Local\Temp\ccwE4F76.s:625    .text.HAL_TIM_PeriodElapsedCallback:00000000 $t
C:\Users\admin\AppData\Local\Temp\ccwE4F76.s:631    .text.HAL_TIM_PeriodElapsedCallback:00000000 HAL_TIM_PeriodElapsedCallback
C:\Users\admin\AppData\Local\Temp\ccwE4F76.s:665    .text.HAL_TIM_PeriodElapsedCallback:00000014 $d
C:\Users\admin\AppData\Local\Temp\ccwE4F76.s:670    .text.Error_Handler:00000000 $t
C:\Users\admin\AppData\Local\Temp\ccwE4F76.s:676    .text.Error_Handler:00000000 Error_Handler
C:\Users\admin\AppData\Local\Temp\ccwE4F76.s:708    .text.MX_USART2_UART_Init:00000000 $t
C:\Users\admin\AppData\Local\Temp\ccwE4F76.s:713    .text.MX_USART2_UART_Init:00000000 MX_USART2_UART_Init
C:\Users\admin\AppData\Local\Temp\ccwE4F76.s:812    .text.MX_USART2_UART_Init:00000058 $d
C:\Users\admin\AppData\Local\Temp\ccwE4F76.s:818    .text.MX_I2C4_Init:00000000 $t
C:\Users\admin\AppData\Local\Temp\ccwE4F76.s:823    .text.MX_I2C4_Init:00000000 MX_I2C4_Init
C:\Users\admin\AppData\Local\Temp\ccwE4F76.s:905    .text.MX_I2C4_Init:00000048 $d
C:\Users\admin\AppData\Local\Temp\ccwE4F76.s:912    .text.MX_I2C2_Init:00000000 $t
C:\Users\admin\AppData\Local\Temp\ccwE4F76.s:917    .text.MX_I2C2_Init:00000000 MX_I2C2_Init
C:\Users\admin\AppData\Local\Temp\ccwE4F76.s:999    .text.MX_I2C2_Init:00000048 $d
C:\Users\admin\AppData\Local\Temp\ccwE4F76.s:1006   .text.MX_DCMI_Init:00000000 $t
C:\Users\admin\AppData\Local\Temp\ccwE4F76.s:1011   .text.MX_DCMI_Init:00000000 MX_DCMI_Init
C:\Users\admin\AppData\Local\Temp\ccwE4F76.s:1076   .text.MX_DCMI_Init:0000002c $d
C:\Users\admin\AppData\Local\Temp\ccwE4F76.s:1082   .text.MX_USART3_UART_Init:00000000 $t
C:\Users\admin\AppData\Local\Temp\ccwE4F76.s:1087   .text.MX_USART3_UART_Init:00000000 MX_USART3_UART_Init
C:\Users\admin\AppData\Local\Temp\ccwE4F76.s:1186   .text.MX_USART3_UART_Init:00000058 $d
C:\Users\admin\AppData\Local\Temp\ccwE4F76.s:1192   .text.MX_RTC_Init:00000000 $t
C:\Users\admin\AppData\Local\Temp\ccwE4F76.s:1197   .text.MX_RTC_Init:00000000 MX_RTC_Init
C:\Users\admin\AppData\Local\Temp\ccwE4F76.s:1339   .text.MX_RTC_Init:00000090 $d
C:\Users\admin\AppData\Local\Temp\ccwE4F76.s:1345   .text.SystemClock_Config:00000000 $t
C:\Users\admin\AppData\Local\Temp\ccwE4F76.s:1351   .text.SystemClock_Config:00000000 SystemClock_Config
C:\Users\admin\AppData\Local\Temp\ccwE4F76.s:1533   .text.SystemClock_Config:000000bc $d
C:\Users\admin\AppData\Local\Temp\ccwE4F76.s:1539   .rodata.main.str1.4:00000000 $d
C:\Users\admin\AppData\Local\Temp\ccwE4F76.s:1820   .text.main:00000000 $t
C:\Users\admin\AppData\Local\Temp\ccwE4F76.s:1826   .text.main:00000000 main
C:\Users\admin\AppData\Local\Temp\ccwE4F76.s:2034   .text.main:00000108 $d
C:\Users\admin\AppData\Local\Temp\ccwE4F76.s:2048   .text.main:00000116 $t
C:\Users\admin\AppData\Local\Temp\ccwE4F76.s:2415   .text.main:000002e4 $d
C:\Users\admin\AppData\Local\Temp\ccwE4F76.s:2496   .text.main:00000420 $t
C:\Users\admin\AppData\Local\Temp\ccwE4F76.s:2705   .text.main:000004f8 $d
C:\Users\admin\AppData\Local\Temp\ccwE4F76.s:2824   .rodata.defaultTask_attributes:00000000 defaultTask_attributes
C:\Users\admin\AppData\Local\Temp\ccwE4F76.s:2730   .rodata.str1.4:00000000 $d
C:\Users\admin\AppData\Local\Temp\ccwE4F76.s:2748   .bss.defaultTaskHandle:00000000 defaultTaskHandle
C:\Users\admin\AppData\Local\Temp\ccwE4F76.s:2810   .bss.huart3:00000000 huart3
C:\Users\admin\AppData\Local\Temp\ccwE4F76.s:2803   .bss.huart2:00000000 huart2
C:\Users\admin\AppData\Local\Temp\ccwE4F76.s:2796   .bss.hsd1:00000000 hsd1
C:\Users\admin\AppData\Local\Temp\ccwE4F76.s:2789   .bss.hrtc:00000000 hrtc
C:\Users\admin\AppData\Local\Temp\ccwE4F76.s:2782   .bss.hi2c4:00000000 hi2c4
ARM GAS  C:\Users\admin\AppData\Local\Temp\ccwE4F76.s 			page 91


C:\Users\admin\AppData\Local\Temp\ccwE4F76.s:2775   .bss.hi2c2:00000000 hi2c2
C:\Users\admin\AppData\Local\Temp\ccwE4F76.s:2768   .bss.hdma_dcmi:00000000 hdma_dcmi
C:\Users\admin\AppData\Local\Temp\ccwE4F76.s:2762   .bss.hdcmi:00000000 hdcmi
C:\Users\admin\AppData\Local\Temp\ccwE4F76.s:2755   .bss.fs:00000000 fs
C:\Users\admin\AppData\Local\Temp\ccwE4F76.s:2744   .bss.defaultTaskHandle:00000000 $d
C:\Users\admin\AppData\Local\Temp\ccwE4F76.s:2751   .bss.fs:00000000 $d
C:\Users\admin\AppData\Local\Temp\ccwE4F76.s:2758   .bss.hdcmi:00000000 $d
C:\Users\admin\AppData\Local\Temp\ccwE4F76.s:2765   .bss.hdma_dcmi:00000000 $d
C:\Users\admin\AppData\Local\Temp\ccwE4F76.s:2771   .bss.hi2c2:00000000 $d
C:\Users\admin\AppData\Local\Temp\ccwE4F76.s:2778   .bss.hi2c4:00000000 $d
C:\Users\admin\AppData\Local\Temp\ccwE4F76.s:2785   .bss.hrtc:00000000 $d
C:\Users\admin\AppData\Local\Temp\ccwE4F76.s:2792   .bss.hsd1:00000000 $d
C:\Users\admin\AppData\Local\Temp\ccwE4F76.s:2799   .bss.huart2:00000000 $d
C:\Users\admin\AppData\Local\Temp\ccwE4F76.s:2806   .bss.huart3:00000000 $d
C:\Users\admin\AppData\Local\Temp\ccwE4F76.s:2813   .bss.test_buffer.0:00000000 $d
C:\Users\admin\AppData\Local\Temp\ccwE4F76.s:2817   .bss.test_buffer.0:00000000 test_buffer.0
C:\Users\admin\AppData\Local\Temp\ccwE4F76.s:2820   .rodata.defaultTask_attributes:00000000 $d

UNDEFINED SYMBOLS
HAL_MPU_Disable
HAL_MPU_ConfigRegion
HAL_MPU_Enable
HAL_GPIO_WritePin
HAL_GPIO_Init
HAL_SYSCFG_AnalogSwitchConfig
HAL_NVIC_SetPriority
HAL_NVIC_EnableIRQ
osDelay
HAL_IncTick
HAL_UART_Init
HAL_UARTEx_SetTxFifoThreshold
HAL_UARTEx_SetRxFifoThreshold
HAL_UARTEx_DisableFifoMode
HAL_I2C_Init
HAL_I2CEx_ConfigAnalogFilter
HAL_I2CEx_ConfigDigitalFilter
HAL_DCMI_Init
HAL_RTC_Init
HAL_RTC_SetTime
HAL_RTC_SetDate
HAL_RTCEx_SetWakeUpTimer_IT
memset
HAL_PWREx_ConfigSupply
HAL_RCC_OscConfig
HAL_RCC_ClockConfig
HAL_Init
MX_FATFS_Init
Hardware_UART_Printf
HAL_Delay
BSP_SD_Init
BSP_SD_GetCardInfo
disk_initialize
f_mount
SD_Init
disk_read
SD_WriteScience
SD_ReadScience
ARM GAS  C:\Users\admin\AppData\Local\Temp\ccwE4F76.s 			page 92


SD_GetFreeKB
SD_GetUsedKB
osKernelInitialize
osThreadNew
osKernelStart
