ARM GAS  C:\Users\admin\AppData\Local\Temp\ccRBlDTz.s 			page 1


   1              		.cpu cortex-m7
   2              		.arch armv7e-m
   3              		.fpu fpv5-d16
   4              		.eabi_attribute 28, 1
   5              		.eabi_attribute 20, 1
   6              		.eabi_attribute 21, 1
   7              		.eabi_attribute 23, 3
   8              		.eabi_attribute 24, 1
   9              		.eabi_attribute 25, 1
  10              		.eabi_attribute 26, 1
  11              		.eabi_attribute 30, 1
  12              		.eabi_attribute 34, 1
  13              		.eabi_attribute 18, 4
  14              		.file	"neo8m.c"
  15              		.text
  16              	.Ltext0:
  17              		.cfi_sections	.debug_frame
  18              		.section	.text.neo8m_calculate_check_sum,"ax",%progbits
  19              		.align	1
  20              		.syntax unified
  21              		.thumb
  22              		.thumb_func
  24              	neo8m_calculate_check_sum:
  25              	.LVL0:
  26              	.LFB156:
  27              		.file 1 "Core/Lib/neo8m.c"
   1:Core/Lib/neo8m.c **** #include "neo8m.h"
   2:Core/Lib/neo8m.c **** #include "string.h"
   3:Core/Lib/neo8m.c **** #include"math.h"
   4:Core/Lib/neo8m.c **** #include "time.h"
   5:Core/Lib/neo8m.c **** 
   6:Core/Lib/neo8m.c **** //private define
   7:Core/Lib/neo8m.c **** #define NMEA_MAX_LENGTH     82
   8:Core/Lib/neo8m.c **** #define EARTH_RADIUS_KM     6371.0
   9:Core/Lib/neo8m.c **** #define DEG_TO_RAD          0.017453292519943295
  10:Core/Lib/neo8m.c **** #define RAD_TO_DEG          57.29577951308232
  11:Core/Lib/neo8m.c **** 
  12:Core/Lib/neo8m.c **** static bool neo8m_parse_nmea(neo8m_handle_t *gps, const char *nmea);
  13:Core/Lib/neo8m.c **** static bool neo8m_parse_gga(neo8m_handle_t *gps, const char *sentence);
  14:Core/Lib/neo8m.c **** static bool neo8m_parse_rmc(neo8m_handle_t *gps, const char *sentence);
  15:Core/Lib/neo8m.c **** static uint8_t neo8m_calculate_check_sum(const char *sentence);
  16:Core/Lib/neo8m.c **** static bool neo8m_verify_check_sum(const char *sentence);
  17:Core/Lib/neo8m.c **** static double neo8m_parse_coordinate (const char *c, char dir);
  18:Core/Lib/neo8m.c **** static void neo8m_parse_time(const char *time_str, neo8m_time_t *time);
  19:Core/Lib/neo8m.c **** static void neo8m_parse_date(const char *date_str, neo8m_date_t *date);
  20:Core/Lib/neo8m.c **** 
  21:Core/Lib/neo8m.c **** 
  22:Core/Lib/neo8m.c **** neo8m_status_t neo8m_init(neo8m_handle_t *gps, const neo8m_config_t *config)
  23:Core/Lib/neo8m.c **** {
  24:Core/Lib/neo8m.c ****   if (gps == NULL || config->huart == NULL)
  25:Core/Lib/neo8m.c ****   {
  26:Core/Lib/neo8m.c ****     return NEO8M_INVALID_PARAM;
  27:Core/Lib/neo8m.c ****   }
  28:Core/Lib/neo8m.c **** 
  29:Core/Lib/neo8m.c ****   //initialize handle
  30:Core/Lib/neo8m.c ****   gps->uart = config->huart;
  31:Core/Lib/neo8m.c ****   gps->rx_index = 0;
ARM GAS  C:\Users\admin\AppData\Local\Temp\ccRBlDTz.s 			page 2


  32:Core/Lib/neo8m.c ****   gps->initialized = true;
  33:Core/Lib/neo8m.c ****   gps->last_update = 0;
  34:Core/Lib/neo8m.c **** 
  35:Core/Lib/neo8m.c ****   //clear data
  36:Core/Lib/neo8m.c ****   memset(&gps->data, 0, sizeof(gps));
  37:Core/Lib/neo8m.c ****   memset(gps->rx_buffer, 0, sizeof(gps->rx_buffer));
  38:Core/Lib/neo8m.c **** 
  39:Core/Lib/neo8m.c ****   return NEO8M_OK;
  40:Core/Lib/neo8m.c ****   
  41:Core/Lib/neo8m.c **** }
  42:Core/Lib/neo8m.c **** 
  43:Core/Lib/neo8m.c **** neo8m_status_t neo8m_process(neo8m_handle_t *gps, uint8_t byte)
  44:Core/Lib/neo8m.c **** {
  45:Core/Lib/neo8m.c ****   if (!gps->initialized)
  46:Core/Lib/neo8m.c ****   {
  47:Core/Lib/neo8m.c ****     return NEO8M_ERROR;
  48:Core/Lib/neo8m.c ****   }
  49:Core/Lib/neo8m.c **** 
  50:Core/Lib/neo8m.c ****   //add byte to buffer
  51:Core/Lib/neo8m.c ****   if (gps->rx_index >= sizeof(gps->rx_buffer) - 1)
  52:Core/Lib/neo8m.c ****   {
  53:Core/Lib/neo8m.c ****     gps->rx_index = 0;
  54:Core/Lib/neo8m.c ****     return NEO8M_BUFFER_FULL;
  55:Core/Lib/neo8m.c ****   }
  56:Core/Lib/neo8m.c ****   //ghi byte & tang chi so index
  57:Core/Lib/neo8m.c ****   gps->rx_buffer[gps->rx_index++] = byte;
  58:Core/Lib/neo8m.c **** 
  59:Core/Lib/neo8m.c ****   //check for end of nmea sentence
  60:Core/Lib/neo8m.c ****   if (byte == '\n' && gps->rx_index >= 2 && gps->rx_buffer[gps->rx_index - 2] == '\r')
  61:Core/Lib/neo8m.c ****   {
  62:Core/Lib/neo8m.c ****     //end string
  63:Core/Lib/neo8m.c ****     gps->rx_buffer[gps->rx_index - 2] = '\0';
  64:Core/Lib/neo8m.c ****     //goi ham phan tich chuoi
  65:Core/Lib/neo8m.c ****     if (neo8m_parse_nmea(gps, (char*)gps->rx_buffer))
  66:Core/Lib/neo8m.c ****     {
  67:Core/Lib/neo8m.c ****       gps->last_update = HAL_GetTick();
  68:Core/Lib/neo8m.c ****     }
  69:Core/Lib/neo8m.c ****     //reset for next sentence
  70:Core/Lib/neo8m.c ****   gps->rx_index = 0;
  71:Core/Lib/neo8m.c ****   }
  72:Core/Lib/neo8m.c ****   return NEO8M_OK;  
  73:Core/Lib/neo8m.c ****   
  74:Core/Lib/neo8m.c **** }
  75:Core/Lib/neo8m.c **** 
  76:Core/Lib/neo8m.c **** //kiem tra xem da xac dinh duoc vi tri toa do hay chua
  77:Core/Lib/neo8m.c **** bool neo8m_has_fix(const neo8m_handle_t *gps)
  78:Core/Lib/neo8m.c **** {
  79:Core/Lib/neo8m.c ****   if (!gps->initialized)
  80:Core/Lib/neo8m.c ****   {
  81:Core/Lib/neo8m.c ****     return false;
  82:Core/Lib/neo8m.c ****   }
  83:Core/Lib/neo8m.c ****   return (gps->data.fix >= NEO8M_FIX_2D && gps->data.valid);
  84:Core/Lib/neo8m.c ****   
  85:Core/Lib/neo8m.c **** }
  86:Core/Lib/neo8m.c **** 
  87:Core/Lib/neo8m.c **** const neo8m_data_t* neo8m_get_data(const neo8m_handle_t *gps)
  88:Core/Lib/neo8m.c **** {
ARM GAS  C:\Users\admin\AppData\Local\Temp\ccRBlDTz.s 			page 3


  89:Core/Lib/neo8m.c ****   return &gps->data;
  90:Core/Lib/neo8m.c **** }
  91:Core/Lib/neo8m.c **** 
  92:Core/Lib/neo8m.c **** //nhận dữ liệu uart ở chế độ ngắt
  93:Core/Lib/neo8m.c **** neo8m_status_t neo8m_start_receive_it(neo8m_handle_t *gps)
  94:Core/Lib/neo8m.c **** {
  95:Core/Lib/neo8m.c ****   if (!gps->initialized)
  96:Core/Lib/neo8m.c ****   {
  97:Core/Lib/neo8m.c ****     return NEO8M_ERROR;
  98:Core/Lib/neo8m.c ****   }
  99:Core/Lib/neo8m.c ****   
 100:Core/Lib/neo8m.c ****   //start single byte reception
 101:Core/Lib/neo8m.c ****   if (HAL_UART_Receive_IT(gps->uart, &gps->rx_buffer[0], 1) != HAL_OK)
 102:Core/Lib/neo8m.c ****   {
 103:Core/Lib/neo8m.c ****     return NEO8M_ERROR;
 104:Core/Lib/neo8m.c ****   }
 105:Core/Lib/neo8m.c ****   return NEO8M_OK;
 106:Core/Lib/neo8m.c ****   
 107:Core/Lib/neo8m.c **** }
 108:Core/Lib/neo8m.c **** 
 109:Core/Lib/neo8m.c **** neo8m_status_t neo8m_start_receive_dma(neo8m_handle_t *gps, uint8_t *buffer, uint32_t size)
 110:Core/Lib/neo8m.c **** {
 111:Core/Lib/neo8m.c ****   if (!gps->initialized)
 112:Core/Lib/neo8m.c ****   {
 113:Core/Lib/neo8m.c ****     return NEO8M_ERROR;
 114:Core/Lib/neo8m.c ****   }
 115:Core/Lib/neo8m.c ****   if (HAL_UART_Receive_DMA(gps->uart, buffer, size) != HAL_OK)
 116:Core/Lib/neo8m.c ****   {
 117:Core/Lib/neo8m.c ****     return NEO8M_ERROR;
 118:Core/Lib/neo8m.c ****   }
 119:Core/Lib/neo8m.c **** 
 120:Core/Lib/neo8m.c ****   return NEO8M_OK;  
 121:Core/Lib/neo8m.c **** }
 122:Core/Lib/neo8m.c **** 
 123:Core/Lib/neo8m.c **** bool neo8m_is_data_fresh(const neo8m_handle_t *gps, uint32_t max_age_ms)
 124:Core/Lib/neo8m.c **** {
 125:Core/Lib/neo8m.c ****   if (!gps->initialized)
 126:Core/Lib/neo8m.c ****   {
 127:Core/Lib/neo8m.c ****     return false;
 128:Core/Lib/neo8m.c ****   }
 129:Core/Lib/neo8m.c ****   return (HAL_GetTick() - gps->last_update) < max_age_ms;
 130:Core/Lib/neo8m.c ****   
 131:Core/Lib/neo8m.c **** }
 132:Core/Lib/neo8m.c **** 
 133:Core/Lib/neo8m.c **** float neo8m_calculate_distance(double lat1, double lon1, double lat2, double lon2)
 134:Core/Lib/neo8m.c **** {
 135:Core/Lib/neo8m.c ****   double dlat = (lat2 - lat1) * DEG_TO_RAD;
 136:Core/Lib/neo8m.c ****   double dlon = (lon2 - lon1) * DEG_TO_RAD;
 137:Core/Lib/neo8m.c **** 
 138:Core/Lib/neo8m.c ****   double a = sin(dlat/2) * sin(dlat/2) + sin(dlon/2) * sin(dlon/2) * cos(lat1) * cos(lat2);
 139:Core/Lib/neo8m.c ****   double c = 2 * atan2(sqrt(a), sqrt(1-a));
 140:Core/Lib/neo8m.c **** 
 141:Core/Lib/neo8m.c ****   return EARTH_RADIUS_KM * c * 1000; //return in meters
 142:Core/Lib/neo8m.c **** }
 143:Core/Lib/neo8m.c **** 
 144:Core/Lib/neo8m.c **** float neo8m_calculate_bearing(double lat1, double lon1, double lat2, double lon2)
 145:Core/Lib/neo8m.c **** {
ARM GAS  C:\Users\admin\AppData\Local\Temp\ccRBlDTz.s 			page 4


 146:Core/Lib/neo8m.c ****   lat1 *= DEG_TO_RAD;
 147:Core/Lib/neo8m.c ****   lat2 *= DEG_TO_RAD;
 148:Core/Lib/neo8m.c ****   double dlon = (lon2 - lon1) * DEG_TO_RAD;
 149:Core/Lib/neo8m.c **** 
 150:Core/Lib/neo8m.c ****   double y = sin(dlon) * cos(lat2);
 151:Core/Lib/neo8m.c ****   double x = cos(lat1) * sin(lat2) - sin(lat1) * cos(lat2) * cos(dlon);
 152:Core/Lib/neo8m.c **** 
 153:Core/Lib/neo8m.c ****   float bearing = atan2(y,x) * RAD_TO_DEG;
 154:Core/Lib/neo8m.c **** 
 155:Core/Lib/neo8m.c ****   //nomalize to 0 - 360
 156:Core/Lib/neo8m.c ****   if (bearing < 0)
 157:Core/Lib/neo8m.c ****   {
 158:Core/Lib/neo8m.c ****     bearing += 360;
 159:Core/Lib/neo8m.c ****   }
 160:Core/Lib/neo8m.c ****   return bearing;
 161:Core/Lib/neo8m.c ****   
 162:Core/Lib/neo8m.c **** }
 163:Core/Lib/neo8m.c **** 
 164:Core/Lib/neo8m.c **** static bool neo8m_parse_nmea(neo8m_handle_t *gps, const char *nmea)
 165:Core/Lib/neo8m.c **** {
 166:Core/Lib/neo8m.c ****   if (nmea[0] != '$') return false;
 167:Core/Lib/neo8m.c **** 
 168:Core/Lib/neo8m.c ****   //verify checksum
 169:Core/Lib/neo8m.c ****   if (!neo8m_verify_check_sum(nmea))
 170:Core/Lib/neo8m.c ****   {
 171:Core/Lib/neo8m.c ****     return false;
 172:Core/Lib/neo8m.c ****   }
 173:Core/Lib/neo8m.c **** 
 174:Core/Lib/neo8m.c ****   //parse specific sentence types
 175:Core/Lib/neo8m.c ****   if (strstr(nmea, "$GPGGA") || strstr(nmea, "$GNGGA"))
 176:Core/Lib/neo8m.c ****   {
 177:Core/Lib/neo8m.c ****     return neo8m_parse_gga(gps, nmea);
 178:Core/Lib/neo8m.c ****   }
 179:Core/Lib/neo8m.c ****   if (strstr(nmea, "$GPRMC") || strstr(nmea, "$GNRMC"))
 180:Core/Lib/neo8m.c ****   {
 181:Core/Lib/neo8m.c ****     return neo8m_parse_rmc(gps, nmea);
 182:Core/Lib/neo8m.c ****   }
 183:Core/Lib/neo8m.c ****   return false;  
 184:Core/Lib/neo8m.c **** }
 185:Core/Lib/neo8m.c **** 
 186:Core/Lib/neo8m.c **** static bool neo8m_parse_gga(neo8m_handle_t *gps, const char *sentence)
 187:Core/Lib/neo8m.c **** {
 188:Core/Lib/neo8m.c ****   char buffer[NMEA_MAX_LENGTH];
 189:Core/Lib/neo8m.c ****   strncpy(buffer, sentence, sizeof(buffer) - 1);
 190:Core/Lib/neo8m.c ****   char *token = strtok(buffer, ",");
 191:Core/Lib/neo8m.c ****   uint8_t field = 0;
 192:Core/Lib/neo8m.c **** 
 193:Core/Lib/neo8m.c ****   char time_str[16] = {0};
 194:Core/Lib/neo8m.c ****   char lat_str[16] = {0};
 195:Core/Lib/neo8m.c ****   char lat_dir = 'N';
 196:Core/Lib/neo8m.c ****   char lon_str[16] = {0};
 197:Core/Lib/neo8m.c ****   char lon_dir = 'E';
 198:Core/Lib/neo8m.c ****   uint8_t fix_quality = 0;
 199:Core/Lib/neo8m.c ****   uint8_t satellites = 0;
 200:Core/Lib/neo8m.c ****   char hdop_str[8] = {0};
 201:Core/Lib/neo8m.c ****   char alt_str[16] = {0};
 202:Core/Lib/neo8m.c **** 
ARM GAS  C:\Users\admin\AppData\Local\Temp\ccRBlDTz.s 			page 5


 203:Core/Lib/neo8m.c ****   while (token != NULL)
 204:Core/Lib/neo8m.c ****   {
 205:Core/Lib/neo8m.c ****     switch (field)
 206:Core/Lib/neo8m.c ****     {
 207:Core/Lib/neo8m.c ****     case 1: strncpy(time_str, token, sizeof(time_str) - 1); break;
 208:Core/Lib/neo8m.c ****     case 2: strncpy(lat_str, token, sizeof(lat_str) - 1); break;
 209:Core/Lib/neo8m.c ****     case 3: lat_dir = token[0]; break;
 210:Core/Lib/neo8m.c ****     case 4: strncpy(lon_str, token, sizeof(lon_str) - 1); break;
 211:Core/Lib/neo8m.c ****     case 5: lon_dir = token[0]; break;
 212:Core/Lib/neo8m.c ****     case 6: fix_quality = atoi(token); break;
 213:Core/Lib/neo8m.c ****     case 7: satellites = atoi(token); break;
 214:Core/Lib/neo8m.c ****     case 8: strncpy(hdop_str, token, sizeof(hdop_str) - 1); break;
 215:Core/Lib/neo8m.c ****     case 9: strncpy(alt_str, token, sizeof(alt_str) - 1); break;
 216:Core/Lib/neo8m.c ****     
 217:Core/Lib/neo8m.c ****     default:
 218:Core/Lib/neo8m.c ****       break;
 219:Core/Lib/neo8m.c ****     }
 220:Core/Lib/neo8m.c ****     token = strtok(NULL, ",");
 221:Core/Lib/neo8m.c ****     field++;
 222:Core/Lib/neo8m.c ****   }
 223:Core/Lib/neo8m.c ****   //update data
 224:Core/Lib/neo8m.c ****   if (strlen(time_str) >= 6)
 225:Core/Lib/neo8m.c ****   {
 226:Core/Lib/neo8m.c ****     neo8m_parse_time(time_str, &gps->data.time);
 227:Core/Lib/neo8m.c ****   }
 228:Core/Lib/neo8m.c ****   if (strlen(lat_str) > 0 && strlen(lon_str) > 0)
 229:Core/Lib/neo8m.c ****   {
 230:Core/Lib/neo8m.c ****     gps->data.latitude = neo8m_parse_coordinate(lat_str, lat_dir);
 231:Core/Lib/neo8m.c ****     gps->data.longitude = neo8m_parse_coordinate(lon_str, lon_dir);
 232:Core/Lib/neo8m.c ****   }
 233:Core/Lib/neo8m.c ****   gps->data.satellites = satellites;
 234:Core/Lib/neo8m.c ****   gps->data.hdop = atof(hdop_str);
 235:Core/Lib/neo8m.c ****   gps->data.altitude = atof(alt_str);
 236:Core/Lib/neo8m.c **** 
 237:Core/Lib/neo8m.c ****   if (fix_quality > 0)
 238:Core/Lib/neo8m.c ****   {
 239:Core/Lib/neo8m.c ****     gps->data.fix = (fix_quality == 1) ? NEO8M_FIX_3D : NEO8M_FIX_2D;
 240:Core/Lib/neo8m.c ****     gps->data.valid = true;
 241:Core/Lib/neo8m.c ****   } else {
 242:Core/Lib/neo8m.c ****     gps->data.fix = NEO8M_FIX_NONE;
 243:Core/Lib/neo8m.c ****     gps->data.valid = false;
 244:Core/Lib/neo8m.c ****   }
 245:Core/Lib/neo8m.c ****   return true;  
 246:Core/Lib/neo8m.c **** }
 247:Core/Lib/neo8m.c **** 
 248:Core/Lib/neo8m.c **** static bool neo8m_parse_rmc(neo8m_handle_t *gps, const char *sentence)
 249:Core/Lib/neo8m.c **** {
 250:Core/Lib/neo8m.c ****   char buffer[NMEA_MAX_LENGTH];
 251:Core/Lib/neo8m.c ****   strncpy(buffer, sentence, sizeof(buffer) - 1);
 252:Core/Lib/neo8m.c **** 
 253:Core/Lib/neo8m.c ****   char *token = strtok(buffer, ",");
 254:Core/Lib/neo8m.c ****   uint8_t field = 0;
 255:Core/Lib/neo8m.c ****   char time_str[16] = {0};
 256:Core/Lib/neo8m.c ****   char status = 'V';
 257:Core/Lib/neo8m.c ****   char lat_str[16] = {0};
 258:Core/Lib/neo8m.c ****   char lat_dir = 'N';
 259:Core/Lib/neo8m.c ****   char lon_str[16] = {0};
ARM GAS  C:\Users\admin\AppData\Local\Temp\ccRBlDTz.s 			page 6


 260:Core/Lib/neo8m.c ****   char lon_dir = 'E';
 261:Core/Lib/neo8m.c ****   char speed_str[16] = {0};
 262:Core/Lib/neo8m.c ****   char course_str[16] = {0};
 263:Core/Lib/neo8m.c ****   char date_str[16] =  {0};
 264:Core/Lib/neo8m.c **** 
 265:Core/Lib/neo8m.c ****   while (token != NULL)
 266:Core/Lib/neo8m.c ****   {
 267:Core/Lib/neo8m.c ****     switch (field)
 268:Core/Lib/neo8m.c ****     {
 269:Core/Lib/neo8m.c ****     case 1: strncpy(time_str, token, sizeof(time_str) - 1); break;
 270:Core/Lib/neo8m.c ****     case 2: status = token[0]; break;
 271:Core/Lib/neo8m.c ****     case 3: strncpy(lat_str, token, sizeof(lat_str) - 1); break;
 272:Core/Lib/neo8m.c ****     case 4: lat_dir = token[0]; break;
 273:Core/Lib/neo8m.c ****     case 5: strncpy(lon_str, token, sizeof(lon_str) - 1); break;
 274:Core/Lib/neo8m.c ****     case 6: lon_dir = token[0]; break;
 275:Core/Lib/neo8m.c ****     case 7: strncpy(speed_str, token, sizeof(speed_str) - 1); break;
 276:Core/Lib/neo8m.c ****     case 8: strncpy(course_str, token, sizeof(course_str) - 1); break;
 277:Core/Lib/neo8m.c ****     case 9: strncpy(date_str, token, sizeof(date_str) - 1); break;
 278:Core/Lib/neo8m.c ****     
 279:Core/Lib/neo8m.c ****     default:
 280:Core/Lib/neo8m.c ****       break;
 281:Core/Lib/neo8m.c ****     }
 282:Core/Lib/neo8m.c ****     token = strtok(NULL, ",");
 283:Core/Lib/neo8m.c ****     field++;
 284:Core/Lib/neo8m.c ****   }
 285:Core/Lib/neo8m.c **** 
 286:Core/Lib/neo8m.c ****   //update data
 287:Core/Lib/neo8m.c ****   if (status == 'A')
 288:Core/Lib/neo8m.c ****   {
 289:Core/Lib/neo8m.c ****     if (strlen(time_str) >= 6)
 290:Core/Lib/neo8m.c ****     {
 291:Core/Lib/neo8m.c ****       neo8m_parse_time(time_str, &gps->data.time);
 292:Core/Lib/neo8m.c ****     }
 293:Core/Lib/neo8m.c ****     if (strlen(date_str) >= 6)
 294:Core/Lib/neo8m.c ****     {
 295:Core/Lib/neo8m.c ****       neo8m_parse_date(date_str, &gps->data.date);
 296:Core/Lib/neo8m.c ****     }
 297:Core/Lib/neo8m.c ****     if (strlen(lat_str) > 0 && strlen(lon_str) > 0)
 298:Core/Lib/neo8m.c ****     {
 299:Core/Lib/neo8m.c ****       gps->data.latitude = neo8m_parse_coordinate(lat_str, lat_dir);
 300:Core/Lib/neo8m.c ****       gps->data.longitude = neo8m_parse_coordinate(lon_str, lon_dir);
 301:Core/Lib/neo8m.c ****     }
 302:Core/Lib/neo8m.c **** 
 303:Core/Lib/neo8m.c ****     gps->data.speed = atof(speed_str) * 1.852f;
 304:Core/Lib/neo8m.c ****     gps->data.course = atof(course_str);
 305:Core/Lib/neo8m.c ****     gps->data.valid = true;
 306:Core/Lib/neo8m.c **** 
 307:Core/Lib/neo8m.c ****     return true;    
 308:Core/Lib/neo8m.c ****   }
 309:Core/Lib/neo8m.c ****   return false;
 310:Core/Lib/neo8m.c ****   
 311:Core/Lib/neo8m.c **** }
 312:Core/Lib/neo8m.c **** 
 313:Core/Lib/neo8m.c **** static uint8_t neo8m_calculate_check_sum(const char *sentence)
 314:Core/Lib/neo8m.c **** {
  28              		.loc 1 314 1 view -0
  29              		.cfi_startproc
ARM GAS  C:\Users\admin\AppData\Local\Temp\ccRBlDTz.s 			page 7


  30              		@ args = 0, pretend = 0, frame = 0
  31              		@ frame_needed = 0, uses_anonymous_args = 0
  32              		@ link register save eliminated.
  33              		.loc 1 314 1 is_stmt 0 view .LVU1
  34 0000 0146     		mov	r1, r0
 315:Core/Lib/neo8m.c ****   uint8_t checksum = 0;
  35              		.loc 1 315 3 is_stmt 1 view .LVU2
  36              	.LVL1:
 316:Core/Lib/neo8m.c **** 
 317:Core/Lib/neo8m.c ****   //start after '$', and before '*'
 318:Core/Lib/neo8m.c ****   for (int i = 1; sentence[i] != '*' && sentence[i] != '\0'; i++) {
  37              		.loc 1 318 3 view .LVU3
  38              	.LBB2:
  39              		.loc 1 318 8 view .LVU4
  40              		.loc 1 318 12 is_stmt 0 view .LVU5
  41 0002 0122     		movs	r2, #1
  42              	.LBE2:
 315:Core/Lib/neo8m.c ****   uint8_t checksum = 0;
  43              		.loc 1 315 11 view .LVU6
  44 0004 0020     		movs	r0, #0
  45              	.LVL2:
  46              	.LBB3:
  47              		.loc 1 318 3 view .LVU7
  48 0006 01E0     		b	.L2
  49              	.LVL3:
  50              	.L3:
 319:Core/Lib/neo8m.c ****         checksum ^= sentence[i];
  51              		.loc 1 319 9 is_stmt 1 discriminator 3 view .LVU8
  52              		.loc 1 319 18 is_stmt 0 discriminator 3 view .LVU9
  53 0008 5840     		eors	r0, r0, r3
  54              	.LVL4:
 318:Core/Lib/neo8m.c ****         checksum ^= sentence[i];
  55              		.loc 1 318 62 is_stmt 1 discriminator 3 view .LVU10
 318:Core/Lib/neo8m.c ****         checksum ^= sentence[i];
  56              		.loc 1 318 63 is_stmt 0 discriminator 3 view .LVU11
  57 000a 0132     		adds	r2, r2, #1
  58              	.LVL5:
  59              	.L2:
 318:Core/Lib/neo8m.c ****         checksum ^= sentence[i];
  60              		.loc 1 318 19 is_stmt 1 discriminator 1 view .LVU12
 318:Core/Lib/neo8m.c ****         checksum ^= sentence[i];
  61              		.loc 1 318 27 is_stmt 0 discriminator 1 view .LVU13
  62 000c 8B5C     		ldrb	r3, [r1, r2]	@ zero_extendqisi2
 318:Core/Lib/neo8m.c ****         checksum ^= sentence[i];
  63              		.loc 1 318 3 discriminator 1 view .LVU14
  64 000e 2A2B     		cmp	r3, #42
  65 0010 18BF     		it	ne
  66 0012 002B     		cmpne	r3, #0
  67 0014 F8D1     		bne	.L3
  68              	.LBE3:
 320:Core/Lib/neo8m.c ****   }
 321:Core/Lib/neo8m.c ****   return checksum;
  69              		.loc 1 321 3 is_stmt 1 view .LVU15
 322:Core/Lib/neo8m.c ****   
 323:Core/Lib/neo8m.c **** }
  70              		.loc 1 323 1 is_stmt 0 view .LVU16
  71 0016 7047     		bx	lr
ARM GAS  C:\Users\admin\AppData\Local\Temp\ccRBlDTz.s 			page 8


  72              		.cfi_endproc
  73              	.LFE156:
  75              		.section	.text.neo8m_verify_check_sum,"ax",%progbits
  76              		.align	1
  77              		.syntax unified
  78              		.thumb
  79              		.thumb_func
  81              	neo8m_verify_check_sum:
  82              	.LVL6:
  83              	.LFB157:
 324:Core/Lib/neo8m.c **** 
 325:Core/Lib/neo8m.c **** static bool neo8m_verify_check_sum(const char *sentence)
 326:Core/Lib/neo8m.c **** {
  84              		.loc 1 326 1 is_stmt 1 view -0
  85              		.cfi_startproc
  86              		@ args = 0, pretend = 0, frame = 0
  87              		@ frame_needed = 0, uses_anonymous_args = 0
  88              		.loc 1 326 1 is_stmt 0 view .LVU18
  89 0000 38B5     		push	{r3, r4, r5, lr}
  90              	.LCFI0:
  91              		.cfi_def_cfa_offset 16
  92              		.cfi_offset 3, -16
  93              		.cfi_offset 4, -12
  94              		.cfi_offset 5, -8
  95              		.cfi_offset 14, -4
  96 0002 0446     		mov	r4, r0
 327:Core/Lib/neo8m.c ****   const char *asterisk = strchr(sentence, '*');
  97              		.loc 1 327 3 is_stmt 1 view .LVU19
  98              		.loc 1 327 26 is_stmt 0 view .LVU20
  99 0004 2A21     		movs	r1, #42
 100 0006 FFF7FEFF 		bl	strchr
 101              	.LVL7:
 328:Core/Lib/neo8m.c ****   if (asterisk == NULL)
 102              		.loc 1 328 3 is_stmt 1 view .LVU21
 103              		.loc 1 328 6 is_stmt 0 view .LVU22
 104 000a 78B1     		cbz	r0, .L6
 105 000c 0546     		mov	r5, r0
 329:Core/Lib/neo8m.c ****   {
 330:Core/Lib/neo8m.c ****     return false;
 331:Core/Lib/neo8m.c ****   }
 332:Core/Lib/neo8m.c ****   uint8_t calculated = neo8m_calculate_check_sum(sentence);
 106              		.loc 1 332 3 is_stmt 1 view .LVU23
 107              		.loc 1 332 24 is_stmt 0 view .LVU24
 108 000e 2046     		mov	r0, r4
 109              	.LVL8:
 110              		.loc 1 332 24 view .LVU25
 111 0010 FFF7FEFF 		bl	neo8m_calculate_check_sum
 112              	.LVL9:
 113 0014 0446     		mov	r4, r0
 114              	.LVL10:
 333:Core/Lib/neo8m.c ****   uint8_t received = (uint8_t) strtol(asterisk + 1, NULL, 16);
 115              		.loc 1 333 3 is_stmt 1 view .LVU26
 116              		.loc 1 333 32 is_stmt 0 view .LVU27
 117 0016 1022     		movs	r2, #16
 118 0018 0021     		movs	r1, #0
 119 001a 681C     		adds	r0, r5, #1
 120 001c FFF7FEFF 		bl	strtol
ARM GAS  C:\Users\admin\AppData\Local\Temp\ccRBlDTz.s 			page 9


 121              	.LVL11:
 122              		.loc 1 333 11 view .LVU28
 123 0020 C0B2     		uxtb	r0, r0
 124              	.LVL12:
 334:Core/Lib/neo8m.c **** 
 335:Core/Lib/neo8m.c ****   return (calculated == received);
 125              		.loc 1 335 3 is_stmt 1 view .LVU29
 126              		.loc 1 335 22 is_stmt 0 view .LVU30
 127 0022 8442     		cmp	r4, r0
 128 0024 14BF     		ite	ne
 129 0026 0020     		movne	r0, #0
 130              	.LVL13:
 131              		.loc 1 335 22 view .LVU31
 132 0028 0120     		moveq	r0, #1
 133              	.LVL14:
 134              	.L5:
 336:Core/Lib/neo8m.c ****   
 337:Core/Lib/neo8m.c **** }
 135              		.loc 1 337 1 view .LVU32
 136 002a 38BD     		pop	{r3, r4, r5, pc}
 137              	.LVL15:
 138              	.L6:
 330:Core/Lib/neo8m.c ****   }
 139              		.loc 1 330 12 view .LVU33
 140 002c 0020     		movs	r0, #0
 141              	.LVL16:
 330:Core/Lib/neo8m.c ****   }
 142              		.loc 1 330 12 view .LVU34
 143 002e FCE7     		b	.L5
 144              		.cfi_endproc
 145              	.LFE157:
 147              		.section	.text.neo8m_parse_date,"ax",%progbits
 148              		.align	1
 149              		.syntax unified
 150              		.thumb
 151              		.thumb_func
 153              	neo8m_parse_date:
 154              	.LVL17:
 155              	.LFB160:
 338:Core/Lib/neo8m.c **** 
 339:Core/Lib/neo8m.c **** static double neo8m_parse_coordinate(const char *coord, char dir)
 340:Core/Lib/neo8m.c **** {
 341:Core/Lib/neo8m.c ****   if (strlen(coord) < 4)
 342:Core/Lib/neo8m.c ****   {
 343:Core/Lib/neo8m.c ****     return 0.0;
 344:Core/Lib/neo8m.c ****   }
 345:Core/Lib/neo8m.c ****   //nmea format: ddmm.mmmm or dddm.mmmm
 346:Core/Lib/neo8m.c ****   double value = atof(coord);
 347:Core/Lib/neo8m.c ****   //extract degrees (first 2 or 3 digits)
 348:Core/Lib/neo8m.c ****   int degrees;
 349:Core/Lib/neo8m.c ****   if (value >= 10000) //longtitude
 350:Core/Lib/neo8m.c ****   {
 351:Core/Lib/neo8m.c ****     degrees = (int) (value/100);
 352:Core/Lib/neo8m.c ****   } else { //latitude
 353:Core/Lib/neo8m.c ****     degrees = (int) (value/100);
 354:Core/Lib/neo8m.c ****   }
 355:Core/Lib/neo8m.c ****   // Extract minutes
ARM GAS  C:\Users\admin\AppData\Local\Temp\ccRBlDTz.s 			page 10


 356:Core/Lib/neo8m.c ****     double min = value - (degrees * 100);
 357:Core/Lib/neo8m.c ****     
 358:Core/Lib/neo8m.c ****     // Convert to decimal degrees
 359:Core/Lib/neo8m.c ****     double result = degrees + (min / 60.0);
 360:Core/Lib/neo8m.c ****     
 361:Core/Lib/neo8m.c ****     // Apply direction
 362:Core/Lib/neo8m.c ****     if (dir == 'S' || dir == 'W') {
 363:Core/Lib/neo8m.c ****         result = -result;
 364:Core/Lib/neo8m.c ****     }
 365:Core/Lib/neo8m.c ****     
 366:Core/Lib/neo8m.c ****     return result;
 367:Core/Lib/neo8m.c **** }
 368:Core/Lib/neo8m.c **** 
 369:Core/Lib/neo8m.c **** static void neo8m_parse_time(const char *time_str, neo8m_time_t *time)
 370:Core/Lib/neo8m.c **** {
 371:Core/Lib/neo8m.c ****   //format: hhmmss.sss
 372:Core/Lib/neo8m.c ****   if (strlen(time_str) < 6)
 373:Core/Lib/neo8m.c ****   {
 374:Core/Lib/neo8m.c ****     return;
 375:Core/Lib/neo8m.c ****   }
 376:Core/Lib/neo8m.c ****   char buf[3];
 377:Core/Lib/neo8m.c ****   buf[0] = time_str[0];
 378:Core/Lib/neo8m.c ****   buf[1] = time_str[1];
 379:Core/Lib/neo8m.c ****   buf[2] = '\0';
 380:Core/Lib/neo8m.c ****   time->hour = atoi(buf);
 381:Core/Lib/neo8m.c **** 
 382:Core/Lib/neo8m.c ****   buf[0] = time_str[2];
 383:Core/Lib/neo8m.c ****   buf[1] = time_str[3];
 384:Core/Lib/neo8m.c ****   time->minute = atoi(buf);
 385:Core/Lib/neo8m.c **** 
 386:Core/Lib/neo8m.c ****   buf[0] = time_str[4];
 387:Core/Lib/neo8m.c ****   buf[1] = time_str[5];
 388:Core/Lib/neo8m.c ****   time->second = atoi(buf);
 389:Core/Lib/neo8m.c **** 
 390:Core/Lib/neo8m.c ****   //milliseconds if available
 391:Core/Lib/neo8m.c ****   if (strlen(time_str) > 7)
 392:Core/Lib/neo8m.c ****   {
 393:Core/Lib/neo8m.c ****     time->millisecond = (uint16_t)(atof(time_str + 6) * 1000);
 394:Core/Lib/neo8m.c ****   }
 395:Core/Lib/neo8m.c **** }
 396:Core/Lib/neo8m.c **** 
 397:Core/Lib/neo8m.c **** static void neo8m_parse_date(const char *date_str, neo8m_date_t *date)
 398:Core/Lib/neo8m.c **** {
 156              		.loc 1 398 1 is_stmt 1 view -0
 157              		.cfi_startproc
 158              		@ args = 0, pretend = 0, frame = 8
 159              		@ frame_needed = 0, uses_anonymous_args = 0
 160              		.loc 1 398 1 is_stmt 0 view .LVU36
 161 0000 30B5     		push	{r4, r5, lr}
 162              	.LCFI1:
 163              		.cfi_def_cfa_offset 12
 164              		.cfi_offset 4, -12
 165              		.cfi_offset 5, -8
 166              		.cfi_offset 14, -4
 167 0002 83B0     		sub	sp, sp, #12
 168              	.LCFI2:
 169              		.cfi_def_cfa_offset 24
ARM GAS  C:\Users\admin\AppData\Local\Temp\ccRBlDTz.s 			page 11


 170 0004 0446     		mov	r4, r0
 171 0006 0D46     		mov	r5, r1
 399:Core/Lib/neo8m.c ****   //format: ddmmyy
 400:Core/Lib/neo8m.c ****   if (strlen(date_str) < 6) return;
 172              		.loc 1 400 3 is_stmt 1 view .LVU37
 173              		.loc 1 400 7 is_stmt 0 view .LVU38
 174 0008 FFF7FEFF 		bl	strlen
 175              	.LVL18:
 176              		.loc 1 400 6 view .LVU39
 177 000c 0528     		cmp	r0, #5
 178 000e 01D8     		bhi	.L12
 179              	.L8:
 401:Core/Lib/neo8m.c ****   char buf[3];
 402:Core/Lib/neo8m.c ****   buf[0] = date_str[0];
 403:Core/Lib/neo8m.c ****   buf[1] = date_str[1];
 404:Core/Lib/neo8m.c ****   buf[2] = '\0';
 405:Core/Lib/neo8m.c ****   date->day = atoi(buf);
 406:Core/Lib/neo8m.c **** 
 407:Core/Lib/neo8m.c ****   buf[0] = date_str[2];
 408:Core/Lib/neo8m.c ****   buf[1] = date_str[3];
 409:Core/Lib/neo8m.c ****   date->month = atoi(buf);
 410:Core/Lib/neo8m.c **** 
 411:Core/Lib/neo8m.c ****   buf[0] = date_str[4];
 412:Core/Lib/neo8m.c ****   buf[1] = date_str[5];
 413:Core/Lib/neo8m.c ****   date->year = 2000 + atoi(buf);
 414:Core/Lib/neo8m.c **** }
 180              		.loc 1 414 1 view .LVU40
 181 0010 03B0     		add	sp, sp, #12
 182              	.LCFI3:
 183              		.cfi_remember_state
 184              		.cfi_def_cfa_offset 12
 185              		@ sp needed
 186 0012 30BD     		pop	{r4, r5, pc}
 187              	.LVL19:
 188              	.L12:
 189              	.LCFI4:
 190              		.cfi_restore_state
 401:Core/Lib/neo8m.c ****   char buf[3];
 191              		.loc 1 401 3 is_stmt 1 view .LVU41
 402:Core/Lib/neo8m.c ****   buf[1] = date_str[1];
 192              		.loc 1 402 3 view .LVU42
 402:Core/Lib/neo8m.c ****   buf[1] = date_str[1];
 193              		.loc 1 402 20 is_stmt 0 view .LVU43
 194 0014 2378     		ldrb	r3, [r4]	@ zero_extendqisi2
 402:Core/Lib/neo8m.c ****   buf[1] = date_str[1];
 195              		.loc 1 402 10 view .LVU44
 196 0016 8DF80430 		strb	r3, [sp, #4]
 403:Core/Lib/neo8m.c ****   buf[2] = '\0';
 197              		.loc 1 403 3 is_stmt 1 view .LVU45
 403:Core/Lib/neo8m.c ****   buf[2] = '\0';
 198              		.loc 1 403 10 is_stmt 0 view .LVU46
 199 001a 6378     		ldrb	r3, [r4, #1]	@ zero_extendqisi2
 200 001c 8DF80530 		strb	r3, [sp, #5]
 404:Core/Lib/neo8m.c ****   date->day = atoi(buf);
 201              		.loc 1 404 3 is_stmt 1 view .LVU47
 404:Core/Lib/neo8m.c ****   date->day = atoi(buf);
 202              		.loc 1 404 10 is_stmt 0 view .LVU48
ARM GAS  C:\Users\admin\AppData\Local\Temp\ccRBlDTz.s 			page 12


 203 0020 0023     		movs	r3, #0
 204 0022 8DF80630 		strb	r3, [sp, #6]
 405:Core/Lib/neo8m.c **** 
 205              		.loc 1 405 3 is_stmt 1 view .LVU49
 405:Core/Lib/neo8m.c **** 
 206              		.loc 1 405 15 is_stmt 0 view .LVU50
 207 0026 01A8     		add	r0, sp, #4
 208 0028 FFF7FEFF 		bl	atoi
 209              	.LVL20:
 405:Core/Lib/neo8m.c **** 
 210              		.loc 1 405 13 view .LVU51
 211 002c 2870     		strb	r0, [r5]
 407:Core/Lib/neo8m.c ****   buf[1] = date_str[3];
 212              		.loc 1 407 3 is_stmt 1 view .LVU52
 407:Core/Lib/neo8m.c ****   buf[1] = date_str[3];
 213              		.loc 1 407 10 is_stmt 0 view .LVU53
 214 002e A378     		ldrb	r3, [r4, #2]	@ zero_extendqisi2
 215 0030 8DF80430 		strb	r3, [sp, #4]
 408:Core/Lib/neo8m.c ****   date->month = atoi(buf);
 216              		.loc 1 408 3 is_stmt 1 view .LVU54
 408:Core/Lib/neo8m.c ****   date->month = atoi(buf);
 217              		.loc 1 408 10 is_stmt 0 view .LVU55
 218 0034 E378     		ldrb	r3, [r4, #3]	@ zero_extendqisi2
 219 0036 8DF80530 		strb	r3, [sp, #5]
 409:Core/Lib/neo8m.c **** 
 220              		.loc 1 409 3 is_stmt 1 view .LVU56
 409:Core/Lib/neo8m.c **** 
 221              		.loc 1 409 17 is_stmt 0 view .LVU57
 222 003a 01A8     		add	r0, sp, #4
 223 003c FFF7FEFF 		bl	atoi
 224              	.LVL21:
 409:Core/Lib/neo8m.c **** 
 225              		.loc 1 409 15 view .LVU58
 226 0040 6870     		strb	r0, [r5, #1]
 411:Core/Lib/neo8m.c ****   buf[1] = date_str[5];
 227              		.loc 1 411 3 is_stmt 1 view .LVU59
 411:Core/Lib/neo8m.c ****   buf[1] = date_str[5];
 228              		.loc 1 411 10 is_stmt 0 view .LVU60
 229 0042 2379     		ldrb	r3, [r4, #4]	@ zero_extendqisi2
 230 0044 8DF80430 		strb	r3, [sp, #4]
 412:Core/Lib/neo8m.c ****   date->year = 2000 + atoi(buf);
 231              		.loc 1 412 3 is_stmt 1 view .LVU61
 412:Core/Lib/neo8m.c ****   date->year = 2000 + atoi(buf);
 232              		.loc 1 412 10 is_stmt 0 view .LVU62
 233 0048 6379     		ldrb	r3, [r4, #5]	@ zero_extendqisi2
 234 004a 8DF80530 		strb	r3, [sp, #5]
 413:Core/Lib/neo8m.c **** }
 235              		.loc 1 413 3 is_stmt 1 view .LVU63
 413:Core/Lib/neo8m.c **** }
 236              		.loc 1 413 23 is_stmt 0 view .LVU64
 237 004e 01A8     		add	r0, sp, #4
 238 0050 FFF7FEFF 		bl	atoi
 239              	.LVL22:
 413:Core/Lib/neo8m.c **** }
 240              		.loc 1 413 21 view .LVU65
 241 0054 00F5FA60 		add	r0, r0, #2000
 413:Core/Lib/neo8m.c **** }
ARM GAS  C:\Users\admin\AppData\Local\Temp\ccRBlDTz.s 			page 13


 242              		.loc 1 413 14 view .LVU66
 243 0058 6880     		strh	r0, [r5, #2]	@ movhi
 244 005a D9E7     		b	.L8
 245              		.cfi_endproc
 246              	.LFE160:
 248              		.section	.text.neo8m_parse_time,"ax",%progbits
 249              		.align	1
 250              		.syntax unified
 251              		.thumb
 252              		.thumb_func
 254              	neo8m_parse_time:
 255              	.LVL23:
 256              	.LFB159:
 370:Core/Lib/neo8m.c ****   //format: hhmmss.sss
 257              		.loc 1 370 1 is_stmt 1 view -0
 258              		.cfi_startproc
 259              		@ args = 0, pretend = 0, frame = 8
 260              		@ frame_needed = 0, uses_anonymous_args = 0
 370:Core/Lib/neo8m.c ****   //format: hhmmss.sss
 261              		.loc 1 370 1 is_stmt 0 view .LVU68
 262 0000 30B5     		push	{r4, r5, lr}
 263              	.LCFI5:
 264              		.cfi_def_cfa_offset 12
 265              		.cfi_offset 4, -12
 266              		.cfi_offset 5, -8
 267              		.cfi_offset 14, -4
 268 0002 83B0     		sub	sp, sp, #12
 269              	.LCFI6:
 270              		.cfi_def_cfa_offset 24
 271 0004 0446     		mov	r4, r0
 272 0006 0D46     		mov	r5, r1
 372:Core/Lib/neo8m.c ****   {
 273              		.loc 1 372 3 is_stmt 1 view .LVU69
 372:Core/Lib/neo8m.c ****   {
 274              		.loc 1 372 7 is_stmt 0 view .LVU70
 275 0008 FFF7FEFF 		bl	strlen
 276              	.LVL24:
 372:Core/Lib/neo8m.c ****   {
 277              		.loc 1 372 6 view .LVU71
 278 000c 0528     		cmp	r0, #5
 279 000e 01D8     		bhi	.L18
 280              	.L13:
 395:Core/Lib/neo8m.c **** 
 281              		.loc 1 395 1 view .LVU72
 282 0010 03B0     		add	sp, sp, #12
 283              	.LCFI7:
 284              		.cfi_remember_state
 285              		.cfi_def_cfa_offset 12
 286              		@ sp needed
 287 0012 30BD     		pop	{r4, r5, pc}
 288              	.LVL25:
 289              	.L18:
 290              	.LCFI8:
 291              		.cfi_restore_state
 376:Core/Lib/neo8m.c ****   buf[0] = time_str[0];
 292              		.loc 1 376 3 is_stmt 1 view .LVU73
 377:Core/Lib/neo8m.c ****   buf[1] = time_str[1];
ARM GAS  C:\Users\admin\AppData\Local\Temp\ccRBlDTz.s 			page 14


 293              		.loc 1 377 3 view .LVU74
 377:Core/Lib/neo8m.c ****   buf[1] = time_str[1];
 294              		.loc 1 377 20 is_stmt 0 view .LVU75
 295 0014 2378     		ldrb	r3, [r4]	@ zero_extendqisi2
 377:Core/Lib/neo8m.c ****   buf[1] = time_str[1];
 296              		.loc 1 377 10 view .LVU76
 297 0016 8DF80430 		strb	r3, [sp, #4]
 378:Core/Lib/neo8m.c ****   buf[2] = '\0';
 298              		.loc 1 378 3 is_stmt 1 view .LVU77
 378:Core/Lib/neo8m.c ****   buf[2] = '\0';
 299              		.loc 1 378 10 is_stmt 0 view .LVU78
 300 001a 6378     		ldrb	r3, [r4, #1]	@ zero_extendqisi2
 301 001c 8DF80530 		strb	r3, [sp, #5]
 379:Core/Lib/neo8m.c ****   time->hour = atoi(buf);
 302              		.loc 1 379 3 is_stmt 1 view .LVU79
 379:Core/Lib/neo8m.c ****   time->hour = atoi(buf);
 303              		.loc 1 379 10 is_stmt 0 view .LVU80
 304 0020 0023     		movs	r3, #0
 305 0022 8DF80630 		strb	r3, [sp, #6]
 380:Core/Lib/neo8m.c **** 
 306              		.loc 1 380 3 is_stmt 1 view .LVU81
 380:Core/Lib/neo8m.c **** 
 307              		.loc 1 380 16 is_stmt 0 view .LVU82
 308 0026 01A8     		add	r0, sp, #4
 309 0028 FFF7FEFF 		bl	atoi
 310              	.LVL26:
 380:Core/Lib/neo8m.c **** 
 311              		.loc 1 380 14 view .LVU83
 312 002c 2870     		strb	r0, [r5]
 382:Core/Lib/neo8m.c ****   buf[1] = time_str[3];
 313              		.loc 1 382 3 is_stmt 1 view .LVU84
 382:Core/Lib/neo8m.c ****   buf[1] = time_str[3];
 314              		.loc 1 382 10 is_stmt 0 view .LVU85
 315 002e A378     		ldrb	r3, [r4, #2]	@ zero_extendqisi2
 316 0030 8DF80430 		strb	r3, [sp, #4]
 383:Core/Lib/neo8m.c ****   time->minute = atoi(buf);
 317              		.loc 1 383 3 is_stmt 1 view .LVU86
 383:Core/Lib/neo8m.c ****   time->minute = atoi(buf);
 318              		.loc 1 383 10 is_stmt 0 view .LVU87
 319 0034 E378     		ldrb	r3, [r4, #3]	@ zero_extendqisi2
 320 0036 8DF80530 		strb	r3, [sp, #5]
 384:Core/Lib/neo8m.c **** 
 321              		.loc 1 384 3 is_stmt 1 view .LVU88
 384:Core/Lib/neo8m.c **** 
 322              		.loc 1 384 18 is_stmt 0 view .LVU89
 323 003a 01A8     		add	r0, sp, #4
 324 003c FFF7FEFF 		bl	atoi
 325              	.LVL27:
 384:Core/Lib/neo8m.c **** 
 326              		.loc 1 384 16 view .LVU90
 327 0040 6870     		strb	r0, [r5, #1]
 386:Core/Lib/neo8m.c ****   buf[1] = time_str[5];
 328              		.loc 1 386 3 is_stmt 1 view .LVU91
 386:Core/Lib/neo8m.c ****   buf[1] = time_str[5];
 329              		.loc 1 386 10 is_stmt 0 view .LVU92
 330 0042 2379     		ldrb	r3, [r4, #4]	@ zero_extendqisi2
 331 0044 8DF80430 		strb	r3, [sp, #4]
ARM GAS  C:\Users\admin\AppData\Local\Temp\ccRBlDTz.s 			page 15


 387:Core/Lib/neo8m.c ****   time->second = atoi(buf);
 332              		.loc 1 387 3 is_stmt 1 view .LVU93
 387:Core/Lib/neo8m.c ****   time->second = atoi(buf);
 333              		.loc 1 387 10 is_stmt 0 view .LVU94
 334 0048 6379     		ldrb	r3, [r4, #5]	@ zero_extendqisi2
 335 004a 8DF80530 		strb	r3, [sp, #5]
 388:Core/Lib/neo8m.c **** 
 336              		.loc 1 388 3 is_stmt 1 view .LVU95
 388:Core/Lib/neo8m.c **** 
 337              		.loc 1 388 18 is_stmt 0 view .LVU96
 338 004e 01A8     		add	r0, sp, #4
 339 0050 FFF7FEFF 		bl	atoi
 340              	.LVL28:
 388:Core/Lib/neo8m.c **** 
 341              		.loc 1 388 16 view .LVU97
 342 0054 A870     		strb	r0, [r5, #2]
 391:Core/Lib/neo8m.c ****   {
 343              		.loc 1 391 3 is_stmt 1 view .LVU98
 391:Core/Lib/neo8m.c ****   {
 344              		.loc 1 391 7 is_stmt 0 view .LVU99
 345 0056 2046     		mov	r0, r4
 346 0058 FFF7FEFF 		bl	strlen
 347              	.LVL29:
 391:Core/Lib/neo8m.c ****   {
 348              		.loc 1 391 6 view .LVU100
 349 005c 0728     		cmp	r0, #7
 350 005e D7D9     		bls	.L13
 393:Core/Lib/neo8m.c ****   }
 351              		.loc 1 393 5 is_stmt 1 view .LVU101
 393:Core/Lib/neo8m.c ****   }
 352              		.loc 1 393 36 is_stmt 0 view .LVU102
 353 0060 A01D     		adds	r0, r4, #6
 354 0062 FFF7FEFF 		bl	atof
 355              	.LVL30:
 393:Core/Lib/neo8m.c ****   }
 356              		.loc 1 393 55 view .LVU103
 357 0066 9FED067B 		vldr.64	d7, .L19
 358 006a 20EE070B 		vmul.f64	d0, d0, d7
 393:Core/Lib/neo8m.c ****   }
 359              		.loc 1 393 25 view .LVU104
 360 006e BCEEC00B 		vcvt.u32.f64	s0, d0
 393:Core/Lib/neo8m.c ****   }
 361              		.loc 1 393 23 view .LVU105
 362 0072 10EE103A 		vmov	r3, s0	@ int
 363 0076 AB80     		strh	r3, [r5, #4]	@ movhi
 364 0078 CAE7     		b	.L13
 365              	.L20:
 366 007a 00BFAFF3 		.align	3
 366      0080
 367              	.L19:
 368 0080 00000000 		.word	0
 369 0084 00408F40 		.word	1083129856
 370              		.cfi_endproc
 371              	.LFE159:
 373              		.section	.text.neo8m_parse_coordinate,"ax",%progbits
 374              		.align	1
 375              		.syntax unified
ARM GAS  C:\Users\admin\AppData\Local\Temp\ccRBlDTz.s 			page 16


 376              		.thumb
 377              		.thumb_func
 379              	neo8m_parse_coordinate:
 380              	.LVL31:
 381              	.LFB158:
 340:Core/Lib/neo8m.c ****   if (strlen(coord) < 4)
 382              		.loc 1 340 1 is_stmt 1 view -0
 383              		.cfi_startproc
 384              		@ args = 0, pretend = 0, frame = 0
 385              		@ frame_needed = 0, uses_anonymous_args = 0
 340:Core/Lib/neo8m.c ****   if (strlen(coord) < 4)
 386              		.loc 1 340 1 is_stmt 0 view .LVU107
 387 0000 38B5     		push	{r3, r4, r5, lr}
 388              	.LCFI9:
 389              		.cfi_def_cfa_offset 16
 390              		.cfi_offset 3, -16
 391              		.cfi_offset 4, -12
 392              		.cfi_offset 5, -8
 393              		.cfi_offset 14, -4
 394 0002 0546     		mov	r5, r0
 395 0004 0C46     		mov	r4, r1
 341:Core/Lib/neo8m.c ****   {
 396              		.loc 1 341 3 is_stmt 1 view .LVU108
 341:Core/Lib/neo8m.c ****   {
 397              		.loc 1 341 7 is_stmt 0 view .LVU109
 398 0006 FFF7FEFF 		bl	strlen
 399              	.LVL32:
 341:Core/Lib/neo8m.c ****   {
 400              		.loc 1 341 6 view .LVU110
 401 000a 0328     		cmp	r0, #3
 402 000c 02D8     		bhi	.L30
 343:Core/Lib/neo8m.c ****   }
 403              		.loc 1 343 12 view .LVU111
 404 000e 9FED1A0B 		vldr.64	d0, .L31
 405              	.L21:
 367:Core/Lib/neo8m.c **** 
 406              		.loc 1 367 1 view .LVU112
 407 0012 38BD     		pop	{r3, r4, r5, pc}
 408              	.LVL33:
 409              	.L30:
 346:Core/Lib/neo8m.c ****   //extract degrees (first 2 or 3 digits)
 410              		.loc 1 346 3 is_stmt 1 view .LVU113
 346:Core/Lib/neo8m.c ****   //extract degrees (first 2 or 3 digits)
 411              		.loc 1 346 18 is_stmt 0 view .LVU114
 412 0014 2846     		mov	r0, r5
 413 0016 FFF7FEFF 		bl	atof
 414              	.LVL34:
 348:Core/Lib/neo8m.c ****   if (value >= 10000) //longtitude
 415              		.loc 1 348 3 is_stmt 1 view .LVU115
 349:Core/Lib/neo8m.c ****   {
 416              		.loc 1 349 3 view .LVU116
 349:Core/Lib/neo8m.c ****   {
 417              		.loc 1 349 6 is_stmt 0 view .LVU117
 418 001a 9FED197B 		vldr.64	d7, .L31+8
 419 001e B4EEC70B 		vcmpe.f64	d0, d7
 420 0022 F1EE10FA 		vmrs	APSR_nzcv, FPSCR
 421 0026 1FDB     		blt	.L28
ARM GAS  C:\Users\admin\AppData\Local\Temp\ccRBlDTz.s 			page 17


 351:Core/Lib/neo8m.c ****   } else { //latitude
 422              		.loc 1 351 5 is_stmt 1 view .LVU118
 351:Core/Lib/neo8m.c ****   } else { //latitude
 423              		.loc 1 351 27 is_stmt 0 view .LVU119
 424 0028 9FED176B 		vldr.64	d6, .L31+16
 425 002c 80EE067B 		vdiv.f64	d7, d0, d6
 351:Core/Lib/neo8m.c ****   } else { //latitude
 426              		.loc 1 351 13 view .LVU120
 427 0030 BDEEC77B 		vcvt.s32.f64	s14, d7
 428              	.LVL35:
 429              	.L25:
 356:Core/Lib/neo8m.c ****     
 430              		.loc 1 356 5 is_stmt 1 view .LVU121
 356:Core/Lib/neo8m.c ****     
 431              		.loc 1 356 35 is_stmt 0 view .LVU122
 432 0034 6423     		movs	r3, #100
 433 0036 17EE102A 		vmov	r2, s14	@ int
 434 003a 03FB02F3 		mul	r3, r3, r2
 435 003e 06EE103A 		vmov	s12, r3	@ int
 356:Core/Lib/neo8m.c ****     
 436              		.loc 1 356 24 view .LVU123
 437 0042 B8EEC66B 		vcvt.f64.s32	d6, s12
 356:Core/Lib/neo8m.c ****     
 438              		.loc 1 356 12 view .LVU124
 439 0046 30EE466B 		vsub.f64	d6, d0, d6
 440              	.LVL36:
 359:Core/Lib/neo8m.c ****     
 441              		.loc 1 359 5 is_stmt 1 view .LVU125
 359:Core/Lib/neo8m.c ****     
 442              		.loc 1 359 29 is_stmt 0 view .LVU126
 443 004a B8EEC70B 		vcvt.f64.s32	d0, s14
 444              	.LVL37:
 359:Core/Lib/neo8m.c ****     
 445              		.loc 1 359 36 view .LVU127
 446 004e 9FED105B 		vldr.64	d5, .L31+24
 447 0052 86EE057B 		vdiv.f64	d7, d6, d5
 448              	.LVL38:
 359:Core/Lib/neo8m.c ****     
 449              		.loc 1 359 12 view .LVU128
 450 0056 30EE070B 		vadd.f64	d0, d0, d7
 451              	.LVL39:
 362:Core/Lib/neo8m.c ****         result = -result;
 452              		.loc 1 362 5 is_stmt 1 view .LVU129
 362:Core/Lib/neo8m.c ****         result = -result;
 453              		.loc 1 362 8 is_stmt 0 view .LVU130
 454 005a 572C     		cmp	r4, #87
 455 005c 18BF     		it	ne
 456 005e 532C     		cmpne	r4, #83
 457 0060 D7D1     		bne	.L21
 363:Core/Lib/neo8m.c ****     }
 458              		.loc 1 363 9 is_stmt 1 view .LVU131
 363:Core/Lib/neo8m.c ****     }
 459              		.loc 1 363 16 is_stmt 0 view .LVU132
 460 0062 B1EE400B 		vneg.f64	d0, d0
 461              	.LVL40:
 363:Core/Lib/neo8m.c ****     }
 462              		.loc 1 363 16 view .LVU133
ARM GAS  C:\Users\admin\AppData\Local\Temp\ccRBlDTz.s 			page 18


 463 0066 D4E7     		b	.L21
 464              	.LVL41:
 465              	.L28:
 353:Core/Lib/neo8m.c ****   }
 466              		.loc 1 353 5 is_stmt 1 view .LVU134
 353:Core/Lib/neo8m.c ****   }
 467              		.loc 1 353 27 is_stmt 0 view .LVU135
 468 0068 9FED076B 		vldr.64	d6, .L31+16
 469 006c 80EE067B 		vdiv.f64	d7, d0, d6
 353:Core/Lib/neo8m.c ****   }
 470              		.loc 1 353 13 view .LVU136
 471 0070 BDEEC77B 		vcvt.s32.f64	s14, d7
 472              	.LVL42:
 353:Core/Lib/neo8m.c ****   }
 473              		.loc 1 353 13 view .LVU137
 474 0074 DEE7     		b	.L25
 475              	.L32:
 476 0076 00BF     		.align	3
 477              	.L31:
 478 0078 00000000 		.word	0
 479 007c 00000000 		.word	0
 480 0080 00000000 		.word	0
 481 0084 0088C340 		.word	1086556160
 482 0088 00000000 		.word	0
 483 008c 00005940 		.word	1079574528
 484 0090 00000000 		.word	0
 485 0094 00004E40 		.word	1078853632
 486              		.cfi_endproc
 487              	.LFE158:
 489              		.section	.rodata.neo8m_parse_gga.str1.4,"aMS",%progbits,1
 490              		.align	2
 491              	.LC0:
 492 0000 2C00     		.ascii	",\000"
 493              		.section	.text.neo8m_parse_gga,"ax",%progbits
 494              		.align	1
 495              		.syntax unified
 496              		.thumb
 497              		.thumb_func
 499              	neo8m_parse_gga:
 500              	.LVL43:
 501              	.LFB154:
 187:Core/Lib/neo8m.c ****   char buffer[NMEA_MAX_LENGTH];
 502              		.loc 1 187 1 is_stmt 1 view -0
 503              		.cfi_startproc
 504              		@ args = 0, pretend = 0, frame = 160
 505              		@ frame_needed = 0, uses_anonymous_args = 0
 187:Core/Lib/neo8m.c ****   char buffer[NMEA_MAX_LENGTH];
 506              		.loc 1 187 1 is_stmt 0 view .LVU139
 507 0000 2DE9F043 		push	{r4, r5, r6, r7, r8, r9, lr}
 508              	.LCFI10:
 509              		.cfi_def_cfa_offset 28
 510              		.cfi_offset 4, -28
 511              		.cfi_offset 5, -24
 512              		.cfi_offset 6, -20
 513              		.cfi_offset 7, -16
 514              		.cfi_offset 8, -12
 515              		.cfi_offset 9, -8
ARM GAS  C:\Users\admin\AppData\Local\Temp\ccRBlDTz.s 			page 19


 516              		.cfi_offset 14, -4
 517 0004 A9B0     		sub	sp, sp, #164
 518              	.LCFI11:
 519              		.cfi_def_cfa_offset 192
 520 0006 0546     		mov	r5, r0
 188:Core/Lib/neo8m.c ****   strncpy(buffer, sentence, sizeof(buffer) - 1);
 521              		.loc 1 188 3 is_stmt 1 view .LVU140
 189:Core/Lib/neo8m.c ****   char *token = strtok(buffer, ",");
 522              		.loc 1 189 3 view .LVU141
 523 0008 5122     		movs	r2, #81
 524 000a 13A8     		add	r0, sp, #76
 525              	.LVL44:
 189:Core/Lib/neo8m.c ****   char *token = strtok(buffer, ",");
 526              		.loc 1 189 3 is_stmt 0 view .LVU142
 527 000c FFF7FEFF 		bl	strncpy
 528              	.LVL45:
 190:Core/Lib/neo8m.c ****   uint8_t field = 0;
 529              		.loc 1 190 3 is_stmt 1 view .LVU143
 190:Core/Lib/neo8m.c ****   uint8_t field = 0;
 530              		.loc 1 190 17 is_stmt 0 view .LVU144
 531 0010 5649     		ldr	r1, .L58
 532 0012 13A8     		add	r0, sp, #76
 533 0014 FFF7FEFF 		bl	strtok
 534              	.LVL46:
 191:Core/Lib/neo8m.c **** 
 535              		.loc 1 191 3 is_stmt 1 view .LVU145
 193:Core/Lib/neo8m.c ****   char lat_str[16] = {0};
 536              		.loc 1 193 3 view .LVU146
 193:Core/Lib/neo8m.c ****   char lat_str[16] = {0};
 537              		.loc 1 193 8 is_stmt 0 view .LVU147
 538 0018 0024     		movs	r4, #0
 539 001a 0F94     		str	r4, [sp, #60]
 540 001c 1094     		str	r4, [sp, #64]
 541 001e 1194     		str	r4, [sp, #68]
 542 0020 1294     		str	r4, [sp, #72]
 194:Core/Lib/neo8m.c ****   char lat_dir = 'N';
 543              		.loc 1 194 3 is_stmt 1 view .LVU148
 194:Core/Lib/neo8m.c ****   char lat_dir = 'N';
 544              		.loc 1 194 8 is_stmt 0 view .LVU149
 545 0022 0B94     		str	r4, [sp, #44]
 546 0024 0C94     		str	r4, [sp, #48]
 547 0026 0D94     		str	r4, [sp, #52]
 548 0028 0E94     		str	r4, [sp, #56]
 195:Core/Lib/neo8m.c ****   char lon_str[16] = {0};
 549              		.loc 1 195 3 is_stmt 1 view .LVU150
 550              	.LVL47:
 196:Core/Lib/neo8m.c ****   char lon_dir = 'E';
 551              		.loc 1 196 3 view .LVU151
 196:Core/Lib/neo8m.c ****   char lon_dir = 'E';
 552              		.loc 1 196 8 is_stmt 0 view .LVU152
 553 002a 0794     		str	r4, [sp, #28]
 554 002c 0894     		str	r4, [sp, #32]
 555 002e 0994     		str	r4, [sp, #36]
 556 0030 0A94     		str	r4, [sp, #40]
 197:Core/Lib/neo8m.c ****   uint8_t fix_quality = 0;
 557              		.loc 1 197 3 is_stmt 1 view .LVU153
 558              	.LVL48:
ARM GAS  C:\Users\admin\AppData\Local\Temp\ccRBlDTz.s 			page 20


 198:Core/Lib/neo8m.c ****   uint8_t satellites = 0;
 559              		.loc 1 198 3 view .LVU154
 199:Core/Lib/neo8m.c ****   char hdop_str[8] = {0};
 560              		.loc 1 199 3 view .LVU155
 200:Core/Lib/neo8m.c ****   char alt_str[16] = {0};
 561              		.loc 1 200 3 view .LVU156
 200:Core/Lib/neo8m.c ****   char alt_str[16] = {0};
 562              		.loc 1 200 8 is_stmt 0 view .LVU157
 563 0032 0594     		str	r4, [sp, #20]
 564 0034 0694     		str	r4, [sp, #24]
 201:Core/Lib/neo8m.c **** 
 565              		.loc 1 201 3 is_stmt 1 view .LVU158
 201:Core/Lib/neo8m.c **** 
 566              		.loc 1 201 8 is_stmt 0 view .LVU159
 567 0036 0194     		str	r4, [sp, #4]
 568 0038 0294     		str	r4, [sp, #8]
 569 003a 0394     		str	r4, [sp, #12]
 570 003c 0494     		str	r4, [sp, #16]
 203:Core/Lib/neo8m.c ****   {
 571              		.loc 1 203 3 is_stmt 1 view .LVU160
 199:Core/Lib/neo8m.c ****   char hdop_str[8] = {0};
 572              		.loc 1 199 11 is_stmt 0 view .LVU161
 573 003e 2746     		mov	r7, r4
 198:Core/Lib/neo8m.c ****   uint8_t satellites = 0;
 574              		.loc 1 198 11 view .LVU162
 575 0040 2646     		mov	r6, r4
 197:Core/Lib/neo8m.c ****   uint8_t fix_quality = 0;
 576              		.loc 1 197 8 view .LVU163
 577 0042 4FF04508 		mov	r8, #69
 195:Core/Lib/neo8m.c ****   char lon_str[16] = {0};
 578              		.loc 1 195 8 view .LVU164
 579 0046 4FF04E09 		mov	r9, #78
 203:Core/Lib/neo8m.c ****   {
 580              		.loc 1 203 9 view .LVU165
 581 004a 0AE0     		b	.L34
 582              	.LVL49:
 583              	.L45:
 207:Core/Lib/neo8m.c ****     case 2: strncpy(lat_str, token, sizeof(lat_str) - 1); break;
 584              		.loc 1 207 13 is_stmt 1 view .LVU166
 585 004c 0F22     		movs	r2, #15
 586 004e 0146     		mov	r1, r0
 587 0050 0FA8     		add	r0, sp, #60
 588              	.LVL50:
 207:Core/Lib/neo8m.c ****     case 2: strncpy(lat_str, token, sizeof(lat_str) - 1); break;
 589              		.loc 1 207 13 is_stmt 0 view .LVU167
 590 0052 FFF7FEFF 		bl	strncpy
 591              	.LVL51:
 207:Core/Lib/neo8m.c ****     case 2: strncpy(lat_str, token, sizeof(lat_str) - 1); break;
 592              		.loc 1 207 61 is_stmt 1 view .LVU168
 593              	.L35:
 220:Core/Lib/neo8m.c ****     field++;
 594              		.loc 1 220 5 view .LVU169
 220:Core/Lib/neo8m.c ****     field++;
 595              		.loc 1 220 13 is_stmt 0 view .LVU170
 596 0056 4549     		ldr	r1, .L58
 597 0058 0020     		movs	r0, #0
 598 005a FFF7FEFF 		bl	strtok
ARM GAS  C:\Users\admin\AppData\Local\Temp\ccRBlDTz.s 			page 21


 599              	.LVL52:
 221:Core/Lib/neo8m.c ****   }
 600              		.loc 1 221 5 is_stmt 1 view .LVU171
 221:Core/Lib/neo8m.c ****   }
 601              		.loc 1 221 10 is_stmt 0 view .LVU172
 602 005e 0134     		adds	r4, r4, #1
 603              	.LVL53:
 221:Core/Lib/neo8m.c ****   }
 604              		.loc 1 221 10 view .LVU173
 605 0060 E4B2     		uxtb	r4, r4
 606              	.LVL54:
 607              	.L34:
 203:Core/Lib/neo8m.c ****   {
 608              		.loc 1 203 9 is_stmt 1 view .LVU174
 609 0062 0028     		cmp	r0, #0
 610 0064 3ED0     		beq	.L54
 205:Core/Lib/neo8m.c ****     {
 611              		.loc 1 205 5 view .LVU175
 612 0066 631E     		subs	r3, r4, #1
 613 0068 082B     		cmp	r3, #8
 614 006a F4D8     		bhi	.L35
 615 006c 01A2     		adr	r2, .L37
 616 006e 52F823F0 		ldr	pc, [r2, r3, lsl #2]
 617 0072 00BF     		.p2align 2
 618              	.L37:
 619 0074 4D000000 		.word	.L45+1
 620 0078 99000000 		.word	.L44+1
 621 007c A5000000 		.word	.L43+1
 622 0080 AB000000 		.word	.L42+1
 623 0084 B7000000 		.word	.L41+1
 624 0088 BD000000 		.word	.L40+1
 625 008c C5000000 		.word	.L39+1
 626 0090 CD000000 		.word	.L38+1
 627 0094 D9000000 		.word	.L36+1
 628              		.p2align 1
 629              	.L44:
 208:Core/Lib/neo8m.c ****     case 3: lat_dir = token[0]; break;
 630              		.loc 1 208 13 view .LVU176
 631 0098 0F22     		movs	r2, #15
 632 009a 0146     		mov	r1, r0
 633 009c 0BA8     		add	r0, sp, #44
 634              	.LVL55:
 208:Core/Lib/neo8m.c ****     case 3: lat_dir = token[0]; break;
 635              		.loc 1 208 13 is_stmt 0 view .LVU177
 636 009e FFF7FEFF 		bl	strncpy
 637              	.LVL56:
 208:Core/Lib/neo8m.c ****     case 3: lat_dir = token[0]; break;
 638              		.loc 1 208 59 is_stmt 1 view .LVU178
 208:Core/Lib/neo8m.c ****     case 3: lat_dir = token[0]; break;
 639              		.loc 1 208 5 is_stmt 0 view .LVU179
 640 00a2 D8E7     		b	.L35
 641              	.LVL57:
 642              	.L43:
 209:Core/Lib/neo8m.c ****     case 4: strncpy(lon_str, token, sizeof(lon_str) - 1); break;
 643              		.loc 1 209 13 is_stmt 1 view .LVU180
 209:Core/Lib/neo8m.c ****     case 4: strncpy(lon_str, token, sizeof(lon_str) - 1); break;
 644              		.loc 1 209 21 is_stmt 0 view .LVU181
ARM GAS  C:\Users\admin\AppData\Local\Temp\ccRBlDTz.s 			page 22


 645 00a4 90F80090 		ldrb	r9, [r0]	@ zero_extendqisi2
 646              	.LVL58:
 209:Core/Lib/neo8m.c ****     case 4: strncpy(lon_str, token, sizeof(lon_str) - 1); break;
 647              		.loc 1 209 33 is_stmt 1 view .LVU182
 209:Core/Lib/neo8m.c ****     case 4: strncpy(lon_str, token, sizeof(lon_str) - 1); break;
 648              		.loc 1 209 5 is_stmt 0 view .LVU183
 649 00a8 D5E7     		b	.L35
 650              	.L42:
 210:Core/Lib/neo8m.c ****     case 5: lon_dir = token[0]; break;
 651              		.loc 1 210 13 is_stmt 1 view .LVU184
 652 00aa 0F22     		movs	r2, #15
 653 00ac 0146     		mov	r1, r0
 654 00ae 07A8     		add	r0, sp, #28
 655              	.LVL59:
 210:Core/Lib/neo8m.c ****     case 5: lon_dir = token[0]; break;
 656              		.loc 1 210 13 is_stmt 0 view .LVU185
 657 00b0 FFF7FEFF 		bl	strncpy
 658              	.LVL60:
 210:Core/Lib/neo8m.c ****     case 5: lon_dir = token[0]; break;
 659              		.loc 1 210 59 is_stmt 1 view .LVU186
 210:Core/Lib/neo8m.c ****     case 5: lon_dir = token[0]; break;
 660              		.loc 1 210 5 is_stmt 0 view .LVU187
 661 00b4 CFE7     		b	.L35
 662              	.LVL61:
 663              	.L41:
 211:Core/Lib/neo8m.c ****     case 6: fix_quality = atoi(token); break;
 664              		.loc 1 211 13 is_stmt 1 view .LVU188
 211:Core/Lib/neo8m.c ****     case 6: fix_quality = atoi(token); break;
 665              		.loc 1 211 21 is_stmt 0 view .LVU189
 666 00b6 90F80080 		ldrb	r8, [r0]	@ zero_extendqisi2
 667              	.LVL62:
 211:Core/Lib/neo8m.c ****     case 6: fix_quality = atoi(token); break;
 668              		.loc 1 211 33 is_stmt 1 view .LVU190
 211:Core/Lib/neo8m.c ****     case 6: fix_quality = atoi(token); break;
 669              		.loc 1 211 5 is_stmt 0 view .LVU191
 670 00ba CCE7     		b	.L35
 671              	.L40:
 212:Core/Lib/neo8m.c ****     case 7: satellites = atoi(token); break;
 672              		.loc 1 212 13 is_stmt 1 view .LVU192
 212:Core/Lib/neo8m.c ****     case 7: satellites = atoi(token); break;
 673              		.loc 1 212 27 is_stmt 0 view .LVU193
 674 00bc FFF7FEFF 		bl	atoi
 675              	.LVL63:
 212:Core/Lib/neo8m.c ****     case 7: satellites = atoi(token); break;
 676              		.loc 1 212 25 view .LVU194
 677 00c0 C6B2     		uxtb	r6, r0
 678              	.LVL64:
 212:Core/Lib/neo8m.c ****     case 7: satellites = atoi(token); break;
 679              		.loc 1 212 40 is_stmt 1 view .LVU195
 212:Core/Lib/neo8m.c ****     case 7: satellites = atoi(token); break;
 680              		.loc 1 212 5 is_stmt 0 view .LVU196
 681 00c2 C8E7     		b	.L35
 682              	.LVL65:
 683              	.L39:
 213:Core/Lib/neo8m.c ****     case 8: strncpy(hdop_str, token, sizeof(hdop_str) - 1); break;
 684              		.loc 1 213 13 is_stmt 1 view .LVU197
 213:Core/Lib/neo8m.c ****     case 8: strncpy(hdop_str, token, sizeof(hdop_str) - 1); break;
ARM GAS  C:\Users\admin\AppData\Local\Temp\ccRBlDTz.s 			page 23


 685              		.loc 1 213 26 is_stmt 0 view .LVU198
 686 00c4 FFF7FEFF 		bl	atoi
 687              	.LVL66:
 213:Core/Lib/neo8m.c ****     case 8: strncpy(hdop_str, token, sizeof(hdop_str) - 1); break;
 688              		.loc 1 213 24 view .LVU199
 689 00c8 C7B2     		uxtb	r7, r0
 690              	.LVL67:
 213:Core/Lib/neo8m.c ****     case 8: strncpy(hdop_str, token, sizeof(hdop_str) - 1); break;
 691              		.loc 1 213 39 is_stmt 1 view .LVU200
 213:Core/Lib/neo8m.c ****     case 8: strncpy(hdop_str, token, sizeof(hdop_str) - 1); break;
 692              		.loc 1 213 5 is_stmt 0 view .LVU201
 693 00ca C4E7     		b	.L35
 694              	.LVL68:
 695              	.L38:
 214:Core/Lib/neo8m.c ****     case 9: strncpy(alt_str, token, sizeof(alt_str) - 1); break;
 696              		.loc 1 214 13 is_stmt 1 view .LVU202
 697 00cc 0722     		movs	r2, #7
 698 00ce 0146     		mov	r1, r0
 699 00d0 05A8     		add	r0, sp, #20
 700              	.LVL69:
 214:Core/Lib/neo8m.c ****     case 9: strncpy(alt_str, token, sizeof(alt_str) - 1); break;
 701              		.loc 1 214 13 is_stmt 0 view .LVU203
 702 00d2 FFF7FEFF 		bl	strncpy
 703              	.LVL70:
 214:Core/Lib/neo8m.c ****     case 9: strncpy(alt_str, token, sizeof(alt_str) - 1); break;
 704              		.loc 1 214 61 is_stmt 1 view .LVU204
 214:Core/Lib/neo8m.c ****     case 9: strncpy(alt_str, token, sizeof(alt_str) - 1); break;
 705              		.loc 1 214 5 is_stmt 0 view .LVU205
 706 00d6 BEE7     		b	.L35
 707              	.LVL71:
 708              	.L36:
 215:Core/Lib/neo8m.c ****     
 709              		.loc 1 215 13 is_stmt 1 view .LVU206
 710 00d8 0F22     		movs	r2, #15
 711 00da 0146     		mov	r1, r0
 712 00dc 01A8     		add	r0, sp, #4
 713              	.LVL72:
 215:Core/Lib/neo8m.c ****     
 714              		.loc 1 215 13 is_stmt 0 view .LVU207
 715 00de FFF7FEFF 		bl	strncpy
 716              	.LVL73:
 215:Core/Lib/neo8m.c ****     
 717              		.loc 1 215 59 is_stmt 1 view .LVU208
 215:Core/Lib/neo8m.c ****     
 718              		.loc 1 215 5 is_stmt 0 view .LVU209
 719 00e2 B8E7     		b	.L35
 720              	.LVL74:
 721              	.L54:
 224:Core/Lib/neo8m.c ****   {
 722              		.loc 1 224 3 is_stmt 1 view .LVU210
 224:Core/Lib/neo8m.c ****   {
 723              		.loc 1 224 7 is_stmt 0 view .LVU211
 724 00e4 0FA8     		add	r0, sp, #60
 725              	.LVL75:
 224:Core/Lib/neo8m.c ****   {
 726              		.loc 1 224 7 view .LVU212
 727 00e6 FFF7FEFF 		bl	strlen
ARM GAS  C:\Users\admin\AppData\Local\Temp\ccRBlDTz.s 			page 24


 728              	.LVL76:
 224:Core/Lib/neo8m.c ****   {
 729              		.loc 1 224 6 view .LVU213
 730 00ea 0528     		cmp	r0, #5
 731 00ec 22D8     		bhi	.L55
 732              	.L47:
 228:Core/Lib/neo8m.c ****   {
 733              		.loc 1 228 3 is_stmt 1 view .LVU214
 228:Core/Lib/neo8m.c ****   {
 734              		.loc 1 228 23 is_stmt 0 view .LVU215
 735 00ee 9DF82C30 		ldrb	r3, [sp, #44]	@ zero_extendqisi2
 228:Core/Lib/neo8m.c ****   {
 736              		.loc 1 228 6 view .LVU216
 737 00f2 13B1     		cbz	r3, .L48
 228:Core/Lib/neo8m.c ****   {
 738              		.loc 1 228 46 discriminator 1 view .LVU217
 739 00f4 9DF81C30 		ldrb	r3, [sp, #28]	@ zero_extendqisi2
 228:Core/Lib/neo8m.c ****   {
 740              		.loc 1 228 27 discriminator 1 view .LVU218
 741 00f8 13BB     		cbnz	r3, .L56
 742              	.L48:
 233:Core/Lib/neo8m.c ****   gps->data.hdop = atof(hdop_str);
 743              		.loc 1 233 3 is_stmt 1 view .LVU219
 233:Core/Lib/neo8m.c ****   gps->data.hdop = atof(hdop_str);
 744              		.loc 1 233 24 is_stmt 0 view .LVU220
 745 00fa 85F82471 		strb	r7, [r5, #292]
 234:Core/Lib/neo8m.c ****   gps->data.altitude = atof(alt_str);
 746              		.loc 1 234 3 is_stmt 1 view .LVU221
 234:Core/Lib/neo8m.c ****   gps->data.altitude = atof(alt_str);
 747              		.loc 1 234 20 is_stmt 0 view .LVU222
 748 00fe 05A8     		add	r0, sp, #20
 749 0100 FFF7FEFF 		bl	atof
 750              	.LVL77:
 751 0104 B7EEC00B 		vcvt.f32.f64	s0, d0
 234:Core/Lib/neo8m.c ****   gps->data.altitude = atof(alt_str);
 752              		.loc 1 234 18 view .LVU223
 753 0108 85ED4A0A 		vstr.32	s0, [r5, #296]
 235:Core/Lib/neo8m.c **** 
 754              		.loc 1 235 3 is_stmt 1 view .LVU224
 235:Core/Lib/neo8m.c **** 
 755              		.loc 1 235 24 is_stmt 0 view .LVU225
 756 010c 01A8     		add	r0, sp, #4
 757 010e FFF7FEFF 		bl	atof
 758              	.LVL78:
 759 0112 B7EEC00B 		vcvt.f32.f64	s0, d0
 235:Core/Lib/neo8m.c **** 
 760              		.loc 1 235 22 view .LVU226
 761 0116 85ED460A 		vstr.32	s0, [r5, #280]
 237:Core/Lib/neo8m.c ****   {
 762              		.loc 1 237 3 is_stmt 1 view .LVU227
 237:Core/Lib/neo8m.c ****   {
 763              		.loc 1 237 6 is_stmt 0 view .LVU228
 764 011a 06B3     		cbz	r6, .L49
 239:Core/Lib/neo8m.c ****     gps->data.valid = true;
 765              		.loc 1 239 5 is_stmt 1 view .LVU229
 239:Core/Lib/neo8m.c ****     gps->data.valid = true;
 766              		.loc 1 239 55 is_stmt 0 view .LVU230
ARM GAS  C:\Users\admin\AppData\Local\Temp\ccRBlDTz.s 			page 25


 767 011c 012E     		cmp	r6, #1
 768 011e 1CD0     		beq	.L57
 769 0120 0223     		movs	r3, #2
 770              	.L50:
 239:Core/Lib/neo8m.c ****     gps->data.valid = true;
 771              		.loc 1 239 19 discriminator 4 view .LVU231
 772 0122 85F82C31 		strb	r3, [r5, #300]
 240:Core/Lib/neo8m.c ****   } else {
 773              		.loc 1 240 5 is_stmt 1 discriminator 4 view .LVU232
 240:Core/Lib/neo8m.c ****   } else {
 774              		.loc 1 240 21 is_stmt 0 discriminator 4 view .LVU233
 775 0126 0123     		movs	r3, #1
 776 0128 85F83831 		strb	r3, [r5, #312]
 777              	.L51:
 245:Core/Lib/neo8m.c **** }
 778              		.loc 1 245 3 is_stmt 1 view .LVU234
 246:Core/Lib/neo8m.c **** 
 779              		.loc 1 246 1 is_stmt 0 view .LVU235
 780 012c 0120     		movs	r0, #1
 781 012e 29B0     		add	sp, sp, #164
 782              	.LCFI12:
 783              		.cfi_remember_state
 784              		.cfi_def_cfa_offset 28
 785              		@ sp needed
 786 0130 BDE8F083 		pop	{r4, r5, r6, r7, r8, r9, pc}
 787              	.LVL79:
 788              	.L55:
 789              	.LCFI13:
 790              		.cfi_restore_state
 226:Core/Lib/neo8m.c ****   }
 791              		.loc 1 226 5 is_stmt 1 view .LVU236
 792 0134 05F59771 		add	r1, r5, #302
 793 0138 0FA8     		add	r0, sp, #60
 794 013a FFF7FEFF 		bl	neo8m_parse_time
 795              	.LVL80:
 796 013e D6E7     		b	.L47
 797              	.L56:
 230:Core/Lib/neo8m.c ****     gps->data.longitude = neo8m_parse_coordinate(lon_str, lon_dir);
 798              		.loc 1 230 5 view .LVU237
 230:Core/Lib/neo8m.c ****     gps->data.longitude = neo8m_parse_coordinate(lon_str, lon_dir);
 799              		.loc 1 230 26 is_stmt 0 view .LVU238
 800 0140 4946     		mov	r1, r9
 801 0142 0BA8     		add	r0, sp, #44
 802 0144 FFF7FEFF 		bl	neo8m_parse_coordinate
 803              	.LVL81:
 230:Core/Lib/neo8m.c ****     gps->data.longitude = neo8m_parse_coordinate(lon_str, lon_dir);
 804              		.loc 1 230 24 view .LVU239
 805 0148 85ED420B 		vstr.64	d0, [r5, #264]
 231:Core/Lib/neo8m.c ****   }
 806              		.loc 1 231 5 is_stmt 1 view .LVU240
 231:Core/Lib/neo8m.c ****   }
 807              		.loc 1 231 27 is_stmt 0 view .LVU241
 808 014c 4146     		mov	r1, r8
 809 014e 07A8     		add	r0, sp, #28
 810 0150 FFF7FEFF 		bl	neo8m_parse_coordinate
 811              	.LVL82:
 231:Core/Lib/neo8m.c ****   }
ARM GAS  C:\Users\admin\AppData\Local\Temp\ccRBlDTz.s 			page 26


 812              		.loc 1 231 25 view .LVU242
 813 0154 85ED440B 		vstr.64	d0, [r5, #272]
 814 0158 CFE7     		b	.L48
 815              	.L57:
 239:Core/Lib/neo8m.c ****     gps->data.valid = true;
 816              		.loc 1 239 55 view .LVU243
 817 015a 0323     		movs	r3, #3
 818 015c E1E7     		b	.L50
 819              	.L49:
 242:Core/Lib/neo8m.c ****     gps->data.valid = false;
 820              		.loc 1 242 5 is_stmt 1 view .LVU244
 242:Core/Lib/neo8m.c ****     gps->data.valid = false;
 821              		.loc 1 242 19 is_stmt 0 view .LVU245
 822 015e 0023     		movs	r3, #0
 823 0160 85F82C31 		strb	r3, [r5, #300]
 243:Core/Lib/neo8m.c ****   }
 824              		.loc 1 243 5 is_stmt 1 view .LVU246
 243:Core/Lib/neo8m.c ****   }
 825              		.loc 1 243 21 is_stmt 0 view .LVU247
 826 0164 85F83831 		strb	r3, [r5, #312]
 827 0168 E0E7     		b	.L51
 828              	.L59:
 829 016a 00BF     		.align	2
 830              	.L58:
 831 016c 00000000 		.word	.LC0
 832              		.cfi_endproc
 833              	.LFE154:
 835              		.section	.text.neo8m_parse_rmc,"ax",%progbits
 836              		.align	1
 837              		.syntax unified
 838              		.thumb
 839              		.thumb_func
 841              	neo8m_parse_rmc:
 842              	.LVL83:
 843              	.LFB155:
 249:Core/Lib/neo8m.c ****   char buffer[NMEA_MAX_LENGTH];
 844              		.loc 1 249 1 is_stmt 1 view -0
 845              		.cfi_startproc
 846              		@ args = 0, pretend = 0, frame = 184
 847              		@ frame_needed = 0, uses_anonymous_args = 0
 249:Core/Lib/neo8m.c ****   char buffer[NMEA_MAX_LENGTH];
 848              		.loc 1 249 1 is_stmt 0 view .LVU249
 849 0000 2DE9F041 		push	{r4, r5, r6, r7, r8, lr}
 850              	.LCFI14:
 851              		.cfi_def_cfa_offset 24
 852              		.cfi_offset 4, -24
 853              		.cfi_offset 5, -20
 854              		.cfi_offset 6, -16
 855              		.cfi_offset 7, -12
 856              		.cfi_offset 8, -8
 857              		.cfi_offset 14, -4
 858 0004 AEB0     		sub	sp, sp, #184
 859              	.LCFI15:
 860              		.cfi_def_cfa_offset 208
 861 0006 0546     		mov	r5, r0
 250:Core/Lib/neo8m.c ****   strncpy(buffer, sentence, sizeof(buffer) - 1);
 862              		.loc 1 250 3 is_stmt 1 view .LVU250
ARM GAS  C:\Users\admin\AppData\Local\Temp\ccRBlDTz.s 			page 27


 251:Core/Lib/neo8m.c **** 
 863              		.loc 1 251 3 view .LVU251
 864 0008 5122     		movs	r2, #81
 865 000a 19A8     		add	r0, sp, #100
 866              	.LVL84:
 251:Core/Lib/neo8m.c **** 
 867              		.loc 1 251 3 is_stmt 0 view .LVU252
 868 000c FFF7FEFF 		bl	strncpy
 869              	.LVL85:
 253:Core/Lib/neo8m.c ****   uint8_t field = 0;
 870              		.loc 1 253 3 is_stmt 1 view .LVU253
 253:Core/Lib/neo8m.c ****   uint8_t field = 0;
 871              		.loc 1 253 17 is_stmt 0 view .LVU254
 872 0010 5949     		ldr	r1, .L85+8
 873 0012 19A8     		add	r0, sp, #100
 874 0014 FFF7FEFF 		bl	strtok
 875              	.LVL86:
 876 0018 0146     		mov	r1, r0
 877              	.LVL87:
 254:Core/Lib/neo8m.c ****   char time_str[16] = {0};
 878              		.loc 1 254 3 is_stmt 1 view .LVU255
 255:Core/Lib/neo8m.c ****   char status = 'V';
 879              		.loc 1 255 3 view .LVU256
 255:Core/Lib/neo8m.c ****   char status = 'V';
 880              		.loc 1 255 8 is_stmt 0 view .LVU257
 881 001a 0024     		movs	r4, #0
 882 001c 1594     		str	r4, [sp, #84]
 883 001e 1694     		str	r4, [sp, #88]
 884 0020 1794     		str	r4, [sp, #92]
 885 0022 1894     		str	r4, [sp, #96]
 256:Core/Lib/neo8m.c ****   char lat_str[16] = {0};
 886              		.loc 1 256 3 is_stmt 1 view .LVU258
 887              	.LVL88:
 257:Core/Lib/neo8m.c ****   char lat_dir = 'N';
 888              		.loc 1 257 3 view .LVU259
 257:Core/Lib/neo8m.c ****   char lat_dir = 'N';
 889              		.loc 1 257 8 is_stmt 0 view .LVU260
 890 0024 1194     		str	r4, [sp, #68]
 891 0026 1294     		str	r4, [sp, #72]
 892 0028 1394     		str	r4, [sp, #76]
 893 002a 1494     		str	r4, [sp, #80]
 258:Core/Lib/neo8m.c ****   char lon_str[16] = {0};
 894              		.loc 1 258 3 is_stmt 1 view .LVU261
 895              	.LVL89:
 259:Core/Lib/neo8m.c ****   char lon_dir = 'E';
 896              		.loc 1 259 3 view .LVU262
 259:Core/Lib/neo8m.c ****   char lon_dir = 'E';
 897              		.loc 1 259 8 is_stmt 0 view .LVU263
 898 002c 0D94     		str	r4, [sp, #52]
 899 002e 0E94     		str	r4, [sp, #56]
 900 0030 0F94     		str	r4, [sp, #60]
 901 0032 1094     		str	r4, [sp, #64]
 260:Core/Lib/neo8m.c ****   char speed_str[16] = {0};
 902              		.loc 1 260 3 is_stmt 1 view .LVU264
 903              	.LVL90:
 261:Core/Lib/neo8m.c ****   char course_str[16] = {0};
 904              		.loc 1 261 3 view .LVU265
ARM GAS  C:\Users\admin\AppData\Local\Temp\ccRBlDTz.s 			page 28


 261:Core/Lib/neo8m.c ****   char course_str[16] = {0};
 905              		.loc 1 261 8 is_stmt 0 view .LVU266
 906 0034 0994     		str	r4, [sp, #36]
 907 0036 0A94     		str	r4, [sp, #40]
 908 0038 0B94     		str	r4, [sp, #44]
 909 003a 0C94     		str	r4, [sp, #48]
 262:Core/Lib/neo8m.c ****   char date_str[16] =  {0};
 910              		.loc 1 262 3 is_stmt 1 view .LVU267
 262:Core/Lib/neo8m.c ****   char date_str[16] =  {0};
 911              		.loc 1 262 8 is_stmt 0 view .LVU268
 912 003c 0594     		str	r4, [sp, #20]
 913 003e 0694     		str	r4, [sp, #24]
 914 0040 0794     		str	r4, [sp, #28]
 915 0042 0894     		str	r4, [sp, #32]
 263:Core/Lib/neo8m.c **** 
 916              		.loc 1 263 3 is_stmt 1 view .LVU269
 263:Core/Lib/neo8m.c **** 
 917              		.loc 1 263 8 is_stmt 0 view .LVU270
 918 0044 0194     		str	r4, [sp, #4]
 919 0046 0294     		str	r4, [sp, #8]
 920 0048 0394     		str	r4, [sp, #12]
 921 004a 0494     		str	r4, [sp, #16]
 265:Core/Lib/neo8m.c ****   {
 922              		.loc 1 265 3 is_stmt 1 view .LVU271
 260:Core/Lib/neo8m.c ****   char speed_str[16] = {0};
 923              		.loc 1 260 8 is_stmt 0 view .LVU272
 924 004c 4527     		movs	r7, #69
 258:Core/Lib/neo8m.c ****   char lon_str[16] = {0};
 925              		.loc 1 258 8 view .LVU273
 926 004e 4FF04E08 		mov	r8, #78
 256:Core/Lib/neo8m.c ****   char lat_str[16] = {0};
 927              		.loc 1 256 8 view .LVU274
 928 0052 5626     		movs	r6, #86
 265:Core/Lib/neo8m.c ****   {
 929              		.loc 1 265 9 view .LVU275
 930 0054 0AE0     		b	.L61
 931              	.LVL91:
 932              	.L72:
 269:Core/Lib/neo8m.c ****     case 2: status = token[0]; break;
 933              		.loc 1 269 13 is_stmt 1 view .LVU276
 934 0056 0F22     		movs	r2, #15
 935 0058 15A8     		add	r0, sp, #84
 936              	.LVL92:
 269:Core/Lib/neo8m.c ****     case 2: status = token[0]; break;
 937              		.loc 1 269 13 is_stmt 0 view .LVU277
 938 005a FFF7FEFF 		bl	strncpy
 939              	.LVL93:
 269:Core/Lib/neo8m.c ****     case 2: status = token[0]; break;
 940              		.loc 1 269 61 is_stmt 1 view .LVU278
 941              	.L62:
 282:Core/Lib/neo8m.c ****     field++;
 942              		.loc 1 282 5 view .LVU279
 282:Core/Lib/neo8m.c ****     field++;
 943              		.loc 1 282 13 is_stmt 0 view .LVU280
 944 005e 4649     		ldr	r1, .L85+8
 945 0060 0020     		movs	r0, #0
 946 0062 FFF7FEFF 		bl	strtok
ARM GAS  C:\Users\admin\AppData\Local\Temp\ccRBlDTz.s 			page 29


 947              	.LVL94:
 948 0066 0146     		mov	r1, r0
 949              	.LVL95:
 283:Core/Lib/neo8m.c ****   }
 950              		.loc 1 283 5 is_stmt 1 view .LVU281
 283:Core/Lib/neo8m.c ****   }
 951              		.loc 1 283 10 is_stmt 0 view .LVU282
 952 0068 631C     		adds	r3, r4, #1
 953 006a DCB2     		uxtb	r4, r3
 954              	.LVL96:
 955              	.L61:
 265:Core/Lib/neo8m.c ****   {
 956              		.loc 1 265 9 is_stmt 1 view .LVU283
 957 006c 0029     		cmp	r1, #0
 958 006e 37D0     		beq	.L80
 267:Core/Lib/neo8m.c ****     {
 959              		.loc 1 267 5 view .LVU284
 960 0070 631E     		subs	r3, r4, #1
 961 0072 082B     		cmp	r3, #8
 962 0074 F3D8     		bhi	.L62
 963 0076 01A2     		adr	r2, .L64
 964 0078 52F823F0 		ldr	pc, [r2, r3, lsl #2]
 965              		.p2align 2
 966              	.L64:
 967 007c 57000000 		.word	.L72+1
 968 0080 A1000000 		.word	.L71+1
 969 0084 A5000000 		.word	.L70+1
 970 0088 AF000000 		.word	.L69+1
 971 008c B5000000 		.word	.L68+1
 972 0090 BF000000 		.word	.L67+1
 973 0094 C3000000 		.word	.L66+1
 974 0098 CD000000 		.word	.L65+1
 975 009c D7000000 		.word	.L63+1
 976              		.p2align 1
 977              	.L71:
 270:Core/Lib/neo8m.c ****     case 3: strncpy(lat_str, token, sizeof(lat_str) - 1); break;
 978              		.loc 1 270 13 view .LVU285
 270:Core/Lib/neo8m.c ****     case 3: strncpy(lat_str, token, sizeof(lat_str) - 1); break;
 979              		.loc 1 270 20 is_stmt 0 view .LVU286
 980 00a0 0E78     		ldrb	r6, [r1]	@ zero_extendqisi2
 981              	.LVL97:
 270:Core/Lib/neo8m.c ****     case 3: strncpy(lat_str, token, sizeof(lat_str) - 1); break;
 982              		.loc 1 270 32 is_stmt 1 view .LVU287
 270:Core/Lib/neo8m.c ****     case 3: strncpy(lat_str, token, sizeof(lat_str) - 1); break;
 983              		.loc 1 270 5 is_stmt 0 view .LVU288
 984 00a2 DCE7     		b	.L62
 985              	.L70:
 271:Core/Lib/neo8m.c ****     case 4: lat_dir = token[0]; break;
 986              		.loc 1 271 13 is_stmt 1 view .LVU289
 987 00a4 0F22     		movs	r2, #15
 988 00a6 11A8     		add	r0, sp, #68
 989              	.LVL98:
 271:Core/Lib/neo8m.c ****     case 4: lat_dir = token[0]; break;
 990              		.loc 1 271 13 is_stmt 0 view .LVU290
 991 00a8 FFF7FEFF 		bl	strncpy
 992              	.LVL99:
 271:Core/Lib/neo8m.c ****     case 4: lat_dir = token[0]; break;
ARM GAS  C:\Users\admin\AppData\Local\Temp\ccRBlDTz.s 			page 30


 993              		.loc 1 271 59 is_stmt 1 view .LVU291
 271:Core/Lib/neo8m.c ****     case 4: lat_dir = token[0]; break;
 994              		.loc 1 271 5 is_stmt 0 view .LVU292
 995 00ac D7E7     		b	.L62
 996              	.LVL100:
 997              	.L69:
 272:Core/Lib/neo8m.c ****     case 5: strncpy(lon_str, token, sizeof(lon_str) - 1); break;
 998              		.loc 1 272 13 is_stmt 1 view .LVU293
 272:Core/Lib/neo8m.c ****     case 5: strncpy(lon_str, token, sizeof(lon_str) - 1); break;
 999              		.loc 1 272 21 is_stmt 0 view .LVU294
 1000 00ae 91F80080 		ldrb	r8, [r1]	@ zero_extendqisi2
 1001              	.LVL101:
 272:Core/Lib/neo8m.c ****     case 5: strncpy(lon_str, token, sizeof(lon_str) - 1); break;
 1002              		.loc 1 272 33 is_stmt 1 view .LVU295
 272:Core/Lib/neo8m.c ****     case 5: strncpy(lon_str, token, sizeof(lon_str) - 1); break;
 1003              		.loc 1 272 5 is_stmt 0 view .LVU296
 1004 00b2 D4E7     		b	.L62
 1005              	.L68:
 273:Core/Lib/neo8m.c ****     case 6: lon_dir = token[0]; break;
 1006              		.loc 1 273 13 is_stmt 1 view .LVU297
 1007 00b4 0F22     		movs	r2, #15
 1008 00b6 0DA8     		add	r0, sp, #52
 1009              	.LVL102:
 273:Core/Lib/neo8m.c ****     case 6: lon_dir = token[0]; break;
 1010              		.loc 1 273 13 is_stmt 0 view .LVU298
 1011 00b8 FFF7FEFF 		bl	strncpy
 1012              	.LVL103:
 273:Core/Lib/neo8m.c ****     case 6: lon_dir = token[0]; break;
 1013              		.loc 1 273 59 is_stmt 1 view .LVU299
 273:Core/Lib/neo8m.c ****     case 6: lon_dir = token[0]; break;
 1014              		.loc 1 273 5 is_stmt 0 view .LVU300
 1015 00bc CFE7     		b	.L62
 1016              	.LVL104:
 1017              	.L67:
 274:Core/Lib/neo8m.c ****     case 7: strncpy(speed_str, token, sizeof(speed_str) - 1); break;
 1018              		.loc 1 274 13 is_stmt 1 view .LVU301
 274:Core/Lib/neo8m.c ****     case 7: strncpy(speed_str, token, sizeof(speed_str) - 1); break;
 1019              		.loc 1 274 21 is_stmt 0 view .LVU302
 1020 00be 0F78     		ldrb	r7, [r1]	@ zero_extendqisi2
 1021              	.LVL105:
 274:Core/Lib/neo8m.c ****     case 7: strncpy(speed_str, token, sizeof(speed_str) - 1); break;
 1022              		.loc 1 274 33 is_stmt 1 view .LVU303
 274:Core/Lib/neo8m.c ****     case 7: strncpy(speed_str, token, sizeof(speed_str) - 1); break;
 1023              		.loc 1 274 5 is_stmt 0 view .LVU304
 1024 00c0 CDE7     		b	.L62
 1025              	.L66:
 275:Core/Lib/neo8m.c ****     case 8: strncpy(course_str, token, sizeof(course_str) - 1); break;
 1026              		.loc 1 275 13 is_stmt 1 view .LVU305
 1027 00c2 0F22     		movs	r2, #15
 1028 00c4 09A8     		add	r0, sp, #36
 1029              	.LVL106:
 275:Core/Lib/neo8m.c ****     case 8: strncpy(course_str, token, sizeof(course_str) - 1); break;
 1030              		.loc 1 275 13 is_stmt 0 view .LVU306
 1031 00c6 FFF7FEFF 		bl	strncpy
 1032              	.LVL107:
 275:Core/Lib/neo8m.c ****     case 8: strncpy(course_str, token, sizeof(course_str) - 1); break;
 1033              		.loc 1 275 63 is_stmt 1 view .LVU307
ARM GAS  C:\Users\admin\AppData\Local\Temp\ccRBlDTz.s 			page 31


 275:Core/Lib/neo8m.c ****     case 8: strncpy(course_str, token, sizeof(course_str) - 1); break;
 1034              		.loc 1 275 5 is_stmt 0 view .LVU308
 1035 00ca C8E7     		b	.L62
 1036              	.LVL108:
 1037              	.L65:
 276:Core/Lib/neo8m.c ****     case 9: strncpy(date_str, token, sizeof(date_str) - 1); break;
 1038              		.loc 1 276 13 is_stmt 1 view .LVU309
 1039 00cc 0F22     		movs	r2, #15
 1040 00ce 05A8     		add	r0, sp, #20
 1041              	.LVL109:
 276:Core/Lib/neo8m.c ****     case 9: strncpy(date_str, token, sizeof(date_str) - 1); break;
 1042              		.loc 1 276 13 is_stmt 0 view .LVU310
 1043 00d0 FFF7FEFF 		bl	strncpy
 1044              	.LVL110:
 276:Core/Lib/neo8m.c ****     case 9: strncpy(date_str, token, sizeof(date_str) - 1); break;
 1045              		.loc 1 276 65 is_stmt 1 view .LVU311
 276:Core/Lib/neo8m.c ****     case 9: strncpy(date_str, token, sizeof(date_str) - 1); break;
 1046              		.loc 1 276 5 is_stmt 0 view .LVU312
 1047 00d4 C3E7     		b	.L62
 1048              	.LVL111:
 1049              	.L63:
 277:Core/Lib/neo8m.c ****     
 1050              		.loc 1 277 13 is_stmt 1 view .LVU313
 1051 00d6 0F22     		movs	r2, #15
 1052 00d8 01A8     		add	r0, sp, #4
 1053              	.LVL112:
 277:Core/Lib/neo8m.c ****     
 1054              		.loc 1 277 13 is_stmt 0 view .LVU314
 1055 00da FFF7FEFF 		bl	strncpy
 1056              	.LVL113:
 277:Core/Lib/neo8m.c ****     
 1057              		.loc 1 277 61 is_stmt 1 view .LVU315
 277:Core/Lib/neo8m.c ****     
 1058              		.loc 1 277 5 is_stmt 0 view .LVU316
 1059 00de BEE7     		b	.L62
 1060              	.LVL114:
 1061              	.L80:
 287:Core/Lib/neo8m.c ****   {
 1062              		.loc 1 287 3 is_stmt 1 view .LVU317
 287:Core/Lib/neo8m.c ****   {
 1063              		.loc 1 287 6 is_stmt 0 view .LVU318
 1064 00e0 412E     		cmp	r6, #65
 1065 00e2 03D0     		beq	.L81
 309:Core/Lib/neo8m.c ****   
 1066              		.loc 1 309 10 view .LVU319
 1067 00e4 0020     		movs	r0, #0
 1068              	.LVL115:
 1069              	.L74:
 311:Core/Lib/neo8m.c **** 
 1070              		.loc 1 311 1 view .LVU320
 1071 00e6 2EB0     		add	sp, sp, #184
 1072              	.LCFI16:
 1073              		.cfi_remember_state
 1074              		.cfi_def_cfa_offset 24
 1075              		@ sp needed
 1076 00e8 BDE8F081 		pop	{r4, r5, r6, r7, r8, pc}
 1077              	.LVL116:
ARM GAS  C:\Users\admin\AppData\Local\Temp\ccRBlDTz.s 			page 32


 1078              	.L81:
 1079              	.LCFI17:
 1080              		.cfi_restore_state
 289:Core/Lib/neo8m.c ****     {
 1081              		.loc 1 289 5 is_stmt 1 view .LVU321
 289:Core/Lib/neo8m.c ****     {
 1082              		.loc 1 289 9 is_stmt 0 view .LVU322
 1083 00ec 15A8     		add	r0, sp, #84
 1084              	.LVL117:
 289:Core/Lib/neo8m.c ****     {
 1085              		.loc 1 289 9 view .LVU323
 1086 00ee FFF7FEFF 		bl	strlen
 1087              	.LVL118:
 289:Core/Lib/neo8m.c ****     {
 1088              		.loc 1 289 8 view .LVU324
 1089 00f2 0528     		cmp	r0, #5
 1090 00f4 20D8     		bhi	.L82
 1091              	.L75:
 293:Core/Lib/neo8m.c ****     {
 1092              		.loc 1 293 5 is_stmt 1 view .LVU325
 293:Core/Lib/neo8m.c ****     {
 1093              		.loc 1 293 9 is_stmt 0 view .LVU326
 1094 00f6 01A8     		add	r0, sp, #4
 1095 00f8 FFF7FEFF 		bl	strlen
 1096              	.LVL119:
 293:Core/Lib/neo8m.c ****     {
 1097              		.loc 1 293 8 view .LVU327
 1098 00fc 0528     		cmp	r0, #5
 1099 00fe 21D8     		bhi	.L83
 1100              	.L76:
 297:Core/Lib/neo8m.c ****     {
 1101              		.loc 1 297 5 is_stmt 1 view .LVU328
 297:Core/Lib/neo8m.c ****     {
 1102              		.loc 1 297 25 is_stmt 0 view .LVU329
 1103 0100 9DF84430 		ldrb	r3, [sp, #68]	@ zero_extendqisi2
 297:Core/Lib/neo8m.c ****     {
 1104              		.loc 1 297 8 view .LVU330
 1105 0104 13B1     		cbz	r3, .L77
 297:Core/Lib/neo8m.c ****     {
 1106              		.loc 1 297 48 discriminator 1 view .LVU331
 1107 0106 9DF83430 		ldrb	r3, [sp, #52]	@ zero_extendqisi2
 297:Core/Lib/neo8m.c ****     {
 1108              		.loc 1 297 29 discriminator 1 view .LVU332
 1109 010a 0BBB     		cbnz	r3, .L84
 1110              	.L77:
 303:Core/Lib/neo8m.c ****     gps->data.course = atof(course_str);
 1111              		.loc 1 303 5 is_stmt 1 view .LVU333
 303:Core/Lib/neo8m.c ****     gps->data.course = atof(course_str);
 1112              		.loc 1 303 23 is_stmt 0 view .LVU334
 1113 010c 09A8     		add	r0, sp, #36
 1114 010e FFF7FEFF 		bl	atof
 1115              	.LVL120:
 303:Core/Lib/neo8m.c ****     gps->data.course = atof(course_str);
 1116              		.loc 1 303 39 view .LVU335
 1117 0112 9FED177B 		vldr.64	d7, .L85
 1118 0116 20EE070B 		vmul.f64	d0, d0, d7
 1119 011a B7EEC00B 		vcvt.f32.f64	s0, d0
ARM GAS  C:\Users\admin\AppData\Local\Temp\ccRBlDTz.s 			page 33


 303:Core/Lib/neo8m.c ****     gps->data.course = atof(course_str);
 1120              		.loc 1 303 21 view .LVU336
 1121 011e 85ED470A 		vstr.32	s0, [r5, #284]
 304:Core/Lib/neo8m.c ****     gps->data.valid = true;
 1122              		.loc 1 304 5 is_stmt 1 view .LVU337
 304:Core/Lib/neo8m.c ****     gps->data.valid = true;
 1123              		.loc 1 304 24 is_stmt 0 view .LVU338
 1124 0122 05A8     		add	r0, sp, #20
 1125 0124 FFF7FEFF 		bl	atof
 1126              	.LVL121:
 1127 0128 B7EEC00B 		vcvt.f32.f64	s0, d0
 304:Core/Lib/neo8m.c ****     gps->data.valid = true;
 1128              		.loc 1 304 22 view .LVU339
 1129 012c 85ED480A 		vstr.32	s0, [r5, #288]
 305:Core/Lib/neo8m.c **** 
 1130              		.loc 1 305 5 is_stmt 1 view .LVU340
 305:Core/Lib/neo8m.c **** 
 1131              		.loc 1 305 21 is_stmt 0 view .LVU341
 1132 0130 0120     		movs	r0, #1
 1133 0132 85F83801 		strb	r0, [r5, #312]
 307:Core/Lib/neo8m.c ****   }
 1134              		.loc 1 307 5 is_stmt 1 view .LVU342
 307:Core/Lib/neo8m.c ****   }
 1135              		.loc 1 307 12 is_stmt 0 view .LVU343
 1136 0136 D6E7     		b	.L74
 1137              	.L82:
 291:Core/Lib/neo8m.c ****     }
 1138              		.loc 1 291 7 is_stmt 1 view .LVU344
 1139 0138 05F59771 		add	r1, r5, #302
 1140 013c 15A8     		add	r0, sp, #84
 1141 013e FFF7FEFF 		bl	neo8m_parse_time
 1142              	.LVL122:
 1143 0142 D8E7     		b	.L75
 1144              	.L83:
 295:Core/Lib/neo8m.c ****     }
 1145              		.loc 1 295 7 view .LVU345
 1146 0144 05F59A71 		add	r1, r5, #308
 1147 0148 01A8     		add	r0, sp, #4
 1148 014a FFF7FEFF 		bl	neo8m_parse_date
 1149              	.LVL123:
 1150 014e D7E7     		b	.L76
 1151              	.L84:
 299:Core/Lib/neo8m.c ****       gps->data.longitude = neo8m_parse_coordinate(lon_str, lon_dir);
 1152              		.loc 1 299 7 view .LVU346
 299:Core/Lib/neo8m.c ****       gps->data.longitude = neo8m_parse_coordinate(lon_str, lon_dir);
 1153              		.loc 1 299 28 is_stmt 0 view .LVU347
 1154 0150 4146     		mov	r1, r8
 1155 0152 11A8     		add	r0, sp, #68
 1156 0154 FFF7FEFF 		bl	neo8m_parse_coordinate
 1157              	.LVL124:
 299:Core/Lib/neo8m.c ****       gps->data.longitude = neo8m_parse_coordinate(lon_str, lon_dir);
 1158              		.loc 1 299 26 view .LVU348
 1159 0158 85ED420B 		vstr.64	d0, [r5, #264]
 300:Core/Lib/neo8m.c ****     }
 1160              		.loc 1 300 7 is_stmt 1 view .LVU349
 300:Core/Lib/neo8m.c ****     }
 1161              		.loc 1 300 29 is_stmt 0 view .LVU350
ARM GAS  C:\Users\admin\AppData\Local\Temp\ccRBlDTz.s 			page 34


 1162 015c 3946     		mov	r1, r7
 1163 015e 0DA8     		add	r0, sp, #52
 1164 0160 FFF7FEFF 		bl	neo8m_parse_coordinate
 1165              	.LVL125:
 300:Core/Lib/neo8m.c ****     }
 1166              		.loc 1 300 27 view .LVU351
 1167 0164 85ED440B 		vstr.64	d0, [r5, #272]
 1168 0168 D0E7     		b	.L77
 1169              	.L86:
 1170 016a 00BFAFF3 		.align	3
 1170      0080
 1171              	.L85:
 1172 0170 000000C0 		.word	-1073741824
 1173 0174 CAA1FD3F 		.word	1073586634
 1174 0178 00000000 		.word	.LC0
 1175              		.cfi_endproc
 1176              	.LFE155:
 1178              		.section	.rodata.neo8m_parse_nmea.str1.4,"aMS",%progbits,1
 1179              		.align	2
 1180              	.LC1:
 1181 0000 24475047 		.ascii	"$GPGGA\000"
 1181      474100
 1182 0007 00       		.align	2
 1183              	.LC2:
 1184 0008 24474E47 		.ascii	"$GNGGA\000"
 1184      474100
 1185 000f 00       		.align	2
 1186              	.LC3:
 1187 0010 24475052 		.ascii	"$GPRMC\000"
 1187      4D4300
 1188 0017 00       		.align	2
 1189              	.LC4:
 1190 0018 24474E52 		.ascii	"$GNRMC\000"
 1190      4D4300
 1191              		.section	.text.neo8m_parse_nmea,"ax",%progbits
 1192              		.align	1
 1193              		.syntax unified
 1194              		.thumb
 1195              		.thumb_func
 1197              	neo8m_parse_nmea:
 1198              	.LVL126:
 1199              	.LFB153:
 165:Core/Lib/neo8m.c ****   if (nmea[0] != '$') return false;
 1200              		.loc 1 165 1 is_stmt 1 view -0
 1201              		.cfi_startproc
 1202              		@ args = 0, pretend = 0, frame = 0
 1203              		@ frame_needed = 0, uses_anonymous_args = 0
 165:Core/Lib/neo8m.c ****   if (nmea[0] != '$') return false;
 1204              		.loc 1 165 1 is_stmt 0 view .LVU353
 1205 0000 38B5     		push	{r3, r4, r5, lr}
 1206              	.LCFI18:
 1207              		.cfi_def_cfa_offset 16
 1208              		.cfi_offset 3, -16
 1209              		.cfi_offset 4, -12
 1210              		.cfi_offset 5, -8
 1211              		.cfi_offset 14, -4
 166:Core/Lib/neo8m.c **** 
ARM GAS  C:\Users\admin\AppData\Local\Temp\ccRBlDTz.s 			page 35


 1212              		.loc 1 166 3 is_stmt 1 view .LVU354
 166:Core/Lib/neo8m.c **** 
 1213              		.loc 1 166 11 is_stmt 0 view .LVU355
 1214 0002 0B78     		ldrb	r3, [r1]	@ zero_extendqisi2
 166:Core/Lib/neo8m.c **** 
 1215              		.loc 1 166 6 view .LVU356
 1216 0004 242B     		cmp	r3, #36
 1217 0006 01D0     		beq	.L95
 166:Core/Lib/neo8m.c **** 
 1218              		.loc 1 166 30 view .LVU357
 1219 0008 0020     		movs	r0, #0
 1220              	.LVL127:
 1221              	.L88:
 184:Core/Lib/neo8m.c **** 
 1222              		.loc 1 184 1 view .LVU358
 1223 000a 38BD     		pop	{r3, r4, r5, pc}
 1224              	.LVL128:
 1225              	.L95:
 184:Core/Lib/neo8m.c **** 
 1226              		.loc 1 184 1 view .LVU359
 1227 000c 0546     		mov	r5, r0
 1228 000e 0C46     		mov	r4, r1
 169:Core/Lib/neo8m.c ****   {
 1229              		.loc 1 169 3 is_stmt 1 view .LVU360
 169:Core/Lib/neo8m.c ****   {
 1230              		.loc 1 169 8 is_stmt 0 view .LVU361
 1231 0010 0846     		mov	r0, r1
 1232              	.LVL129:
 169:Core/Lib/neo8m.c ****   {
 1233              		.loc 1 169 8 view .LVU362
 1234 0012 FFF7FEFF 		bl	neo8m_verify_check_sum
 1235              	.LVL130:
 169:Core/Lib/neo8m.c ****   {
 1236              		.loc 1 169 6 view .LVU363
 1237 0016 0028     		cmp	r0, #0
 1238 0018 F7D0     		beq	.L88
 175:Core/Lib/neo8m.c ****   {
 1239              		.loc 1 175 3 is_stmt 1 view .LVU364
 175:Core/Lib/neo8m.c ****   {
 1240              		.loc 1 175 7 is_stmt 0 view .LVU365
 1241 001a 1049     		ldr	r1, .L96
 1242 001c 2046     		mov	r0, r4
 1243 001e FFF7FEFF 		bl	strstr
 1244              	.LVL131:
 175:Core/Lib/neo8m.c ****   {
 1245              		.loc 1 175 6 view .LVU366
 1246 0022 20B9     		cbnz	r0, .L89
 175:Core/Lib/neo8m.c ****   {
 1247              		.loc 1 175 33 discriminator 1 view .LVU367
 1248 0024 0E49     		ldr	r1, .L96+4
 1249 0026 2046     		mov	r0, r4
 1250 0028 FFF7FEFF 		bl	strstr
 1251              	.LVL132:
 175:Core/Lib/neo8m.c ****   {
 1252              		.loc 1 175 30 discriminator 1 view .LVU368
 1253 002c 20B1     		cbz	r0, .L90
 1254              	.L89:
ARM GAS  C:\Users\admin\AppData\Local\Temp\ccRBlDTz.s 			page 36


 177:Core/Lib/neo8m.c ****   }
 1255              		.loc 1 177 5 is_stmt 1 view .LVU369
 177:Core/Lib/neo8m.c ****   }
 1256              		.loc 1 177 12 is_stmt 0 view .LVU370
 1257 002e 2146     		mov	r1, r4
 1258 0030 2846     		mov	r0, r5
 1259 0032 FFF7FEFF 		bl	neo8m_parse_gga
 1260              	.LVL133:
 1261 0036 E8E7     		b	.L88
 1262              	.L90:
 179:Core/Lib/neo8m.c ****   {
 1263              		.loc 1 179 3 is_stmt 1 view .LVU371
 179:Core/Lib/neo8m.c ****   {
 1264              		.loc 1 179 7 is_stmt 0 view .LVU372
 1265 0038 0A49     		ldr	r1, .L96+8
 1266 003a 2046     		mov	r0, r4
 1267 003c FFF7FEFF 		bl	strstr
 1268              	.LVL134:
 179:Core/Lib/neo8m.c ****   {
 1269              		.loc 1 179 6 view .LVU373
 1270 0040 20B9     		cbnz	r0, .L91
 179:Core/Lib/neo8m.c ****   {
 1271              		.loc 1 179 33 discriminator 1 view .LVU374
 1272 0042 0949     		ldr	r1, .L96+12
 1273 0044 2046     		mov	r0, r4
 1274 0046 FFF7FEFF 		bl	strstr
 1275              	.LVL135:
 179:Core/Lib/neo8m.c ****   {
 1276              		.loc 1 179 30 discriminator 1 view .LVU375
 1277 004a 20B1     		cbz	r0, .L93
 1278              	.L91:
 181:Core/Lib/neo8m.c ****   }
 1279              		.loc 1 181 5 is_stmt 1 view .LVU376
 181:Core/Lib/neo8m.c ****   }
 1280              		.loc 1 181 12 is_stmt 0 view .LVU377
 1281 004c 2146     		mov	r1, r4
 1282 004e 2846     		mov	r0, r5
 1283 0050 FFF7FEFF 		bl	neo8m_parse_rmc
 1284              	.LVL136:
 1285 0054 D9E7     		b	.L88
 1286              	.L93:
 183:Core/Lib/neo8m.c **** }
 1287              		.loc 1 183 10 view .LVU378
 1288 0056 0020     		movs	r0, #0
 1289 0058 D7E7     		b	.L88
 1290              	.L97:
 1291 005a 00BF     		.align	2
 1292              	.L96:
 1293 005c 00000000 		.word	.LC1
 1294 0060 08000000 		.word	.LC2
 1295 0064 10000000 		.word	.LC3
 1296 0068 18000000 		.word	.LC4
 1297              		.cfi_endproc
 1298              	.LFE153:
 1300              		.section	.text.neo8m_init,"ax",%progbits
 1301              		.align	1
 1302              		.global	neo8m_init
ARM GAS  C:\Users\admin\AppData\Local\Temp\ccRBlDTz.s 			page 37


 1303              		.syntax unified
 1304              		.thumb
 1305              		.thumb_func
 1307              	neo8m_init:
 1308              	.LVL137:
 1309              	.LFB144:
  23:Core/Lib/neo8m.c ****   if (gps == NULL || config->huart == NULL)
 1310              		.loc 1 23 1 is_stmt 1 view -0
 1311              		.cfi_startproc
 1312              		@ args = 0, pretend = 0, frame = 0
 1313              		@ frame_needed = 0, uses_anonymous_args = 0
  24:Core/Lib/neo8m.c ****   {
 1314              		.loc 1 24 3 view .LVU380
  24:Core/Lib/neo8m.c ****   {
 1315              		.loc 1 24 6 is_stmt 0 view .LVU381
 1316 0000 A8B1     		cbz	r0, .L100
  24:Core/Lib/neo8m.c ****   {
 1317              		.loc 1 24 28 discriminator 1 view .LVU382
 1318 0002 0A68     		ldr	r2, [r1]
  24:Core/Lib/neo8m.c ****   {
 1319              		.loc 1 24 19 discriminator 1 view .LVU383
 1320 0004 AAB1     		cbz	r2, .L101
  23:Core/Lib/neo8m.c ****   if (gps == NULL || config->huart == NULL)
 1321              		.loc 1 23 1 view .LVU384
 1322 0006 10B5     		push	{r4, lr}
 1323              	.LCFI19:
 1324              		.cfi_def_cfa_offset 8
 1325              		.cfi_offset 4, -8
 1326              		.cfi_offset 14, -4
  30:Core/Lib/neo8m.c ****   gps->rx_index = 0;
 1327              		.loc 1 30 3 is_stmt 1 view .LVU385
  30:Core/Lib/neo8m.c ****   gps->rx_index = 0;
 1328              		.loc 1 30 13 is_stmt 0 view .LVU386
 1329 0008 0260     		str	r2, [r0]
  31:Core/Lib/neo8m.c ****   gps->initialized = true;
 1330              		.loc 1 31 3 is_stmt 1 view .LVU387
  31:Core/Lib/neo8m.c ****   gps->initialized = true;
 1331              		.loc 1 31 17 is_stmt 0 view .LVU388
 1332 000a 0024     		movs	r4, #0
 1333 000c A0F80441 		strh	r4, [r0, #260]	@ movhi
  32:Core/Lib/neo8m.c ****   gps->last_update = 0;
 1334              		.loc 1 32 3 is_stmt 1 view .LVU389
  32:Core/Lib/neo8m.c ****   gps->last_update = 0;
 1335              		.loc 1 32 20 is_stmt 0 view .LVU390
 1336 0010 0122     		movs	r2, #1
 1337 0012 80F84021 		strb	r2, [r0, #320]
  33:Core/Lib/neo8m.c **** 
 1338              		.loc 1 33 3 is_stmt 1 view .LVU391
  33:Core/Lib/neo8m.c **** 
 1339              		.loc 1 33 20 is_stmt 0 view .LVU392
 1340 0016 C0F84441 		str	r4, [r0, #324]
  36:Core/Lib/neo8m.c ****   memset(gps->rx_buffer, 0, sizeof(gps->rx_buffer));
 1341              		.loc 1 36 3 is_stmt 1 view .LVU393
 1342 001a C0F80841 		str	r4, [r0, #264]	@ unaligned
  37:Core/Lib/neo8m.c **** 
 1343              		.loc 1 37 3 view .LVU394
 1344 001e 4FF48072 		mov	r2, #256
ARM GAS  C:\Users\admin\AppData\Local\Temp\ccRBlDTz.s 			page 38


 1345 0022 2146     		mov	r1, r4
 1346              	.LVL138:
  37:Core/Lib/neo8m.c **** 
 1347              		.loc 1 37 3 is_stmt 0 view .LVU395
 1348 0024 0430     		adds	r0, r0, #4
 1349              	.LVL139:
  37:Core/Lib/neo8m.c **** 
 1350              		.loc 1 37 3 view .LVU396
 1351 0026 FFF7FEFF 		bl	memset
 1352              	.LVL140:
  39:Core/Lib/neo8m.c ****   
 1353              		.loc 1 39 3 is_stmt 1 view .LVU397
  39:Core/Lib/neo8m.c ****   
 1354              		.loc 1 39 10 is_stmt 0 view .LVU398
 1355 002a 2046     		mov	r0, r4
  41:Core/Lib/neo8m.c **** 
 1356              		.loc 1 41 1 view .LVU399
 1357 002c 10BD     		pop	{r4, pc}
 1358              	.LVL141:
 1359              	.L100:
 1360              	.LCFI20:
 1361              		.cfi_def_cfa_offset 0
 1362              		.cfi_restore 4
 1363              		.cfi_restore 14
  26:Core/Lib/neo8m.c ****   }
 1364              		.loc 1 26 12 view .LVU400
 1365 002e 0320     		movs	r0, #3
 1366              	.LVL142:
  26:Core/Lib/neo8m.c ****   }
 1367              		.loc 1 26 12 view .LVU401
 1368 0030 7047     		bx	lr
 1369              	.LVL143:
 1370              	.L101:
  26:Core/Lib/neo8m.c ****   }
 1371              		.loc 1 26 12 view .LVU402
 1372 0032 0320     		movs	r0, #3
 1373              	.LVL144:
  41:Core/Lib/neo8m.c **** 
 1374              		.loc 1 41 1 view .LVU403
 1375 0034 7047     		bx	lr
 1376              		.cfi_endproc
 1377              	.LFE144:
 1379              		.section	.text.neo8m_process,"ax",%progbits
 1380              		.align	1
 1381              		.global	neo8m_process
 1382              		.syntax unified
 1383              		.thumb
 1384              		.thumb_func
 1386              	neo8m_process:
 1387              	.LVL145:
 1388              	.LFB145:
  44:Core/Lib/neo8m.c ****   if (!gps->initialized)
 1389              		.loc 1 44 1 is_stmt 1 view -0
 1390              		.cfi_startproc
 1391              		@ args = 0, pretend = 0, frame = 0
 1392              		@ frame_needed = 0, uses_anonymous_args = 0
  45:Core/Lib/neo8m.c ****   {
ARM GAS  C:\Users\admin\AppData\Local\Temp\ccRBlDTz.s 			page 39


 1393              		.loc 1 45 3 view .LVU405
  45:Core/Lib/neo8m.c ****   {
 1394              		.loc 1 45 11 is_stmt 0 view .LVU406
 1395 0000 90F84031 		ldrb	r3, [r0, #320]	@ zero_extendqisi2
  45:Core/Lib/neo8m.c ****   {
 1396              		.loc 1 45 6 view .LVU407
 1397 0004 6BB3     		cbz	r3, .L110
  44:Core/Lib/neo8m.c ****   if (!gps->initialized)
 1398              		.loc 1 44 1 view .LVU408
 1399 0006 10B5     		push	{r4, lr}
 1400              	.LCFI21:
 1401              		.cfi_def_cfa_offset 8
 1402              		.cfi_offset 4, -8
 1403              		.cfi_offset 14, -4
 1404 0008 0446     		mov	r4, r0
  51:Core/Lib/neo8m.c ****   {
 1405              		.loc 1 51 3 is_stmt 1 view .LVU409
  51:Core/Lib/neo8m.c ****   {
 1406              		.loc 1 51 10 is_stmt 0 view .LVU410
 1407 000a B0F80431 		ldrh	r3, [r0, #260]
  51:Core/Lib/neo8m.c ****   {
 1408              		.loc 1 51 6 view .LVU411
 1409 000e FE2B     		cmp	r3, #254
 1410 0010 09D8     		bhi	.L118
  57:Core/Lib/neo8m.c **** 
 1411              		.loc 1 57 3 is_stmt 1 view .LVU412
  57:Core/Lib/neo8m.c **** 
 1412              		.loc 1 57 31 is_stmt 0 view .LVU413
 1413 0012 5A1C     		adds	r2, r3, #1
 1414 0014 92B2     		uxth	r2, r2
 1415 0016 A0F80421 		strh	r2, [r0, #260]	@ movhi
  57:Core/Lib/neo8m.c **** 
 1416              		.loc 1 57 35 view .LVU414
 1417 001a 0344     		add	r3, r3, r0
 1418 001c 1971     		strb	r1, [r3, #4]
  60:Core/Lib/neo8m.c ****   {
 1419              		.loc 1 60 3 is_stmt 1 view .LVU415
  60:Core/Lib/neo8m.c ****   {
 1420              		.loc 1 60 6 is_stmt 0 view .LVU416
 1421 001e 0A29     		cmp	r1, #10
 1422 0020 06D0     		beq	.L119
  72:Core/Lib/neo8m.c ****   
 1423              		.loc 1 72 10 view .LVU417
 1424 0022 0020     		movs	r0, #0
 1425              	.LVL146:
 1426              	.L107:
  74:Core/Lib/neo8m.c **** 
 1427              		.loc 1 74 1 view .LVU418
 1428 0024 10BD     		pop	{r4, pc}
 1429              	.LVL147:
 1430              	.L118:
  53:Core/Lib/neo8m.c ****     return NEO8M_BUFFER_FULL;
 1431              		.loc 1 53 5 is_stmt 1 view .LVU419
  53:Core/Lib/neo8m.c ****     return NEO8M_BUFFER_FULL;
 1432              		.loc 1 53 19 is_stmt 0 view .LVU420
 1433 0026 0023     		movs	r3, #0
 1434 0028 A0F80431 		strh	r3, [r0, #260]	@ movhi
ARM GAS  C:\Users\admin\AppData\Local\Temp\ccRBlDTz.s 			page 40


  54:Core/Lib/neo8m.c ****   }
 1435              		.loc 1 54 5 is_stmt 1 view .LVU421
  54:Core/Lib/neo8m.c ****   }
 1436              		.loc 1 54 12 is_stmt 0 view .LVU422
 1437 002c 0520     		movs	r0, #5
 1438              	.LVL148:
  54:Core/Lib/neo8m.c ****   }
 1439              		.loc 1 54 12 view .LVU423
 1440 002e F9E7     		b	.L107
 1441              	.LVL149:
 1442              	.L119:
  60:Core/Lib/neo8m.c ****   {
 1443              		.loc 1 60 20 discriminator 1 view .LVU424
 1444 0030 012A     		cmp	r2, #1
 1445 0032 18D9     		bls	.L112
  60:Core/Lib/neo8m.c ****   {
 1446              		.loc 1 60 74 discriminator 2 view .LVU425
 1447 0034 023A     		subs	r2, r2, #2
  60:Core/Lib/neo8m.c ****   {
 1448              		.loc 1 60 59 discriminator 2 view .LVU426
 1449 0036 8318     		adds	r3, r0, r2
 1450 0038 1B79     		ldrb	r3, [r3, #4]	@ zero_extendqisi2
  60:Core/Lib/neo8m.c ****   {
 1451              		.loc 1 60 42 discriminator 2 view .LVU427
 1452 003a 0D2B     		cmp	r3, #13
 1453 003c 01D0     		beq	.L120
  72:Core/Lib/neo8m.c ****   
 1454              		.loc 1 72 10 view .LVU428
 1455 003e 0020     		movs	r0, #0
 1456              	.LVL150:
  72:Core/Lib/neo8m.c ****   
 1457              		.loc 1 72 10 view .LVU429
 1458 0040 F0E7     		b	.L107
 1459              	.LVL151:
 1460              	.L120:
  63:Core/Lib/neo8m.c ****     //goi ham phan tich chuoi
 1461              		.loc 1 63 5 is_stmt 1 view .LVU430
  63:Core/Lib/neo8m.c ****     //goi ham phan tich chuoi
 1462              		.loc 1 63 39 is_stmt 0 view .LVU431
 1463 0042 0244     		add	r2, r2, r0
 1464 0044 0023     		movs	r3, #0
 1465 0046 1371     		strb	r3, [r2, #4]
  65:Core/Lib/neo8m.c ****     {
 1466              		.loc 1 65 5 is_stmt 1 view .LVU432
  65:Core/Lib/neo8m.c ****     {
 1467              		.loc 1 65 9 is_stmt 0 view .LVU433
 1468 0048 011D     		adds	r1, r0, #4
 1469              	.LVL152:
  65:Core/Lib/neo8m.c ****     {
 1470              		.loc 1 65 9 view .LVU434
 1471 004a FFF7FEFF 		bl	neo8m_parse_nmea
 1472              	.LVL153:
  65:Core/Lib/neo8m.c ****     {
 1473              		.loc 1 65 8 view .LVU435
 1474 004e 18B9     		cbnz	r0, .L121
 1475              	.L109:
  70:Core/Lib/neo8m.c ****   }
ARM GAS  C:\Users\admin\AppData\Local\Temp\ccRBlDTz.s 			page 41


 1476              		.loc 1 70 3 is_stmt 1 view .LVU436
  70:Core/Lib/neo8m.c ****   }
 1477              		.loc 1 70 17 is_stmt 0 view .LVU437
 1478 0050 0020     		movs	r0, #0
 1479 0052 A4F80401 		strh	r0, [r4, #260]	@ movhi
 1480 0056 E5E7     		b	.L107
 1481              	.L121:
  67:Core/Lib/neo8m.c ****     }
 1482              		.loc 1 67 7 is_stmt 1 view .LVU438
  67:Core/Lib/neo8m.c ****     }
 1483              		.loc 1 67 26 is_stmt 0 view .LVU439
 1484 0058 FFF7FEFF 		bl	HAL_GetTick
 1485              	.LVL154:
  67:Core/Lib/neo8m.c ****     }
 1486              		.loc 1 67 24 view .LVU440
 1487 005c C4F84401 		str	r0, [r4, #324]
 1488 0060 F6E7     		b	.L109
 1489              	.LVL155:
 1490              	.L110:
 1491              	.LCFI22:
 1492              		.cfi_def_cfa_offset 0
 1493              		.cfi_restore 4
 1494              		.cfi_restore 14
  47:Core/Lib/neo8m.c ****   }
 1495              		.loc 1 47 12 view .LVU441
 1496 0062 0120     		movs	r0, #1
 1497              	.LVL156:
  74:Core/Lib/neo8m.c **** 
 1498              		.loc 1 74 1 view .LVU442
 1499 0064 7047     		bx	lr
 1500              	.LVL157:
 1501              	.L112:
 1502              	.LCFI23:
 1503              		.cfi_def_cfa_offset 8
 1504              		.cfi_offset 4, -8
 1505              		.cfi_offset 14, -4
  72:Core/Lib/neo8m.c ****   
 1506              		.loc 1 72 10 view .LVU443
 1507 0066 0020     		movs	r0, #0
 1508              	.LVL158:
  72:Core/Lib/neo8m.c ****   
 1509              		.loc 1 72 10 view .LVU444
 1510 0068 DCE7     		b	.L107
 1511              		.cfi_endproc
 1512              	.LFE145:
 1514              		.section	.text.neo8m_has_fix,"ax",%progbits
 1515              		.align	1
 1516              		.global	neo8m_has_fix
 1517              		.syntax unified
 1518              		.thumb
 1519              		.thumb_func
 1521              	neo8m_has_fix:
 1522              	.LVL159:
 1523              	.LFB146:
  78:Core/Lib/neo8m.c ****   if (!gps->initialized)
 1524              		.loc 1 78 1 is_stmt 1 view -0
 1525              		.cfi_startproc
ARM GAS  C:\Users\admin\AppData\Local\Temp\ccRBlDTz.s 			page 42


 1526              		@ args = 0, pretend = 0, frame = 0
 1527              		@ frame_needed = 0, uses_anonymous_args = 0
 1528              		@ link register save eliminated.
  78:Core/Lib/neo8m.c ****   if (!gps->initialized)
 1529              		.loc 1 78 1 is_stmt 0 view .LVU446
 1530 0000 0346     		mov	r3, r0
  79:Core/Lib/neo8m.c ****   {
 1531              		.loc 1 79 3 is_stmt 1 view .LVU447
  79:Core/Lib/neo8m.c ****   {
 1532              		.loc 1 79 11 is_stmt 0 view .LVU448
 1533 0002 90F84001 		ldrb	r0, [r0, #320]	@ zero_extendqisi2
 1534              	.LVL160:
  79:Core/Lib/neo8m.c ****   {
 1535              		.loc 1 79 6 view .LVU449
 1536 0006 58B1     		cbz	r0, .L123
  83:Core/Lib/neo8m.c ****   
 1537              		.loc 1 83 3 is_stmt 1 view .LVU450
  83:Core/Lib/neo8m.c ****   
 1538              		.loc 1 83 20 is_stmt 0 view .LVU451
 1539 0008 93F82C21 		ldrb	r2, [r3, #300]	@ zero_extendqisi2
  83:Core/Lib/neo8m.c ****   
 1540              		.loc 1 83 41 view .LVU452
 1541 000c 012A     		cmp	r2, #1
 1542 000e 04D9     		bls	.L125
  83:Core/Lib/neo8m.c ****   
 1543              		.loc 1 83 53 discriminator 1 view .LVU453
 1544 0010 93F83831 		ldrb	r3, [r3, #312]	@ zero_extendqisi2
 1545              	.LVL161:
  83:Core/Lib/neo8m.c ****   
 1546              		.loc 1 83 41 discriminator 1 view .LVU454
 1547 0014 1BB9     		cbnz	r3, .L126
  83:Core/Lib/neo8m.c ****   
 1548              		.loc 1 83 41 view .LVU455
 1549 0016 0020     		movs	r0, #0
 1550 0018 7047     		bx	lr
 1551              	.LVL162:
 1552              	.L125:
  83:Core/Lib/neo8m.c ****   
 1553              		.loc 1 83 41 view .LVU456
 1554 001a 0020     		movs	r0, #0
 1555 001c 7047     		bx	lr
 1556              	.LVL163:
 1557              	.L126:
  83:Core/Lib/neo8m.c ****   
 1558              		.loc 1 83 41 view .LVU457
 1559 001e 0120     		movs	r0, #1
 1560              	.L123:
  85:Core/Lib/neo8m.c **** 
 1561              		.loc 1 85 1 view .LVU458
 1562 0020 7047     		bx	lr
 1563              		.cfi_endproc
 1564              	.LFE146:
 1566              		.section	.text.neo8m_get_data,"ax",%progbits
 1567              		.align	1
 1568              		.global	neo8m_get_data
 1569              		.syntax unified
 1570              		.thumb
ARM GAS  C:\Users\admin\AppData\Local\Temp\ccRBlDTz.s 			page 43


 1571              		.thumb_func
 1573              	neo8m_get_data:
 1574              	.LVL164:
 1575              	.LFB147:
  88:Core/Lib/neo8m.c ****   return &gps->data;
 1576              		.loc 1 88 1 is_stmt 1 view -0
 1577              		.cfi_startproc
 1578              		@ args = 0, pretend = 0, frame = 0
 1579              		@ frame_needed = 0, uses_anonymous_args = 0
 1580              		@ link register save eliminated.
  89:Core/Lib/neo8m.c **** }
 1581              		.loc 1 89 3 view .LVU460
  90:Core/Lib/neo8m.c **** 
 1582              		.loc 1 90 1 is_stmt 0 view .LVU461
 1583 0000 00F58470 		add	r0, r0, #264
 1584              	.LVL165:
  90:Core/Lib/neo8m.c **** 
 1585              		.loc 1 90 1 view .LVU462
 1586 0004 7047     		bx	lr
 1587              		.cfi_endproc
 1588              	.LFE147:
 1590              		.section	.text.neo8m_start_receive_it,"ax",%progbits
 1591              		.align	1
 1592              		.global	neo8m_start_receive_it
 1593              		.syntax unified
 1594              		.thumb
 1595              		.thumb_func
 1597              	neo8m_start_receive_it:
 1598              	.LVL166:
 1599              	.LFB148:
  94:Core/Lib/neo8m.c ****   if (!gps->initialized)
 1600              		.loc 1 94 1 is_stmt 1 view -0
 1601              		.cfi_startproc
 1602              		@ args = 0, pretend = 0, frame = 0
 1603              		@ frame_needed = 0, uses_anonymous_args = 0
  94:Core/Lib/neo8m.c ****   if (!gps->initialized)
 1604              		.loc 1 94 1 is_stmt 0 view .LVU464
 1605 0000 08B5     		push	{r3, lr}
 1606              	.LCFI24:
 1607              		.cfi_def_cfa_offset 8
 1608              		.cfi_offset 3, -8
 1609              		.cfi_offset 14, -4
  95:Core/Lib/neo8m.c ****   {
 1610              		.loc 1 95 3 is_stmt 1 view .LVU465
  95:Core/Lib/neo8m.c ****   {
 1611              		.loc 1 95 11 is_stmt 0 view .LVU466
 1612 0002 90F84031 		ldrb	r3, [r0, #320]	@ zero_extendqisi2
  95:Core/Lib/neo8m.c ****   {
 1613              		.loc 1 95 6 view .LVU467
 1614 0006 0BB9     		cbnz	r3, .L133
  97:Core/Lib/neo8m.c ****   }
 1615              		.loc 1 97 12 view .LVU468
 1616 0008 0120     		movs	r0, #1
 1617              	.LVL167:
 1618              	.L129:
 107:Core/Lib/neo8m.c **** 
 1619              		.loc 1 107 1 view .LVU469
ARM GAS  C:\Users\admin\AppData\Local\Temp\ccRBlDTz.s 			page 44


 1620 000a 08BD     		pop	{r3, pc}
 1621              	.LVL168:
 1622              	.L133:
 101:Core/Lib/neo8m.c ****   {
 1623              		.loc 1 101 3 is_stmt 1 view .LVU470
 101:Core/Lib/neo8m.c ****   {
 1624              		.loc 1 101 7 is_stmt 0 view .LVU471
 1625 000c 0146     		mov	r1, r0
 1626 000e 51F8040B 		ldr	r0, [r1], #4
 1627              	.LVL169:
 101:Core/Lib/neo8m.c ****   {
 1628              		.loc 1 101 7 view .LVU472
 1629 0012 0122     		movs	r2, #1
 1630 0014 FFF7FEFF 		bl	HAL_UART_Receive_IT
 1631              	.LVL170:
 101:Core/Lib/neo8m.c ****   {
 1632              		.loc 1 101 6 view .LVU473
 1633 0018 0028     		cmp	r0, #0
 1634 001a F6D0     		beq	.L129
 103:Core/Lib/neo8m.c ****   }
 1635              		.loc 1 103 12 view .LVU474
 1636 001c 0120     		movs	r0, #1
 1637 001e F4E7     		b	.L129
 1638              		.cfi_endproc
 1639              	.LFE148:
 1641              		.section	.text.neo8m_start_receive_dma,"ax",%progbits
 1642              		.align	1
 1643              		.global	neo8m_start_receive_dma
 1644              		.syntax unified
 1645              		.thumb
 1646              		.thumb_func
 1648              	neo8m_start_receive_dma:
 1649              	.LVL171:
 1650              	.LFB149:
 110:Core/Lib/neo8m.c ****   if (!gps->initialized)
 1651              		.loc 1 110 1 is_stmt 1 view -0
 1652              		.cfi_startproc
 1653              		@ args = 0, pretend = 0, frame = 0
 1654              		@ frame_needed = 0, uses_anonymous_args = 0
 110:Core/Lib/neo8m.c ****   if (!gps->initialized)
 1655              		.loc 1 110 1 is_stmt 0 view .LVU476
 1656 0000 08B5     		push	{r3, lr}
 1657              	.LCFI25:
 1658              		.cfi_def_cfa_offset 8
 1659              		.cfi_offset 3, -8
 1660              		.cfi_offset 14, -4
 111:Core/Lib/neo8m.c ****   {
 1661              		.loc 1 111 3 is_stmt 1 view .LVU477
 111:Core/Lib/neo8m.c ****   {
 1662              		.loc 1 111 11 is_stmt 0 view .LVU478
 1663 0002 90F84031 		ldrb	r3, [r0, #320]	@ zero_extendqisi2
 111:Core/Lib/neo8m.c ****   {
 1664              		.loc 1 111 6 view .LVU479
 1665 0006 0BB9     		cbnz	r3, .L139
 113:Core/Lib/neo8m.c ****   }
 1666              		.loc 1 113 12 view .LVU480
 1667 0008 0120     		movs	r0, #1
ARM GAS  C:\Users\admin\AppData\Local\Temp\ccRBlDTz.s 			page 45


 1668              	.LVL172:
 1669              	.L135:
 121:Core/Lib/neo8m.c **** 
 1670              		.loc 1 121 1 view .LVU481
 1671 000a 08BD     		pop	{r3, pc}
 1672              	.LVL173:
 1673              	.L139:
 115:Core/Lib/neo8m.c ****   {
 1674              		.loc 1 115 3 is_stmt 1 view .LVU482
 115:Core/Lib/neo8m.c ****   {
 1675              		.loc 1 115 7 is_stmt 0 view .LVU483
 1676 000c 92B2     		uxth	r2, r2
 1677              	.LVL174:
 115:Core/Lib/neo8m.c ****   {
 1678              		.loc 1 115 7 view .LVU484
 1679 000e 0068     		ldr	r0, [r0]
 1680              	.LVL175:
 115:Core/Lib/neo8m.c ****   {
 1681              		.loc 1 115 7 view .LVU485
 1682 0010 FFF7FEFF 		bl	HAL_UART_Receive_DMA
 1683              	.LVL176:
 115:Core/Lib/neo8m.c ****   {
 1684              		.loc 1 115 6 view .LVU486
 1685 0014 0028     		cmp	r0, #0
 1686 0016 F8D0     		beq	.L135
 117:Core/Lib/neo8m.c ****   }
 1687              		.loc 1 117 12 view .LVU487
 1688 0018 0120     		movs	r0, #1
 1689 001a F6E7     		b	.L135
 1690              		.cfi_endproc
 1691              	.LFE149:
 1693              		.section	.text.neo8m_is_data_fresh,"ax",%progbits
 1694              		.align	1
 1695              		.global	neo8m_is_data_fresh
 1696              		.syntax unified
 1697              		.thumb
 1698              		.thumb_func
 1700              	neo8m_is_data_fresh:
 1701              	.LVL177:
 1702              	.LFB150:
 124:Core/Lib/neo8m.c ****   if (!gps->initialized)
 1703              		.loc 1 124 1 is_stmt 1 view -0
 1704              		.cfi_startproc
 1705              		@ args = 0, pretend = 0, frame = 0
 1706              		@ frame_needed = 0, uses_anonymous_args = 0
 124:Core/Lib/neo8m.c ****   if (!gps->initialized)
 1707              		.loc 1 124 1 is_stmt 0 view .LVU489
 1708 0000 38B5     		push	{r3, r4, r5, lr}
 1709              	.LCFI26:
 1710              		.cfi_def_cfa_offset 16
 1711              		.cfi_offset 3, -16
 1712              		.cfi_offset 4, -12
 1713              		.cfi_offset 5, -8
 1714              		.cfi_offset 14, -4
 1715 0002 0446     		mov	r4, r0
 125:Core/Lib/neo8m.c ****   {
 1716              		.loc 1 125 3 is_stmt 1 view .LVU490
ARM GAS  C:\Users\admin\AppData\Local\Temp\ccRBlDTz.s 			page 46


 125:Core/Lib/neo8m.c ****   {
 1717              		.loc 1 125 11 is_stmt 0 view .LVU491
 1718 0004 90F84001 		ldrb	r0, [r0, #320]	@ zero_extendqisi2
 1719              	.LVL178:
 125:Core/Lib/neo8m.c ****   {
 1720              		.loc 1 125 6 view .LVU492
 1721 0008 00B9     		cbnz	r0, .L143
 1722              	.LVL179:
 1723              	.L141:
 131:Core/Lib/neo8m.c **** 
 1724              		.loc 1 131 1 view .LVU493
 1725 000a 38BD     		pop	{r3, r4, r5, pc}
 1726              	.LVL180:
 1727              	.L143:
 131:Core/Lib/neo8m.c **** 
 1728              		.loc 1 131 1 view .LVU494
 1729 000c 0D46     		mov	r5, r1
 129:Core/Lib/neo8m.c ****   
 1730              		.loc 1 129 3 is_stmt 1 view .LVU495
 129:Core/Lib/neo8m.c ****   
 1731              		.loc 1 129 11 is_stmt 0 view .LVU496
 1732 000e FFF7FEFF 		bl	HAL_GetTick
 1733              	.LVL181:
 129:Core/Lib/neo8m.c ****   
 1734              		.loc 1 129 30 view .LVU497
 1735 0012 D4F84431 		ldr	r3, [r4, #324]
 129:Core/Lib/neo8m.c ****   
 1736              		.loc 1 129 25 view .LVU498
 1737 0016 C01A     		subs	r0, r0, r3
 129:Core/Lib/neo8m.c ****   
 1738              		.loc 1 129 45 view .LVU499
 1739 0018 A842     		cmp	r0, r5
 1740 001a 2CBF     		ite	cs
 1741 001c 0020     		movcs	r0, #0
 1742 001e 0120     		movcc	r0, #1
 1743 0020 F3E7     		b	.L141
 1744              		.cfi_endproc
 1745              	.LFE150:
 1747              		.section	.text.neo8m_calculate_distance,"ax",%progbits
 1748              		.align	1
 1749              		.global	neo8m_calculate_distance
 1750              		.syntax unified
 1751              		.thumb
 1752              		.thumb_func
 1754              	neo8m_calculate_distance:
 1755              	.LVL182:
 1756              	.LFB151:
 134:Core/Lib/neo8m.c ****   double dlat = (lat2 - lat1) * DEG_TO_RAD;
 1757              		.loc 1 134 1 is_stmt 1 view -0
 1758              		.cfi_startproc
 1759              		@ args = 0, pretend = 0, frame = 0
 1760              		@ frame_needed = 0, uses_anonymous_args = 0
 134:Core/Lib/neo8m.c ****   double dlat = (lat2 - lat1) * DEG_TO_RAD;
 1761              		.loc 1 134 1 is_stmt 0 view .LVU501
 1762 0000 08B5     		push	{r3, lr}
 1763              	.LCFI27:
 1764              		.cfi_def_cfa_offset 8
ARM GAS  C:\Users\admin\AppData\Local\Temp\ccRBlDTz.s 			page 47


 1765              		.cfi_offset 3, -8
 1766              		.cfi_offset 14, -4
 1767 0002 2DED0A8B 		vpush.64	{d8, d9, d10, d11, d12}
 1768              	.LCFI28:
 1769              		.cfi_def_cfa_offset 48
 1770              		.cfi_offset 80, -48
 1771              		.cfi_offset 81, -44
 1772              		.cfi_offset 82, -40
 1773              		.cfi_offset 83, -36
 1774              		.cfi_offset 84, -32
 1775              		.cfi_offset 85, -28
 1776              		.cfi_offset 86, -24
 1777              		.cfi_offset 87, -20
 1778              		.cfi_offset 88, -16
 1779              		.cfi_offset 89, -12
 1780 0006 B0EE40BB 		vmov.f64	d11, d0
 1781 000a B0EE42AB 		vmov.f64	d10, d2
 135:Core/Lib/neo8m.c ****   double dlon = (lon2 - lon1) * DEG_TO_RAD;
 1782              		.loc 1 135 3 is_stmt 1 view .LVU502
 135:Core/Lib/neo8m.c ****   double dlon = (lon2 - lon1) * DEG_TO_RAD;
 1783              		.loc 1 135 23 is_stmt 0 view .LVU503
 1784 000e 32EE400B 		vsub.f64	d0, d2, d0
 1785              	.LVL183:
 135:Core/Lib/neo8m.c ****   double dlon = (lon2 - lon1) * DEG_TO_RAD;
 1786              		.loc 1 135 10 view .LVU504
 1787 0012 9FED219B 		vldr.64	d9, .L146
 1788 0016 20EE090B 		vmul.f64	d0, d0, d9
 1789              	.LVL184:
 136:Core/Lib/neo8m.c **** 
 1790              		.loc 1 136 3 is_stmt 1 view .LVU505
 136:Core/Lib/neo8m.c **** 
 1791              		.loc 1 136 23 is_stmt 0 view .LVU506
 1792 001a 33EE413B 		vsub.f64	d3, d3, d1
 1793              	.LVL185:
 136:Core/Lib/neo8m.c **** 
 1794              		.loc 1 136 10 view .LVU507
 1795 001e 23EE099B 		vmul.f64	d9, d3, d9
 1796              	.LVL186:
 138:Core/Lib/neo8m.c ****   double c = 2 * atan2(sqrt(a), sqrt(1-a));
 1797              		.loc 1 138 3 is_stmt 1 view .LVU508
 138:Core/Lib/neo8m.c ****   double c = 2 * atan2(sqrt(a), sqrt(1-a));
 1798              		.loc 1 138 14 is_stmt 0 view .LVU509
 1799 0022 B6EE00CB 		vmov.f64	d12, #5.0e-1
 1800 0026 20EE0C0B 		vmul.f64	d0, d0, d12
 1801              	.LVL187:
 138:Core/Lib/neo8m.c ****   double c = 2 * atan2(sqrt(a), sqrt(1-a));
 1802              		.loc 1 138 14 view .LVU510
 1803 002a FFF7FEFF 		bl	sin
 1804              	.LVL188:
 138:Core/Lib/neo8m.c ****   double c = 2 * atan2(sqrt(a), sqrt(1-a));
 1805              		.loc 1 138 26 view .LVU511
 1806 002e 20EE008B 		vmul.f64	d8, d0, d0
 138:Core/Lib/neo8m.c ****   double c = 2 * atan2(sqrt(a), sqrt(1-a));
 1807              		.loc 1 138 42 view .LVU512
 1808 0032 29EE0C0B 		vmul.f64	d0, d9, d12
 1809 0036 FFF7FEFF 		bl	sin
 1810              	.LVL189:
ARM GAS  C:\Users\admin\AppData\Local\Temp\ccRBlDTz.s 			page 48


 138:Core/Lib/neo8m.c ****   double c = 2 * atan2(sqrt(a), sqrt(1-a));
 1811              		.loc 1 138 54 view .LVU513
 1812 003a 20EE009B 		vmul.f64	d9, d0, d0
 1813              	.LVL190:
 138:Core/Lib/neo8m.c ****   double c = 2 * atan2(sqrt(a), sqrt(1-a));
 1814              		.loc 1 138 70 view .LVU514
 1815 003e B0EE4B0B 		vmov.f64	d0, d11
 1816 0042 FFF7FEFF 		bl	cos
 1817              	.LVL191:
 138:Core/Lib/neo8m.c ****   double c = 2 * atan2(sqrt(a), sqrt(1-a));
 1818              		.loc 1 138 68 view .LVU515
 1819 0046 29EE009B 		vmul.f64	d9, d9, d0
 138:Core/Lib/neo8m.c ****   double c = 2 * atan2(sqrt(a), sqrt(1-a));
 1820              		.loc 1 138 82 view .LVU516
 1821 004a B0EE4A0B 		vmov.f64	d0, d10
 1822 004e FFF7FEFF 		bl	cos
 1823              	.LVL192:
 138:Core/Lib/neo8m.c ****   double c = 2 * atan2(sqrt(a), sqrt(1-a));
 1824              		.loc 1 138 10 view .LVU517
 1825 0052 09EE008B 		vmla.f64	d8, d9, d0
 1826              	.LVL193:
 139:Core/Lib/neo8m.c **** 
 1827              		.loc 1 139 3 is_stmt 1 view .LVU518
 139:Core/Lib/neo8m.c **** 
 1828              		.loc 1 139 18 is_stmt 0 view .LVU519
 1829 0056 B0EE480B 		vmov.f64	d0, d8
 1830 005a FFF7FEFF 		bl	sqrt
 1831              	.LVL194:
 1832 005e B0EE409B 		vmov.f64	d9, d0
 1833 0062 B7EE000B 		vmov.f64	d0, #1.0e+0
 1834 0066 30EE480B 		vsub.f64	d0, d0, d8
 1835 006a FFF7FEFF 		bl	sqrt
 1836              	.LVL195:
 1837 006e B0EE401B 		vmov.f64	d1, d0
 1838 0072 B0EE490B 		vmov.f64	d0, d9
 1839 0076 FFF7FEFF 		bl	atan2
 1840              	.LVL196:
 139:Core/Lib/neo8m.c **** 
 1841              		.loc 1 139 10 view .LVU520
 1842 007a 30EE000B 		vadd.f64	d0, d0, d0
 1843              	.LVL197:
 141:Core/Lib/neo8m.c **** }
 1844              		.loc 1 141 3 is_stmt 1 view .LVU521
 141:Core/Lib/neo8m.c **** }
 1845              		.loc 1 141 26 is_stmt 0 view .LVU522
 1846 007e 9FED087B 		vldr.64	d7, .L146+8
 1847 0082 20EE070B 		vmul.f64	d0, d0, d7
 1848              	.LVL198:
 141:Core/Lib/neo8m.c **** }
 1849              		.loc 1 141 30 view .LVU523
 1850 0086 9FED087B 		vldr.64	d7, .L146+16
 1851 008a 20EE070B 		vmul.f64	d0, d0, d7
 142:Core/Lib/neo8m.c **** 
 1852              		.loc 1 142 1 view .LVU524
 1853 008e B7EEC00B 		vcvt.f32.f64	s0, d0
 1854 0092 BDEC0A8B 		vldm	sp!, {d8-d12}
 1855              	.LCFI29:
ARM GAS  C:\Users\admin\AppData\Local\Temp\ccRBlDTz.s 			page 49


 1856              		.cfi_restore 88
 1857              		.cfi_restore 89
 1858              		.cfi_restore 86
 1859              		.cfi_restore 87
 1860              		.cfi_restore 84
 1861              		.cfi_restore 85
 1862              		.cfi_restore 82
 1863              		.cfi_restore 83
 1864              		.cfi_restore 80
 1865              		.cfi_restore 81
 1866              		.cfi_def_cfa_offset 8
 1867              	.LVL199:
 142:Core/Lib/neo8m.c **** 
 1868              		.loc 1 142 1 view .LVU525
 1869 0096 08BD     		pop	{r3, pc}
 1870              	.L147:
 1871              		.align	3
 1872              	.L146:
 1873 0098 399D52A2 		.word	-1571644103
 1874 009c 46DF913F 		.word	1066524486
 1875 00a0 00000000 		.word	0
 1876 00a4 00E3B840 		.word	1085858560
 1877 00a8 00000000 		.word	0
 1878 00ac 00408F40 		.word	1083129856
 1879              		.cfi_endproc
 1880              	.LFE151:
 1882              		.section	.text.neo8m_calculate_bearing,"ax",%progbits
 1883              		.align	1
 1884              		.global	neo8m_calculate_bearing
 1885              		.syntax unified
 1886              		.thumb
 1887              		.thumb_func
 1889              	neo8m_calculate_bearing:
 1890              	.LVL200:
 1891              	.LFB152:
 145:Core/Lib/neo8m.c ****   lat1 *= DEG_TO_RAD;
 1892              		.loc 1 145 1 is_stmt 1 view -0
 1893              		.cfi_startproc
 1894              		@ args = 0, pretend = 0, frame = 0
 1895              		@ frame_needed = 0, uses_anonymous_args = 0
 145:Core/Lib/neo8m.c ****   lat1 *= DEG_TO_RAD;
 1896              		.loc 1 145 1 is_stmt 0 view .LVU527
 1897 0000 08B5     		push	{r3, lr}
 1898              	.LCFI30:
 1899              		.cfi_def_cfa_offset 8
 1900              		.cfi_offset 3, -8
 1901              		.cfi_offset 14, -4
 1902 0002 2DED0C8B 		vpush.64	{d8, d9, d10, d11, d12, d13}
 1903              	.LCFI31:
 1904              		.cfi_def_cfa_offset 56
 1905              		.cfi_offset 80, -56
 1906              		.cfi_offset 81, -52
 1907              		.cfi_offset 82, -48
 1908              		.cfi_offset 83, -44
 1909              		.cfi_offset 84, -40
 1910              		.cfi_offset 85, -36
 1911              		.cfi_offset 86, -32
ARM GAS  C:\Users\admin\AppData\Local\Temp\ccRBlDTz.s 			page 50


 1912              		.cfi_offset 87, -28
 1913              		.cfi_offset 88, -24
 1914              		.cfi_offset 89, -20
 1915              		.cfi_offset 90, -16
 1916              		.cfi_offset 91, -12
 146:Core/Lib/neo8m.c ****   lat2 *= DEG_TO_RAD;
 1917              		.loc 1 146 3 is_stmt 1 view .LVU528
 146:Core/Lib/neo8m.c ****   lat2 *= DEG_TO_RAD;
 1918              		.loc 1 146 8 is_stmt 0 view .LVU529
 1919 0006 9FED249B 		vldr.64	d9, .L154
 1920 000a 20EE09BB 		vmul.f64	d11, d0, d9
 1921              	.LVL201:
 147:Core/Lib/neo8m.c ****   double dlon = (lon2 - lon1) * DEG_TO_RAD;
 1922              		.loc 1 147 3 is_stmt 1 view .LVU530
 147:Core/Lib/neo8m.c ****   double dlon = (lon2 - lon1) * DEG_TO_RAD;
 1923              		.loc 1 147 8 is_stmt 0 view .LVU531
 1924 000e 22EE09CB 		vmul.f64	d12, d2, d9
 1925              	.LVL202:
 148:Core/Lib/neo8m.c **** 
 1926              		.loc 1 148 3 is_stmt 1 view .LVU532
 148:Core/Lib/neo8m.c **** 
 1927              		.loc 1 148 23 is_stmt 0 view .LVU533
 1928 0012 33EE413B 		vsub.f64	d3, d3, d1
 1929              	.LVL203:
 148:Core/Lib/neo8m.c **** 
 1930              		.loc 1 148 10 view .LVU534
 1931 0016 23EE099B 		vmul.f64	d9, d3, d9
 1932              	.LVL204:
 150:Core/Lib/neo8m.c ****   double x = cos(lat1) * sin(lat2) - sin(lat1) * cos(lat2) * cos(dlon);
 1933              		.loc 1 150 3 is_stmt 1 view .LVU535
 150:Core/Lib/neo8m.c ****   double x = cos(lat1) * sin(lat2) - sin(lat1) * cos(lat2) * cos(dlon);
 1934              		.loc 1 150 14 is_stmt 0 view .LVU536
 1935 001a B0EE490B 		vmov.f64	d0, d9
 1936 001e FFF7FEFF 		bl	sin
 1937              	.LVL205:
 150:Core/Lib/neo8m.c ****   double x = cos(lat1) * sin(lat2) - sin(lat1) * cos(lat2) * cos(dlon);
 1938              		.loc 1 150 14 view .LVU537
 1939 0022 B0EE40AB 		vmov.f64	d10, d0
 150:Core/Lib/neo8m.c ****   double x = cos(lat1) * sin(lat2) - sin(lat1) * cos(lat2) * cos(dlon);
 1940              		.loc 1 150 26 view .LVU538
 1941 0026 B0EE4C0B 		vmov.f64	d0, d12
 1942 002a FFF7FEFF 		bl	cos
 1943              	.LVL206:
 1944 002e B0EE408B 		vmov.f64	d8, d0
 150:Core/Lib/neo8m.c ****   double x = cos(lat1) * sin(lat2) - sin(lat1) * cos(lat2) * cos(dlon);
 1945              		.loc 1 150 10 view .LVU539
 1946 0032 2AEE00AB 		vmul.f64	d10, d10, d0
 1947              	.LVL207:
 151:Core/Lib/neo8m.c **** 
 1948              		.loc 1 151 3 is_stmt 1 view .LVU540
 151:Core/Lib/neo8m.c **** 
 1949              		.loc 1 151 14 is_stmt 0 view .LVU541
 1950 0036 B0EE4B0B 		vmov.f64	d0, d11
 1951 003a FFF7FEFF 		bl	cos
 1952              	.LVL208:
 1953 003e B0EE40DB 		vmov.f64	d13, d0
 151:Core/Lib/neo8m.c **** 
ARM GAS  C:\Users\admin\AppData\Local\Temp\ccRBlDTz.s 			page 51


 1954              		.loc 1 151 26 view .LVU542
 1955 0042 B0EE4C0B 		vmov.f64	d0, d12
 1956 0046 FFF7FEFF 		bl	sin
 1957              	.LVL209:
 151:Core/Lib/neo8m.c **** 
 1958              		.loc 1 151 24 view .LVU543
 1959 004a 2DEE00DB 		vmul.f64	d13, d13, d0
 151:Core/Lib/neo8m.c **** 
 1960              		.loc 1 151 38 view .LVU544
 1961 004e B0EE4B0B 		vmov.f64	d0, d11
 1962 0052 FFF7FEFF 		bl	sin
 1963              	.LVL210:
 151:Core/Lib/neo8m.c **** 
 1964              		.loc 1 151 48 view .LVU545
 1965 0056 28EE008B 		vmul.f64	d8, d8, d0
 151:Core/Lib/neo8m.c **** 
 1966              		.loc 1 151 62 view .LVU546
 1967 005a B0EE490B 		vmov.f64	d0, d9
 1968 005e FFF7FEFF 		bl	cos
 1969              	.LVL211:
 153:Core/Lib/neo8m.c **** 
 1970              		.loc 1 153 3 is_stmt 1 view .LVU547
 153:Core/Lib/neo8m.c **** 
 1971              		.loc 1 153 19 is_stmt 0 view .LVU548
 1972 0062 B0EE4D1B 		vmov.f64	d1, d13
 1973 0066 08EE401B 		vmls.f64	d1, d8, d0
 1974              	.LVL212:
 153:Core/Lib/neo8m.c **** 
 1975              		.loc 1 153 19 view .LVU549
 1976 006a B0EE4A0B 		vmov.f64	d0, d10
 1977 006e FFF7FEFF 		bl	atan2
 1978              	.LVL213:
 153:Core/Lib/neo8m.c **** 
 1979              		.loc 1 153 30 view .LVU550
 1980 0072 9FED0B7B 		vldr.64	d7, .L154+8
 1981 0076 20EE070B 		vmul.f64	d0, d0, d7
 153:Core/Lib/neo8m.c **** 
 1982              		.loc 1 153 9 view .LVU551
 1983 007a B7EEC00B 		vcvt.f32.f64	s0, d0
 1984              	.LVL214:
 156:Core/Lib/neo8m.c ****   {
 1985              		.loc 1 156 3 is_stmt 1 view .LVU552
 156:Core/Lib/neo8m.c ****   {
 1986              		.loc 1 156 6 is_stmt 0 view .LVU553
 1987 007e B5EEC00A 		vcmpe.f32	s0, #0
 1988 0082 F1EE10FA 		vmrs	APSR_nzcv, FPSCR
 1989 0086 02D4     		bmi	.L153
 1990              	.L148:
 162:Core/Lib/neo8m.c **** 
 1991              		.loc 1 162 1 view .LVU554
 1992 0088 BDEC0C8B 		vldm	sp!, {d8-d13}
 1993              	.LCFI32:
 1994              		.cfi_remember_state
 1995              		.cfi_restore 90
 1996              		.cfi_restore 91
 1997              		.cfi_restore 88
 1998              		.cfi_restore 89
ARM GAS  C:\Users\admin\AppData\Local\Temp\ccRBlDTz.s 			page 52


 1999              		.cfi_restore 86
 2000              		.cfi_restore 87
 2001              		.cfi_restore 84
 2002              		.cfi_restore 85
 2003              		.cfi_restore 82
 2004              		.cfi_restore 83
 2005              		.cfi_restore 80
 2006              		.cfi_restore 81
 2007              		.cfi_def_cfa_offset 8
 2008              	.LVL215:
 162:Core/Lib/neo8m.c **** 
 2009              		.loc 1 162 1 view .LVU555
 2010 008c 08BD     		pop	{r3, pc}
 2011              	.LVL216:
 2012              	.L153:
 2013              	.LCFI33:
 2014              		.cfi_restore_state
 158:Core/Lib/neo8m.c ****   }
 2015              		.loc 1 158 5 is_stmt 1 view .LVU556
 158:Core/Lib/neo8m.c ****   }
 2016              		.loc 1 158 13 is_stmt 0 view .LVU557
 2017 008e DFED067A 		vldr.32	s15, .L154+16
 2018 0092 30EE270A 		vadd.f32	s0, s0, s15
 2019              	.LVL217:
 160:Core/Lib/neo8m.c ****   
 2020              		.loc 1 160 3 is_stmt 1 view .LVU558
 160:Core/Lib/neo8m.c ****   
 2021              		.loc 1 160 10 is_stmt 0 view .LVU559
 2022 0096 F7E7     		b	.L148
 2023              	.L155:
 2024              		.align	3
 2025              	.L154:
 2026 0098 399D52A2 		.word	-1571644103
 2027 009c 46DF913F 		.word	1066524486
 2028 00a0 F8C1631A 		.word	442745336
 2029 00a4 DCA54C40 		.word	1078765020
 2030 00a8 0000B443 		.word	1135869952
 2031              		.cfi_endproc
 2032              	.LFE152:
 2034              		.section	.text.neo8m_get_unix_timestamp,"ax",%progbits
 2035              		.align	1
 2036              		.global	neo8m_get_unix_timestamp
 2037              		.syntax unified
 2038              		.thumb
 2039              		.thumb_func
 2041              	neo8m_get_unix_timestamp:
 2042              	.LVL218:
 2043              	.LFB161:
 415:Core/Lib/neo8m.c **** 
 416:Core/Lib/neo8m.c **** // đồng bộ thời gian
 417:Core/Lib/neo8m.c **** void neo8m_get_unix_timestamp(neo8m_handle_t *h, uint32_t *unix_ts) {
 2044              		.loc 1 417 69 is_stmt 1 view -0
 2045              		.cfi_startproc
 2046              		@ args = 0, pretend = 0, frame = 40
 2047              		@ frame_needed = 0, uses_anonymous_args = 0
 2048              		.loc 1 417 69 is_stmt 0 view .LVU561
 2049 0000 30B5     		push	{r4, r5, lr}
ARM GAS  C:\Users\admin\AppData\Local\Temp\ccRBlDTz.s 			page 53


 2050              	.LCFI34:
 2051              		.cfi_def_cfa_offset 12
 2052              		.cfi_offset 4, -12
 2053              		.cfi_offset 5, -8
 2054              		.cfi_offset 14, -4
 2055 0002 8BB0     		sub	sp, sp, #44
 2056              	.LCFI35:
 2057              		.cfi_def_cfa_offset 56
 2058 0004 0446     		mov	r4, r0
 2059 0006 0D46     		mov	r5, r1
 418:Core/Lib/neo8m.c ****     struct tm t = {
 2060              		.loc 1 418 5 is_stmt 1 view .LVU562
 2061              		.loc 1 418 15 is_stmt 0 view .LVU563
 2062 0008 2422     		movs	r2, #36
 2063 000a 0021     		movs	r1, #0
 2064              	.LVL219:
 2065              		.loc 1 418 15 view .LVU564
 2066 000c 01A8     		add	r0, sp, #4
 2067              	.LVL220:
 2068              		.loc 1 418 15 view .LVU565
 2069 000e FFF7FEFF 		bl	memset
 2070              	.LVL221:
 419:Core/Lib/neo8m.c ****         .tm_year = h->data.date.year - 1900,
 420:Core/Lib/neo8m.c ****         .tm_mon = h->data.date.month - 1,
 421:Core/Lib/neo8m.c ****         .tm_mday = h->data.date.day,
 422:Core/Lib/neo8m.c ****         .tm_hour = h->data.time.hour,
 423:Core/Lib/neo8m.c ****         .tm_min = h->data.time.minute,
 424:Core/Lib/neo8m.c ****         .tm_sec = h->data.time.second
 2071              		.loc 1 424 31 view .LVU566
 2072 0012 94F83031 		ldrb	r3, [r4, #304]	@ zero_extendqisi2
 418:Core/Lib/neo8m.c ****     struct tm t = {
 2073              		.loc 1 418 15 view .LVU567
 2074 0016 0193     		str	r3, [sp, #4]
 423:Core/Lib/neo8m.c ****         .tm_sec = h->data.time.second
 2075              		.loc 1 423 31 view .LVU568
 2076 0018 94F82F31 		ldrb	r3, [r4, #303]	@ zero_extendqisi2
 418:Core/Lib/neo8m.c ****     struct tm t = {
 2077              		.loc 1 418 15 view .LVU569
 2078 001c 0293     		str	r3, [sp, #8]
 422:Core/Lib/neo8m.c ****         .tm_min = h->data.time.minute,
 2079              		.loc 1 422 32 view .LVU570
 2080 001e 94F82E31 		ldrb	r3, [r4, #302]	@ zero_extendqisi2
 418:Core/Lib/neo8m.c ****         .tm_year = h->data.date.year - 1900,
 2081              		.loc 1 418 15 view .LVU571
 2082 0022 0393     		str	r3, [sp, #12]
 421:Core/Lib/neo8m.c ****         .tm_hour = h->data.time.hour,
 2083              		.loc 1 421 32 view .LVU572
 2084 0024 94F83431 		ldrb	r3, [r4, #308]	@ zero_extendqisi2
 418:Core/Lib/neo8m.c ****         .tm_year = h->data.date.year - 1900,
 2085              		.loc 1 418 15 view .LVU573
 2086 0028 0493     		str	r3, [sp, #16]
 420:Core/Lib/neo8m.c ****         .tm_mday = h->data.date.day,
 2087              		.loc 1 420 31 view .LVU574
 2088 002a 94F83531 		ldrb	r3, [r4, #309]	@ zero_extendqisi2
 420:Core/Lib/neo8m.c ****         .tm_mday = h->data.date.day,
 2089              		.loc 1 420 38 view .LVU575
 2090 002e 013B     		subs	r3, r3, #1
ARM GAS  C:\Users\admin\AppData\Local\Temp\ccRBlDTz.s 			page 54


 418:Core/Lib/neo8m.c ****         .tm_year = h->data.date.year - 1900,
 2091              		.loc 1 418 15 view .LVU576
 2092 0030 0593     		str	r3, [sp, #20]
 419:Core/Lib/neo8m.c ****         .tm_mon = h->data.date.month - 1,
 2093              		.loc 1 419 32 view .LVU577
 2094 0032 B4F83631 		ldrh	r3, [r4, #310]
 419:Core/Lib/neo8m.c ****         .tm_mon = h->data.date.month - 1,
 2095              		.loc 1 419 38 view .LVU578
 2096 0036 A3F26C73 		subw	r3, r3, #1900
 418:Core/Lib/neo8m.c ****         .tm_year = h->data.date.year - 1900,
 2097              		.loc 1 418 15 view .LVU579
 2098 003a 0693     		str	r3, [sp, #24]
 425:Core/Lib/neo8m.c ****     };
 426:Core/Lib/neo8m.c ****     *unix_ts = mktime(&t);
 2099              		.loc 1 426 5 is_stmt 1 view .LVU580
 2100              		.loc 1 426 16 is_stmt 0 view .LVU581
 2101 003c 01A8     		add	r0, sp, #4
 2102 003e FFF7FEFF 		bl	mktime
 2103              	.LVL222:
 2104              		.loc 1 426 14 view .LVU582
 2105 0042 2860     		str	r0, [r5]
 427:Core/Lib/neo8m.c **** }...
 2106              		.loc 1 427 1 view .LVU583
 2107 0044 0BB0     		add	sp, sp, #44
 2108              	.LCFI36:
 2109              		.cfi_def_cfa_offset 12
 2110              		@ sp needed
 2111 0046 30BD     		pop	{r4, r5, pc}
 2112              		.loc 1 427 1 view .LVU584
 2113              		.cfi_endproc
 2114              	.LFE161:
 2116              		.text
 2117              	.Letext0:
 2118              		.file 2 "c:\\program files (x86)\\gnu arm embedded toolchain\\10 2021.10\\arm-none-eabi\\include\\
 2119              		.file 3 "c:\\program files (x86)\\gnu arm embedded toolchain\\10 2021.10\\arm-none-eabi\\include\\
 2120              		.file 4 "Drivers/CMSIS/Device/ST/STM32H7xx/Include/stm32h743xx.h"
 2121              		.file 5 "Drivers/STM32H7xx_HAL_Driver/Inc/stm32h7xx_hal_def.h"
 2122              		.file 6 "Drivers/STM32H7xx_HAL_Driver/Inc/stm32h7xx_hal_dma.h"
 2123              		.file 7 "Drivers/STM32H7xx_HAL_Driver/Inc/stm32h7xx_hal_uart.h"
 2124              		.file 8 "c:\\program files (x86)\\gnu arm embedded toolchain\\10 2021.10\\arm-none-eabi\\include\\
 2125              		.file 9 "Core/Lib/neo8m.h"
 2126              		.file 10 "c:\\program files (x86)\\gnu arm embedded toolchain\\10 2021.10\\arm-none-eabi\\include\
 2127              		.file 11 "c:\\program files (x86)\\gnu arm embedded toolchain\\10 2021.10\\arm-none-eabi\\include\
 2128              		.file 12 "c:\\program files (x86)\\gnu arm embedded toolchain\\10 2021.10\\arm-none-eabi\\include\
 2129              		.file 13 "Drivers/STM32H7xx_HAL_Driver/Inc/stm32h7xx_hal.h"
 2130              		.file 14 "<built-in>"
ARM GAS  C:\Users\admin\AppData\Local\Temp\ccRBlDTz.s 			page 55


DEFINED SYMBOLS
                            *ABS*:00000000 neo8m.c
C:\Users\admin\AppData\Local\Temp\ccRBlDTz.s:19     .text.neo8m_calculate_check_sum:00000000 $t
C:\Users\admin\AppData\Local\Temp\ccRBlDTz.s:24     .text.neo8m_calculate_check_sum:00000000 neo8m_calculate_check_sum
C:\Users\admin\AppData\Local\Temp\ccRBlDTz.s:76     .text.neo8m_verify_check_sum:00000000 $t
C:\Users\admin\AppData\Local\Temp\ccRBlDTz.s:81     .text.neo8m_verify_check_sum:00000000 neo8m_verify_check_sum
C:\Users\admin\AppData\Local\Temp\ccRBlDTz.s:148    .text.neo8m_parse_date:00000000 $t
C:\Users\admin\AppData\Local\Temp\ccRBlDTz.s:153    .text.neo8m_parse_date:00000000 neo8m_parse_date
C:\Users\admin\AppData\Local\Temp\ccRBlDTz.s:249    .text.neo8m_parse_time:00000000 $t
C:\Users\admin\AppData\Local\Temp\ccRBlDTz.s:254    .text.neo8m_parse_time:00000000 neo8m_parse_time
C:\Users\admin\AppData\Local\Temp\ccRBlDTz.s:368    .text.neo8m_parse_time:00000080 $d
C:\Users\admin\AppData\Local\Temp\ccRBlDTz.s:374    .text.neo8m_parse_coordinate:00000000 $t
C:\Users\admin\AppData\Local\Temp\ccRBlDTz.s:379    .text.neo8m_parse_coordinate:00000000 neo8m_parse_coordinate
C:\Users\admin\AppData\Local\Temp\ccRBlDTz.s:478    .text.neo8m_parse_coordinate:00000078 $d
C:\Users\admin\AppData\Local\Temp\ccRBlDTz.s:490    .rodata.neo8m_parse_gga.str1.4:00000000 $d
C:\Users\admin\AppData\Local\Temp\ccRBlDTz.s:494    .text.neo8m_parse_gga:00000000 $t
C:\Users\admin\AppData\Local\Temp\ccRBlDTz.s:499    .text.neo8m_parse_gga:00000000 neo8m_parse_gga
C:\Users\admin\AppData\Local\Temp\ccRBlDTz.s:619    .text.neo8m_parse_gga:00000074 $d
C:\Users\admin\AppData\Local\Temp\ccRBlDTz.s:628    .text.neo8m_parse_gga:00000098 $t
C:\Users\admin\AppData\Local\Temp\ccRBlDTz.s:831    .text.neo8m_parse_gga:0000016c $d
C:\Users\admin\AppData\Local\Temp\ccRBlDTz.s:836    .text.neo8m_parse_rmc:00000000 $t
C:\Users\admin\AppData\Local\Temp\ccRBlDTz.s:841    .text.neo8m_parse_rmc:00000000 neo8m_parse_rmc
C:\Users\admin\AppData\Local\Temp\ccRBlDTz.s:967    .text.neo8m_parse_rmc:0000007c $d
C:\Users\admin\AppData\Local\Temp\ccRBlDTz.s:976    .text.neo8m_parse_rmc:000000a0 $t
C:\Users\admin\AppData\Local\Temp\ccRBlDTz.s:1172   .text.neo8m_parse_rmc:00000170 $d
C:\Users\admin\AppData\Local\Temp\ccRBlDTz.s:1179   .rodata.neo8m_parse_nmea.str1.4:00000000 $d
C:\Users\admin\AppData\Local\Temp\ccRBlDTz.s:1192   .text.neo8m_parse_nmea:00000000 $t
C:\Users\admin\AppData\Local\Temp\ccRBlDTz.s:1197   .text.neo8m_parse_nmea:00000000 neo8m_parse_nmea
C:\Users\admin\AppData\Local\Temp\ccRBlDTz.s:1293   .text.neo8m_parse_nmea:0000005c $d
C:\Users\admin\AppData\Local\Temp\ccRBlDTz.s:1301   .text.neo8m_init:00000000 $t
C:\Users\admin\AppData\Local\Temp\ccRBlDTz.s:1307   .text.neo8m_init:00000000 neo8m_init
C:\Users\admin\AppData\Local\Temp\ccRBlDTz.s:1380   .text.neo8m_process:00000000 $t
C:\Users\admin\AppData\Local\Temp\ccRBlDTz.s:1386   .text.neo8m_process:00000000 neo8m_process
C:\Users\admin\AppData\Local\Temp\ccRBlDTz.s:1515   .text.neo8m_has_fix:00000000 $t
C:\Users\admin\AppData\Local\Temp\ccRBlDTz.s:1521   .text.neo8m_has_fix:00000000 neo8m_has_fix
C:\Users\admin\AppData\Local\Temp\ccRBlDTz.s:1567   .text.neo8m_get_data:00000000 $t
C:\Users\admin\AppData\Local\Temp\ccRBlDTz.s:1573   .text.neo8m_get_data:00000000 neo8m_get_data
C:\Users\admin\AppData\Local\Temp\ccRBlDTz.s:1591   .text.neo8m_start_receive_it:00000000 $t
C:\Users\admin\AppData\Local\Temp\ccRBlDTz.s:1597   .text.neo8m_start_receive_it:00000000 neo8m_start_receive_it
C:\Users\admin\AppData\Local\Temp\ccRBlDTz.s:1642   .text.neo8m_start_receive_dma:00000000 $t
C:\Users\admin\AppData\Local\Temp\ccRBlDTz.s:1648   .text.neo8m_start_receive_dma:00000000 neo8m_start_receive_dma
C:\Users\admin\AppData\Local\Temp\ccRBlDTz.s:1694   .text.neo8m_is_data_fresh:00000000 $t
C:\Users\admin\AppData\Local\Temp\ccRBlDTz.s:1700   .text.neo8m_is_data_fresh:00000000 neo8m_is_data_fresh
C:\Users\admin\AppData\Local\Temp\ccRBlDTz.s:1748   .text.neo8m_calculate_distance:00000000 $t
C:\Users\admin\AppData\Local\Temp\ccRBlDTz.s:1754   .text.neo8m_calculate_distance:00000000 neo8m_calculate_distance
C:\Users\admin\AppData\Local\Temp\ccRBlDTz.s:1873   .text.neo8m_calculate_distance:00000098 $d
C:\Users\admin\AppData\Local\Temp\ccRBlDTz.s:1883   .text.neo8m_calculate_bearing:00000000 $t
C:\Users\admin\AppData\Local\Temp\ccRBlDTz.s:1889   .text.neo8m_calculate_bearing:00000000 neo8m_calculate_bearing
C:\Users\admin\AppData\Local\Temp\ccRBlDTz.s:2026   .text.neo8m_calculate_bearing:00000098 $d
C:\Users\admin\AppData\Local\Temp\ccRBlDTz.s:2035   .text.neo8m_get_unix_timestamp:00000000 $t
C:\Users\admin\AppData\Local\Temp\ccRBlDTz.s:2041   .text.neo8m_get_unix_timestamp:00000000 neo8m_get_unix_timestamp

UNDEFINED SYMBOLS
strchr
strtol
strlen
atoi
ARM GAS  C:\Users\admin\AppData\Local\Temp\ccRBlDTz.s 			page 56


atof
strncpy
strtok
strstr
memset
HAL_GetTick
HAL_UART_Receive_IT
HAL_UART_Receive_DMA
sin
cos
sqrt
atan2
mktime
