ARM GAS  C:\Users\admin\AppData\Local\Temp\ccP3nyhx.s 			page 1


   1              		.cpu cortex-m7
   2              		.arch armv7e-m
   3              		.fpu fpv5-d16
   4              		.eabi_attribute 28, 1
   5              		.eabi_attribute 20, 1
   6              		.eabi_attribute 21, 1
   7              		.eabi_attribute 23, 3
   8              		.eabi_attribute 24, 1
   9              		.eabi_attribute 25, 1
  10              		.eabi_attribute 26, 1
  11              		.eabi_attribute 30, 1
  12              		.eabi_attribute 34, 1
  13              		.eabi_attribute 18, 4
  14              		.file	"stm32h7xx_hal_rtc_ex.c"
  15              		.text
  16              	.Ltext0:
  17              		.cfi_sections	.debug_frame
  18              		.section	.text.HAL_RTCEx_SetTimeStamp,"ax",%progbits
  19              		.align	1
  20              		.global	HAL_RTCEx_SetTimeStamp
  21              		.syntax unified
  22              		.thumb
  23              		.thumb_func
  25              	HAL_RTCEx_SetTimeStamp:
  26              	.LVL0:
  27              	.LFB144:
  28              		.file 1 "Drivers/STM32H7xx_HAL_Driver/Src/stm32h7xx_hal_rtc_ex.c"
   1:Drivers/STM32H7xx_HAL_Driver/Src/stm32h7xx_hal_rtc_ex.c **** /**
   2:Drivers/STM32H7xx_HAL_Driver/Src/stm32h7xx_hal_rtc_ex.c ****   ******************************************************************************
   3:Drivers/STM32H7xx_HAL_Driver/Src/stm32h7xx_hal_rtc_ex.c ****   * @file    stm32h7xx_hal_rtc_ex.c
   4:Drivers/STM32H7xx_HAL_Driver/Src/stm32h7xx_hal_rtc_ex.c ****   * @author  MCD Application Team
   5:Drivers/STM32H7xx_HAL_Driver/Src/stm32h7xx_hal_rtc_ex.c ****   * @brief   Extended RTC HAL module driver.
   6:Drivers/STM32H7xx_HAL_Driver/Src/stm32h7xx_hal_rtc_ex.c ****   *          This file provides firmware functions to manage the following
   7:Drivers/STM32H7xx_HAL_Driver/Src/stm32h7xx_hal_rtc_ex.c ****   *          functionalities of the Real Time Clock (RTC) Extended peripheral:
   8:Drivers/STM32H7xx_HAL_Driver/Src/stm32h7xx_hal_rtc_ex.c ****   *           + RTC Time Stamp functions
   9:Drivers/STM32H7xx_HAL_Driver/Src/stm32h7xx_hal_rtc_ex.c ****   *           + RTC Tamper functions
  10:Drivers/STM32H7xx_HAL_Driver/Src/stm32h7xx_hal_rtc_ex.c ****   *           + RTC Wake-up functions
  11:Drivers/STM32H7xx_HAL_Driver/Src/stm32h7xx_hal_rtc_ex.c ****   *           + Extended Control functions
  12:Drivers/STM32H7xx_HAL_Driver/Src/stm32h7xx_hal_rtc_ex.c ****   *           + Extended RTC features functions
  13:Drivers/STM32H7xx_HAL_Driver/Src/stm32h7xx_hal_rtc_ex.c ****   *
  14:Drivers/STM32H7xx_HAL_Driver/Src/stm32h7xx_hal_rtc_ex.c ****   ******************************************************************************
  15:Drivers/STM32H7xx_HAL_Driver/Src/stm32h7xx_hal_rtc_ex.c ****   * @attention
  16:Drivers/STM32H7xx_HAL_Driver/Src/stm32h7xx_hal_rtc_ex.c ****   *
  17:Drivers/STM32H7xx_HAL_Driver/Src/stm32h7xx_hal_rtc_ex.c ****   * Copyright (c) 2017 STMicroelectronics.
  18:Drivers/STM32H7xx_HAL_Driver/Src/stm32h7xx_hal_rtc_ex.c ****   * All rights reserved.
  19:Drivers/STM32H7xx_HAL_Driver/Src/stm32h7xx_hal_rtc_ex.c ****   *
  20:Drivers/STM32H7xx_HAL_Driver/Src/stm32h7xx_hal_rtc_ex.c ****   * This software is licensed under terms that can be found in the LICENSE file
  21:Drivers/STM32H7xx_HAL_Driver/Src/stm32h7xx_hal_rtc_ex.c ****   * in the root directory of this software component.
  22:Drivers/STM32H7xx_HAL_Driver/Src/stm32h7xx_hal_rtc_ex.c ****   * If no LICENSE file comes with this software, it is provided AS-IS.
  23:Drivers/STM32H7xx_HAL_Driver/Src/stm32h7xx_hal_rtc_ex.c ****   *
  24:Drivers/STM32H7xx_HAL_Driver/Src/stm32h7xx_hal_rtc_ex.c ****   ******************************************************************************
  25:Drivers/STM32H7xx_HAL_Driver/Src/stm32h7xx_hal_rtc_ex.c ****   @verbatim
  26:Drivers/STM32H7xx_HAL_Driver/Src/stm32h7xx_hal_rtc_ex.c ****   ==============================================================================
  27:Drivers/STM32H7xx_HAL_Driver/Src/stm32h7xx_hal_rtc_ex.c ****                   ##### How to use this driver #####
  28:Drivers/STM32H7xx_HAL_Driver/Src/stm32h7xx_hal_rtc_ex.c ****   ==============================================================================
  29:Drivers/STM32H7xx_HAL_Driver/Src/stm32h7xx_hal_rtc_ex.c ****   [..]
  30:Drivers/STM32H7xx_HAL_Driver/Src/stm32h7xx_hal_rtc_ex.c ****     (+) Enable the RTC domain access.
ARM GAS  C:\Users\admin\AppData\Local\Temp\ccP3nyhx.s 			page 2


  31:Drivers/STM32H7xx_HAL_Driver/Src/stm32h7xx_hal_rtc_ex.c ****     (+) Configure the RTC Prescaler (Asynchronous and Synchronous) and RTC hour
  32:Drivers/STM32H7xx_HAL_Driver/Src/stm32h7xx_hal_rtc_ex.c ****         format using the HAL_RTC_Init() function.
  33:Drivers/STM32H7xx_HAL_Driver/Src/stm32h7xx_hal_rtc_ex.c **** 
  34:Drivers/STM32H7xx_HAL_Driver/Src/stm32h7xx_hal_rtc_ex.c ****   *** RTC Wakeup configuration ***
  35:Drivers/STM32H7xx_HAL_Driver/Src/stm32h7xx_hal_rtc_ex.c ****   ================================
  36:Drivers/STM32H7xx_HAL_Driver/Src/stm32h7xx_hal_rtc_ex.c ****   [..]
  37:Drivers/STM32H7xx_HAL_Driver/Src/stm32h7xx_hal_rtc_ex.c ****     (+) To configure the RTC Wakeup Clock source and Counter use the HAL_RTCEx_SetWakeUpTimer()
  38:Drivers/STM32H7xx_HAL_Driver/Src/stm32h7xx_hal_rtc_ex.c ****         function. You can also configure the RTC Wakeup timer with interrupt mode
  39:Drivers/STM32H7xx_HAL_Driver/Src/stm32h7xx_hal_rtc_ex.c ****         using the HAL_RTCEx_SetWakeUpTimer_IT() function.
  40:Drivers/STM32H7xx_HAL_Driver/Src/stm32h7xx_hal_rtc_ex.c ****     (+) To read the RTC WakeUp Counter register, use the HAL_RTCEx_GetWakeUpTimer()
  41:Drivers/STM32H7xx_HAL_Driver/Src/stm32h7xx_hal_rtc_ex.c ****         function.
  42:Drivers/STM32H7xx_HAL_Driver/Src/stm32h7xx_hal_rtc_ex.c **** 
  43:Drivers/STM32H7xx_HAL_Driver/Src/stm32h7xx_hal_rtc_ex.c ****   *** Outputs configuration ***
  44:Drivers/STM32H7xx_HAL_Driver/Src/stm32h7xx_hal_rtc_ex.c ****   =============================
  45:Drivers/STM32H7xx_HAL_Driver/Src/stm32h7xx_hal_rtc_ex.c ****   [..]  The RTC has 2 different outputs:
  46:Drivers/STM32H7xx_HAL_Driver/Src/stm32h7xx_hal_rtc_ex.c ****     (+) RTC_ALARM: this output is used to manage the RTC Alarm A, Alarm B
  47:Drivers/STM32H7xx_HAL_Driver/Src/stm32h7xx_hal_rtc_ex.c ****         and WaKeUp signals.
  48:Drivers/STM32H7xx_HAL_Driver/Src/stm32h7xx_hal_rtc_ex.c ****         To output the selected RTC signal, use the HAL_RTC_Init() function.
  49:Drivers/STM32H7xx_HAL_Driver/Src/stm32h7xx_hal_rtc_ex.c ****     (+) RTC_CALIB: this output is 512Hz signal or 1Hz.
  50:Drivers/STM32H7xx_HAL_Driver/Src/stm32h7xx_hal_rtc_ex.c ****         To enable the RTC_CALIB, use the HAL_RTCEx_SetCalibrationOutPut() function.
  51:Drivers/STM32H7xx_HAL_Driver/Src/stm32h7xx_hal_rtc_ex.c ****     (+) Two pins can be used as RTC_ALARM or RTC_CALIB (PC13, PB2) managed on
  52:Drivers/STM32H7xx_HAL_Driver/Src/stm32h7xx_hal_rtc_ex.c ****         the RTC_OR register.
  53:Drivers/STM32H7xx_HAL_Driver/Src/stm32h7xx_hal_rtc_ex.c ****     (+) When the RTC_CALIB or RTC_ALARM output is selected, the RTC_OUT pin is
  54:Drivers/STM32H7xx_HAL_Driver/Src/stm32h7xx_hal_rtc_ex.c ****         automatically configured in output alternate function.
  55:Drivers/STM32H7xx_HAL_Driver/Src/stm32h7xx_hal_rtc_ex.c **** 
  56:Drivers/STM32H7xx_HAL_Driver/Src/stm32h7xx_hal_rtc_ex.c ****   *** Smooth digital Calibration configuration ***
  57:Drivers/STM32H7xx_HAL_Driver/Src/stm32h7xx_hal_rtc_ex.c ****   ================================================
  58:Drivers/STM32H7xx_HAL_Driver/Src/stm32h7xx_hal_rtc_ex.c ****   [..]
  59:Drivers/STM32H7xx_HAL_Driver/Src/stm32h7xx_hal_rtc_ex.c ****     (+) Configure the RTC Original Digital Calibration Value and the corresponding
  60:Drivers/STM32H7xx_HAL_Driver/Src/stm32h7xx_hal_rtc_ex.c ****         calibration cycle period (32s,16s and 8s) using the HAL_RTCEx_SetSmoothCalib()
  61:Drivers/STM32H7xx_HAL_Driver/Src/stm32h7xx_hal_rtc_ex.c ****         function.
  62:Drivers/STM32H7xx_HAL_Driver/Src/stm32h7xx_hal_rtc_ex.c **** 
  63:Drivers/STM32H7xx_HAL_Driver/Src/stm32h7xx_hal_rtc_ex.c ****   *** TimeStamp configuration ***
  64:Drivers/STM32H7xx_HAL_Driver/Src/stm32h7xx_hal_rtc_ex.c ****   ===============================
  65:Drivers/STM32H7xx_HAL_Driver/Src/stm32h7xx_hal_rtc_ex.c ****   [..]
  66:Drivers/STM32H7xx_HAL_Driver/Src/stm32h7xx_hal_rtc_ex.c ****     (+) Enable the RTC TimeStamp using the HAL_RTCEx_SetTimeStamp() function.
  67:Drivers/STM32H7xx_HAL_Driver/Src/stm32h7xx_hal_rtc_ex.c ****         You can also configure the RTC TimeStamp with interrupt mode using the
  68:Drivers/STM32H7xx_HAL_Driver/Src/stm32h7xx_hal_rtc_ex.c ****         HAL_RTCEx_SetTimeStamp_IT() function.
  69:Drivers/STM32H7xx_HAL_Driver/Src/stm32h7xx_hal_rtc_ex.c ****     (+) To read the RTC TimeStamp Time and Date register, use the HAL_RTCEx_GetTimeStamp()
  70:Drivers/STM32H7xx_HAL_Driver/Src/stm32h7xx_hal_rtc_ex.c ****         function.
  71:Drivers/STM32H7xx_HAL_Driver/Src/stm32h7xx_hal_rtc_ex.c **** 
  72:Drivers/STM32H7xx_HAL_Driver/Src/stm32h7xx_hal_rtc_ex.c ****   *** Internal TimeStamp configuration ***
  73:Drivers/STM32H7xx_HAL_Driver/Src/stm32h7xx_hal_rtc_ex.c ****   ===============================
  74:Drivers/STM32H7xx_HAL_Driver/Src/stm32h7xx_hal_rtc_ex.c ****   [..]
  75:Drivers/STM32H7xx_HAL_Driver/Src/stm32h7xx_hal_rtc_ex.c ****     (+) Enable the RTC internal TimeStamp using the HAL_RTCEx_SetInternalTimeStamp() function.
  76:Drivers/STM32H7xx_HAL_Driver/Src/stm32h7xx_hal_rtc_ex.c ****         User has to check internal timestamp occurrence using __HAL_RTC_INTERNAL_TIMESTAMP_GET_FLAG
  77:Drivers/STM32H7xx_HAL_Driver/Src/stm32h7xx_hal_rtc_ex.c ****     (+) To read the RTC TimeStamp Time and Date register, use the HAL_RTCEx_GetTimeStamp()
  78:Drivers/STM32H7xx_HAL_Driver/Src/stm32h7xx_hal_rtc_ex.c ****         function.
  79:Drivers/STM32H7xx_HAL_Driver/Src/stm32h7xx_hal_rtc_ex.c **** 
  80:Drivers/STM32H7xx_HAL_Driver/Src/stm32h7xx_hal_rtc_ex.c ****   *** Tamper configuration ***
  81:Drivers/STM32H7xx_HAL_Driver/Src/stm32h7xx_hal_rtc_ex.c ****   ============================
  82:Drivers/STM32H7xx_HAL_Driver/Src/stm32h7xx_hal_rtc_ex.c ****   [..]
  83:Drivers/STM32H7xx_HAL_Driver/Src/stm32h7xx_hal_rtc_ex.c ****     (+) Enable the RTC Tamper and configure the Tamper filter count, trigger Edge
  84:Drivers/STM32H7xx_HAL_Driver/Src/stm32h7xx_hal_rtc_ex.c ****         or Level according to the Tamper filter (if equal to 0 Edge else Level)
  85:Drivers/STM32H7xx_HAL_Driver/Src/stm32h7xx_hal_rtc_ex.c ****         value, sampling frequency, NoErase, MaskFlag,  precharge or discharge and
  86:Drivers/STM32H7xx_HAL_Driver/Src/stm32h7xx_hal_rtc_ex.c ****         Pull-UP using the HAL_RTCEx_SetTamper() function. You can configure RTC Tamper
  87:Drivers/STM32H7xx_HAL_Driver/Src/stm32h7xx_hal_rtc_ex.c ****         with interrupt mode using HAL_RTCEx_SetTamper_IT() function.
ARM GAS  C:\Users\admin\AppData\Local\Temp\ccP3nyhx.s 			page 3


  88:Drivers/STM32H7xx_HAL_Driver/Src/stm32h7xx_hal_rtc_ex.c ****     (+) The default configuration of the Tamper erases the backup registers. To avoid
  89:Drivers/STM32H7xx_HAL_Driver/Src/stm32h7xx_hal_rtc_ex.c ****         erase, enable the NoErase field on the RTC_TAMPCR register.
  90:Drivers/STM32H7xx_HAL_Driver/Src/stm32h7xx_hal_rtc_ex.c **** 
  91:Drivers/STM32H7xx_HAL_Driver/Src/stm32h7xx_hal_rtc_ex.c ****   *** Backup Data Registers configuration ***
  92:Drivers/STM32H7xx_HAL_Driver/Src/stm32h7xx_hal_rtc_ex.c ****   ===========================================
  93:Drivers/STM32H7xx_HAL_Driver/Src/stm32h7xx_hal_rtc_ex.c ****   [..]
  94:Drivers/STM32H7xx_HAL_Driver/Src/stm32h7xx_hal_rtc_ex.c ****     (+) To write to the RTC Backup Data registers, use the HAL_RTCEx_BKUPWrite()
  95:Drivers/STM32H7xx_HAL_Driver/Src/stm32h7xx_hal_rtc_ex.c ****         function.
  96:Drivers/STM32H7xx_HAL_Driver/Src/stm32h7xx_hal_rtc_ex.c ****     (+) To read the RTC Backup Data registers, use the HAL_RTCEx_BKUPRead()
  97:Drivers/STM32H7xx_HAL_Driver/Src/stm32h7xx_hal_rtc_ex.c ****         function.
  98:Drivers/STM32H7xx_HAL_Driver/Src/stm32h7xx_hal_rtc_ex.c **** 
  99:Drivers/STM32H7xx_HAL_Driver/Src/stm32h7xx_hal_rtc_ex.c ****    @endverbatim
 100:Drivers/STM32H7xx_HAL_Driver/Src/stm32h7xx_hal_rtc_ex.c ****   */
 101:Drivers/STM32H7xx_HAL_Driver/Src/stm32h7xx_hal_rtc_ex.c **** 
 102:Drivers/STM32H7xx_HAL_Driver/Src/stm32h7xx_hal_rtc_ex.c **** /* Includes ------------------------------------------------------------------*/
 103:Drivers/STM32H7xx_HAL_Driver/Src/stm32h7xx_hal_rtc_ex.c **** #include "stm32h7xx_hal.h"
 104:Drivers/STM32H7xx_HAL_Driver/Src/stm32h7xx_hal_rtc_ex.c **** 
 105:Drivers/STM32H7xx_HAL_Driver/Src/stm32h7xx_hal_rtc_ex.c **** /** @addtogroup STM32H7xx_HAL_Driver
 106:Drivers/STM32H7xx_HAL_Driver/Src/stm32h7xx_hal_rtc_ex.c ****   * @{
 107:Drivers/STM32H7xx_HAL_Driver/Src/stm32h7xx_hal_rtc_ex.c ****   */
 108:Drivers/STM32H7xx_HAL_Driver/Src/stm32h7xx_hal_rtc_ex.c **** 
 109:Drivers/STM32H7xx_HAL_Driver/Src/stm32h7xx_hal_rtc_ex.c **** /** @addtogroup RTCEx
 110:Drivers/STM32H7xx_HAL_Driver/Src/stm32h7xx_hal_rtc_ex.c ****   * @brief RTC Extended HAL module driver
 111:Drivers/STM32H7xx_HAL_Driver/Src/stm32h7xx_hal_rtc_ex.c ****   * @{
 112:Drivers/STM32H7xx_HAL_Driver/Src/stm32h7xx_hal_rtc_ex.c ****   */
 113:Drivers/STM32H7xx_HAL_Driver/Src/stm32h7xx_hal_rtc_ex.c **** 
 114:Drivers/STM32H7xx_HAL_Driver/Src/stm32h7xx_hal_rtc_ex.c **** #ifdef HAL_RTC_MODULE_ENABLED
 115:Drivers/STM32H7xx_HAL_Driver/Src/stm32h7xx_hal_rtc_ex.c **** 
 116:Drivers/STM32H7xx_HAL_Driver/Src/stm32h7xx_hal_rtc_ex.c **** /* Private typedef -----------------------------------------------------------*/
 117:Drivers/STM32H7xx_HAL_Driver/Src/stm32h7xx_hal_rtc_ex.c **** /* Private define ------------------------------------------------------------*/
 118:Drivers/STM32H7xx_HAL_Driver/Src/stm32h7xx_hal_rtc_ex.c **** #if defined(TAMP)
 119:Drivers/STM32H7xx_HAL_Driver/Src/stm32h7xx_hal_rtc_ex.c **** #define TAMP_ALL (TAMP_CR1_TAMP1E | TAMP_CR1_TAMP2E | TAMP_CR1_TAMP3E)
 120:Drivers/STM32H7xx_HAL_Driver/Src/stm32h7xx_hal_rtc_ex.c **** #endif /* TAMP */
 121:Drivers/STM32H7xx_HAL_Driver/Src/stm32h7xx_hal_rtc_ex.c **** 
 122:Drivers/STM32H7xx_HAL_Driver/Src/stm32h7xx_hal_rtc_ex.c **** /* Private macro -------------------------------------------------------------*/
 123:Drivers/STM32H7xx_HAL_Driver/Src/stm32h7xx_hal_rtc_ex.c **** /* Private variables ---------------------------------------------------------*/
 124:Drivers/STM32H7xx_HAL_Driver/Src/stm32h7xx_hal_rtc_ex.c **** /* Private function prototypes -----------------------------------------------*/
 125:Drivers/STM32H7xx_HAL_Driver/Src/stm32h7xx_hal_rtc_ex.c **** /* Exported functions --------------------------------------------------------*/
 126:Drivers/STM32H7xx_HAL_Driver/Src/stm32h7xx_hal_rtc_ex.c **** 
 127:Drivers/STM32H7xx_HAL_Driver/Src/stm32h7xx_hal_rtc_ex.c **** /** @addtogroup RTCEx_Exported_Functions
 128:Drivers/STM32H7xx_HAL_Driver/Src/stm32h7xx_hal_rtc_ex.c ****   * @{
 129:Drivers/STM32H7xx_HAL_Driver/Src/stm32h7xx_hal_rtc_ex.c ****   */
 130:Drivers/STM32H7xx_HAL_Driver/Src/stm32h7xx_hal_rtc_ex.c **** 
 131:Drivers/STM32H7xx_HAL_Driver/Src/stm32h7xx_hal_rtc_ex.c **** 
 132:Drivers/STM32H7xx_HAL_Driver/Src/stm32h7xx_hal_rtc_ex.c **** /** @addtogroup RTCEx_Exported_Functions_Group1
 133:Drivers/STM32H7xx_HAL_Driver/Src/stm32h7xx_hal_rtc_ex.c ****  *  @brief   RTC TimeStamp and Tamper functions
 134:Drivers/STM32H7xx_HAL_Driver/Src/stm32h7xx_hal_rtc_ex.c ****   *
 135:Drivers/STM32H7xx_HAL_Driver/Src/stm32h7xx_hal_rtc_ex.c **** @verbatim
 136:Drivers/STM32H7xx_HAL_Driver/Src/stm32h7xx_hal_rtc_ex.c ****  ===============================================================================
 137:Drivers/STM32H7xx_HAL_Driver/Src/stm32h7xx_hal_rtc_ex.c ****                  ##### RTC TimeStamp and Tamper functions #####
 138:Drivers/STM32H7xx_HAL_Driver/Src/stm32h7xx_hal_rtc_ex.c ****  ===============================================================================
 139:Drivers/STM32H7xx_HAL_Driver/Src/stm32h7xx_hal_rtc_ex.c **** 
 140:Drivers/STM32H7xx_HAL_Driver/Src/stm32h7xx_hal_rtc_ex.c ****  [..] This section provides functions allowing to configure TimeStamp feature
 141:Drivers/STM32H7xx_HAL_Driver/Src/stm32h7xx_hal_rtc_ex.c **** 
 142:Drivers/STM32H7xx_HAL_Driver/Src/stm32h7xx_hal_rtc_ex.c **** @endverbatim
 143:Drivers/STM32H7xx_HAL_Driver/Src/stm32h7xx_hal_rtc_ex.c ****   * @{
 144:Drivers/STM32H7xx_HAL_Driver/Src/stm32h7xx_hal_rtc_ex.c ****   */
ARM GAS  C:\Users\admin\AppData\Local\Temp\ccP3nyhx.s 			page 4


 145:Drivers/STM32H7xx_HAL_Driver/Src/stm32h7xx_hal_rtc_ex.c **** 
 146:Drivers/STM32H7xx_HAL_Driver/Src/stm32h7xx_hal_rtc_ex.c **** /**
 147:Drivers/STM32H7xx_HAL_Driver/Src/stm32h7xx_hal_rtc_ex.c ****   * @brief  Set TimeStamp.
 148:Drivers/STM32H7xx_HAL_Driver/Src/stm32h7xx_hal_rtc_ex.c ****   * @note   This API must be called before enabling the TimeStamp feature.
 149:Drivers/STM32H7xx_HAL_Driver/Src/stm32h7xx_hal_rtc_ex.c ****   * @param  hrtc RTC handle
 150:Drivers/STM32H7xx_HAL_Driver/Src/stm32h7xx_hal_rtc_ex.c ****   * @param  TimeStampEdge Specifies the pin edge on which the TimeStamp is
 151:Drivers/STM32H7xx_HAL_Driver/Src/stm32h7xx_hal_rtc_ex.c ****   *         activated.
 152:Drivers/STM32H7xx_HAL_Driver/Src/stm32h7xx_hal_rtc_ex.c ****   *          This parameter can be one of the following values:
 153:Drivers/STM32H7xx_HAL_Driver/Src/stm32h7xx_hal_rtc_ex.c ****   *             @arg RTC_TIMESTAMPEDGE_RISING: the Time stamp event occurs on the
 154:Drivers/STM32H7xx_HAL_Driver/Src/stm32h7xx_hal_rtc_ex.c ****   *                                        rising edge of the related pin.
 155:Drivers/STM32H7xx_HAL_Driver/Src/stm32h7xx_hal_rtc_ex.c ****   *             @arg RTC_TIMESTAMPEDGE_FALLING: the Time stamp event occurs on the
 156:Drivers/STM32H7xx_HAL_Driver/Src/stm32h7xx_hal_rtc_ex.c ****   *                                         falling edge of the related pin.
 157:Drivers/STM32H7xx_HAL_Driver/Src/stm32h7xx_hal_rtc_ex.c ****   * @param  RTC_TimeStampPin specifies the RTC TimeStamp Pin.
 158:Drivers/STM32H7xx_HAL_Driver/Src/stm32h7xx_hal_rtc_ex.c ****   *          This parameter can be one of the following values:
 159:Drivers/STM32H7xx_HAL_Driver/Src/stm32h7xx_hal_rtc_ex.c ****   *             @arg RTC_TIMESTAMPPIN_DEFAULT: PC13 is selected as RTC TimeStamp Pin.
 160:Drivers/STM32H7xx_HAL_Driver/Src/stm32h7xx_hal_rtc_ex.c ****   *               The RTC TimeStamp Pin is per default PC13, but for reasons of
 161:Drivers/STM32H7xx_HAL_Driver/Src/stm32h7xx_hal_rtc_ex.c ****   *               compatibility, this parameter is required.
 162:Drivers/STM32H7xx_HAL_Driver/Src/stm32h7xx_hal_rtc_ex.c ****   * @retval HAL status
 163:Drivers/STM32H7xx_HAL_Driver/Src/stm32h7xx_hal_rtc_ex.c ****   */
 164:Drivers/STM32H7xx_HAL_Driver/Src/stm32h7xx_hal_rtc_ex.c **** HAL_StatusTypeDef HAL_RTCEx_SetTimeStamp(RTC_HandleTypeDef *hrtc, uint32_t TimeStampEdge, uint32_t 
 165:Drivers/STM32H7xx_HAL_Driver/Src/stm32h7xx_hal_rtc_ex.c **** {
  29              		.loc 1 165 1 view -0
  30              		.cfi_startproc
  31              		@ args = 0, pretend = 0, frame = 0
  32              		@ frame_needed = 0, uses_anonymous_args = 0
  33              		@ link register save eliminated.
 166:Drivers/STM32H7xx_HAL_Driver/Src/stm32h7xx_hal_rtc_ex.c ****   uint32_t tmpreg;
  34              		.loc 1 166 3 view .LVU1
 167:Drivers/STM32H7xx_HAL_Driver/Src/stm32h7xx_hal_rtc_ex.c **** 
 168:Drivers/STM32H7xx_HAL_Driver/Src/stm32h7xx_hal_rtc_ex.c ****   /* Check the parameters */
 169:Drivers/STM32H7xx_HAL_Driver/Src/stm32h7xx_hal_rtc_ex.c ****   assert_param(IS_TIMESTAMP_EDGE(TimeStampEdge));
  35              		.loc 1 169 3 view .LVU2
 170:Drivers/STM32H7xx_HAL_Driver/Src/stm32h7xx_hal_rtc_ex.c ****   assert_param(IS_RTC_TIMESTAMP_PIN(RTC_TimeStampPin));
  36              		.loc 1 170 3 view .LVU3
 171:Drivers/STM32H7xx_HAL_Driver/Src/stm32h7xx_hal_rtc_ex.c **** 
 172:Drivers/STM32H7xx_HAL_Driver/Src/stm32h7xx_hal_rtc_ex.c ****   /* Prevent unused argument(s) compilation warning if no assert_param check */
 173:Drivers/STM32H7xx_HAL_Driver/Src/stm32h7xx_hal_rtc_ex.c ****   UNUSED(RTC_TimeStampPin);
  37              		.loc 1 173 3 view .LVU4
 174:Drivers/STM32H7xx_HAL_Driver/Src/stm32h7xx_hal_rtc_ex.c **** 
 175:Drivers/STM32H7xx_HAL_Driver/Src/stm32h7xx_hal_rtc_ex.c ****   /* Process Locked */
 176:Drivers/STM32H7xx_HAL_Driver/Src/stm32h7xx_hal_rtc_ex.c ****   __HAL_LOCK(hrtc);
  38              		.loc 1 176 3 view .LVU5
  39              		.loc 1 176 3 view .LVU6
  40 0000 90F82030 		ldrb	r3, [r0, #32]	@ zero_extendqisi2
  41 0004 012B     		cmp	r3, #1
  42 0006 23D0     		beq	.L3
 165:Drivers/STM32H7xx_HAL_Driver/Src/stm32h7xx_hal_rtc_ex.c ****   uint32_t tmpreg;
  43              		.loc 1 165 1 is_stmt 0 discriminator 2 view .LVU7
  44 0008 30B4     		push	{r4, r5}
  45              	.LCFI0:
  46              		.cfi_def_cfa_offset 8
  47              		.cfi_offset 4, -8
  48              		.cfi_offset 5, -4
  49              		.loc 1 176 3 is_stmt 1 discriminator 2 view .LVU8
  50 000a 0122     		movs	r2, #1
  51              	.LVL1:
  52              		.loc 1 176 3 is_stmt 0 discriminator 2 view .LVU9
ARM GAS  C:\Users\admin\AppData\Local\Temp\ccP3nyhx.s 			page 5


  53 000c 80F82020 		strb	r2, [r0, #32]
  54              		.loc 1 176 3 is_stmt 1 discriminator 2 view .LVU10
 177:Drivers/STM32H7xx_HAL_Driver/Src/stm32h7xx_hal_rtc_ex.c **** 
 178:Drivers/STM32H7xx_HAL_Driver/Src/stm32h7xx_hal_rtc_ex.c ****   hrtc->State = HAL_RTC_STATE_BUSY;
  55              		.loc 1 178 3 discriminator 2 view .LVU11
  56              		.loc 1 178 15 is_stmt 0 discriminator 2 view .LVU12
  57 0010 0223     		movs	r3, #2
  58 0012 80F82130 		strb	r3, [r0, #33]
 179:Drivers/STM32H7xx_HAL_Driver/Src/stm32h7xx_hal_rtc_ex.c **** 
 180:Drivers/STM32H7xx_HAL_Driver/Src/stm32h7xx_hal_rtc_ex.c ****   /* Get the RTC_CR register and clear the bits to be configured */
 181:Drivers/STM32H7xx_HAL_Driver/Src/stm32h7xx_hal_rtc_ex.c ****   tmpreg = (uint32_t)(hrtc->Instance->CR & (uint32_t)~(RTC_CR_TSEDGE | RTC_CR_TSE));
  59              		.loc 1 181 3 is_stmt 1 discriminator 2 view .LVU13
  60              		.loc 1 181 27 is_stmt 0 discriminator 2 view .LVU14
  61 0016 0468     		ldr	r4, [r0]
  62              		.loc 1 181 37 discriminator 2 view .LVU15
  63 0018 A568     		ldr	r5, [r4, #8]
  64              		.loc 1 181 10 discriminator 2 view .LVU16
  65 001a A3F60B03 		subw	r3, r3, #2059
  66 001e 2B40     		ands	r3, r3, r5
  67              	.LVL2:
 182:Drivers/STM32H7xx_HAL_Driver/Src/stm32h7xx_hal_rtc_ex.c **** 
 183:Drivers/STM32H7xx_HAL_Driver/Src/stm32h7xx_hal_rtc_ex.c ****   tmpreg |= TimeStampEdge;
  68              		.loc 1 183 3 is_stmt 1 discriminator 2 view .LVU17
  69              		.loc 1 183 10 is_stmt 0 discriminator 2 view .LVU18
  70 0020 0B43     		orrs	r3, r3, r1
  71              	.LVL3:
 184:Drivers/STM32H7xx_HAL_Driver/Src/stm32h7xx_hal_rtc_ex.c **** 
 185:Drivers/STM32H7xx_HAL_Driver/Src/stm32h7xx_hal_rtc_ex.c ****   /* Disable the write protection for RTC registers */
 186:Drivers/STM32H7xx_HAL_Driver/Src/stm32h7xx_hal_rtc_ex.c ****   __HAL_RTC_WRITEPROTECTION_DISABLE(hrtc);
  72              		.loc 1 186 3 is_stmt 1 discriminator 2 view .LVU19
  73              		.loc 1 186 3 discriminator 2 view .LVU20
  74 0022 CA21     		movs	r1, #202
  75              	.LVL4:
  76              		.loc 1 186 3 is_stmt 0 discriminator 2 view .LVU21
  77 0024 6162     		str	r1, [r4, #36]
  78              		.loc 1 186 3 is_stmt 1 discriminator 2 view .LVU22
  79 0026 0168     		ldr	r1, [r0]
  80 0028 5324     		movs	r4, #83
  81 002a 4C62     		str	r4, [r1, #36]
  82              		.loc 1 186 3 discriminator 2 view .LVU23
 187:Drivers/STM32H7xx_HAL_Driver/Src/stm32h7xx_hal_rtc_ex.c **** 
 188:Drivers/STM32H7xx_HAL_Driver/Src/stm32h7xx_hal_rtc_ex.c ****   /* Configure the Time Stamp TSEDGE and Enable bits */
 189:Drivers/STM32H7xx_HAL_Driver/Src/stm32h7xx_hal_rtc_ex.c ****   hrtc->Instance->CR = (uint32_t)tmpreg;
  83              		.loc 1 189 3 discriminator 2 view .LVU24
  84              		.loc 1 189 7 is_stmt 0 discriminator 2 view .LVU25
  85 002c 0168     		ldr	r1, [r0]
  86              		.loc 1 189 22 discriminator 2 view .LVU26
  87 002e 8B60     		str	r3, [r1, #8]
 190:Drivers/STM32H7xx_HAL_Driver/Src/stm32h7xx_hal_rtc_ex.c **** 
 191:Drivers/STM32H7xx_HAL_Driver/Src/stm32h7xx_hal_rtc_ex.c ****   __HAL_RTC_TIMESTAMP_ENABLE(hrtc);
  88              		.loc 1 191 3 is_stmt 1 discriminator 2 view .LVU27
  89 0030 0168     		ldr	r1, [r0]
  90 0032 8B68     		ldr	r3, [r1, #8]
  91              	.LVL5:
  92              		.loc 1 191 3 is_stmt 0 discriminator 2 view .LVU28
  93 0034 43F40063 		orr	r3, r3, #2048
  94 0038 8B60     		str	r3, [r1, #8]
ARM GAS  C:\Users\admin\AppData\Local\Temp\ccP3nyhx.s 			page 6


 192:Drivers/STM32H7xx_HAL_Driver/Src/stm32h7xx_hal_rtc_ex.c **** 
 193:Drivers/STM32H7xx_HAL_Driver/Src/stm32h7xx_hal_rtc_ex.c ****   /* Enable the write protection for RTC registers */
 194:Drivers/STM32H7xx_HAL_Driver/Src/stm32h7xx_hal_rtc_ex.c ****   __HAL_RTC_WRITEPROTECTION_ENABLE(hrtc);
  95              		.loc 1 194 3 is_stmt 1 discriminator 2 view .LVU29
  96              		.loc 1 194 3 discriminator 2 view .LVU30
  97 003a 0368     		ldr	r3, [r0]
  98 003c FF21     		movs	r1, #255
  99 003e 5962     		str	r1, [r3, #36]
 100              		.loc 1 194 3 discriminator 2 view .LVU31
 195:Drivers/STM32H7xx_HAL_Driver/Src/stm32h7xx_hal_rtc_ex.c **** 
 196:Drivers/STM32H7xx_HAL_Driver/Src/stm32h7xx_hal_rtc_ex.c ****   /* Change RTC state */
 197:Drivers/STM32H7xx_HAL_Driver/Src/stm32h7xx_hal_rtc_ex.c ****   hrtc->State = HAL_RTC_STATE_READY;
 101              		.loc 1 197 3 discriminator 2 view .LVU32
 102              		.loc 1 197 15 is_stmt 0 discriminator 2 view .LVU33
 103 0040 80F82120 		strb	r2, [r0, #33]
 198:Drivers/STM32H7xx_HAL_Driver/Src/stm32h7xx_hal_rtc_ex.c **** 
 199:Drivers/STM32H7xx_HAL_Driver/Src/stm32h7xx_hal_rtc_ex.c ****   /* Process Unlocked */
 200:Drivers/STM32H7xx_HAL_Driver/Src/stm32h7xx_hal_rtc_ex.c ****   __HAL_UNLOCK(hrtc);
 104              		.loc 1 200 3 is_stmt 1 discriminator 2 view .LVU34
 105              		.loc 1 200 3 discriminator 2 view .LVU35
 106 0044 0023     		movs	r3, #0
 107 0046 80F82030 		strb	r3, [r0, #32]
 108              		.loc 1 200 3 discriminator 2 view .LVU36
 201:Drivers/STM32H7xx_HAL_Driver/Src/stm32h7xx_hal_rtc_ex.c **** 
 202:Drivers/STM32H7xx_HAL_Driver/Src/stm32h7xx_hal_rtc_ex.c ****   return HAL_OK;
 109              		.loc 1 202 3 discriminator 2 view .LVU37
 110              		.loc 1 202 10 is_stmt 0 discriminator 2 view .LVU38
 111 004a 1846     		mov	r0, r3
 112              	.LVL6:
 203:Drivers/STM32H7xx_HAL_Driver/Src/stm32h7xx_hal_rtc_ex.c **** }
 113              		.loc 1 203 1 discriminator 2 view .LVU39
 114 004c 30BC     		pop	{r4, r5}
 115              	.LCFI1:
 116              		.cfi_restore 5
 117              		.cfi_restore 4
 118              		.cfi_def_cfa_offset 0
 119              	.LVL7:
 120              		.loc 1 203 1 discriminator 2 view .LVU40
 121 004e 7047     		bx	lr
 122              	.LVL8:
 123              	.L3:
 176:Drivers/STM32H7xx_HAL_Driver/Src/stm32h7xx_hal_rtc_ex.c **** 
 124              		.loc 1 176 3 view .LVU41
 125 0050 0220     		movs	r0, #2
 126              	.LVL9:
 127              		.loc 1 203 1 view .LVU42
 128 0052 7047     		bx	lr
 129              		.cfi_endproc
 130              	.LFE144:
 132              		.section	.text.HAL_RTCEx_SetTimeStamp_IT,"ax",%progbits
 133              		.align	1
 134              		.global	HAL_RTCEx_SetTimeStamp_IT
 135              		.syntax unified
 136              		.thumb
 137              		.thumb_func
 139              	HAL_RTCEx_SetTimeStamp_IT:
 140              	.LVL10:
ARM GAS  C:\Users\admin\AppData\Local\Temp\ccP3nyhx.s 			page 7


 141              	.LFB145:
 204:Drivers/STM32H7xx_HAL_Driver/Src/stm32h7xx_hal_rtc_ex.c **** 
 205:Drivers/STM32H7xx_HAL_Driver/Src/stm32h7xx_hal_rtc_ex.c **** /**
 206:Drivers/STM32H7xx_HAL_Driver/Src/stm32h7xx_hal_rtc_ex.c ****   * @brief  Set TimeStamp with Interrupt.
 207:Drivers/STM32H7xx_HAL_Driver/Src/stm32h7xx_hal_rtc_ex.c ****   * @note   This API must be called before enabling the TimeStamp feature.
 208:Drivers/STM32H7xx_HAL_Driver/Src/stm32h7xx_hal_rtc_ex.c ****   * @param  hrtc RTC handle
 209:Drivers/STM32H7xx_HAL_Driver/Src/stm32h7xx_hal_rtc_ex.c ****   * @param  TimeStampEdge Specifies the pin edge on which the TimeStamp is
 210:Drivers/STM32H7xx_HAL_Driver/Src/stm32h7xx_hal_rtc_ex.c ****   *         activated.
 211:Drivers/STM32H7xx_HAL_Driver/Src/stm32h7xx_hal_rtc_ex.c ****   *          This parameter can be one of the following values:
 212:Drivers/STM32H7xx_HAL_Driver/Src/stm32h7xx_hal_rtc_ex.c ****   *             @arg RTC_TIMESTAMPEDGE_RISING: the Time stamp event occurs on the
 213:Drivers/STM32H7xx_HAL_Driver/Src/stm32h7xx_hal_rtc_ex.c ****   *                                        rising edge of the related pin.
 214:Drivers/STM32H7xx_HAL_Driver/Src/stm32h7xx_hal_rtc_ex.c ****   *             @arg RTC_TIMESTAMPEDGE_FALLING: the Time stamp event occurs on the
 215:Drivers/STM32H7xx_HAL_Driver/Src/stm32h7xx_hal_rtc_ex.c ****   *                                         falling edge of the related pin.
 216:Drivers/STM32H7xx_HAL_Driver/Src/stm32h7xx_hal_rtc_ex.c ****   * @param  RTC_TimeStampPin Specifies the RTC TimeStamp Pin.
 217:Drivers/STM32H7xx_HAL_Driver/Src/stm32h7xx_hal_rtc_ex.c ****   *          This parameter can be one of the following values:
 218:Drivers/STM32H7xx_HAL_Driver/Src/stm32h7xx_hal_rtc_ex.c ****   *             @arg RTC_TIMESTAMPPIN_DEFAULT: PC13 is selected as RTC TimeStamp Pin.
 219:Drivers/STM32H7xx_HAL_Driver/Src/stm32h7xx_hal_rtc_ex.c ****   *               The RTC TimeStamp Pin is per default PC13, but for reasons of
 220:Drivers/STM32H7xx_HAL_Driver/Src/stm32h7xx_hal_rtc_ex.c ****   *               compatibility, this parameter is required.
 221:Drivers/STM32H7xx_HAL_Driver/Src/stm32h7xx_hal_rtc_ex.c ****   * @retval HAL status
 222:Drivers/STM32H7xx_HAL_Driver/Src/stm32h7xx_hal_rtc_ex.c ****   */
 223:Drivers/STM32H7xx_HAL_Driver/Src/stm32h7xx_hal_rtc_ex.c **** HAL_StatusTypeDef HAL_RTCEx_SetTimeStamp_IT(RTC_HandleTypeDef *hrtc, uint32_t TimeStampEdge, uint32
 224:Drivers/STM32H7xx_HAL_Driver/Src/stm32h7xx_hal_rtc_ex.c **** {
 142              		.loc 1 224 1 is_stmt 1 view -0
 143              		.cfi_startproc
 144              		@ args = 0, pretend = 0, frame = 0
 145              		@ frame_needed = 0, uses_anonymous_args = 0
 146              		@ link register save eliminated.
 225:Drivers/STM32H7xx_HAL_Driver/Src/stm32h7xx_hal_rtc_ex.c ****   uint32_t tmpreg;
 147              		.loc 1 225 3 view .LVU44
 226:Drivers/STM32H7xx_HAL_Driver/Src/stm32h7xx_hal_rtc_ex.c **** 
 227:Drivers/STM32H7xx_HAL_Driver/Src/stm32h7xx_hal_rtc_ex.c ****   /* Check the parameters */
 228:Drivers/STM32H7xx_HAL_Driver/Src/stm32h7xx_hal_rtc_ex.c ****   assert_param(IS_TIMESTAMP_EDGE(TimeStampEdge));
 148              		.loc 1 228 3 view .LVU45
 229:Drivers/STM32H7xx_HAL_Driver/Src/stm32h7xx_hal_rtc_ex.c ****   assert_param(IS_RTC_TIMESTAMP_PIN(RTC_TimeStampPin));
 149              		.loc 1 229 3 view .LVU46
 230:Drivers/STM32H7xx_HAL_Driver/Src/stm32h7xx_hal_rtc_ex.c **** 
 231:Drivers/STM32H7xx_HAL_Driver/Src/stm32h7xx_hal_rtc_ex.c ****   /* Prevent unused argument(s) compilation warning if no assert_param check */
 232:Drivers/STM32H7xx_HAL_Driver/Src/stm32h7xx_hal_rtc_ex.c ****   UNUSED(RTC_TimeStampPin);
 150              		.loc 1 232 3 view .LVU47
 233:Drivers/STM32H7xx_HAL_Driver/Src/stm32h7xx_hal_rtc_ex.c **** 
 234:Drivers/STM32H7xx_HAL_Driver/Src/stm32h7xx_hal_rtc_ex.c ****   /* Process Locked */
 235:Drivers/STM32H7xx_HAL_Driver/Src/stm32h7xx_hal_rtc_ex.c ****   __HAL_LOCK(hrtc);
 151              		.loc 1 235 3 view .LVU48
 152              		.loc 1 235 3 view .LVU49
 153 0000 90F82030 		ldrb	r3, [r0, #32]	@ zero_extendqisi2
 154 0004 012B     		cmp	r3, #1
 155 0006 36D0     		beq	.L10
 224:Drivers/STM32H7xx_HAL_Driver/Src/stm32h7xx_hal_rtc_ex.c ****   uint32_t tmpreg;
 156              		.loc 1 224 1 is_stmt 0 discriminator 2 view .LVU50
 157 0008 10B4     		push	{r4}
 158              	.LCFI2:
 159              		.cfi_def_cfa_offset 4
 160              		.cfi_offset 4, -4
 161              		.loc 1 235 3 is_stmt 1 discriminator 2 view .LVU51
 162 000a 4FF0010C 		mov	ip, #1
 163 000e 80F820C0 		strb	ip, [r0, #32]
 164              		.loc 1 235 3 discriminator 2 view .LVU52
ARM GAS  C:\Users\admin\AppData\Local\Temp\ccP3nyhx.s 			page 8


 236:Drivers/STM32H7xx_HAL_Driver/Src/stm32h7xx_hal_rtc_ex.c **** 
 237:Drivers/STM32H7xx_HAL_Driver/Src/stm32h7xx_hal_rtc_ex.c ****   hrtc->State = HAL_RTC_STATE_BUSY;
 165              		.loc 1 237 3 discriminator 2 view .LVU53
 166              		.loc 1 237 15 is_stmt 0 discriminator 2 view .LVU54
 167 0012 0223     		movs	r3, #2
 168 0014 80F82130 		strb	r3, [r0, #33]
 238:Drivers/STM32H7xx_HAL_Driver/Src/stm32h7xx_hal_rtc_ex.c **** 
 239:Drivers/STM32H7xx_HAL_Driver/Src/stm32h7xx_hal_rtc_ex.c ****   /* Get the RTC_CR register and clear the bits to be configured */
 240:Drivers/STM32H7xx_HAL_Driver/Src/stm32h7xx_hal_rtc_ex.c ****   tmpreg = (uint32_t)(hrtc->Instance->CR & (uint32_t)~(RTC_CR_TSEDGE | RTC_CR_TSE));
 169              		.loc 1 240 3 is_stmt 1 discriminator 2 view .LVU55
 170              		.loc 1 240 27 is_stmt 0 discriminator 2 view .LVU56
 171 0018 0268     		ldr	r2, [r0]
 172              	.LVL11:
 173              		.loc 1 240 37 discriminator 2 view .LVU57
 174 001a 9468     		ldr	r4, [r2, #8]
 175              		.loc 1 240 10 discriminator 2 view .LVU58
 176 001c A3F60B03 		subw	r3, r3, #2059
 177 0020 2340     		ands	r3, r3, r4
 178              	.LVL12:
 241:Drivers/STM32H7xx_HAL_Driver/Src/stm32h7xx_hal_rtc_ex.c **** 
 242:Drivers/STM32H7xx_HAL_Driver/Src/stm32h7xx_hal_rtc_ex.c ****   tmpreg |= TimeStampEdge;
 179              		.loc 1 242 3 is_stmt 1 discriminator 2 view .LVU59
 180              		.loc 1 242 10 is_stmt 0 discriminator 2 view .LVU60
 181 0022 0B43     		orrs	r3, r3, r1
 182              	.LVL13:
 243:Drivers/STM32H7xx_HAL_Driver/Src/stm32h7xx_hal_rtc_ex.c **** 
 244:Drivers/STM32H7xx_HAL_Driver/Src/stm32h7xx_hal_rtc_ex.c ****   /* Disable the write protection for RTC registers */
 245:Drivers/STM32H7xx_HAL_Driver/Src/stm32h7xx_hal_rtc_ex.c ****   __HAL_RTC_WRITEPROTECTION_DISABLE(hrtc);
 183              		.loc 1 245 3 is_stmt 1 discriminator 2 view .LVU61
 184              		.loc 1 245 3 discriminator 2 view .LVU62
 185 0024 CA21     		movs	r1, #202
 186              	.LVL14:
 187              		.loc 1 245 3 is_stmt 0 discriminator 2 view .LVU63
 188 0026 5162     		str	r1, [r2, #36]
 189              		.loc 1 245 3 is_stmt 1 discriminator 2 view .LVU64
 190 0028 0268     		ldr	r2, [r0]
 191 002a 5321     		movs	r1, #83
 192 002c 5162     		str	r1, [r2, #36]
 193              		.loc 1 245 3 discriminator 2 view .LVU65
 246:Drivers/STM32H7xx_HAL_Driver/Src/stm32h7xx_hal_rtc_ex.c **** 
 247:Drivers/STM32H7xx_HAL_Driver/Src/stm32h7xx_hal_rtc_ex.c ****   /* Configure the Time Stamp TSEDGE and Enable bits */
 248:Drivers/STM32H7xx_HAL_Driver/Src/stm32h7xx_hal_rtc_ex.c ****   hrtc->Instance->CR = (uint32_t)tmpreg;
 194              		.loc 1 248 3 discriminator 2 view .LVU66
 195              		.loc 1 248 7 is_stmt 0 discriminator 2 view .LVU67
 196 002e 0268     		ldr	r2, [r0]
 197              		.loc 1 248 22 discriminator 2 view .LVU68
 198 0030 9360     		str	r3, [r2, #8]
 249:Drivers/STM32H7xx_HAL_Driver/Src/stm32h7xx_hal_rtc_ex.c **** 
 250:Drivers/STM32H7xx_HAL_Driver/Src/stm32h7xx_hal_rtc_ex.c ****   __HAL_RTC_TIMESTAMP_ENABLE(hrtc);
 199              		.loc 1 250 3 is_stmt 1 discriminator 2 view .LVU69
 200 0032 0268     		ldr	r2, [r0]
 201 0034 9368     		ldr	r3, [r2, #8]
 202              	.LVL15:
 203              		.loc 1 250 3 is_stmt 0 discriminator 2 view .LVU70
 204 0036 43F40063 		orr	r3, r3, #2048
 205 003a 9360     		str	r3, [r2, #8]
 251:Drivers/STM32H7xx_HAL_Driver/Src/stm32h7xx_hal_rtc_ex.c **** 
ARM GAS  C:\Users\admin\AppData\Local\Temp\ccP3nyhx.s 			page 9


 252:Drivers/STM32H7xx_HAL_Driver/Src/stm32h7xx_hal_rtc_ex.c ****   /* Enable IT timestamp */
 253:Drivers/STM32H7xx_HAL_Driver/Src/stm32h7xx_hal_rtc_ex.c ****   __HAL_RTC_TIMESTAMP_ENABLE_IT(hrtc, RTC_IT_TS);
 206              		.loc 1 253 3 is_stmt 1 discriminator 2 view .LVU71
 207 003c 0268     		ldr	r2, [r0]
 208 003e 9368     		ldr	r3, [r2, #8]
 209 0040 43F40043 		orr	r3, r3, #32768
 210 0044 9360     		str	r3, [r2, #8]
 254:Drivers/STM32H7xx_HAL_Driver/Src/stm32h7xx_hal_rtc_ex.c **** 
 255:Drivers/STM32H7xx_HAL_Driver/Src/stm32h7xx_hal_rtc_ex.c ****   /* RTC timestamp Interrupt Configuration: EXTI configuration */
 256:Drivers/STM32H7xx_HAL_Driver/Src/stm32h7xx_hal_rtc_ex.c **** #if defined(DUAL_CORE)
 257:Drivers/STM32H7xx_HAL_Driver/Src/stm32h7xx_hal_rtc_ex.c ****   if (HAL_GetCurrentCPUID() == CM7_CPUID)
 258:Drivers/STM32H7xx_HAL_Driver/Src/stm32h7xx_hal_rtc_ex.c ****   {
 259:Drivers/STM32H7xx_HAL_Driver/Src/stm32h7xx_hal_rtc_ex.c ****     __HAL_RTC_TAMPER_TIMESTAMP_EXTI_ENABLE_IT();
 260:Drivers/STM32H7xx_HAL_Driver/Src/stm32h7xx_hal_rtc_ex.c ****   }
 261:Drivers/STM32H7xx_HAL_Driver/Src/stm32h7xx_hal_rtc_ex.c ****   else
 262:Drivers/STM32H7xx_HAL_Driver/Src/stm32h7xx_hal_rtc_ex.c ****   {
 263:Drivers/STM32H7xx_HAL_Driver/Src/stm32h7xx_hal_rtc_ex.c ****     __HAL_RTC_TAMPER_TIMESTAMP_EXTID2_ENABLE_IT();
 264:Drivers/STM32H7xx_HAL_Driver/Src/stm32h7xx_hal_rtc_ex.c ****   }
 265:Drivers/STM32H7xx_HAL_Driver/Src/stm32h7xx_hal_rtc_ex.c **** #else /* SINGLE_CORE */
 266:Drivers/STM32H7xx_HAL_Driver/Src/stm32h7xx_hal_rtc_ex.c ****   __HAL_RTC_TAMPER_TIMESTAMP_EXTI_ENABLE_IT();
 211              		.loc 1 266 3 discriminator 2 view .LVU72
 212 0046 4FF0B043 		mov	r3, #1476395008
 213 004a D3F88020 		ldr	r2, [r3, #128]
 214 004e 42F48022 		orr	r2, r2, #262144
 215 0052 C3F88020 		str	r2, [r3, #128]
 267:Drivers/STM32H7xx_HAL_Driver/Src/stm32h7xx_hal_rtc_ex.c **** #endif /* DUAL_CORE */
 268:Drivers/STM32H7xx_HAL_Driver/Src/stm32h7xx_hal_rtc_ex.c **** 
 269:Drivers/STM32H7xx_HAL_Driver/Src/stm32h7xx_hal_rtc_ex.c ****   __HAL_RTC_TAMPER_TIMESTAMP_EXTI_ENABLE_RISING_EDGE();
 216              		.loc 1 269 3 discriminator 2 view .LVU73
 217 0056 1A68     		ldr	r2, [r3]
 218 0058 42F48022 		orr	r2, r2, #262144
 219 005c 1A60     		str	r2, [r3]
 270:Drivers/STM32H7xx_HAL_Driver/Src/stm32h7xx_hal_rtc_ex.c **** 
 271:Drivers/STM32H7xx_HAL_Driver/Src/stm32h7xx_hal_rtc_ex.c ****   /* Enable the write protection for RTC registers */
 272:Drivers/STM32H7xx_HAL_Driver/Src/stm32h7xx_hal_rtc_ex.c ****   __HAL_RTC_WRITEPROTECTION_ENABLE(hrtc);
 220              		.loc 1 272 3 discriminator 2 view .LVU74
 221              		.loc 1 272 3 discriminator 2 view .LVU75
 222 005e 0368     		ldr	r3, [r0]
 223 0060 FF22     		movs	r2, #255
 224 0062 5A62     		str	r2, [r3, #36]
 225              		.loc 1 272 3 discriminator 2 view .LVU76
 273:Drivers/STM32H7xx_HAL_Driver/Src/stm32h7xx_hal_rtc_ex.c **** 
 274:Drivers/STM32H7xx_HAL_Driver/Src/stm32h7xx_hal_rtc_ex.c ****   hrtc->State = HAL_RTC_STATE_READY;
 226              		.loc 1 274 3 discriminator 2 view .LVU77
 227              		.loc 1 274 15 is_stmt 0 discriminator 2 view .LVU78
 228 0064 80F821C0 		strb	ip, [r0, #33]
 275:Drivers/STM32H7xx_HAL_Driver/Src/stm32h7xx_hal_rtc_ex.c **** 
 276:Drivers/STM32H7xx_HAL_Driver/Src/stm32h7xx_hal_rtc_ex.c ****   /* Process Unlocked */
 277:Drivers/STM32H7xx_HAL_Driver/Src/stm32h7xx_hal_rtc_ex.c ****   __HAL_UNLOCK(hrtc);
 229              		.loc 1 277 3 is_stmt 1 discriminator 2 view .LVU79
 230              		.loc 1 277 3 discriminator 2 view .LVU80
 231 0068 0023     		movs	r3, #0
 232 006a 80F82030 		strb	r3, [r0, #32]
 233              		.loc 1 277 3 discriminator 2 view .LVU81
 278:Drivers/STM32H7xx_HAL_Driver/Src/stm32h7xx_hal_rtc_ex.c **** 
 279:Drivers/STM32H7xx_HAL_Driver/Src/stm32h7xx_hal_rtc_ex.c ****   return HAL_OK;
 234              		.loc 1 279 3 discriminator 2 view .LVU82
ARM GAS  C:\Users\admin\AppData\Local\Temp\ccP3nyhx.s 			page 10


 235              		.loc 1 279 10 is_stmt 0 discriminator 2 view .LVU83
 236 006e 1846     		mov	r0, r3
 237              	.LVL16:
 280:Drivers/STM32H7xx_HAL_Driver/Src/stm32h7xx_hal_rtc_ex.c **** }
 238              		.loc 1 280 1 discriminator 2 view .LVU84
 239 0070 5DF8044B 		ldr	r4, [sp], #4
 240              	.LCFI3:
 241              		.cfi_restore 4
 242              		.cfi_def_cfa_offset 0
 243              	.LVL17:
 244              		.loc 1 280 1 discriminator 2 view .LVU85
 245 0074 7047     		bx	lr
 246              	.LVL18:
 247              	.L10:
 235:Drivers/STM32H7xx_HAL_Driver/Src/stm32h7xx_hal_rtc_ex.c **** 
 248              		.loc 1 235 3 view .LVU86
 249 0076 0220     		movs	r0, #2
 250              	.LVL19:
 251              		.loc 1 280 1 view .LVU87
 252 0078 7047     		bx	lr
 253              		.cfi_endproc
 254              	.LFE145:
 256              		.section	.text.HAL_RTCEx_DeactivateTimeStamp,"ax",%progbits
 257              		.align	1
 258              		.global	HAL_RTCEx_DeactivateTimeStamp
 259              		.syntax unified
 260              		.thumb
 261              		.thumb_func
 263              	HAL_RTCEx_DeactivateTimeStamp:
 264              	.LVL20:
 265              	.LFB146:
 281:Drivers/STM32H7xx_HAL_Driver/Src/stm32h7xx_hal_rtc_ex.c **** 
 282:Drivers/STM32H7xx_HAL_Driver/Src/stm32h7xx_hal_rtc_ex.c **** /**
 283:Drivers/STM32H7xx_HAL_Driver/Src/stm32h7xx_hal_rtc_ex.c ****   * @brief  Deactivate TimeStamp.
 284:Drivers/STM32H7xx_HAL_Driver/Src/stm32h7xx_hal_rtc_ex.c ****   * @param  hrtc RTC handle
 285:Drivers/STM32H7xx_HAL_Driver/Src/stm32h7xx_hal_rtc_ex.c ****   * @retval HAL status
 286:Drivers/STM32H7xx_HAL_Driver/Src/stm32h7xx_hal_rtc_ex.c ****   */
 287:Drivers/STM32H7xx_HAL_Driver/Src/stm32h7xx_hal_rtc_ex.c **** HAL_StatusTypeDef HAL_RTCEx_DeactivateTimeStamp(RTC_HandleTypeDef *hrtc)
 288:Drivers/STM32H7xx_HAL_Driver/Src/stm32h7xx_hal_rtc_ex.c **** {
 266              		.loc 1 288 1 is_stmt 1 view -0
 267              		.cfi_startproc
 268              		@ args = 0, pretend = 0, frame = 0
 269              		@ frame_needed = 0, uses_anonymous_args = 0
 270              		@ link register save eliminated.
 289:Drivers/STM32H7xx_HAL_Driver/Src/stm32h7xx_hal_rtc_ex.c ****   uint32_t tmpreg;
 271              		.loc 1 289 3 view .LVU89
 290:Drivers/STM32H7xx_HAL_Driver/Src/stm32h7xx_hal_rtc_ex.c **** 
 291:Drivers/STM32H7xx_HAL_Driver/Src/stm32h7xx_hal_rtc_ex.c ****   /* Process Locked */
 292:Drivers/STM32H7xx_HAL_Driver/Src/stm32h7xx_hal_rtc_ex.c ****   __HAL_LOCK(hrtc);
 272              		.loc 1 292 3 view .LVU90
 273              		.loc 1 292 3 view .LVU91
 274 0000 90F82030 		ldrb	r3, [r0, #32]	@ zero_extendqisi2
 275 0004 012B     		cmp	r3, #1
 276 0006 22D0     		beq	.L17
 288:Drivers/STM32H7xx_HAL_Driver/Src/stm32h7xx_hal_rtc_ex.c ****   uint32_t tmpreg;
 277              		.loc 1 288 1 is_stmt 0 discriminator 2 view .LVU92
 278 0008 10B4     		push	{r4}
ARM GAS  C:\Users\admin\AppData\Local\Temp\ccP3nyhx.s 			page 11


 279              	.LCFI4:
 280              		.cfi_def_cfa_offset 4
 281              		.cfi_offset 4, -4
 282              		.loc 1 292 3 is_stmt 1 discriminator 2 view .LVU93
 283 000a 0122     		movs	r2, #1
 284 000c 80F82020 		strb	r2, [r0, #32]
 285              		.loc 1 292 3 discriminator 2 view .LVU94
 293:Drivers/STM32H7xx_HAL_Driver/Src/stm32h7xx_hal_rtc_ex.c **** 
 294:Drivers/STM32H7xx_HAL_Driver/Src/stm32h7xx_hal_rtc_ex.c ****   hrtc->State = HAL_RTC_STATE_BUSY;
 286              		.loc 1 294 3 discriminator 2 view .LVU95
 287              		.loc 1 294 15 is_stmt 0 discriminator 2 view .LVU96
 288 0010 0223     		movs	r3, #2
 289 0012 80F82130 		strb	r3, [r0, #33]
 295:Drivers/STM32H7xx_HAL_Driver/Src/stm32h7xx_hal_rtc_ex.c **** 
 296:Drivers/STM32H7xx_HAL_Driver/Src/stm32h7xx_hal_rtc_ex.c ****   /* Disable the write protection for RTC registers */
 297:Drivers/STM32H7xx_HAL_Driver/Src/stm32h7xx_hal_rtc_ex.c ****   __HAL_RTC_WRITEPROTECTION_DISABLE(hrtc);
 290              		.loc 1 297 3 is_stmt 1 discriminator 2 view .LVU97
 291              		.loc 1 297 3 discriminator 2 view .LVU98
 292 0016 0368     		ldr	r3, [r0]
 293 0018 CA21     		movs	r1, #202
 294 001a 5962     		str	r1, [r3, #36]
 295              		.loc 1 297 3 discriminator 2 view .LVU99
 296 001c 0368     		ldr	r3, [r0]
 297 001e 5321     		movs	r1, #83
 298 0020 5962     		str	r1, [r3, #36]
 299              		.loc 1 297 3 discriminator 2 view .LVU100
 298:Drivers/STM32H7xx_HAL_Driver/Src/stm32h7xx_hal_rtc_ex.c **** 
 299:Drivers/STM32H7xx_HAL_Driver/Src/stm32h7xx_hal_rtc_ex.c ****   /* In case of interrupt mode is used, the interrupt source must disabled */
 300:Drivers/STM32H7xx_HAL_Driver/Src/stm32h7xx_hal_rtc_ex.c ****   __HAL_RTC_TIMESTAMP_DISABLE_IT(hrtc, RTC_IT_TS);
 300              		.loc 1 300 3 discriminator 2 view .LVU101
 301 0022 0168     		ldr	r1, [r0]
 302 0024 8B68     		ldr	r3, [r1, #8]
 303 0026 23F40043 		bic	r3, r3, #32768
 304 002a 8B60     		str	r3, [r1, #8]
 301:Drivers/STM32H7xx_HAL_Driver/Src/stm32h7xx_hal_rtc_ex.c **** 
 302:Drivers/STM32H7xx_HAL_Driver/Src/stm32h7xx_hal_rtc_ex.c ****   /* Get the RTC_CR register and clear the bits to be configured */
 303:Drivers/STM32H7xx_HAL_Driver/Src/stm32h7xx_hal_rtc_ex.c ****   tmpreg = (uint32_t)(hrtc->Instance->CR & (uint32_t)~(RTC_CR_TSEDGE | RTC_CR_TSE));
 305              		.loc 1 303 3 discriminator 2 view .LVU102
 306              		.loc 1 303 27 is_stmt 0 discriminator 2 view .LVU103
 307 002c 0168     		ldr	r1, [r0]
 308              		.loc 1 303 37 discriminator 2 view .LVU104
 309 002e 8C68     		ldr	r4, [r1, #8]
 310              		.loc 1 303 10 discriminator 2 view .LVU105
 311 0030 084B     		ldr	r3, .L22
 312 0032 2340     		ands	r3, r3, r4
 313              	.LVL21:
 304:Drivers/STM32H7xx_HAL_Driver/Src/stm32h7xx_hal_rtc_ex.c **** 
 305:Drivers/STM32H7xx_HAL_Driver/Src/stm32h7xx_hal_rtc_ex.c ****   /* Configure the Time Stamp TSEDGE and Enable bits */
 306:Drivers/STM32H7xx_HAL_Driver/Src/stm32h7xx_hal_rtc_ex.c ****   hrtc->Instance->CR = (uint32_t)tmpreg;
 314              		.loc 1 306 3 is_stmt 1 discriminator 2 view .LVU106
 315              		.loc 1 306 22 is_stmt 0 discriminator 2 view .LVU107
 316 0034 8B60     		str	r3, [r1, #8]
 307:Drivers/STM32H7xx_HAL_Driver/Src/stm32h7xx_hal_rtc_ex.c **** 
 308:Drivers/STM32H7xx_HAL_Driver/Src/stm32h7xx_hal_rtc_ex.c ****   /* Enable the write protection for RTC registers */
 309:Drivers/STM32H7xx_HAL_Driver/Src/stm32h7xx_hal_rtc_ex.c ****   __HAL_RTC_WRITEPROTECTION_ENABLE(hrtc);
 317              		.loc 1 309 3 is_stmt 1 discriminator 2 view .LVU108
 318              		.loc 1 309 3 discriminator 2 view .LVU109
ARM GAS  C:\Users\admin\AppData\Local\Temp\ccP3nyhx.s 			page 12


 319 0036 0368     		ldr	r3, [r0]
 320              	.LVL22:
 321              		.loc 1 309 3 is_stmt 0 discriminator 2 view .LVU110
 322 0038 FF21     		movs	r1, #255
 323              	.LVL23:
 324              		.loc 1 309 3 discriminator 2 view .LVU111
 325 003a 5962     		str	r1, [r3, #36]
 326              		.loc 1 309 3 is_stmt 1 discriminator 2 view .LVU112
 310:Drivers/STM32H7xx_HAL_Driver/Src/stm32h7xx_hal_rtc_ex.c **** 
 311:Drivers/STM32H7xx_HAL_Driver/Src/stm32h7xx_hal_rtc_ex.c ****   hrtc->State = HAL_RTC_STATE_READY;
 327              		.loc 1 311 3 discriminator 2 view .LVU113
 328              		.loc 1 311 15 is_stmt 0 discriminator 2 view .LVU114
 329 003c 80F82120 		strb	r2, [r0, #33]
 312:Drivers/STM32H7xx_HAL_Driver/Src/stm32h7xx_hal_rtc_ex.c **** 
 313:Drivers/STM32H7xx_HAL_Driver/Src/stm32h7xx_hal_rtc_ex.c ****   /* Process Unlocked */
 314:Drivers/STM32H7xx_HAL_Driver/Src/stm32h7xx_hal_rtc_ex.c ****   __HAL_UNLOCK(hrtc);
 330              		.loc 1 314 3 is_stmt 1 discriminator 2 view .LVU115
 331              		.loc 1 314 3 discriminator 2 view .LVU116
 332 0040 0023     		movs	r3, #0
 333 0042 80F82030 		strb	r3, [r0, #32]
 334              		.loc 1 314 3 discriminator 2 view .LVU117
 315:Drivers/STM32H7xx_HAL_Driver/Src/stm32h7xx_hal_rtc_ex.c **** 
 316:Drivers/STM32H7xx_HAL_Driver/Src/stm32h7xx_hal_rtc_ex.c ****   return HAL_OK;
 335              		.loc 1 316 3 discriminator 2 view .LVU118
 336              		.loc 1 316 10 is_stmt 0 discriminator 2 view .LVU119
 337 0046 1846     		mov	r0, r3
 338              	.LVL24:
 317:Drivers/STM32H7xx_HAL_Driver/Src/stm32h7xx_hal_rtc_ex.c **** }
 339              		.loc 1 317 1 discriminator 2 view .LVU120
 340 0048 5DF8044B 		ldr	r4, [sp], #4
 341              	.LCFI5:
 342              		.cfi_restore 4
 343              		.cfi_def_cfa_offset 0
 344              	.LVL25:
 345              		.loc 1 317 1 discriminator 2 view .LVU121
 346 004c 7047     		bx	lr
 347              	.LVL26:
 348              	.L17:
 292:Drivers/STM32H7xx_HAL_Driver/Src/stm32h7xx_hal_rtc_ex.c **** 
 349              		.loc 1 292 3 view .LVU122
 350 004e 0220     		movs	r0, #2
 351              	.LVL27:
 352              		.loc 1 317 1 view .LVU123
 353 0050 7047     		bx	lr
 354              	.L23:
 355 0052 00BF     		.align	2
 356              	.L22:
 357 0054 F7F7FFFF 		.word	-2057
 358              		.cfi_endproc
 359              	.LFE146:
 361              		.section	.text.HAL_RTCEx_SetInternalTimeStamp,"ax",%progbits
 362              		.align	1
 363              		.global	HAL_RTCEx_SetInternalTimeStamp
 364              		.syntax unified
 365              		.thumb
 366              		.thumb_func
 368              	HAL_RTCEx_SetInternalTimeStamp:
ARM GAS  C:\Users\admin\AppData\Local\Temp\ccP3nyhx.s 			page 13


 369              	.LVL28:
 370              	.LFB147:
 318:Drivers/STM32H7xx_HAL_Driver/Src/stm32h7xx_hal_rtc_ex.c **** 
 319:Drivers/STM32H7xx_HAL_Driver/Src/stm32h7xx_hal_rtc_ex.c **** /**
 320:Drivers/STM32H7xx_HAL_Driver/Src/stm32h7xx_hal_rtc_ex.c ****   * @brief  Set Internal TimeStamp.
 321:Drivers/STM32H7xx_HAL_Driver/Src/stm32h7xx_hal_rtc_ex.c ****   * @note   This API must be called before enabling the internal TimeStamp feature.
 322:Drivers/STM32H7xx_HAL_Driver/Src/stm32h7xx_hal_rtc_ex.c ****   * @param  hrtc RTC handle
 323:Drivers/STM32H7xx_HAL_Driver/Src/stm32h7xx_hal_rtc_ex.c ****   * @retval HAL status
 324:Drivers/STM32H7xx_HAL_Driver/Src/stm32h7xx_hal_rtc_ex.c ****   */
 325:Drivers/STM32H7xx_HAL_Driver/Src/stm32h7xx_hal_rtc_ex.c **** HAL_StatusTypeDef HAL_RTCEx_SetInternalTimeStamp(RTC_HandleTypeDef *hrtc)
 326:Drivers/STM32H7xx_HAL_Driver/Src/stm32h7xx_hal_rtc_ex.c **** {
 371              		.loc 1 326 1 is_stmt 1 view -0
 372              		.cfi_startproc
 373              		@ args = 0, pretend = 0, frame = 0
 374              		@ frame_needed = 0, uses_anonymous_args = 0
 375              		@ link register save eliminated.
 327:Drivers/STM32H7xx_HAL_Driver/Src/stm32h7xx_hal_rtc_ex.c ****   /* Process Locked */
 328:Drivers/STM32H7xx_HAL_Driver/Src/stm32h7xx_hal_rtc_ex.c ****   __HAL_LOCK(hrtc);
 376              		.loc 1 328 3 view .LVU125
 377              		.loc 1 328 3 view .LVU126
 378 0000 90F82030 		ldrb	r3, [r0, #32]	@ zero_extendqisi2
 379 0004 012B     		cmp	r3, #1
 380 0006 1AD0     		beq	.L26
 381              		.loc 1 328 3 discriminator 2 view .LVU127
 382 0008 0122     		movs	r2, #1
 383 000a 80F82020 		strb	r2, [r0, #32]
 384              		.loc 1 328 3 discriminator 2 view .LVU128
 329:Drivers/STM32H7xx_HAL_Driver/Src/stm32h7xx_hal_rtc_ex.c **** 
 330:Drivers/STM32H7xx_HAL_Driver/Src/stm32h7xx_hal_rtc_ex.c ****   hrtc->State = HAL_RTC_STATE_BUSY;
 385              		.loc 1 330 3 discriminator 2 view .LVU129
 386              		.loc 1 330 15 is_stmt 0 discriminator 2 view .LVU130
 387 000e 0223     		movs	r3, #2
 388 0010 80F82130 		strb	r3, [r0, #33]
 331:Drivers/STM32H7xx_HAL_Driver/Src/stm32h7xx_hal_rtc_ex.c **** 
 332:Drivers/STM32H7xx_HAL_Driver/Src/stm32h7xx_hal_rtc_ex.c ****   /* Disable the write protection for RTC registers */
 333:Drivers/STM32H7xx_HAL_Driver/Src/stm32h7xx_hal_rtc_ex.c ****   __HAL_RTC_WRITEPROTECTION_DISABLE(hrtc);
 389              		.loc 1 333 3 is_stmt 1 discriminator 2 view .LVU131
 390              		.loc 1 333 3 discriminator 2 view .LVU132
 391 0014 0368     		ldr	r3, [r0]
 392 0016 CA21     		movs	r1, #202
 393 0018 5962     		str	r1, [r3, #36]
 394              		.loc 1 333 3 discriminator 2 view .LVU133
 395 001a 0368     		ldr	r3, [r0]
 396 001c 5321     		movs	r1, #83
 397 001e 5962     		str	r1, [r3, #36]
 398              		.loc 1 333 3 discriminator 2 view .LVU134
 334:Drivers/STM32H7xx_HAL_Driver/Src/stm32h7xx_hal_rtc_ex.c **** 
 335:Drivers/STM32H7xx_HAL_Driver/Src/stm32h7xx_hal_rtc_ex.c ****   /* Configure the internal Time Stamp Enable bits */
 336:Drivers/STM32H7xx_HAL_Driver/Src/stm32h7xx_hal_rtc_ex.c ****   __HAL_RTC_INTERNAL_TIMESTAMP_ENABLE(hrtc);
 399              		.loc 1 336 3 discriminator 2 view .LVU135
 400 0020 0168     		ldr	r1, [r0]
 401 0022 8B68     		ldr	r3, [r1, #8]
 402 0024 43F08073 		orr	r3, r3, #16777216
 403 0028 8B60     		str	r3, [r1, #8]
 337:Drivers/STM32H7xx_HAL_Driver/Src/stm32h7xx_hal_rtc_ex.c **** 
 338:Drivers/STM32H7xx_HAL_Driver/Src/stm32h7xx_hal_rtc_ex.c ****   /* Enable the write protection for RTC registers */
 339:Drivers/STM32H7xx_HAL_Driver/Src/stm32h7xx_hal_rtc_ex.c ****   __HAL_RTC_WRITEPROTECTION_ENABLE(hrtc);
ARM GAS  C:\Users\admin\AppData\Local\Temp\ccP3nyhx.s 			page 14


 404              		.loc 1 339 3 discriminator 2 view .LVU136
 405              		.loc 1 339 3 discriminator 2 view .LVU137
 406 002a 0368     		ldr	r3, [r0]
 407 002c FF21     		movs	r1, #255
 408 002e 5962     		str	r1, [r3, #36]
 409              		.loc 1 339 3 discriminator 2 view .LVU138
 340:Drivers/STM32H7xx_HAL_Driver/Src/stm32h7xx_hal_rtc_ex.c **** 
 341:Drivers/STM32H7xx_HAL_Driver/Src/stm32h7xx_hal_rtc_ex.c ****   /* Change RTC state */
 342:Drivers/STM32H7xx_HAL_Driver/Src/stm32h7xx_hal_rtc_ex.c ****   hrtc->State = HAL_RTC_STATE_READY;
 410              		.loc 1 342 3 discriminator 2 view .LVU139
 411              		.loc 1 342 15 is_stmt 0 discriminator 2 view .LVU140
 412 0030 80F82120 		strb	r2, [r0, #33]
 343:Drivers/STM32H7xx_HAL_Driver/Src/stm32h7xx_hal_rtc_ex.c **** 
 344:Drivers/STM32H7xx_HAL_Driver/Src/stm32h7xx_hal_rtc_ex.c ****   /* Process Unlocked */
 345:Drivers/STM32H7xx_HAL_Driver/Src/stm32h7xx_hal_rtc_ex.c ****   __HAL_UNLOCK(hrtc);
 413              		.loc 1 345 3 is_stmt 1 discriminator 2 view .LVU141
 414              		.loc 1 345 3 discriminator 2 view .LVU142
 415 0034 0023     		movs	r3, #0
 416 0036 80F82030 		strb	r3, [r0, #32]
 417              		.loc 1 345 3 discriminator 2 view .LVU143
 346:Drivers/STM32H7xx_HAL_Driver/Src/stm32h7xx_hal_rtc_ex.c **** 
 347:Drivers/STM32H7xx_HAL_Driver/Src/stm32h7xx_hal_rtc_ex.c ****   return HAL_OK;
 418              		.loc 1 347 3 discriminator 2 view .LVU144
 419              		.loc 1 347 10 is_stmt 0 discriminator 2 view .LVU145
 420 003a 1846     		mov	r0, r3
 421              	.LVL29:
 422              		.loc 1 347 10 discriminator 2 view .LVU146
 423 003c 7047     		bx	lr
 424              	.LVL30:
 425              	.L26:
 328:Drivers/STM32H7xx_HAL_Driver/Src/stm32h7xx_hal_rtc_ex.c **** 
 426              		.loc 1 328 3 view .LVU147
 427 003e 0220     		movs	r0, #2
 428              	.LVL31:
 348:Drivers/STM32H7xx_HAL_Driver/Src/stm32h7xx_hal_rtc_ex.c **** }
 429              		.loc 1 348 1 view .LVU148
 430 0040 7047     		bx	lr
 431              		.cfi_endproc
 432              	.LFE147:
 434              		.section	.text.HAL_RTCEx_DeactivateInternalTimeStamp,"ax",%progbits
 435              		.align	1
 436              		.global	HAL_RTCEx_DeactivateInternalTimeStamp
 437              		.syntax unified
 438              		.thumb
 439              		.thumb_func
 441              	HAL_RTCEx_DeactivateInternalTimeStamp:
 442              	.LVL32:
 443              	.LFB148:
 349:Drivers/STM32H7xx_HAL_Driver/Src/stm32h7xx_hal_rtc_ex.c **** 
 350:Drivers/STM32H7xx_HAL_Driver/Src/stm32h7xx_hal_rtc_ex.c **** /**
 351:Drivers/STM32H7xx_HAL_Driver/Src/stm32h7xx_hal_rtc_ex.c ****   * @brief  Deactivate Internal TimeStamp.
 352:Drivers/STM32H7xx_HAL_Driver/Src/stm32h7xx_hal_rtc_ex.c ****   * @param  hrtc RTC handle
 353:Drivers/STM32H7xx_HAL_Driver/Src/stm32h7xx_hal_rtc_ex.c ****   * @retval HAL status
 354:Drivers/STM32H7xx_HAL_Driver/Src/stm32h7xx_hal_rtc_ex.c ****   */
 355:Drivers/STM32H7xx_HAL_Driver/Src/stm32h7xx_hal_rtc_ex.c **** HAL_StatusTypeDef HAL_RTCEx_DeactivateInternalTimeStamp(RTC_HandleTypeDef *hrtc)
 356:Drivers/STM32H7xx_HAL_Driver/Src/stm32h7xx_hal_rtc_ex.c **** {
 444              		.loc 1 356 1 is_stmt 1 view -0
ARM GAS  C:\Users\admin\AppData\Local\Temp\ccP3nyhx.s 			page 15


 445              		.cfi_startproc
 446              		@ args = 0, pretend = 0, frame = 0
 447              		@ frame_needed = 0, uses_anonymous_args = 0
 448              		@ link register save eliminated.
 357:Drivers/STM32H7xx_HAL_Driver/Src/stm32h7xx_hal_rtc_ex.c ****   /* Process Locked */
 358:Drivers/STM32H7xx_HAL_Driver/Src/stm32h7xx_hal_rtc_ex.c ****   __HAL_LOCK(hrtc);
 449              		.loc 1 358 3 view .LVU150
 450              		.loc 1 358 3 view .LVU151
 451 0000 90F82030 		ldrb	r3, [r0, #32]	@ zero_extendqisi2
 452 0004 012B     		cmp	r3, #1
 453 0006 1AD0     		beq	.L29
 454              		.loc 1 358 3 discriminator 2 view .LVU152
 455 0008 0122     		movs	r2, #1
 456 000a 80F82020 		strb	r2, [r0, #32]
 457              		.loc 1 358 3 discriminator 2 view .LVU153
 359:Drivers/STM32H7xx_HAL_Driver/Src/stm32h7xx_hal_rtc_ex.c **** 
 360:Drivers/STM32H7xx_HAL_Driver/Src/stm32h7xx_hal_rtc_ex.c ****   hrtc->State = HAL_RTC_STATE_BUSY;
 458              		.loc 1 360 3 discriminator 2 view .LVU154
 459              		.loc 1 360 15 is_stmt 0 discriminator 2 view .LVU155
 460 000e 0223     		movs	r3, #2
 461 0010 80F82130 		strb	r3, [r0, #33]
 361:Drivers/STM32H7xx_HAL_Driver/Src/stm32h7xx_hal_rtc_ex.c **** 
 362:Drivers/STM32H7xx_HAL_Driver/Src/stm32h7xx_hal_rtc_ex.c ****   /* Disable the write protection for RTC registers */
 363:Drivers/STM32H7xx_HAL_Driver/Src/stm32h7xx_hal_rtc_ex.c ****   __HAL_RTC_WRITEPROTECTION_DISABLE(hrtc);
 462              		.loc 1 363 3 is_stmt 1 discriminator 2 view .LVU156
 463              		.loc 1 363 3 discriminator 2 view .LVU157
 464 0014 0368     		ldr	r3, [r0]
 465 0016 CA21     		movs	r1, #202
 466 0018 5962     		str	r1, [r3, #36]
 467              		.loc 1 363 3 discriminator 2 view .LVU158
 468 001a 0368     		ldr	r3, [r0]
 469 001c 5321     		movs	r1, #83
 470 001e 5962     		str	r1, [r3, #36]
 471              		.loc 1 363 3 discriminator 2 view .LVU159
 364:Drivers/STM32H7xx_HAL_Driver/Src/stm32h7xx_hal_rtc_ex.c **** 
 365:Drivers/STM32H7xx_HAL_Driver/Src/stm32h7xx_hal_rtc_ex.c ****   /* Configure the internal Time Stamp Enable bits */
 366:Drivers/STM32H7xx_HAL_Driver/Src/stm32h7xx_hal_rtc_ex.c ****   __HAL_RTC_INTERNAL_TIMESTAMP_DISABLE(hrtc);
 472              		.loc 1 366 3 discriminator 2 view .LVU160
 473 0020 0168     		ldr	r1, [r0]
 474 0022 8B68     		ldr	r3, [r1, #8]
 475 0024 23F08073 		bic	r3, r3, #16777216
 476 0028 8B60     		str	r3, [r1, #8]
 367:Drivers/STM32H7xx_HAL_Driver/Src/stm32h7xx_hal_rtc_ex.c **** 
 368:Drivers/STM32H7xx_HAL_Driver/Src/stm32h7xx_hal_rtc_ex.c ****   /* Enable the write protection for RTC registers */
 369:Drivers/STM32H7xx_HAL_Driver/Src/stm32h7xx_hal_rtc_ex.c ****   __HAL_RTC_WRITEPROTECTION_ENABLE(hrtc);
 477              		.loc 1 369 3 discriminator 2 view .LVU161
 478              		.loc 1 369 3 discriminator 2 view .LVU162
 479 002a 0368     		ldr	r3, [r0]
 480 002c FF21     		movs	r1, #255
 481 002e 5962     		str	r1, [r3, #36]
 482              		.loc 1 369 3 discriminator 2 view .LVU163
 370:Drivers/STM32H7xx_HAL_Driver/Src/stm32h7xx_hal_rtc_ex.c **** 
 371:Drivers/STM32H7xx_HAL_Driver/Src/stm32h7xx_hal_rtc_ex.c ****   hrtc->State = HAL_RTC_STATE_READY;
 483              		.loc 1 371 3 discriminator 2 view .LVU164
 484              		.loc 1 371 15 is_stmt 0 discriminator 2 view .LVU165
 485 0030 80F82120 		strb	r2, [r0, #33]
 372:Drivers/STM32H7xx_HAL_Driver/Src/stm32h7xx_hal_rtc_ex.c **** 
ARM GAS  C:\Users\admin\AppData\Local\Temp\ccP3nyhx.s 			page 16


 373:Drivers/STM32H7xx_HAL_Driver/Src/stm32h7xx_hal_rtc_ex.c ****   /* Process Unlocked */
 374:Drivers/STM32H7xx_HAL_Driver/Src/stm32h7xx_hal_rtc_ex.c ****   __HAL_UNLOCK(hrtc);
 486              		.loc 1 374 3 is_stmt 1 discriminator 2 view .LVU166
 487              		.loc 1 374 3 discriminator 2 view .LVU167
 488 0034 0023     		movs	r3, #0
 489 0036 80F82030 		strb	r3, [r0, #32]
 490              		.loc 1 374 3 discriminator 2 view .LVU168
 375:Drivers/STM32H7xx_HAL_Driver/Src/stm32h7xx_hal_rtc_ex.c **** 
 376:Drivers/STM32H7xx_HAL_Driver/Src/stm32h7xx_hal_rtc_ex.c ****   return HAL_OK;
 491              		.loc 1 376 3 discriminator 2 view .LVU169
 492              		.loc 1 376 10 is_stmt 0 discriminator 2 view .LVU170
 493 003a 1846     		mov	r0, r3
 494              	.LVL33:
 495              		.loc 1 376 10 discriminator 2 view .LVU171
 496 003c 7047     		bx	lr
 497              	.LVL34:
 498              	.L29:
 358:Drivers/STM32H7xx_HAL_Driver/Src/stm32h7xx_hal_rtc_ex.c **** 
 499              		.loc 1 358 3 view .LVU172
 500 003e 0220     		movs	r0, #2
 501              	.LVL35:
 377:Drivers/STM32H7xx_HAL_Driver/Src/stm32h7xx_hal_rtc_ex.c **** }
 502              		.loc 1 377 1 view .LVU173
 503 0040 7047     		bx	lr
 504              		.cfi_endproc
 505              	.LFE148:
 507              		.section	.text.HAL_RTCEx_GetTimeStamp,"ax",%progbits
 508              		.align	1
 509              		.global	HAL_RTCEx_GetTimeStamp
 510              		.syntax unified
 511              		.thumb
 512              		.thumb_func
 514              	HAL_RTCEx_GetTimeStamp:
 515              	.LVL36:
 516              	.LFB149:
 378:Drivers/STM32H7xx_HAL_Driver/Src/stm32h7xx_hal_rtc_ex.c **** 
 379:Drivers/STM32H7xx_HAL_Driver/Src/stm32h7xx_hal_rtc_ex.c **** /**
 380:Drivers/STM32H7xx_HAL_Driver/Src/stm32h7xx_hal_rtc_ex.c ****   * @brief  Get the RTC TimeStamp value.
 381:Drivers/STM32H7xx_HAL_Driver/Src/stm32h7xx_hal_rtc_ex.c ****   * @param  hrtc RTC handle
 382:Drivers/STM32H7xx_HAL_Driver/Src/stm32h7xx_hal_rtc_ex.c ****   * @param  sTimeStamp Pointer to Time structure
 383:Drivers/STM32H7xx_HAL_Driver/Src/stm32h7xx_hal_rtc_ex.c ****   * @param  sTimeStampDate Pointer to Date structure
 384:Drivers/STM32H7xx_HAL_Driver/Src/stm32h7xx_hal_rtc_ex.c ****   * @param  Format specifies the format of the entered parameters.
 385:Drivers/STM32H7xx_HAL_Driver/Src/stm32h7xx_hal_rtc_ex.c ****   *          This parameter can be one of the following values:
 386:Drivers/STM32H7xx_HAL_Driver/Src/stm32h7xx_hal_rtc_ex.c ****   *             @arg RTC_FORMAT_BIN: Binary data format
 387:Drivers/STM32H7xx_HAL_Driver/Src/stm32h7xx_hal_rtc_ex.c ****   *             @arg RTC_FORMAT_BCD: BCD data format
 388:Drivers/STM32H7xx_HAL_Driver/Src/stm32h7xx_hal_rtc_ex.c ****   * @retval HAL status
 389:Drivers/STM32H7xx_HAL_Driver/Src/stm32h7xx_hal_rtc_ex.c ****   */
 390:Drivers/STM32H7xx_HAL_Driver/Src/stm32h7xx_hal_rtc_ex.c **** HAL_StatusTypeDef HAL_RTCEx_GetTimeStamp(RTC_HandleTypeDef *hrtc, RTC_TimeTypeDef *sTimeStamp, RTC_
 391:Drivers/STM32H7xx_HAL_Driver/Src/stm32h7xx_hal_rtc_ex.c **** {
 517              		.loc 1 391 1 is_stmt 1 view -0
 518              		.cfi_startproc
 519              		@ args = 0, pretend = 0, frame = 0
 520              		@ frame_needed = 0, uses_anonymous_args = 0
 521              		.loc 1 391 1 is_stmt 0 view .LVU175
 522 0000 70B5     		push	{r4, r5, r6, lr}
 523              	.LCFI6:
 524              		.cfi_def_cfa_offset 16
ARM GAS  C:\Users\admin\AppData\Local\Temp\ccP3nyhx.s 			page 17


 525              		.cfi_offset 4, -16
 526              		.cfi_offset 5, -12
 527              		.cfi_offset 6, -8
 528              		.cfi_offset 14, -4
 529 0002 0646     		mov	r6, r0
 530 0004 0C46     		mov	r4, r1
 531 0006 1546     		mov	r5, r2
 392:Drivers/STM32H7xx_HAL_Driver/Src/stm32h7xx_hal_rtc_ex.c ****   uint32_t tmptime;
 532              		.loc 1 392 3 is_stmt 1 view .LVU176
 393:Drivers/STM32H7xx_HAL_Driver/Src/stm32h7xx_hal_rtc_ex.c ****   uint32_t tmpdate;
 533              		.loc 1 393 3 view .LVU177
 394:Drivers/STM32H7xx_HAL_Driver/Src/stm32h7xx_hal_rtc_ex.c **** 
 395:Drivers/STM32H7xx_HAL_Driver/Src/stm32h7xx_hal_rtc_ex.c ****   /* Check the parameters */
 396:Drivers/STM32H7xx_HAL_Driver/Src/stm32h7xx_hal_rtc_ex.c ****   assert_param(IS_RTC_FORMAT(Format));
 534              		.loc 1 396 3 view .LVU178
 397:Drivers/STM32H7xx_HAL_Driver/Src/stm32h7xx_hal_rtc_ex.c **** 
 398:Drivers/STM32H7xx_HAL_Driver/Src/stm32h7xx_hal_rtc_ex.c ****   /* Get the TimeStamp time and date registers values */
 399:Drivers/STM32H7xx_HAL_Driver/Src/stm32h7xx_hal_rtc_ex.c ****   tmptime = (uint32_t)(hrtc->Instance->TSTR & RTC_TR_RESERVED_MASK);
 535              		.loc 1 399 3 view .LVU179
 536              		.loc 1 399 28 is_stmt 0 view .LVU180
 537 0008 0168     		ldr	r1, [r0]
 538              	.LVL37:
 539              		.loc 1 399 38 view .LVU181
 540 000a 0A6B     		ldr	r2, [r1, #48]
 541              	.LVL38:
 400:Drivers/STM32H7xx_HAL_Driver/Src/stm32h7xx_hal_rtc_ex.c ****   tmpdate = (uint32_t)(hrtc->Instance->TSDR & RTC_DR_RESERVED_MASK);
 542              		.loc 1 400 3 is_stmt 1 view .LVU182
 543              		.loc 1 400 38 is_stmt 0 view .LVU183
 544 000c 496B     		ldr	r1, [r1, #52]
 545              	.LVL39:
 401:Drivers/STM32H7xx_HAL_Driver/Src/stm32h7xx_hal_rtc_ex.c **** 
 402:Drivers/STM32H7xx_HAL_Driver/Src/stm32h7xx_hal_rtc_ex.c ****   /* Fill the Time structure fields with the read parameters */
 403:Drivers/STM32H7xx_HAL_Driver/Src/stm32h7xx_hal_rtc_ex.c ****   sTimeStamp->Hours      = (uint8_t)((tmptime & (RTC_TSTR_HT  | RTC_TSTR_HU))  >> RTC_TSTR_HU_Pos);
 546              		.loc 1 403 3 is_stmt 1 view .LVU184
 547              		.loc 1 403 28 is_stmt 0 view .LVU185
 548 000e C2F30540 		ubfx	r0, r2, #16, #6
 549              	.LVL40:
 550              		.loc 1 403 26 view .LVU186
 551 0012 2070     		strb	r0, [r4]
 404:Drivers/STM32H7xx_HAL_Driver/Src/stm32h7xx_hal_rtc_ex.c ****   sTimeStamp->Minutes    = (uint8_t)((tmptime & (RTC_TSTR_MNT | RTC_TSTR_MNU)) >> RTC_TSTR_MNU_Pos)
 552              		.loc 1 404 3 is_stmt 1 view .LVU187
 553              		.loc 1 404 28 is_stmt 0 view .LVU188
 554 0014 C2F30620 		ubfx	r0, r2, #8, #7
 555              		.loc 1 404 26 view .LVU189
 556 0018 6070     		strb	r0, [r4, #1]
 405:Drivers/STM32H7xx_HAL_Driver/Src/stm32h7xx_hal_rtc_ex.c ****   sTimeStamp->Seconds    = (uint8_t)((tmptime & (RTC_TSTR_ST  | RTC_TSTR_SU))  >> RTC_TSTR_SU_Pos);
 557              		.loc 1 405 3 is_stmt 1 view .LVU190
 558              		.loc 1 405 28 is_stmt 0 view .LVU191
 559 001a 02F07F00 		and	r0, r2, #127
 560              		.loc 1 405 26 view .LVU192
 561 001e A070     		strb	r0, [r4, #2]
 406:Drivers/STM32H7xx_HAL_Driver/Src/stm32h7xx_hal_rtc_ex.c ****   sTimeStamp->TimeFormat = (uint8_t)((tmptime & (RTC_TSTR_PM))                 >> RTC_TSTR_PM_Pos);
 562              		.loc 1 406 3 is_stmt 1 view .LVU193
 563              		.loc 1 406 28 is_stmt 0 view .LVU194
 564 0020 C2F38052 		ubfx	r2, r2, #22, #1
 565              	.LVL41:
 566              		.loc 1 406 26 view .LVU195
ARM GAS  C:\Users\admin\AppData\Local\Temp\ccP3nyhx.s 			page 18


 567 0024 E270     		strb	r2, [r4, #3]
 407:Drivers/STM32H7xx_HAL_Driver/Src/stm32h7xx_hal_rtc_ex.c ****   sTimeStamp->SubSeconds = (uint32_t) hrtc->Instance->TSSSR;
 568              		.loc 1 407 3 is_stmt 1 view .LVU196
 569              		.loc 1 407 43 is_stmt 0 view .LVU197
 570 0026 3268     		ldr	r2, [r6]
 571              		.loc 1 407 53 view .LVU198
 572 0028 926B     		ldr	r2, [r2, #56]
 573              		.loc 1 407 26 view .LVU199
 574 002a 6260     		str	r2, [r4, #4]
 408:Drivers/STM32H7xx_HAL_Driver/Src/stm32h7xx_hal_rtc_ex.c **** 
 409:Drivers/STM32H7xx_HAL_Driver/Src/stm32h7xx_hal_rtc_ex.c ****   /* Fill the Date structure fields with the read parameters */
 410:Drivers/STM32H7xx_HAL_Driver/Src/stm32h7xx_hal_rtc_ex.c ****   sTimeStampDate->Year    = 0U;
 575              		.loc 1 410 3 is_stmt 1 view .LVU200
 576              		.loc 1 410 27 is_stmt 0 view .LVU201
 577 002c 0022     		movs	r2, #0
 578 002e EA70     		strb	r2, [r5, #3]
 411:Drivers/STM32H7xx_HAL_Driver/Src/stm32h7xx_hal_rtc_ex.c ****   sTimeStampDate->Month   = (uint8_t)((tmpdate & (RTC_TSDR_MT | RTC_TSDR_MU)) >> RTC_TSDR_MU_Pos);
 579              		.loc 1 411 3 is_stmt 1 view .LVU202
 580              		.loc 1 411 29 is_stmt 0 view .LVU203
 581 0030 C1F30422 		ubfx	r2, r1, #8, #5
 582              		.loc 1 411 27 view .LVU204
 583 0034 6A70     		strb	r2, [r5, #1]
 412:Drivers/STM32H7xx_HAL_Driver/Src/stm32h7xx_hal_rtc_ex.c ****   sTimeStampDate->Date    = (uint8_t)((tmpdate & (RTC_TSDR_DT | RTC_TSDR_DU)) >> RTC_TSDR_DU_Pos);
 584              		.loc 1 412 3 is_stmt 1 view .LVU205
 585              		.loc 1 412 29 is_stmt 0 view .LVU206
 586 0036 01F03F02 		and	r2, r1, #63
 587              		.loc 1 412 27 view .LVU207
 588 003a AA70     		strb	r2, [r5, #2]
 413:Drivers/STM32H7xx_HAL_Driver/Src/stm32h7xx_hal_rtc_ex.c ****   sTimeStampDate->WeekDay = (uint8_t)((tmpdate & (RTC_TSDR_WDU))              >> RTC_TSDR_WDU_Pos);
 589              		.loc 1 413 3 is_stmt 1 view .LVU208
 590              		.loc 1 413 29 is_stmt 0 view .LVU209
 591 003c C1F34231 		ubfx	r1, r1, #13, #3
 592              	.LVL42:
 593              		.loc 1 413 27 view .LVU210
 594 0040 2970     		strb	r1, [r5]
 414:Drivers/STM32H7xx_HAL_Driver/Src/stm32h7xx_hal_rtc_ex.c **** 
 415:Drivers/STM32H7xx_HAL_Driver/Src/stm32h7xx_hal_rtc_ex.c ****   /* Check the input parameters format */
 416:Drivers/STM32H7xx_HAL_Driver/Src/stm32h7xx_hal_rtc_ex.c ****   if (Format == RTC_FORMAT_BIN)
 595              		.loc 1 416 3 is_stmt 1 view .LVU211
 596              		.loc 1 416 6 is_stmt 0 view .LVU212
 597 0042 6BB1     		cbz	r3, .L33
 598              	.LVL43:
 599              	.L31:
 417:Drivers/STM32H7xx_HAL_Driver/Src/stm32h7xx_hal_rtc_ex.c ****   {
 418:Drivers/STM32H7xx_HAL_Driver/Src/stm32h7xx_hal_rtc_ex.c ****     /* Convert the TimeStamp structure parameters to Binary format */
 419:Drivers/STM32H7xx_HAL_Driver/Src/stm32h7xx_hal_rtc_ex.c ****     sTimeStamp->Hours   = (uint8_t)RTC_Bcd2ToByte(sTimeStamp->Hours);
 420:Drivers/STM32H7xx_HAL_Driver/Src/stm32h7xx_hal_rtc_ex.c ****     sTimeStamp->Minutes = (uint8_t)RTC_Bcd2ToByte(sTimeStamp->Minutes);
 421:Drivers/STM32H7xx_HAL_Driver/Src/stm32h7xx_hal_rtc_ex.c ****     sTimeStamp->Seconds = (uint8_t)RTC_Bcd2ToByte(sTimeStamp->Seconds);
 422:Drivers/STM32H7xx_HAL_Driver/Src/stm32h7xx_hal_rtc_ex.c **** 
 423:Drivers/STM32H7xx_HAL_Driver/Src/stm32h7xx_hal_rtc_ex.c ****     /* Convert the DateTimeStamp structure parameters to Binary format */
 424:Drivers/STM32H7xx_HAL_Driver/Src/stm32h7xx_hal_rtc_ex.c ****     sTimeStampDate->Month   = (uint8_t)RTC_Bcd2ToByte(sTimeStampDate->Month);
 425:Drivers/STM32H7xx_HAL_Driver/Src/stm32h7xx_hal_rtc_ex.c ****     sTimeStampDate->Date    = (uint8_t)RTC_Bcd2ToByte(sTimeStampDate->Date);
 426:Drivers/STM32H7xx_HAL_Driver/Src/stm32h7xx_hal_rtc_ex.c ****     sTimeStampDate->WeekDay = (uint8_t)RTC_Bcd2ToByte(sTimeStampDate->WeekDay);
 427:Drivers/STM32H7xx_HAL_Driver/Src/stm32h7xx_hal_rtc_ex.c ****   }
 428:Drivers/STM32H7xx_HAL_Driver/Src/stm32h7xx_hal_rtc_ex.c **** 
 429:Drivers/STM32H7xx_HAL_Driver/Src/stm32h7xx_hal_rtc_ex.c ****   /* Clear the TIMESTAMP Flags */
 430:Drivers/STM32H7xx_HAL_Driver/Src/stm32h7xx_hal_rtc_ex.c ****   __HAL_RTC_INTERNAL_TIMESTAMP_CLEAR_FLAG(hrtc, RTC_FLAG_ITSF);
ARM GAS  C:\Users\admin\AppData\Local\Temp\ccP3nyhx.s 			page 19


 600              		.loc 1 430 3 is_stmt 1 view .LVU213
 601 0044 3168     		ldr	r1, [r6]
 602 0046 CA68     		ldr	r2, [r1, #12]
 603 0048 D2B2     		uxtb	r2, r2
 604 004a 124B     		ldr	r3, .L34
 605 004c 1343     		orrs	r3, r3, r2
 606 004e CB60     		str	r3, [r1, #12]
 431:Drivers/STM32H7xx_HAL_Driver/Src/stm32h7xx_hal_rtc_ex.c ****   __HAL_RTC_TIMESTAMP_CLEAR_FLAG(hrtc, RTC_FLAG_TSF);
 607              		.loc 1 431 3 view .LVU214
 608 0050 3268     		ldr	r2, [r6]
 609 0052 D368     		ldr	r3, [r2, #12]
 610 0054 DBB2     		uxtb	r3, r3
 611 0056 63F40863 		orn	r3, r3, #2176
 612 005a D360     		str	r3, [r2, #12]
 432:Drivers/STM32H7xx_HAL_Driver/Src/stm32h7xx_hal_rtc_ex.c **** 
 433:Drivers/STM32H7xx_HAL_Driver/Src/stm32h7xx_hal_rtc_ex.c ****   return HAL_OK;
 613              		.loc 1 433 3 view .LVU215
 434:Drivers/STM32H7xx_HAL_Driver/Src/stm32h7xx_hal_rtc_ex.c **** }
 614              		.loc 1 434 1 is_stmt 0 view .LVU216
 615 005c 0020     		movs	r0, #0
 616 005e 70BD     		pop	{r4, r5, r6, pc}
 617              	.LVL44:
 618              	.L33:
 419:Drivers/STM32H7xx_HAL_Driver/Src/stm32h7xx_hal_rtc_ex.c ****     sTimeStamp->Minutes = (uint8_t)RTC_Bcd2ToByte(sTimeStamp->Minutes);
 619              		.loc 1 419 5 is_stmt 1 view .LVU217
 419:Drivers/STM32H7xx_HAL_Driver/Src/stm32h7xx_hal_rtc_ex.c ****     sTimeStamp->Minutes = (uint8_t)RTC_Bcd2ToByte(sTimeStamp->Minutes);
 620              		.loc 1 419 36 is_stmt 0 view .LVU218
 621 0060 2078     		ldrb	r0, [r4]	@ zero_extendqisi2
 622 0062 FFF7FEFF 		bl	RTC_Bcd2ToByte
 623              	.LVL45:
 419:Drivers/STM32H7xx_HAL_Driver/Src/stm32h7xx_hal_rtc_ex.c ****     sTimeStamp->Minutes = (uint8_t)RTC_Bcd2ToByte(sTimeStamp->Minutes);
 624              		.loc 1 419 25 view .LVU219
 625 0066 2070     		strb	r0, [r4]
 420:Drivers/STM32H7xx_HAL_Driver/Src/stm32h7xx_hal_rtc_ex.c ****     sTimeStamp->Seconds = (uint8_t)RTC_Bcd2ToByte(sTimeStamp->Seconds);
 626              		.loc 1 420 5 is_stmt 1 view .LVU220
 420:Drivers/STM32H7xx_HAL_Driver/Src/stm32h7xx_hal_rtc_ex.c ****     sTimeStamp->Seconds = (uint8_t)RTC_Bcd2ToByte(sTimeStamp->Seconds);
 627              		.loc 1 420 36 is_stmt 0 view .LVU221
 628 0068 6078     		ldrb	r0, [r4, #1]	@ zero_extendqisi2
 629 006a FFF7FEFF 		bl	RTC_Bcd2ToByte
 630              	.LVL46:
 420:Drivers/STM32H7xx_HAL_Driver/Src/stm32h7xx_hal_rtc_ex.c ****     sTimeStamp->Seconds = (uint8_t)RTC_Bcd2ToByte(sTimeStamp->Seconds);
 631              		.loc 1 420 25 view .LVU222
 632 006e 6070     		strb	r0, [r4, #1]
 421:Drivers/STM32H7xx_HAL_Driver/Src/stm32h7xx_hal_rtc_ex.c **** 
 633              		.loc 1 421 5 is_stmt 1 view .LVU223
 421:Drivers/STM32H7xx_HAL_Driver/Src/stm32h7xx_hal_rtc_ex.c **** 
 634              		.loc 1 421 36 is_stmt 0 view .LVU224
 635 0070 A078     		ldrb	r0, [r4, #2]	@ zero_extendqisi2
 636 0072 FFF7FEFF 		bl	RTC_Bcd2ToByte
 637              	.LVL47:
 421:Drivers/STM32H7xx_HAL_Driver/Src/stm32h7xx_hal_rtc_ex.c **** 
 638              		.loc 1 421 25 view .LVU225
 639 0076 A070     		strb	r0, [r4, #2]
 424:Drivers/STM32H7xx_HAL_Driver/Src/stm32h7xx_hal_rtc_ex.c ****     sTimeStampDate->Date    = (uint8_t)RTC_Bcd2ToByte(sTimeStampDate->Date);
 640              		.loc 1 424 5 is_stmt 1 view .LVU226
 424:Drivers/STM32H7xx_HAL_Driver/Src/stm32h7xx_hal_rtc_ex.c ****     sTimeStampDate->Date    = (uint8_t)RTC_Bcd2ToByte(sTimeStampDate->Date);
 641              		.loc 1 424 40 is_stmt 0 view .LVU227
ARM GAS  C:\Users\admin\AppData\Local\Temp\ccP3nyhx.s 			page 20


 642 0078 6878     		ldrb	r0, [r5, #1]	@ zero_extendqisi2
 643 007a FFF7FEFF 		bl	RTC_Bcd2ToByte
 644              	.LVL48:
 424:Drivers/STM32H7xx_HAL_Driver/Src/stm32h7xx_hal_rtc_ex.c ****     sTimeStampDate->Date    = (uint8_t)RTC_Bcd2ToByte(sTimeStampDate->Date);
 645              		.loc 1 424 29 view .LVU228
 646 007e 6870     		strb	r0, [r5, #1]
 425:Drivers/STM32H7xx_HAL_Driver/Src/stm32h7xx_hal_rtc_ex.c ****     sTimeStampDate->WeekDay = (uint8_t)RTC_Bcd2ToByte(sTimeStampDate->WeekDay);
 647              		.loc 1 425 5 is_stmt 1 view .LVU229
 425:Drivers/STM32H7xx_HAL_Driver/Src/stm32h7xx_hal_rtc_ex.c ****     sTimeStampDate->WeekDay = (uint8_t)RTC_Bcd2ToByte(sTimeStampDate->WeekDay);
 648              		.loc 1 425 40 is_stmt 0 view .LVU230
 649 0080 A878     		ldrb	r0, [r5, #2]	@ zero_extendqisi2
 650 0082 FFF7FEFF 		bl	RTC_Bcd2ToByte
 651              	.LVL49:
 425:Drivers/STM32H7xx_HAL_Driver/Src/stm32h7xx_hal_rtc_ex.c ****     sTimeStampDate->WeekDay = (uint8_t)RTC_Bcd2ToByte(sTimeStampDate->WeekDay);
 652              		.loc 1 425 29 view .LVU231
 653 0086 A870     		strb	r0, [r5, #2]
 426:Drivers/STM32H7xx_HAL_Driver/Src/stm32h7xx_hal_rtc_ex.c ****   }
 654              		.loc 1 426 5 is_stmt 1 view .LVU232
 426:Drivers/STM32H7xx_HAL_Driver/Src/stm32h7xx_hal_rtc_ex.c ****   }
 655              		.loc 1 426 40 is_stmt 0 view .LVU233
 656 0088 2878     		ldrb	r0, [r5]	@ zero_extendqisi2
 657 008a FFF7FEFF 		bl	RTC_Bcd2ToByte
 658              	.LVL50:
 426:Drivers/STM32H7xx_HAL_Driver/Src/stm32h7xx_hal_rtc_ex.c ****   }
 659              		.loc 1 426 29 view .LVU234
 660 008e 2870     		strb	r0, [r5]
 661 0090 D8E7     		b	.L31
 662              	.L35:
 663 0092 00BF     		.align	2
 664              	.L34:
 665 0094 7FFFFDFF 		.word	-131201
 666              		.cfi_endproc
 667              	.LFE149:
 669              		.section	.text.HAL_RTCEx_SetTamper,"ax",%progbits
 670              		.align	1
 671              		.global	HAL_RTCEx_SetTamper
 672              		.syntax unified
 673              		.thumb
 674              		.thumb_func
 676              	HAL_RTCEx_SetTamper:
 677              	.LVL51:
 678              	.LFB150:
 435:Drivers/STM32H7xx_HAL_Driver/Src/stm32h7xx_hal_rtc_ex.c **** 
 436:Drivers/STM32H7xx_HAL_Driver/Src/stm32h7xx_hal_rtc_ex.c **** /**
 437:Drivers/STM32H7xx_HAL_Driver/Src/stm32h7xx_hal_rtc_ex.c ****   * @}
 438:Drivers/STM32H7xx_HAL_Driver/Src/stm32h7xx_hal_rtc_ex.c ****   */
 439:Drivers/STM32H7xx_HAL_Driver/Src/stm32h7xx_hal_rtc_ex.c **** 
 440:Drivers/STM32H7xx_HAL_Driver/Src/stm32h7xx_hal_rtc_ex.c **** /** @addtogroup RTCEx_Exported_Functions_Group5
 441:Drivers/STM32H7xx_HAL_Driver/Src/stm32h7xx_hal_rtc_ex.c ****   * @brief      Extended RTC Tamper functions
 442:Drivers/STM32H7xx_HAL_Driver/Src/stm32h7xx_hal_rtc_ex.c ****   *
 443:Drivers/STM32H7xx_HAL_Driver/Src/stm32h7xx_hal_rtc_ex.c **** @verbatim
 444:Drivers/STM32H7xx_HAL_Driver/Src/stm32h7xx_hal_rtc_ex.c ****  ==============================================================================
 445:Drivers/STM32H7xx_HAL_Driver/Src/stm32h7xx_hal_rtc_ex.c ****                         ##### Tamper functions #####
 446:Drivers/STM32H7xx_HAL_Driver/Src/stm32h7xx_hal_rtc_ex.c ****  ==============================================================================
 447:Drivers/STM32H7xx_HAL_Driver/Src/stm32h7xx_hal_rtc_ex.c ****  [..]
 448:Drivers/STM32H7xx_HAL_Driver/Src/stm32h7xx_hal_rtc_ex.c ****   (+) Before calling any tamper or internal tamper function, you have to call first
 449:Drivers/STM32H7xx_HAL_Driver/Src/stm32h7xx_hal_rtc_ex.c ****       HAL_RTC_Init() function.
ARM GAS  C:\Users\admin\AppData\Local\Temp\ccP3nyhx.s 			page 21


 450:Drivers/STM32H7xx_HAL_Driver/Src/stm32h7xx_hal_rtc_ex.c ****   (+) In that ine you can select to output tamper event on RTC pin.
 451:Drivers/STM32H7xx_HAL_Driver/Src/stm32h7xx_hal_rtc_ex.c ****  [..]
 452:Drivers/STM32H7xx_HAL_Driver/Src/stm32h7xx_hal_rtc_ex.c ****   (+) Enable the Tamper and configure the Tamper filter count, trigger Edge
 453:Drivers/STM32H7xx_HAL_Driver/Src/stm32h7xx_hal_rtc_ex.c ****       or Level according to the Tamper filter (if equal to 0 Edge else Level)
 454:Drivers/STM32H7xx_HAL_Driver/Src/stm32h7xx_hal_rtc_ex.c ****       value, sampling frequency, NoErase, MaskFlag, precharge or discharge and
 455:Drivers/STM32H7xx_HAL_Driver/Src/stm32h7xx_hal_rtc_ex.c ****       Pull-UP, timestamp using the HAL_RTCEx_SetTamper() function.
 456:Drivers/STM32H7xx_HAL_Driver/Src/stm32h7xx_hal_rtc_ex.c ****       You can configure Tamper with interrupt mode using HAL_RTCEx_SetTamper_IT() function.
 457:Drivers/STM32H7xx_HAL_Driver/Src/stm32h7xx_hal_rtc_ex.c ****   (+) The default configuration of the Tamper erases the backup registers. To avoid
 458:Drivers/STM32H7xx_HAL_Driver/Src/stm32h7xx_hal_rtc_ex.c ****       erase, enable the NoErase field on the TAMP_TAMPCR register.
 459:Drivers/STM32H7xx_HAL_Driver/Src/stm32h7xx_hal_rtc_ex.c ****  [..]
 460:Drivers/STM32H7xx_HAL_Driver/Src/stm32h7xx_hal_rtc_ex.c ****   (+) Enable Internal Tamper and configure it with interrupt, timestamp using
 461:Drivers/STM32H7xx_HAL_Driver/Src/stm32h7xx_hal_rtc_ex.c ****       the HAL_RTCEx_SetInternalTamper() function.
 462:Drivers/STM32H7xx_HAL_Driver/Src/stm32h7xx_hal_rtc_ex.c **** 
 463:Drivers/STM32H7xx_HAL_Driver/Src/stm32h7xx_hal_rtc_ex.c **** @endverbatim
 464:Drivers/STM32H7xx_HAL_Driver/Src/stm32h7xx_hal_rtc_ex.c **** * @{
 465:Drivers/STM32H7xx_HAL_Driver/Src/stm32h7xx_hal_rtc_ex.c **** */
 466:Drivers/STM32H7xx_HAL_Driver/Src/stm32h7xx_hal_rtc_ex.c **** 
 467:Drivers/STM32H7xx_HAL_Driver/Src/stm32h7xx_hal_rtc_ex.c **** #if defined(TAMP)
 468:Drivers/STM32H7xx_HAL_Driver/Src/stm32h7xx_hal_rtc_ex.c **** /**
 469:Drivers/STM32H7xx_HAL_Driver/Src/stm32h7xx_hal_rtc_ex.c ****   * @brief  Set Tamper
 470:Drivers/STM32H7xx_HAL_Driver/Src/stm32h7xx_hal_rtc_ex.c ****   * @param  hrtc RTC handle
 471:Drivers/STM32H7xx_HAL_Driver/Src/stm32h7xx_hal_rtc_ex.c ****   * @param  sTamper Pointer to Tamper Structure.
 472:Drivers/STM32H7xx_HAL_Driver/Src/stm32h7xx_hal_rtc_ex.c ****   * @retval HAL status
 473:Drivers/STM32H7xx_HAL_Driver/Src/stm32h7xx_hal_rtc_ex.c ****   */
 474:Drivers/STM32H7xx_HAL_Driver/Src/stm32h7xx_hal_rtc_ex.c **** HAL_StatusTypeDef HAL_RTCEx_SetTamper(RTC_HandleTypeDef * hrtc, const RTC_TamperTypeDef * sTamper)
 475:Drivers/STM32H7xx_HAL_Driver/Src/stm32h7xx_hal_rtc_ex.c **** {
 476:Drivers/STM32H7xx_HAL_Driver/Src/stm32h7xx_hal_rtc_ex.c ****   uint32_t tmpreg;
 477:Drivers/STM32H7xx_HAL_Driver/Src/stm32h7xx_hal_rtc_ex.c **** 
 478:Drivers/STM32H7xx_HAL_Driver/Src/stm32h7xx_hal_rtc_ex.c ****   /* Point on TAMPER registers base address */
 479:Drivers/STM32H7xx_HAL_Driver/Src/stm32h7xx_hal_rtc_ex.c ****   TAMP_TypeDef *tamp = (TAMP_TypeDef *)((uint32_t)hrtc->Instance + TAMP_OFFSET);
 480:Drivers/STM32H7xx_HAL_Driver/Src/stm32h7xx_hal_rtc_ex.c **** 
 481:Drivers/STM32H7xx_HAL_Driver/Src/stm32h7xx_hal_rtc_ex.c ****   /* Check the parameters */
 482:Drivers/STM32H7xx_HAL_Driver/Src/stm32h7xx_hal_rtc_ex.c ****   assert_param(IS_RTC_TAMPER(sTamper->Tamper));
 483:Drivers/STM32H7xx_HAL_Driver/Src/stm32h7xx_hal_rtc_ex.c ****   assert_param(IS_RTC_TAMPER_TRIGGER(sTamper->Trigger));
 484:Drivers/STM32H7xx_HAL_Driver/Src/stm32h7xx_hal_rtc_ex.c ****   assert_param(IS_RTC_TAMPER_ERASE_MODE(sTamper->NoErase));
 485:Drivers/STM32H7xx_HAL_Driver/Src/stm32h7xx_hal_rtc_ex.c ****   assert_param(IS_RTC_TAMPER_MASKFLAG_STATE(sTamper->MaskFlag));
 486:Drivers/STM32H7xx_HAL_Driver/Src/stm32h7xx_hal_rtc_ex.c ****   assert_param(IS_RTC_TAMPER_TIMESTAMPONTAMPER_DETECTION(sTamper->TimeStampOnTamperDetection));
 487:Drivers/STM32H7xx_HAL_Driver/Src/stm32h7xx_hal_rtc_ex.c ****   assert_param(IS_RTC_TAMPER_FILTER(sTamper->Filter));
 488:Drivers/STM32H7xx_HAL_Driver/Src/stm32h7xx_hal_rtc_ex.c ****   assert_param(IS_RTC_TAMPER_SAMPLING_FREQ(sTamper->SamplingFrequency));
 489:Drivers/STM32H7xx_HAL_Driver/Src/stm32h7xx_hal_rtc_ex.c ****   assert_param(IS_RTC_TAMPER_PRECHARGE_DURATION(sTamper->PrechargeDuration));
 490:Drivers/STM32H7xx_HAL_Driver/Src/stm32h7xx_hal_rtc_ex.c ****   assert_param(IS_RTC_TAMPER_PULLUP_STATE(sTamper->TamperPullUp));
 491:Drivers/STM32H7xx_HAL_Driver/Src/stm32h7xx_hal_rtc_ex.c ****   assert_param(IS_RTC_TAMPER_FILTER_CONFIG_CORRECT(sTamper->Filter, sTamper->Trigger));
 492:Drivers/STM32H7xx_HAL_Driver/Src/stm32h7xx_hal_rtc_ex.c **** 
 493:Drivers/STM32H7xx_HAL_Driver/Src/stm32h7xx_hal_rtc_ex.c ****   /* Configuration register 2 */
 494:Drivers/STM32H7xx_HAL_Driver/Src/stm32h7xx_hal_rtc_ex.c ****   tmpreg = tamp->CR2;
 495:Drivers/STM32H7xx_HAL_Driver/Src/stm32h7xx_hal_rtc_ex.c ****   tmpreg &= ~((sTamper->Tamper << TAMP_CR2_TAMP1TRG_Pos) | (sTamper->Tamper << TAMP_CR2_TAMP1MSK_Po
 496:Drivers/STM32H7xx_HAL_Driver/Src/stm32h7xx_hal_rtc_ex.c **** 
 497:Drivers/STM32H7xx_HAL_Driver/Src/stm32h7xx_hal_rtc_ex.c ****   /* Configure the tamper trigger bit */
 498:Drivers/STM32H7xx_HAL_Driver/Src/stm32h7xx_hal_rtc_ex.c ****   if ((sTamper->Trigger == RTC_TAMPERTRIGGER_HIGHLEVEL) || (sTamper->Trigger == RTC_TAMPERTRIGGER_F
 499:Drivers/STM32H7xx_HAL_Driver/Src/stm32h7xx_hal_rtc_ex.c ****   {
 500:Drivers/STM32H7xx_HAL_Driver/Src/stm32h7xx_hal_rtc_ex.c ****     tmpreg |= (sTamper->Tamper << TAMP_CR2_TAMP1TRG_Pos);
 501:Drivers/STM32H7xx_HAL_Driver/Src/stm32h7xx_hal_rtc_ex.c ****   }
 502:Drivers/STM32H7xx_HAL_Driver/Src/stm32h7xx_hal_rtc_ex.c **** 
 503:Drivers/STM32H7xx_HAL_Driver/Src/stm32h7xx_hal_rtc_ex.c ****   /* Configure the tamper flags masking bit */
 504:Drivers/STM32H7xx_HAL_Driver/Src/stm32h7xx_hal_rtc_ex.c ****   if (sTamper->MaskFlag != RTC_TAMPERMASK_FLAG_DISABLE)
 505:Drivers/STM32H7xx_HAL_Driver/Src/stm32h7xx_hal_rtc_ex.c ****   {
 506:Drivers/STM32H7xx_HAL_Driver/Src/stm32h7xx_hal_rtc_ex.c ****     tmpreg |= (sTamper->Tamper << TAMP_CR2_TAMP1MSK_Pos);
ARM GAS  C:\Users\admin\AppData\Local\Temp\ccP3nyhx.s 			page 22


 507:Drivers/STM32H7xx_HAL_Driver/Src/stm32h7xx_hal_rtc_ex.c ****   }
 508:Drivers/STM32H7xx_HAL_Driver/Src/stm32h7xx_hal_rtc_ex.c **** 
 509:Drivers/STM32H7xx_HAL_Driver/Src/stm32h7xx_hal_rtc_ex.c ****   /* Configure the tamper backup registers erasure bit */
 510:Drivers/STM32H7xx_HAL_Driver/Src/stm32h7xx_hal_rtc_ex.c ****   if (sTamper->NoErase != RTC_TAMPER_ERASE_BACKUP_ENABLE)
 511:Drivers/STM32H7xx_HAL_Driver/Src/stm32h7xx_hal_rtc_ex.c ****   {
 512:Drivers/STM32H7xx_HAL_Driver/Src/stm32h7xx_hal_rtc_ex.c ****     tmpreg |= (sTamper->Tamper << TAMP_CR2_TAMP1NOERASE_Pos);
 513:Drivers/STM32H7xx_HAL_Driver/Src/stm32h7xx_hal_rtc_ex.c ****   }
 514:Drivers/STM32H7xx_HAL_Driver/Src/stm32h7xx_hal_rtc_ex.c ****   tamp->CR2 = tmpreg;
 515:Drivers/STM32H7xx_HAL_Driver/Src/stm32h7xx_hal_rtc_ex.c **** 
 516:Drivers/STM32H7xx_HAL_Driver/Src/stm32h7xx_hal_rtc_ex.c ****   /* Configure filtering parameters */
 517:Drivers/STM32H7xx_HAL_Driver/Src/stm32h7xx_hal_rtc_ex.c ****   tamp->FLTCR = (sTamper->Filter)            | (sTamper->SamplingFrequency) | \
 518:Drivers/STM32H7xx_HAL_Driver/Src/stm32h7xx_hal_rtc_ex.c ****                 (sTamper->PrechargeDuration) | (sTamper->TamperPullUp);
 519:Drivers/STM32H7xx_HAL_Driver/Src/stm32h7xx_hal_rtc_ex.c **** 
 520:Drivers/STM32H7xx_HAL_Driver/Src/stm32h7xx_hal_rtc_ex.c ****   /* Configure Timestamp saving on tamper detection */
 521:Drivers/STM32H7xx_HAL_Driver/Src/stm32h7xx_hal_rtc_ex.c ****   if ((hrtc->Instance->CR & RTC_CR_TAMPTS) != (sTamper->TimeStampOnTamperDetection))
 522:Drivers/STM32H7xx_HAL_Driver/Src/stm32h7xx_hal_rtc_ex.c ****   {
 523:Drivers/STM32H7xx_HAL_Driver/Src/stm32h7xx_hal_rtc_ex.c ****     __HAL_RTC_WRITEPROTECTION_DISABLE(hrtc);
 524:Drivers/STM32H7xx_HAL_Driver/Src/stm32h7xx_hal_rtc_ex.c ****     tmpreg = (hrtc->Instance->CR & ~RTC_CR_TAMPTS);
 525:Drivers/STM32H7xx_HAL_Driver/Src/stm32h7xx_hal_rtc_ex.c ****     hrtc->Instance->CR = (tmpreg | (sTamper->TimeStampOnTamperDetection));
 526:Drivers/STM32H7xx_HAL_Driver/Src/stm32h7xx_hal_rtc_ex.c ****     __HAL_RTC_WRITEPROTECTION_ENABLE(hrtc);
 527:Drivers/STM32H7xx_HAL_Driver/Src/stm32h7xx_hal_rtc_ex.c ****   }
 528:Drivers/STM32H7xx_HAL_Driver/Src/stm32h7xx_hal_rtc_ex.c **** 
 529:Drivers/STM32H7xx_HAL_Driver/Src/stm32h7xx_hal_rtc_ex.c ****   /* Enable selected tamper */
 530:Drivers/STM32H7xx_HAL_Driver/Src/stm32h7xx_hal_rtc_ex.c ****   tamp->CR1 |= (sTamper->Tamper);
 531:Drivers/STM32H7xx_HAL_Driver/Src/stm32h7xx_hal_rtc_ex.c **** 
 532:Drivers/STM32H7xx_HAL_Driver/Src/stm32h7xx_hal_rtc_ex.c ****   return HAL_OK;
 533:Drivers/STM32H7xx_HAL_Driver/Src/stm32h7xx_hal_rtc_ex.c **** }
 534:Drivers/STM32H7xx_HAL_Driver/Src/stm32h7xx_hal_rtc_ex.c **** #else
 535:Drivers/STM32H7xx_HAL_Driver/Src/stm32h7xx_hal_rtc_ex.c **** /**
 536:Drivers/STM32H7xx_HAL_Driver/Src/stm32h7xx_hal_rtc_ex.c ****   * @brief  Set Tamper.
 537:Drivers/STM32H7xx_HAL_Driver/Src/stm32h7xx_hal_rtc_ex.c ****   * @note   By calling this API we disable the tamper interrupt for all tampers.
 538:Drivers/STM32H7xx_HAL_Driver/Src/stm32h7xx_hal_rtc_ex.c ****   * @param  hrtc RTC handle
 539:Drivers/STM32H7xx_HAL_Driver/Src/stm32h7xx_hal_rtc_ex.c ****   * @param  sTamper Pointer to Tamper Structure.
 540:Drivers/STM32H7xx_HAL_Driver/Src/stm32h7xx_hal_rtc_ex.c ****   * @retval HAL status
 541:Drivers/STM32H7xx_HAL_Driver/Src/stm32h7xx_hal_rtc_ex.c ****   */
 542:Drivers/STM32H7xx_HAL_Driver/Src/stm32h7xx_hal_rtc_ex.c **** HAL_StatusTypeDef HAL_RTCEx_SetTamper(RTC_HandleTypeDef * hrtc, const RTC_TamperTypeDef * sTamper)
 543:Drivers/STM32H7xx_HAL_Driver/Src/stm32h7xx_hal_rtc_ex.c **** {
 679              		.loc 1 543 1 is_stmt 1 view -0
 680              		.cfi_startproc
 681              		@ args = 0, pretend = 0, frame = 0
 682              		@ frame_needed = 0, uses_anonymous_args = 0
 683              		@ link register save eliminated.
 544:Drivers/STM32H7xx_HAL_Driver/Src/stm32h7xx_hal_rtc_ex.c ****   uint32_t tmpreg;
 684              		.loc 1 544 3 view .LVU236
 545:Drivers/STM32H7xx_HAL_Driver/Src/stm32h7xx_hal_rtc_ex.c **** 
 546:Drivers/STM32H7xx_HAL_Driver/Src/stm32h7xx_hal_rtc_ex.c ****   /* Check the parameters */
 547:Drivers/STM32H7xx_HAL_Driver/Src/stm32h7xx_hal_rtc_ex.c ****   assert_param(IS_RTC_TAMPER(sTamper->Tamper));
 685              		.loc 1 547 3 view .LVU237
 548:Drivers/STM32H7xx_HAL_Driver/Src/stm32h7xx_hal_rtc_ex.c ****   assert_param(IS_RTC_TAMPER_TRIGGER(sTamper->Trigger));
 686              		.loc 1 548 3 view .LVU238
 549:Drivers/STM32H7xx_HAL_Driver/Src/stm32h7xx_hal_rtc_ex.c ****   assert_param(IS_RTC_TAMPER_ERASE_MODE(sTamper->NoErase));
 687              		.loc 1 549 3 view .LVU239
 550:Drivers/STM32H7xx_HAL_Driver/Src/stm32h7xx_hal_rtc_ex.c ****   assert_param(IS_RTC_TAMPER_MASKFLAG_STATE(sTamper->MaskFlag));
 688              		.loc 1 550 3 view .LVU240
 551:Drivers/STM32H7xx_HAL_Driver/Src/stm32h7xx_hal_rtc_ex.c ****   assert_param(IS_RTC_TAMPER_FILTER(sTamper->Filter));
 689              		.loc 1 551 3 view .LVU241
 552:Drivers/STM32H7xx_HAL_Driver/Src/stm32h7xx_hal_rtc_ex.c ****   assert_param(IS_RTC_TAMPER_SAMPLING_FREQ(sTamper->SamplingFrequency));
ARM GAS  C:\Users\admin\AppData\Local\Temp\ccP3nyhx.s 			page 23


 690              		.loc 1 552 3 view .LVU242
 553:Drivers/STM32H7xx_HAL_Driver/Src/stm32h7xx_hal_rtc_ex.c ****   assert_param(IS_RTC_TAMPER_PRECHARGE_DURATION(sTamper->PrechargeDuration));
 691              		.loc 1 553 3 view .LVU243
 554:Drivers/STM32H7xx_HAL_Driver/Src/stm32h7xx_hal_rtc_ex.c ****   assert_param(IS_RTC_TAMPER_PULLUP_STATE(sTamper->TamperPullUp));
 692              		.loc 1 554 3 view .LVU244
 555:Drivers/STM32H7xx_HAL_Driver/Src/stm32h7xx_hal_rtc_ex.c ****   assert_param(IS_RTC_TAMPER_TIMESTAMPONTAMPER_DETECTION(sTamper->TimeStampOnTamperDetection));
 693              		.loc 1 555 3 view .LVU245
 556:Drivers/STM32H7xx_HAL_Driver/Src/stm32h7xx_hal_rtc_ex.c ****   assert_param(IS_RTC_TAMPER_FILTER_CONFIG_CORRECT(sTamper->Filter, sTamper->Trigger));
 694              		.loc 1 556 3 view .LVU246
 557:Drivers/STM32H7xx_HAL_Driver/Src/stm32h7xx_hal_rtc_ex.c **** 
 558:Drivers/STM32H7xx_HAL_Driver/Src/stm32h7xx_hal_rtc_ex.c ****   /* Process Locked */
 559:Drivers/STM32H7xx_HAL_Driver/Src/stm32h7xx_hal_rtc_ex.c ****   __HAL_LOCK(hrtc);
 695              		.loc 1 559 3 view .LVU247
 696              		.loc 1 559 3 view .LVU248
 697 0000 90F82030 		ldrb	r3, [r0, #32]	@ zero_extendqisi2
 698 0004 012B     		cmp	r3, #1
 699 0006 6DD0     		beq	.L52
 543:Drivers/STM32H7xx_HAL_Driver/Src/stm32h7xx_hal_rtc_ex.c ****   uint32_t tmpreg;
 700              		.loc 1 543 1 is_stmt 0 discriminator 2 view .LVU249
 701 0008 30B4     		push	{r4, r5}
 702              	.LCFI7:
 703              		.cfi_def_cfa_offset 8
 704              		.cfi_offset 4, -8
 705              		.cfi_offset 5, -4
 706              		.loc 1 559 3 is_stmt 1 discriminator 2 view .LVU250
 707 000a 0123     		movs	r3, #1
 708 000c 80F82030 		strb	r3, [r0, #32]
 709              		.loc 1 559 3 discriminator 2 view .LVU251
 560:Drivers/STM32H7xx_HAL_Driver/Src/stm32h7xx_hal_rtc_ex.c **** 
 561:Drivers/STM32H7xx_HAL_Driver/Src/stm32h7xx_hal_rtc_ex.c ****   hrtc->State = HAL_RTC_STATE_BUSY;
 710              		.loc 1 561 3 discriminator 2 view .LVU252
 711              		.loc 1 561 15 is_stmt 0 discriminator 2 view .LVU253
 712 0010 0223     		movs	r3, #2
 713 0012 80F82130 		strb	r3, [r0, #33]
 562:Drivers/STM32H7xx_HAL_Driver/Src/stm32h7xx_hal_rtc_ex.c **** 
 563:Drivers/STM32H7xx_HAL_Driver/Src/stm32h7xx_hal_rtc_ex.c ****   /* Copy control register into temporary variable */
 564:Drivers/STM32H7xx_HAL_Driver/Src/stm32h7xx_hal_rtc_ex.c ****   tmpreg = hrtc->Instance->TAMPCR;
 714              		.loc 1 564 3 is_stmt 1 discriminator 2 view .LVU254
 715              		.loc 1 564 16 is_stmt 0 discriminator 2 view .LVU255
 716 0016 0568     		ldr	r5, [r0]
 717              		.loc 1 564 10 discriminator 2 view .LVU256
 718 0018 2A6C     		ldr	r2, [r5, #64]
 719              	.LVL52:
 565:Drivers/STM32H7xx_HAL_Driver/Src/stm32h7xx_hal_rtc_ex.c **** 
 566:Drivers/STM32H7xx_HAL_Driver/Src/stm32h7xx_hal_rtc_ex.c ****   /* Enable selected tamper */
 567:Drivers/STM32H7xx_HAL_Driver/Src/stm32h7xx_hal_rtc_ex.c ****   tmpreg |= (sTamper->Tamper);
 720              		.loc 1 567 3 is_stmt 1 discriminator 2 view .LVU257
 721              		.loc 1 567 21 is_stmt 0 discriminator 2 view .LVU258
 722 001a 0B68     		ldr	r3, [r1]
 723              		.loc 1 567 10 discriminator 2 view .LVU259
 724 001c 1A43     		orrs	r2, r2, r3
 725              	.LVL53:
 568:Drivers/STM32H7xx_HAL_Driver/Src/stm32h7xx_hal_rtc_ex.c **** 
 569:Drivers/STM32H7xx_HAL_Driver/Src/stm32h7xx_hal_rtc_ex.c ****   /* Configure the bit (located just next to the tamper enable bit) */
 570:Drivers/STM32H7xx_HAL_Driver/Src/stm32h7xx_hal_rtc_ex.c ****   if ((sTamper->Trigger == RTC_TAMPERTRIGGER_HIGHLEVEL) || (sTamper->Trigger == RTC_TAMPERTRIGGER_F
 726              		.loc 1 570 3 is_stmt 1 discriminator 2 view .LVU260
 727              		.loc 1 570 15 is_stmt 0 discriminator 2 view .LVU261
ARM GAS  C:\Users\admin\AppData\Local\Temp\ccP3nyhx.s 			page 24


 728 001e 8C68     		ldr	r4, [r1, #8]
 729              		.loc 1 570 6 discriminator 2 view .LVU262
 730 0020 022C     		cmp	r4, #2
 731 0022 18BF     		it	ne
 732 0024 082C     		cmpne	r4, #8
 733 0026 3AD1     		bne	.L38
 571:Drivers/STM32H7xx_HAL_Driver/Src/stm32h7xx_hal_rtc_ex.c ****   {
 572:Drivers/STM32H7xx_HAL_Driver/Src/stm32h7xx_hal_rtc_ex.c ****     /* Set the tamper trigger bit */
 573:Drivers/STM32H7xx_HAL_Driver/Src/stm32h7xx_hal_rtc_ex.c ****     tmpreg |= (uint32_t)(sTamper->Tamper << 1U);
 734              		.loc 1 573 5 is_stmt 1 view .LVU263
 735              		.loc 1 573 12 is_stmt 0 view .LVU264
 736 0028 42EA4302 		orr	r2, r2, r3, lsl #1
 737              	.LVL54:
 738              	.L39:
 574:Drivers/STM32H7xx_HAL_Driver/Src/stm32h7xx_hal_rtc_ex.c ****   }
 575:Drivers/STM32H7xx_HAL_Driver/Src/stm32h7xx_hal_rtc_ex.c ****   else
 576:Drivers/STM32H7xx_HAL_Driver/Src/stm32h7xx_hal_rtc_ex.c ****   {
 577:Drivers/STM32H7xx_HAL_Driver/Src/stm32h7xx_hal_rtc_ex.c ****     /* Clear the tamper trigger bit */
 578:Drivers/STM32H7xx_HAL_Driver/Src/stm32h7xx_hal_rtc_ex.c ****     tmpreg &= (uint32_t)~(sTamper->Tamper << 1U);
 579:Drivers/STM32H7xx_HAL_Driver/Src/stm32h7xx_hal_rtc_ex.c ****   }
 580:Drivers/STM32H7xx_HAL_Driver/Src/stm32h7xx_hal_rtc_ex.c **** 
 581:Drivers/STM32H7xx_HAL_Driver/Src/stm32h7xx_hal_rtc_ex.c **** #if defined(RTC_TAMPNOERASE_SUPPORT)
 582:Drivers/STM32H7xx_HAL_Driver/Src/stm32h7xx_hal_rtc_ex.c ****   /* Configure the tamper backup registers erasure bit */
 583:Drivers/STM32H7xx_HAL_Driver/Src/stm32h7xx_hal_rtc_ex.c ****   if (sTamper->NoErase != RTC_TAMPER_ERASE_BACKUP_ENABLE)
 739              		.loc 1 583 3 is_stmt 1 view .LVU265
 740              		.loc 1 583 14 is_stmt 0 view .LVU266
 741 002c CC68     		ldr	r4, [r1, #12]
 742              		.loc 1 583 6 view .LVU267
 743 002e 002C     		cmp	r4, #0
 744 0030 38D0     		beq	.L40
 584:Drivers/STM32H7xx_HAL_Driver/Src/stm32h7xx_hal_rtc_ex.c ****   {
 585:Drivers/STM32H7xx_HAL_Driver/Src/stm32h7xx_hal_rtc_ex.c ****     if ((sTamper->Tamper & RTC_TAMPER_1) != 0U)
 745              		.loc 1 585 5 is_stmt 1 view .LVU268
 746              		.loc 1 585 8 is_stmt 0 view .LVU269
 747 0032 13F0010F 		tst	r3, #1
 748 0036 01D0     		beq	.L41
 586:Drivers/STM32H7xx_HAL_Driver/Src/stm32h7xx_hal_rtc_ex.c ****     {
 587:Drivers/STM32H7xx_HAL_Driver/Src/stm32h7xx_hal_rtc_ex.c ****       tmpreg |= (uint32_t)(RTC_TAMPCR_TAMP1NOERASE);
 749              		.loc 1 587 7 is_stmt 1 view .LVU270
 750              		.loc 1 587 14 is_stmt 0 view .LVU271
 751 0038 42F40032 		orr	r2, r2, #131072
 752              	.LVL55:
 753              	.L41:
 588:Drivers/STM32H7xx_HAL_Driver/Src/stm32h7xx_hal_rtc_ex.c ****     }
 589:Drivers/STM32H7xx_HAL_Driver/Src/stm32h7xx_hal_rtc_ex.c ****     if ((sTamper->Tamper & RTC_TAMPER_2) != 0U)
 754              		.loc 1 589 5 is_stmt 1 view .LVU272
 755              		.loc 1 589 8 is_stmt 0 view .LVU273
 756 003c 13F0080F 		tst	r3, #8
 757 0040 01D0     		beq	.L42
 590:Drivers/STM32H7xx_HAL_Driver/Src/stm32h7xx_hal_rtc_ex.c ****     {
 591:Drivers/STM32H7xx_HAL_Driver/Src/stm32h7xx_hal_rtc_ex.c ****       tmpreg |= (uint32_t)(RTC_TAMPCR_TAMP2NOERASE);
 758              		.loc 1 591 7 is_stmt 1 view .LVU274
 759              		.loc 1 591 14 is_stmt 0 view .LVU275
 760 0042 42F48012 		orr	r2, r2, #1048576
 761              	.LVL56:
 762              	.L42:
 592:Drivers/STM32H7xx_HAL_Driver/Src/stm32h7xx_hal_rtc_ex.c ****     }
ARM GAS  C:\Users\admin\AppData\Local\Temp\ccP3nyhx.s 			page 25


 593:Drivers/STM32H7xx_HAL_Driver/Src/stm32h7xx_hal_rtc_ex.c ****     if ((sTamper->Tamper & RTC_TAMPER_3) != 0U)
 763              		.loc 1 593 5 is_stmt 1 view .LVU276
 764              		.loc 1 593 8 is_stmt 0 view .LVU277
 765 0046 13F0200F 		tst	r3, #32
 766 004a 01D0     		beq	.L43
 594:Drivers/STM32H7xx_HAL_Driver/Src/stm32h7xx_hal_rtc_ex.c ****     {
 595:Drivers/STM32H7xx_HAL_Driver/Src/stm32h7xx_hal_rtc_ex.c ****       tmpreg |= (uint32_t)(RTC_TAMPCR_TAMP3NOERASE);
 767              		.loc 1 595 7 is_stmt 1 view .LVU278
 768              		.loc 1 595 14 is_stmt 0 view .LVU279
 769 004c 42F40002 		orr	r2, r2, #8388608
 770              	.LVL57:
 771              	.L43:
 596:Drivers/STM32H7xx_HAL_Driver/Src/stm32h7xx_hal_rtc_ex.c ****     }
 597:Drivers/STM32H7xx_HAL_Driver/Src/stm32h7xx_hal_rtc_ex.c ****   }
 598:Drivers/STM32H7xx_HAL_Driver/Src/stm32h7xx_hal_rtc_ex.c ****   else
 599:Drivers/STM32H7xx_HAL_Driver/Src/stm32h7xx_hal_rtc_ex.c ****   {
 600:Drivers/STM32H7xx_HAL_Driver/Src/stm32h7xx_hal_rtc_ex.c ****     if ((sTamper->Tamper & RTC_TAMPER_1) != 0U)
 601:Drivers/STM32H7xx_HAL_Driver/Src/stm32h7xx_hal_rtc_ex.c ****     {
 602:Drivers/STM32H7xx_HAL_Driver/Src/stm32h7xx_hal_rtc_ex.c ****       tmpreg &= (uint32_t)~(RTC_TAMPCR_TAMP1NOERASE);
 603:Drivers/STM32H7xx_HAL_Driver/Src/stm32h7xx_hal_rtc_ex.c ****     }
 604:Drivers/STM32H7xx_HAL_Driver/Src/stm32h7xx_hal_rtc_ex.c ****     if ((sTamper->Tamper & RTC_TAMPER_2) != 0U)
 605:Drivers/STM32H7xx_HAL_Driver/Src/stm32h7xx_hal_rtc_ex.c ****     {
 606:Drivers/STM32H7xx_HAL_Driver/Src/stm32h7xx_hal_rtc_ex.c ****       tmpreg &= (uint32_t)~(RTC_TAMPCR_TAMP2NOERASE);
 607:Drivers/STM32H7xx_HAL_Driver/Src/stm32h7xx_hal_rtc_ex.c ****     }
 608:Drivers/STM32H7xx_HAL_Driver/Src/stm32h7xx_hal_rtc_ex.c ****     if ((sTamper->Tamper & RTC_TAMPER_3) != 0U)
 609:Drivers/STM32H7xx_HAL_Driver/Src/stm32h7xx_hal_rtc_ex.c ****     {
 610:Drivers/STM32H7xx_HAL_Driver/Src/stm32h7xx_hal_rtc_ex.c ****       tmpreg &= (uint32_t)~(RTC_TAMPCR_TAMP3NOERASE);
 611:Drivers/STM32H7xx_HAL_Driver/Src/stm32h7xx_hal_rtc_ex.c ****     }
 612:Drivers/STM32H7xx_HAL_Driver/Src/stm32h7xx_hal_rtc_ex.c ****   }
 613:Drivers/STM32H7xx_HAL_Driver/Src/stm32h7xx_hal_rtc_ex.c **** #endif /* RTC_TAMPNOERASE_SUPPORT */
 614:Drivers/STM32H7xx_HAL_Driver/Src/stm32h7xx_hal_rtc_ex.c **** 
 615:Drivers/STM32H7xx_HAL_Driver/Src/stm32h7xx_hal_rtc_ex.c **** #if defined(RTC_TAMPMASKFLAG_SUPPORT)  
 616:Drivers/STM32H7xx_HAL_Driver/Src/stm32h7xx_hal_rtc_ex.c ****   /* Configure the tamper flags masking bit */
 617:Drivers/STM32H7xx_HAL_Driver/Src/stm32h7xx_hal_rtc_ex.c ****   if (sTamper->MaskFlag != RTC_TAMPERMASK_FLAG_DISABLE)
 772              		.loc 1 617 3 is_stmt 1 view .LVU280
 773              		.loc 1 617 14 is_stmt 0 view .LVU281
 774 0050 0C69     		ldr	r4, [r1, #16]
 775              		.loc 1 617 6 view .LVU282
 776 0052 BCB3     		cbz	r4, .L46
 618:Drivers/STM32H7xx_HAL_Driver/Src/stm32h7xx_hal_rtc_ex.c ****   {
 619:Drivers/STM32H7xx_HAL_Driver/Src/stm32h7xx_hal_rtc_ex.c ****     if ((sTamper->Tamper & RTC_TAMPER_1) != 0U)
 777              		.loc 1 619 5 is_stmt 1 view .LVU283
 778              		.loc 1 619 8 is_stmt 0 view .LVU284
 779 0054 13F0010F 		tst	r3, #1
 780 0058 01D0     		beq	.L47
 620:Drivers/STM32H7xx_HAL_Driver/Src/stm32h7xx_hal_rtc_ex.c ****     {
 621:Drivers/STM32H7xx_HAL_Driver/Src/stm32h7xx_hal_rtc_ex.c ****       tmpreg |= (uint32_t)(RTC_TAMPCR_TAMP1MF);
 781              		.loc 1 621 7 is_stmt 1 view .LVU285
 782              		.loc 1 621 14 is_stmt 0 view .LVU286
 783 005a 42F48022 		orr	r2, r2, #262144
 784              	.LVL58:
 785              	.L47:
 622:Drivers/STM32H7xx_HAL_Driver/Src/stm32h7xx_hal_rtc_ex.c ****     }
 623:Drivers/STM32H7xx_HAL_Driver/Src/stm32h7xx_hal_rtc_ex.c ****     if ((sTamper->Tamper & RTC_TAMPER_2) != 0U)
 786              		.loc 1 623 5 is_stmt 1 view .LVU287
 787              		.loc 1 623 8 is_stmt 0 view .LVU288
 788 005e 13F0080F 		tst	r3, #8
ARM GAS  C:\Users\admin\AppData\Local\Temp\ccP3nyhx.s 			page 26


 789 0062 01D0     		beq	.L48
 624:Drivers/STM32H7xx_HAL_Driver/Src/stm32h7xx_hal_rtc_ex.c ****     {
 625:Drivers/STM32H7xx_HAL_Driver/Src/stm32h7xx_hal_rtc_ex.c ****       tmpreg |= (uint32_t)(RTC_TAMPCR_TAMP2MF);
 790              		.loc 1 625 7 is_stmt 1 view .LVU289
 791              		.loc 1 625 14 is_stmt 0 view .LVU290
 792 0064 42F40012 		orr	r2, r2, #2097152
 793              	.LVL59:
 794              	.L48:
 626:Drivers/STM32H7xx_HAL_Driver/Src/stm32h7xx_hal_rtc_ex.c ****     }
 627:Drivers/STM32H7xx_HAL_Driver/Src/stm32h7xx_hal_rtc_ex.c ****     if ((sTamper->Tamper & RTC_TAMPER_3) != 0U)
 795              		.loc 1 627 5 is_stmt 1 view .LVU291
 796              		.loc 1 627 8 is_stmt 0 view .LVU292
 797 0068 13F0200F 		tst	r3, #32
 798 006c 01D0     		beq	.L49
 628:Drivers/STM32H7xx_HAL_Driver/Src/stm32h7xx_hal_rtc_ex.c ****     {
 629:Drivers/STM32H7xx_HAL_Driver/Src/stm32h7xx_hal_rtc_ex.c ****       tmpreg |= (uint32_t)(RTC_TAMPCR_TAMP3MF);
 799              		.loc 1 629 7 is_stmt 1 view .LVU293
 800              		.loc 1 629 14 is_stmt 0 view .LVU294
 801 006e 42F08072 		orr	r2, r2, #16777216
 802              	.LVL60:
 803              	.L49:
 630:Drivers/STM32H7xx_HAL_Driver/Src/stm32h7xx_hal_rtc_ex.c ****     }
 631:Drivers/STM32H7xx_HAL_Driver/Src/stm32h7xx_hal_rtc_ex.c ****   }
 632:Drivers/STM32H7xx_HAL_Driver/Src/stm32h7xx_hal_rtc_ex.c ****   else
 633:Drivers/STM32H7xx_HAL_Driver/Src/stm32h7xx_hal_rtc_ex.c ****   {
 634:Drivers/STM32H7xx_HAL_Driver/Src/stm32h7xx_hal_rtc_ex.c ****     if ((sTamper->Tamper & RTC_TAMPER_1) != 0U)
 635:Drivers/STM32H7xx_HAL_Driver/Src/stm32h7xx_hal_rtc_ex.c ****     {
 636:Drivers/STM32H7xx_HAL_Driver/Src/stm32h7xx_hal_rtc_ex.c ****       tmpreg &= (uint32_t)~(RTC_TAMPCR_TAMP1MF);
 637:Drivers/STM32H7xx_HAL_Driver/Src/stm32h7xx_hal_rtc_ex.c ****     }
 638:Drivers/STM32H7xx_HAL_Driver/Src/stm32h7xx_hal_rtc_ex.c ****     if ((sTamper->Tamper & RTC_TAMPER_2) != 0U)
 639:Drivers/STM32H7xx_HAL_Driver/Src/stm32h7xx_hal_rtc_ex.c ****     {
 640:Drivers/STM32H7xx_HAL_Driver/Src/stm32h7xx_hal_rtc_ex.c ****       tmpreg &= (uint32_t)~(RTC_TAMPCR_TAMP2MF);
 641:Drivers/STM32H7xx_HAL_Driver/Src/stm32h7xx_hal_rtc_ex.c ****     }
 642:Drivers/STM32H7xx_HAL_Driver/Src/stm32h7xx_hal_rtc_ex.c ****     if ((sTamper->Tamper & RTC_TAMPER_3) != 0U)
 643:Drivers/STM32H7xx_HAL_Driver/Src/stm32h7xx_hal_rtc_ex.c ****     {
 644:Drivers/STM32H7xx_HAL_Driver/Src/stm32h7xx_hal_rtc_ex.c ****       tmpreg &= (uint32_t)~(RTC_TAMPCR_TAMP3MF);
 645:Drivers/STM32H7xx_HAL_Driver/Src/stm32h7xx_hal_rtc_ex.c ****     }
 646:Drivers/STM32H7xx_HAL_Driver/Src/stm32h7xx_hal_rtc_ex.c ****   }
 647:Drivers/STM32H7xx_HAL_Driver/Src/stm32h7xx_hal_rtc_ex.c **** #endif /* RTC_TAMPMASKFLAG_SUPPORT */
 648:Drivers/STM32H7xx_HAL_Driver/Src/stm32h7xx_hal_rtc_ex.c **** 
 649:Drivers/STM32H7xx_HAL_Driver/Src/stm32h7xx_hal_rtc_ex.c ****   /* Clearing remaining fields before setting them */
 650:Drivers/STM32H7xx_HAL_Driver/Src/stm32h7xx_hal_rtc_ex.c ****   tmpreg &= ~(RTC_TAMPERFILTER_MASK            | RTC_TAMPERSAMPLINGFREQ_RTCCLK_MASK | \
 804              		.loc 1 650 3 is_stmt 1 view .LVU295
 805              		.loc 1 650 10 is_stmt 0 view .LVU296
 806 0072 1D4C     		ldr	r4, .L57
 807 0074 1440     		ands	r4, r4, r2
 808              	.LVL61:
 651:Drivers/STM32H7xx_HAL_Driver/Src/stm32h7xx_hal_rtc_ex.c ****               RTC_TAMPERPRECHARGEDURATION_MASK | RTC_TAMPER_PULLUP_MASK             | \
 652:Drivers/STM32H7xx_HAL_Driver/Src/stm32h7xx_hal_rtc_ex.c ****               RTC_TIMESTAMPONTAMPERDETECTION_MASK);
 653:Drivers/STM32H7xx_HAL_Driver/Src/stm32h7xx_hal_rtc_ex.c **** 
 654:Drivers/STM32H7xx_HAL_Driver/Src/stm32h7xx_hal_rtc_ex.c ****   /* Set remaining parameters of desired configuration into temporary variable */
 655:Drivers/STM32H7xx_HAL_Driver/Src/stm32h7xx_hal_rtc_ex.c ****   tmpreg |= ((uint32_t)sTamper->Filter            | \
 809              		.loc 1 655 3 is_stmt 1 view .LVU297
 810              		.loc 1 655 31 is_stmt 0 view .LVU298
 811 0076 4B69     		ldr	r3, [r1, #20]
 656:Drivers/STM32H7xx_HAL_Driver/Src/stm32h7xx_hal_rtc_ex.c ****              (uint32_t)sTamper->SamplingFrequency | \
 812              		.loc 1 656 31 view .LVU299
ARM GAS  C:\Users\admin\AppData\Local\Temp\ccP3nyhx.s 			page 27


 813 0078 8A69     		ldr	r2, [r1, #24]
 655:Drivers/STM32H7xx_HAL_Driver/Src/stm32h7xx_hal_rtc_ex.c ****              (uint32_t)sTamper->SamplingFrequency | \
 814              		.loc 1 655 51 view .LVU300
 815 007a 1343     		orrs	r3, r3, r2
 657:Drivers/STM32H7xx_HAL_Driver/Src/stm32h7xx_hal_rtc_ex.c ****              (uint32_t)sTamper->PrechargeDuration | \
 816              		.loc 1 657 31 view .LVU301
 817 007c CA69     		ldr	r2, [r1, #28]
 656:Drivers/STM32H7xx_HAL_Driver/Src/stm32h7xx_hal_rtc_ex.c ****              (uint32_t)sTamper->SamplingFrequency | \
 818              		.loc 1 656 51 view .LVU302
 819 007e 1343     		orrs	r3, r3, r2
 658:Drivers/STM32H7xx_HAL_Driver/Src/stm32h7xx_hal_rtc_ex.c ****              (uint32_t)sTamper->TamperPullUp      | \
 820              		.loc 1 658 31 view .LVU303
 821 0080 0A6A     		ldr	r2, [r1, #32]
 657:Drivers/STM32H7xx_HAL_Driver/Src/stm32h7xx_hal_rtc_ex.c ****              (uint32_t)sTamper->PrechargeDuration | \
 822              		.loc 1 657 51 view .LVU304
 823 0082 1343     		orrs	r3, r3, r2
 659:Drivers/STM32H7xx_HAL_Driver/Src/stm32h7xx_hal_rtc_ex.c ****              (uint32_t)sTamper->TimeStampOnTamperDetection);
 824              		.loc 1 659 31 view .LVU305
 825 0084 4A6A     		ldr	r2, [r1, #36]
 658:Drivers/STM32H7xx_HAL_Driver/Src/stm32h7xx_hal_rtc_ex.c ****              (uint32_t)sTamper->TamperPullUp      | \
 826              		.loc 1 658 51 view .LVU306
 827 0086 1343     		orrs	r3, r3, r2
 655:Drivers/STM32H7xx_HAL_Driver/Src/stm32h7xx_hal_rtc_ex.c ****              (uint32_t)sTamper->SamplingFrequency | \
 828              		.loc 1 655 10 view .LVU307
 829 0088 2343     		orrs	r3, r3, r4
 830              	.LVL62:
 660:Drivers/STM32H7xx_HAL_Driver/Src/stm32h7xx_hal_rtc_ex.c **** 
 661:Drivers/STM32H7xx_HAL_Driver/Src/stm32h7xx_hal_rtc_ex.c ****   /* Copy desired configuration into configuration register */
 662:Drivers/STM32H7xx_HAL_Driver/Src/stm32h7xx_hal_rtc_ex.c ****   hrtc->Instance->TAMPCR = tmpreg;
 831              		.loc 1 662 3 is_stmt 1 view .LVU308
 832              		.loc 1 662 26 is_stmt 0 view .LVU309
 833 008a 2B64     		str	r3, [r5, #64]
 663:Drivers/STM32H7xx_HAL_Driver/Src/stm32h7xx_hal_rtc_ex.c **** 
 664:Drivers/STM32H7xx_HAL_Driver/Src/stm32h7xx_hal_rtc_ex.c ****   hrtc->State = HAL_RTC_STATE_READY;
 834              		.loc 1 664 3 is_stmt 1 view .LVU310
 835              		.loc 1 664 15 is_stmt 0 view .LVU311
 836 008c 0123     		movs	r3, #1
 837              	.LVL63:
 838              		.loc 1 664 15 view .LVU312
 839 008e 80F82130 		strb	r3, [r0, #33]
 840              	.LVL64:
 665:Drivers/STM32H7xx_HAL_Driver/Src/stm32h7xx_hal_rtc_ex.c **** 
 666:Drivers/STM32H7xx_HAL_Driver/Src/stm32h7xx_hal_rtc_ex.c ****   /* Process Unlocked */
 667:Drivers/STM32H7xx_HAL_Driver/Src/stm32h7xx_hal_rtc_ex.c ****   __HAL_UNLOCK(hrtc);
 841              		.loc 1 667 3 is_stmt 1 view .LVU313
 842              		.loc 1 667 3 view .LVU314
 843 0092 0023     		movs	r3, #0
 844 0094 80F82030 		strb	r3, [r0, #32]
 845              		.loc 1 667 3 view .LVU315
 668:Drivers/STM32H7xx_HAL_Driver/Src/stm32h7xx_hal_rtc_ex.c **** 
 669:Drivers/STM32H7xx_HAL_Driver/Src/stm32h7xx_hal_rtc_ex.c ****   return HAL_OK;
 846              		.loc 1 669 3 view .LVU316
 847              		.loc 1 669 10 is_stmt 0 view .LVU317
 848 0098 1846     		mov	r0, r3
 849              	.LVL65:
 670:Drivers/STM32H7xx_HAL_Driver/Src/stm32h7xx_hal_rtc_ex.c **** }
 850              		.loc 1 670 1 view .LVU318
ARM GAS  C:\Users\admin\AppData\Local\Temp\ccP3nyhx.s 			page 28


 851 009a 30BC     		pop	{r4, r5}
 852              	.LCFI8:
 853              		.cfi_remember_state
 854              		.cfi_restore 5
 855              		.cfi_restore 4
 856              		.cfi_def_cfa_offset 0
 857 009c 7047     		bx	lr
 858              	.LVL66:
 859              	.L38:
 860              	.LCFI9:
 861              		.cfi_restore_state
 578:Drivers/STM32H7xx_HAL_Driver/Src/stm32h7xx_hal_rtc_ex.c ****   }
 862              		.loc 1 578 5 is_stmt 1 view .LVU319
 578:Drivers/STM32H7xx_HAL_Driver/Src/stm32h7xx_hal_rtc_ex.c ****   }
 863              		.loc 1 578 12 is_stmt 0 view .LVU320
 864 009e 22EA4302 		bic	r2, r2, r3, lsl #1
 865              	.LVL67:
 578:Drivers/STM32H7xx_HAL_Driver/Src/stm32h7xx_hal_rtc_ex.c ****   }
 866              		.loc 1 578 12 view .LVU321
 867 00a2 C3E7     		b	.L39
 868              	.L40:
 600:Drivers/STM32H7xx_HAL_Driver/Src/stm32h7xx_hal_rtc_ex.c ****     {
 869              		.loc 1 600 5 is_stmt 1 view .LVU322
 600:Drivers/STM32H7xx_HAL_Driver/Src/stm32h7xx_hal_rtc_ex.c ****     {
 870              		.loc 1 600 8 is_stmt 0 view .LVU323
 871 00a4 13F0010F 		tst	r3, #1
 872 00a8 01D0     		beq	.L44
 602:Drivers/STM32H7xx_HAL_Driver/Src/stm32h7xx_hal_rtc_ex.c ****     }
 873              		.loc 1 602 7 is_stmt 1 view .LVU324
 602:Drivers/STM32H7xx_HAL_Driver/Src/stm32h7xx_hal_rtc_ex.c ****     }
 874              		.loc 1 602 14 is_stmt 0 view .LVU325
 875 00aa 22F40032 		bic	r2, r2, #131072
 876              	.LVL68:
 877              	.L44:
 604:Drivers/STM32H7xx_HAL_Driver/Src/stm32h7xx_hal_rtc_ex.c ****     {
 878              		.loc 1 604 5 is_stmt 1 view .LVU326
 604:Drivers/STM32H7xx_HAL_Driver/Src/stm32h7xx_hal_rtc_ex.c ****     {
 879              		.loc 1 604 8 is_stmt 0 view .LVU327
 880 00ae 13F0080F 		tst	r3, #8
 881 00b2 01D0     		beq	.L45
 606:Drivers/STM32H7xx_HAL_Driver/Src/stm32h7xx_hal_rtc_ex.c ****     }
 882              		.loc 1 606 7 is_stmt 1 view .LVU328
 606:Drivers/STM32H7xx_HAL_Driver/Src/stm32h7xx_hal_rtc_ex.c ****     }
 883              		.loc 1 606 14 is_stmt 0 view .LVU329
 884 00b4 22F48012 		bic	r2, r2, #1048576
 885              	.LVL69:
 886              	.L45:
 608:Drivers/STM32H7xx_HAL_Driver/Src/stm32h7xx_hal_rtc_ex.c ****     {
 887              		.loc 1 608 5 is_stmt 1 view .LVU330
 608:Drivers/STM32H7xx_HAL_Driver/Src/stm32h7xx_hal_rtc_ex.c ****     {
 888              		.loc 1 608 8 is_stmt 0 view .LVU331
 889 00b8 13F0200F 		tst	r3, #32
 890 00bc C8D0     		beq	.L43
 610:Drivers/STM32H7xx_HAL_Driver/Src/stm32h7xx_hal_rtc_ex.c ****     }
 891              		.loc 1 610 7 is_stmt 1 view .LVU332
 610:Drivers/STM32H7xx_HAL_Driver/Src/stm32h7xx_hal_rtc_ex.c ****     }
 892              		.loc 1 610 14 is_stmt 0 view .LVU333
ARM GAS  C:\Users\admin\AppData\Local\Temp\ccP3nyhx.s 			page 29


 893 00be 22F40002 		bic	r2, r2, #8388608
 894              	.LVL70:
 610:Drivers/STM32H7xx_HAL_Driver/Src/stm32h7xx_hal_rtc_ex.c ****     }
 895              		.loc 1 610 14 view .LVU334
 896 00c2 C5E7     		b	.L43
 897              	.L46:
 634:Drivers/STM32H7xx_HAL_Driver/Src/stm32h7xx_hal_rtc_ex.c ****     {
 898              		.loc 1 634 5 is_stmt 1 view .LVU335
 634:Drivers/STM32H7xx_HAL_Driver/Src/stm32h7xx_hal_rtc_ex.c ****     {
 899              		.loc 1 634 8 is_stmt 0 view .LVU336
 900 00c4 13F0010F 		tst	r3, #1
 901 00c8 01D0     		beq	.L50
 636:Drivers/STM32H7xx_HAL_Driver/Src/stm32h7xx_hal_rtc_ex.c ****     }
 902              		.loc 1 636 7 is_stmt 1 view .LVU337
 636:Drivers/STM32H7xx_HAL_Driver/Src/stm32h7xx_hal_rtc_ex.c ****     }
 903              		.loc 1 636 14 is_stmt 0 view .LVU338
 904 00ca 22F48022 		bic	r2, r2, #262144
 905              	.LVL71:
 906              	.L50:
 638:Drivers/STM32H7xx_HAL_Driver/Src/stm32h7xx_hal_rtc_ex.c ****     {
 907              		.loc 1 638 5 is_stmt 1 view .LVU339
 638:Drivers/STM32H7xx_HAL_Driver/Src/stm32h7xx_hal_rtc_ex.c ****     {
 908              		.loc 1 638 8 is_stmt 0 view .LVU340
 909 00ce 13F0080F 		tst	r3, #8
 910 00d2 01D0     		beq	.L51
 640:Drivers/STM32H7xx_HAL_Driver/Src/stm32h7xx_hal_rtc_ex.c ****     }
 911              		.loc 1 640 7 is_stmt 1 view .LVU341
 640:Drivers/STM32H7xx_HAL_Driver/Src/stm32h7xx_hal_rtc_ex.c ****     }
 912              		.loc 1 640 14 is_stmt 0 view .LVU342
 913 00d4 22F40012 		bic	r2, r2, #2097152
 914              	.LVL72:
 915              	.L51:
 642:Drivers/STM32H7xx_HAL_Driver/Src/stm32h7xx_hal_rtc_ex.c ****     {
 916              		.loc 1 642 5 is_stmt 1 view .LVU343
 642:Drivers/STM32H7xx_HAL_Driver/Src/stm32h7xx_hal_rtc_ex.c ****     {
 917              		.loc 1 642 8 is_stmt 0 view .LVU344
 918 00d8 13F0200F 		tst	r3, #32
 919 00dc C9D0     		beq	.L49
 644:Drivers/STM32H7xx_HAL_Driver/Src/stm32h7xx_hal_rtc_ex.c ****     }
 920              		.loc 1 644 7 is_stmt 1 view .LVU345
 644:Drivers/STM32H7xx_HAL_Driver/Src/stm32h7xx_hal_rtc_ex.c ****     }
 921              		.loc 1 644 14 is_stmt 0 view .LVU346
 922 00de 22F08072 		bic	r2, r2, #16777216
 923              	.LVL73:
 644:Drivers/STM32H7xx_HAL_Driver/Src/stm32h7xx_hal_rtc_ex.c ****     }
 924              		.loc 1 644 14 view .LVU347
 925 00e2 C6E7     		b	.L49
 926              	.LVL74:
 927              	.L52:
 928              	.LCFI10:
 929              		.cfi_def_cfa_offset 0
 930              		.cfi_restore 4
 931              		.cfi_restore 5
 559:Drivers/STM32H7xx_HAL_Driver/Src/stm32h7xx_hal_rtc_ex.c **** 
 932              		.loc 1 559 3 view .LVU348
 933 00e4 0220     		movs	r0, #2
 934              	.LVL75:
ARM GAS  C:\Users\admin\AppData\Local\Temp\ccP3nyhx.s 			page 30


 935              		.loc 1 670 1 view .LVU349
 936 00e6 7047     		bx	lr
 937              	.L58:
 938              		.align	2
 939              	.L57:
 940 00e8 7F00FFFF 		.word	-65409
 941              		.cfi_endproc
 942              	.LFE150:
 944              		.section	.text.HAL_RTCEx_SetTamper_IT,"ax",%progbits
 945              		.align	1
 946              		.global	HAL_RTCEx_SetTamper_IT
 947              		.syntax unified
 948              		.thumb
 949              		.thumb_func
 951              	HAL_RTCEx_SetTamper_IT:
 952              	.LVL76:
 953              	.LFB151:
 671:Drivers/STM32H7xx_HAL_Driver/Src/stm32h7xx_hal_rtc_ex.c **** #endif /* TAMP */
 672:Drivers/STM32H7xx_HAL_Driver/Src/stm32h7xx_hal_rtc_ex.c **** 
 673:Drivers/STM32H7xx_HAL_Driver/Src/stm32h7xx_hal_rtc_ex.c **** #if defined(TAMP)
 674:Drivers/STM32H7xx_HAL_Driver/Src/stm32h7xx_hal_rtc_ex.c **** /**
 675:Drivers/STM32H7xx_HAL_Driver/Src/stm32h7xx_hal_rtc_ex.c ****   * @brief  Set Tamper with interrupt.
 676:Drivers/STM32H7xx_HAL_Driver/Src/stm32h7xx_hal_rtc_ex.c ****   * @param  hrtc RTC handle
 677:Drivers/STM32H7xx_HAL_Driver/Src/stm32h7xx_hal_rtc_ex.c ****   * @param  sTamper Pointer to Tamper Structure.
 678:Drivers/STM32H7xx_HAL_Driver/Src/stm32h7xx_hal_rtc_ex.c ****   * @retval HAL status
 679:Drivers/STM32H7xx_HAL_Driver/Src/stm32h7xx_hal_rtc_ex.c ****   */
 680:Drivers/STM32H7xx_HAL_Driver/Src/stm32h7xx_hal_rtc_ex.c **** HAL_StatusTypeDef HAL_RTCEx_SetTamper_IT(RTC_HandleTypeDef * hrtc, const RTC_TamperTypeDef * sTampe
 681:Drivers/STM32H7xx_HAL_Driver/Src/stm32h7xx_hal_rtc_ex.c **** {
 682:Drivers/STM32H7xx_HAL_Driver/Src/stm32h7xx_hal_rtc_ex.c ****   uint32_t tmpreg;
 683:Drivers/STM32H7xx_HAL_Driver/Src/stm32h7xx_hal_rtc_ex.c **** 
 684:Drivers/STM32H7xx_HAL_Driver/Src/stm32h7xx_hal_rtc_ex.c ****   /* Point on TAMPER registers base address */
 685:Drivers/STM32H7xx_HAL_Driver/Src/stm32h7xx_hal_rtc_ex.c ****   TAMP_TypeDef *tamp = (TAMP_TypeDef *)((uint32_t)hrtc->Instance + TAMP_OFFSET);
 686:Drivers/STM32H7xx_HAL_Driver/Src/stm32h7xx_hal_rtc_ex.c **** 
 687:Drivers/STM32H7xx_HAL_Driver/Src/stm32h7xx_hal_rtc_ex.c ****   /* Check the parameters */
 688:Drivers/STM32H7xx_HAL_Driver/Src/stm32h7xx_hal_rtc_ex.c ****   assert_param(IS_RTC_TAMPER(sTamper->Tamper));
 689:Drivers/STM32H7xx_HAL_Driver/Src/stm32h7xx_hal_rtc_ex.c ****   assert_param(IS_RTC_TAMPER_TRIGGER(sTamper->Trigger));
 690:Drivers/STM32H7xx_HAL_Driver/Src/stm32h7xx_hal_rtc_ex.c ****   assert_param(IS_RTC_TAMPER_ERASE_MODE(sTamper->NoErase));
 691:Drivers/STM32H7xx_HAL_Driver/Src/stm32h7xx_hal_rtc_ex.c ****   assert_param(IS_RTC_TAMPER_MASKFLAG_STATE(sTamper->MaskFlag));
 692:Drivers/STM32H7xx_HAL_Driver/Src/stm32h7xx_hal_rtc_ex.c ****   assert_param(IS_RTC_TAMPER_FILTER(sTamper->Filter));
 693:Drivers/STM32H7xx_HAL_Driver/Src/stm32h7xx_hal_rtc_ex.c ****   assert_param(IS_RTC_TAMPER_SAMPLING_FREQ(sTamper->SamplingFrequency));
 694:Drivers/STM32H7xx_HAL_Driver/Src/stm32h7xx_hal_rtc_ex.c ****   assert_param(IS_RTC_TAMPER_PRECHARGE_DURATION(sTamper->PrechargeDuration));
 695:Drivers/STM32H7xx_HAL_Driver/Src/stm32h7xx_hal_rtc_ex.c ****   assert_param(IS_RTC_TAMPER_PULLUP_STATE(sTamper->TamperPullUp));
 696:Drivers/STM32H7xx_HAL_Driver/Src/stm32h7xx_hal_rtc_ex.c ****   assert_param(IS_RTC_TAMPER_TIMESTAMPONTAMPER_DETECTION(sTamper->TimeStampOnTamperDetection));
 697:Drivers/STM32H7xx_HAL_Driver/Src/stm32h7xx_hal_rtc_ex.c ****   assert_param(IS_RTC_TAMPER_FILTER_CONFIG_CORRECT(sTamper->Filter, sTamper->Trigger));
 698:Drivers/STM32H7xx_HAL_Driver/Src/stm32h7xx_hal_rtc_ex.c **** 
 699:Drivers/STM32H7xx_HAL_Driver/Src/stm32h7xx_hal_rtc_ex.c ****   /* Copy configuration register into temporary variable */
 700:Drivers/STM32H7xx_HAL_Driver/Src/stm32h7xx_hal_rtc_ex.c ****   tmpreg = tamp->CR2;
 701:Drivers/STM32H7xx_HAL_Driver/Src/stm32h7xx_hal_rtc_ex.c **** 
 702:Drivers/STM32H7xx_HAL_Driver/Src/stm32h7xx_hal_rtc_ex.c ****   /* Clear the bits that are going to be configured and leave the others unchanged */
 703:Drivers/STM32H7xx_HAL_Driver/Src/stm32h7xx_hal_rtc_ex.c ****   tmpreg &= ~((sTamper->Tamper << TAMP_CR2_TAMP1TRG_Pos) | (sTamper->Tamper << TAMP_CR2_TAMP1MSK_Po
 704:Drivers/STM32H7xx_HAL_Driver/Src/stm32h7xx_hal_rtc_ex.c **** 
 705:Drivers/STM32H7xx_HAL_Driver/Src/stm32h7xx_hal_rtc_ex.c ****   /* Configure the tamper trigger bit */
 706:Drivers/STM32H7xx_HAL_Driver/Src/stm32h7xx_hal_rtc_ex.c ****   if ((sTamper->Trigger == RTC_TAMPERTRIGGER_HIGHLEVEL) || (sTamper->Trigger == RTC_TAMPERTRIGGER_F
 707:Drivers/STM32H7xx_HAL_Driver/Src/stm32h7xx_hal_rtc_ex.c ****   {
 708:Drivers/STM32H7xx_HAL_Driver/Src/stm32h7xx_hal_rtc_ex.c ****     tmpreg |= (sTamper->Tamper << TAMP_CR2_TAMP1TRG_Pos);
 709:Drivers/STM32H7xx_HAL_Driver/Src/stm32h7xx_hal_rtc_ex.c ****   }
 710:Drivers/STM32H7xx_HAL_Driver/Src/stm32h7xx_hal_rtc_ex.c **** 
ARM GAS  C:\Users\admin\AppData\Local\Temp\ccP3nyhx.s 			page 31


 711:Drivers/STM32H7xx_HAL_Driver/Src/stm32h7xx_hal_rtc_ex.c ****   /* Configure the tamper flags masking bit */
 712:Drivers/STM32H7xx_HAL_Driver/Src/stm32h7xx_hal_rtc_ex.c ****   if (sTamper->MaskFlag != RTC_TAMPERMASK_FLAG_DISABLE)
 713:Drivers/STM32H7xx_HAL_Driver/Src/stm32h7xx_hal_rtc_ex.c ****   {
 714:Drivers/STM32H7xx_HAL_Driver/Src/stm32h7xx_hal_rtc_ex.c ****     tmpreg |= (sTamper->Tamper << TAMP_CR2_TAMP1MSK_Pos);
 715:Drivers/STM32H7xx_HAL_Driver/Src/stm32h7xx_hal_rtc_ex.c ****   }
 716:Drivers/STM32H7xx_HAL_Driver/Src/stm32h7xx_hal_rtc_ex.c **** 
 717:Drivers/STM32H7xx_HAL_Driver/Src/stm32h7xx_hal_rtc_ex.c ****   /* Configure the tamper backup registers erasure bit */
 718:Drivers/STM32H7xx_HAL_Driver/Src/stm32h7xx_hal_rtc_ex.c ****   if (sTamper->NoErase != RTC_TAMPER_ERASE_BACKUP_ENABLE)
 719:Drivers/STM32H7xx_HAL_Driver/Src/stm32h7xx_hal_rtc_ex.c ****   {
 720:Drivers/STM32H7xx_HAL_Driver/Src/stm32h7xx_hal_rtc_ex.c ****     tmpreg |= (sTamper->Tamper << TAMP_CR2_TAMP1NOERASE_Pos);
 721:Drivers/STM32H7xx_HAL_Driver/Src/stm32h7xx_hal_rtc_ex.c ****   }
 722:Drivers/STM32H7xx_HAL_Driver/Src/stm32h7xx_hal_rtc_ex.c ****   tamp->CR2 = tmpreg;
 723:Drivers/STM32H7xx_HAL_Driver/Src/stm32h7xx_hal_rtc_ex.c **** 
 724:Drivers/STM32H7xx_HAL_Driver/Src/stm32h7xx_hal_rtc_ex.c ****   /* Configure filtering parameters */
 725:Drivers/STM32H7xx_HAL_Driver/Src/stm32h7xx_hal_rtc_ex.c ****   tamp->FLTCR = (sTamper->Filter)            | (sTamper->SamplingFrequency) | \
 726:Drivers/STM32H7xx_HAL_Driver/Src/stm32h7xx_hal_rtc_ex.c ****                 (sTamper->PrechargeDuration) | (sTamper->TamperPullUp);
 727:Drivers/STM32H7xx_HAL_Driver/Src/stm32h7xx_hal_rtc_ex.c **** 
 728:Drivers/STM32H7xx_HAL_Driver/Src/stm32h7xx_hal_rtc_ex.c ****   /* Configure Timestamp saving on tamper detection */
 729:Drivers/STM32H7xx_HAL_Driver/Src/stm32h7xx_hal_rtc_ex.c ****   if ((hrtc->Instance->CR & RTC_CR_TAMPTS) != (sTamper->TimeStampOnTamperDetection))
 730:Drivers/STM32H7xx_HAL_Driver/Src/stm32h7xx_hal_rtc_ex.c ****   {
 731:Drivers/STM32H7xx_HAL_Driver/Src/stm32h7xx_hal_rtc_ex.c ****     __HAL_RTC_WRITEPROTECTION_DISABLE(hrtc);
 732:Drivers/STM32H7xx_HAL_Driver/Src/stm32h7xx_hal_rtc_ex.c ****     tmpreg = (hrtc->Instance->CR & ~RTC_CR_TAMPTS);
 733:Drivers/STM32H7xx_HAL_Driver/Src/stm32h7xx_hal_rtc_ex.c ****     hrtc->Instance->CR = (tmpreg | (sTamper->TimeStampOnTamperDetection));
 734:Drivers/STM32H7xx_HAL_Driver/Src/stm32h7xx_hal_rtc_ex.c ****     __HAL_RTC_WRITEPROTECTION_ENABLE(hrtc);
 735:Drivers/STM32H7xx_HAL_Driver/Src/stm32h7xx_hal_rtc_ex.c ****   }
 736:Drivers/STM32H7xx_HAL_Driver/Src/stm32h7xx_hal_rtc_ex.c **** 
 737:Drivers/STM32H7xx_HAL_Driver/Src/stm32h7xx_hal_rtc_ex.c ****   /* Configure RTC Tamper Interrupt: EXTI configuration */
 738:Drivers/STM32H7xx_HAL_Driver/Src/stm32h7xx_hal_rtc_ex.c ****   __HAL_RTC_TAMPER_TIMESTAMP_EXTI_ENABLE_IT();
 739:Drivers/STM32H7xx_HAL_Driver/Src/stm32h7xx_hal_rtc_ex.c ****   __HAL_RTC_TAMPER_TIMESTAMP_EXTI_ENABLE_RISING_FALLING_EDGE();
 740:Drivers/STM32H7xx_HAL_Driver/Src/stm32h7xx_hal_rtc_ex.c **** 
 741:Drivers/STM32H7xx_HAL_Driver/Src/stm32h7xx_hal_rtc_ex.c ****   /* Enable interrupt on selected tamper */
 742:Drivers/STM32H7xx_HAL_Driver/Src/stm32h7xx_hal_rtc_ex.c ****   tamp->IER |= sTamper->Tamper;
 743:Drivers/STM32H7xx_HAL_Driver/Src/stm32h7xx_hal_rtc_ex.c **** 
 744:Drivers/STM32H7xx_HAL_Driver/Src/stm32h7xx_hal_rtc_ex.c ****   /* Enable selected tamper */
 745:Drivers/STM32H7xx_HAL_Driver/Src/stm32h7xx_hal_rtc_ex.c ****   tamp->CR1 |= sTamper->Tamper;
 746:Drivers/STM32H7xx_HAL_Driver/Src/stm32h7xx_hal_rtc_ex.c **** 
 747:Drivers/STM32H7xx_HAL_Driver/Src/stm32h7xx_hal_rtc_ex.c ****   return HAL_OK;
 748:Drivers/STM32H7xx_HAL_Driver/Src/stm32h7xx_hal_rtc_ex.c **** }
 749:Drivers/STM32H7xx_HAL_Driver/Src/stm32h7xx_hal_rtc_ex.c **** #else
 750:Drivers/STM32H7xx_HAL_Driver/Src/stm32h7xx_hal_rtc_ex.c **** /**
 751:Drivers/STM32H7xx_HAL_Driver/Src/stm32h7xx_hal_rtc_ex.c ****   * @brief  Set Tamper with interrupt.
 752:Drivers/STM32H7xx_HAL_Driver/Src/stm32h7xx_hal_rtc_ex.c ****   * @note   By calling this API we force the tamper interrupt for all tampers.
 753:Drivers/STM32H7xx_HAL_Driver/Src/stm32h7xx_hal_rtc_ex.c ****   * @param  hrtc RTC handle
 754:Drivers/STM32H7xx_HAL_Driver/Src/stm32h7xx_hal_rtc_ex.c ****   * @param  sTamper Pointer to Tamper Structure.
 755:Drivers/STM32H7xx_HAL_Driver/Src/stm32h7xx_hal_rtc_ex.c ****   * @retval HAL status
 756:Drivers/STM32H7xx_HAL_Driver/Src/stm32h7xx_hal_rtc_ex.c ****   */
 757:Drivers/STM32H7xx_HAL_Driver/Src/stm32h7xx_hal_rtc_ex.c **** HAL_StatusTypeDef HAL_RTCEx_SetTamper_IT(RTC_HandleTypeDef * hrtc, const RTC_TamperTypeDef * sTampe
 758:Drivers/STM32H7xx_HAL_Driver/Src/stm32h7xx_hal_rtc_ex.c **** {
 954              		.loc 1 758 1 is_stmt 1 view -0
 955              		.cfi_startproc
 956              		@ args = 0, pretend = 0, frame = 0
 957              		@ frame_needed = 0, uses_anonymous_args = 0
 958              		@ link register save eliminated.
 759:Drivers/STM32H7xx_HAL_Driver/Src/stm32h7xx_hal_rtc_ex.c ****   uint32_t tmpreg;
 959              		.loc 1 759 3 view .LVU351
 760:Drivers/STM32H7xx_HAL_Driver/Src/stm32h7xx_hal_rtc_ex.c **** 
 761:Drivers/STM32H7xx_HAL_Driver/Src/stm32h7xx_hal_rtc_ex.c ****   /* Check the parameters */
ARM GAS  C:\Users\admin\AppData\Local\Temp\ccP3nyhx.s 			page 32


 762:Drivers/STM32H7xx_HAL_Driver/Src/stm32h7xx_hal_rtc_ex.c ****   assert_param(IS_RTC_TAMPER(sTamper->Tamper));
 960              		.loc 1 762 3 view .LVU352
 763:Drivers/STM32H7xx_HAL_Driver/Src/stm32h7xx_hal_rtc_ex.c ****   assert_param(IS_RTC_TAMPER_INTERRUPT(sTamper->Interrupt));
 961              		.loc 1 763 3 view .LVU353
 764:Drivers/STM32H7xx_HAL_Driver/Src/stm32h7xx_hal_rtc_ex.c ****   assert_param(IS_RTC_TAMPER_TRIGGER(sTamper->Trigger));
 962              		.loc 1 764 3 view .LVU354
 765:Drivers/STM32H7xx_HAL_Driver/Src/stm32h7xx_hal_rtc_ex.c ****   assert_param(IS_RTC_TAMPER_ERASE_MODE(sTamper->NoErase));
 963              		.loc 1 765 3 view .LVU355
 766:Drivers/STM32H7xx_HAL_Driver/Src/stm32h7xx_hal_rtc_ex.c ****   assert_param(IS_RTC_TAMPER_MASKFLAG_STATE(sTamper->MaskFlag));
 964              		.loc 1 766 3 view .LVU356
 767:Drivers/STM32H7xx_HAL_Driver/Src/stm32h7xx_hal_rtc_ex.c ****   assert_param(IS_RTC_TAMPER_FILTER(sTamper->Filter));
 965              		.loc 1 767 3 view .LVU357
 768:Drivers/STM32H7xx_HAL_Driver/Src/stm32h7xx_hal_rtc_ex.c ****   assert_param(IS_RTC_TAMPER_SAMPLING_FREQ(sTamper->SamplingFrequency));
 966              		.loc 1 768 3 view .LVU358
 769:Drivers/STM32H7xx_HAL_Driver/Src/stm32h7xx_hal_rtc_ex.c ****   assert_param(IS_RTC_TAMPER_PRECHARGE_DURATION(sTamper->PrechargeDuration));
 967              		.loc 1 769 3 view .LVU359
 770:Drivers/STM32H7xx_HAL_Driver/Src/stm32h7xx_hal_rtc_ex.c ****   assert_param(IS_RTC_TAMPER_PULLUP_STATE(sTamper->TamperPullUp));
 968              		.loc 1 770 3 view .LVU360
 771:Drivers/STM32H7xx_HAL_Driver/Src/stm32h7xx_hal_rtc_ex.c ****   assert_param(IS_RTC_TAMPER_TIMESTAMPONTAMPER_DETECTION(sTamper->TimeStampOnTamperDetection));
 969              		.loc 1 771 3 view .LVU361
 772:Drivers/STM32H7xx_HAL_Driver/Src/stm32h7xx_hal_rtc_ex.c ****   assert_param(IS_RTC_TAMPER_FILTER_CONFIG_CORRECT(sTamper->Filter, sTamper->Trigger));
 970              		.loc 1 772 3 view .LVU362
 773:Drivers/STM32H7xx_HAL_Driver/Src/stm32h7xx_hal_rtc_ex.c **** 
 774:Drivers/STM32H7xx_HAL_Driver/Src/stm32h7xx_hal_rtc_ex.c ****   /* Process Locked */
 775:Drivers/STM32H7xx_HAL_Driver/Src/stm32h7xx_hal_rtc_ex.c ****   __HAL_LOCK(hrtc);
 971              		.loc 1 775 3 view .LVU363
 972              		.loc 1 775 3 view .LVU364
 973 0000 90F82030 		ldrb	r3, [r0, #32]	@ zero_extendqisi2
 974 0004 012B     		cmp	r3, #1
 975 0006 7CD0     		beq	.L75
 758:Drivers/STM32H7xx_HAL_Driver/Src/stm32h7xx_hal_rtc_ex.c ****   uint32_t tmpreg;
 976              		.loc 1 758 1 is_stmt 0 discriminator 2 view .LVU365
 977 0008 30B4     		push	{r4, r5}
 978              	.LCFI11:
 979              		.cfi_def_cfa_offset 8
 980              		.cfi_offset 4, -8
 981              		.cfi_offset 5, -4
 982              		.loc 1 775 3 is_stmt 1 discriminator 2 view .LVU366
 983 000a 0123     		movs	r3, #1
 984 000c 80F82030 		strb	r3, [r0, #32]
 985              		.loc 1 775 3 discriminator 2 view .LVU367
 776:Drivers/STM32H7xx_HAL_Driver/Src/stm32h7xx_hal_rtc_ex.c **** 
 777:Drivers/STM32H7xx_HAL_Driver/Src/stm32h7xx_hal_rtc_ex.c ****   hrtc->State = HAL_RTC_STATE_BUSY;
 986              		.loc 1 777 3 discriminator 2 view .LVU368
 987              		.loc 1 777 15 is_stmt 0 discriminator 2 view .LVU369
 988 0010 0223     		movs	r3, #2
 989 0012 80F82130 		strb	r3, [r0, #33]
 778:Drivers/STM32H7xx_HAL_Driver/Src/stm32h7xx_hal_rtc_ex.c **** 
 779:Drivers/STM32H7xx_HAL_Driver/Src/stm32h7xx_hal_rtc_ex.c ****   /* Copy control register into temporary variable */
 780:Drivers/STM32H7xx_HAL_Driver/Src/stm32h7xx_hal_rtc_ex.c ****   tmpreg = hrtc->Instance->TAMPCR;
 990              		.loc 1 780 3 is_stmt 1 discriminator 2 view .LVU370
 991              		.loc 1 780 16 is_stmt 0 discriminator 2 view .LVU371
 992 0016 0468     		ldr	r4, [r0]
 993              		.loc 1 780 10 discriminator 2 view .LVU372
 994 0018 226C     		ldr	r2, [r4, #64]
 995              	.LVL77:
 781:Drivers/STM32H7xx_HAL_Driver/Src/stm32h7xx_hal_rtc_ex.c **** 
ARM GAS  C:\Users\admin\AppData\Local\Temp\ccP3nyhx.s 			page 33


 782:Drivers/STM32H7xx_HAL_Driver/Src/stm32h7xx_hal_rtc_ex.c ****   /* Enable selected tamper */
 783:Drivers/STM32H7xx_HAL_Driver/Src/stm32h7xx_hal_rtc_ex.c ****   tmpreg |= (sTamper->Tamper);
 996              		.loc 1 783 3 is_stmt 1 discriminator 2 view .LVU373
 997              		.loc 1 783 21 is_stmt 0 discriminator 2 view .LVU374
 998 001a 0B68     		ldr	r3, [r1]
 999              		.loc 1 783 10 discriminator 2 view .LVU375
 1000 001c 1A43     		orrs	r2, r2, r3
 1001              	.LVL78:
 784:Drivers/STM32H7xx_HAL_Driver/Src/stm32h7xx_hal_rtc_ex.c **** 
 785:Drivers/STM32H7xx_HAL_Driver/Src/stm32h7xx_hal_rtc_ex.c ****   /* Configure the tamper trigger bit (located just next to the tamper enable bit) */
 786:Drivers/STM32H7xx_HAL_Driver/Src/stm32h7xx_hal_rtc_ex.c ****   if ((sTamper->Trigger == RTC_TAMPERTRIGGER_HIGHLEVEL) || (sTamper->Trigger == RTC_TAMPERTRIGGER_F
 1002              		.loc 1 786 3 is_stmt 1 discriminator 2 view .LVU376
 1003              		.loc 1 786 15 is_stmt 0 discriminator 2 view .LVU377
 1004 001e 8D68     		ldr	r5, [r1, #8]
 1005              		.loc 1 786 6 discriminator 2 view .LVU378
 1006 0020 022D     		cmp	r5, #2
 1007 0022 18BF     		it	ne
 1008 0024 082D     		cmpne	r5, #8
 1009 0026 49D1     		bne	.L61
 787:Drivers/STM32H7xx_HAL_Driver/Src/stm32h7xx_hal_rtc_ex.c ****   {
 788:Drivers/STM32H7xx_HAL_Driver/Src/stm32h7xx_hal_rtc_ex.c ****     /* Set the tamper trigger bit */
 789:Drivers/STM32H7xx_HAL_Driver/Src/stm32h7xx_hal_rtc_ex.c ****     tmpreg |= (uint32_t)(sTamper->Tamper << 1U);
 1010              		.loc 1 789 5 is_stmt 1 view .LVU379
 1011              		.loc 1 789 12 is_stmt 0 view .LVU380
 1012 0028 42EA4302 		orr	r2, r2, r3, lsl #1
 1013              	.LVL79:
 1014              	.L62:
 790:Drivers/STM32H7xx_HAL_Driver/Src/stm32h7xx_hal_rtc_ex.c ****   }
 791:Drivers/STM32H7xx_HAL_Driver/Src/stm32h7xx_hal_rtc_ex.c ****   else
 792:Drivers/STM32H7xx_HAL_Driver/Src/stm32h7xx_hal_rtc_ex.c ****   {
 793:Drivers/STM32H7xx_HAL_Driver/Src/stm32h7xx_hal_rtc_ex.c ****     /* Clear the tamper trigger bit */
 794:Drivers/STM32H7xx_HAL_Driver/Src/stm32h7xx_hal_rtc_ex.c ****     tmpreg &= (uint32_t)~(sTamper->Tamper << 1U);
 795:Drivers/STM32H7xx_HAL_Driver/Src/stm32h7xx_hal_rtc_ex.c ****   }
 796:Drivers/STM32H7xx_HAL_Driver/Src/stm32h7xx_hal_rtc_ex.c **** 
 797:Drivers/STM32H7xx_HAL_Driver/Src/stm32h7xx_hal_rtc_ex.c **** #if defined(RTC_TAMPNOERASE_SUPPORT)
 798:Drivers/STM32H7xx_HAL_Driver/Src/stm32h7xx_hal_rtc_ex.c ****   /* Configure the tamper backup registers erasure bit */
 799:Drivers/STM32H7xx_HAL_Driver/Src/stm32h7xx_hal_rtc_ex.c ****   if (sTamper->NoErase != RTC_TAMPER_ERASE_BACKUP_ENABLE)
 1015              		.loc 1 799 3 is_stmt 1 view .LVU381
 1016              		.loc 1 799 14 is_stmt 0 view .LVU382
 1017 002c CD68     		ldr	r5, [r1, #12]
 1018              		.loc 1 799 6 view .LVU383
 1019 002e 002D     		cmp	r5, #0
 1020 0030 47D0     		beq	.L63
 800:Drivers/STM32H7xx_HAL_Driver/Src/stm32h7xx_hal_rtc_ex.c ****   {
 801:Drivers/STM32H7xx_HAL_Driver/Src/stm32h7xx_hal_rtc_ex.c ****     if ((sTamper->Tamper & RTC_TAMPER_1) != 0U)
 1021              		.loc 1 801 5 is_stmt 1 view .LVU384
 1022              		.loc 1 801 8 is_stmt 0 view .LVU385
 1023 0032 13F0010F 		tst	r3, #1
 1024 0036 01D0     		beq	.L64
 802:Drivers/STM32H7xx_HAL_Driver/Src/stm32h7xx_hal_rtc_ex.c ****     {
 803:Drivers/STM32H7xx_HAL_Driver/Src/stm32h7xx_hal_rtc_ex.c ****       tmpreg |= (uint32_t)(RTC_TAMPCR_TAMP1NOERASE);
 1025              		.loc 1 803 7 is_stmt 1 view .LVU386
 1026              		.loc 1 803 14 is_stmt 0 view .LVU387
 1027 0038 42F40032 		orr	r2, r2, #131072
 1028              	.LVL80:
 1029              	.L64:
 804:Drivers/STM32H7xx_HAL_Driver/Src/stm32h7xx_hal_rtc_ex.c ****     }
ARM GAS  C:\Users\admin\AppData\Local\Temp\ccP3nyhx.s 			page 34


 805:Drivers/STM32H7xx_HAL_Driver/Src/stm32h7xx_hal_rtc_ex.c ****     if ((sTamper->Tamper & RTC_TAMPER_2) != 0U)
 1030              		.loc 1 805 5 is_stmt 1 view .LVU388
 1031              		.loc 1 805 8 is_stmt 0 view .LVU389
 1032 003c 13F0080F 		tst	r3, #8
 1033 0040 01D0     		beq	.L65
 806:Drivers/STM32H7xx_HAL_Driver/Src/stm32h7xx_hal_rtc_ex.c ****     {
 807:Drivers/STM32H7xx_HAL_Driver/Src/stm32h7xx_hal_rtc_ex.c ****       tmpreg |= (uint32_t)(RTC_TAMPCR_TAMP2NOERASE);
 1034              		.loc 1 807 7 is_stmt 1 view .LVU390
 1035              		.loc 1 807 14 is_stmt 0 view .LVU391
 1036 0042 42F48012 		orr	r2, r2, #1048576
 1037              	.LVL81:
 1038              	.L65:
 808:Drivers/STM32H7xx_HAL_Driver/Src/stm32h7xx_hal_rtc_ex.c ****     }
 809:Drivers/STM32H7xx_HAL_Driver/Src/stm32h7xx_hal_rtc_ex.c ****     if ((sTamper->Tamper & RTC_TAMPER_3) != 0U)
 1039              		.loc 1 809 5 is_stmt 1 view .LVU392
 1040              		.loc 1 809 8 is_stmt 0 view .LVU393
 1041 0046 13F0200F 		tst	r3, #32
 1042 004a 01D0     		beq	.L66
 810:Drivers/STM32H7xx_HAL_Driver/Src/stm32h7xx_hal_rtc_ex.c ****     {
 811:Drivers/STM32H7xx_HAL_Driver/Src/stm32h7xx_hal_rtc_ex.c ****       tmpreg |= (uint32_t)(RTC_TAMPCR_TAMP3NOERASE);
 1043              		.loc 1 811 7 is_stmt 1 view .LVU394
 1044              		.loc 1 811 14 is_stmt 0 view .LVU395
 1045 004c 42F40002 		orr	r2, r2, #8388608
 1046              	.LVL82:
 1047              	.L66:
 812:Drivers/STM32H7xx_HAL_Driver/Src/stm32h7xx_hal_rtc_ex.c ****     }
 813:Drivers/STM32H7xx_HAL_Driver/Src/stm32h7xx_hal_rtc_ex.c ****   }
 814:Drivers/STM32H7xx_HAL_Driver/Src/stm32h7xx_hal_rtc_ex.c ****   else
 815:Drivers/STM32H7xx_HAL_Driver/Src/stm32h7xx_hal_rtc_ex.c ****   {
 816:Drivers/STM32H7xx_HAL_Driver/Src/stm32h7xx_hal_rtc_ex.c ****     if ((sTamper->Tamper & RTC_TAMPER_1) != 0U)
 817:Drivers/STM32H7xx_HAL_Driver/Src/stm32h7xx_hal_rtc_ex.c ****     {
 818:Drivers/STM32H7xx_HAL_Driver/Src/stm32h7xx_hal_rtc_ex.c ****       tmpreg &= (uint32_t)~(RTC_TAMPCR_TAMP1NOERASE);
 819:Drivers/STM32H7xx_HAL_Driver/Src/stm32h7xx_hal_rtc_ex.c ****     }
 820:Drivers/STM32H7xx_HAL_Driver/Src/stm32h7xx_hal_rtc_ex.c ****     if ((sTamper->Tamper & RTC_TAMPER_2) != 0U)
 821:Drivers/STM32H7xx_HAL_Driver/Src/stm32h7xx_hal_rtc_ex.c ****     {
 822:Drivers/STM32H7xx_HAL_Driver/Src/stm32h7xx_hal_rtc_ex.c ****       tmpreg &= (uint32_t)~(RTC_TAMPCR_TAMP2NOERASE);
 823:Drivers/STM32H7xx_HAL_Driver/Src/stm32h7xx_hal_rtc_ex.c ****     }
 824:Drivers/STM32H7xx_HAL_Driver/Src/stm32h7xx_hal_rtc_ex.c ****     if ((sTamper->Tamper & RTC_TAMPER_3) != 0U)
 825:Drivers/STM32H7xx_HAL_Driver/Src/stm32h7xx_hal_rtc_ex.c ****     {
 826:Drivers/STM32H7xx_HAL_Driver/Src/stm32h7xx_hal_rtc_ex.c ****       tmpreg &= (uint32_t)~(RTC_TAMPCR_TAMP3NOERASE);
 827:Drivers/STM32H7xx_HAL_Driver/Src/stm32h7xx_hal_rtc_ex.c ****     }
 828:Drivers/STM32H7xx_HAL_Driver/Src/stm32h7xx_hal_rtc_ex.c ****   }
 829:Drivers/STM32H7xx_HAL_Driver/Src/stm32h7xx_hal_rtc_ex.c **** #endif /* RTC_TAMPNOERASE_SUPPORT */
 830:Drivers/STM32H7xx_HAL_Driver/Src/stm32h7xx_hal_rtc_ex.c **** 
 831:Drivers/STM32H7xx_HAL_Driver/Src/stm32h7xx_hal_rtc_ex.c **** #if defined(RTC_TAMPMASKFLAG_SUPPORT)
 832:Drivers/STM32H7xx_HAL_Driver/Src/stm32h7xx_hal_rtc_ex.c ****   /* Configure the tamper flags masking bit */
 833:Drivers/STM32H7xx_HAL_Driver/Src/stm32h7xx_hal_rtc_ex.c ****   if (sTamper->MaskFlag != RTC_TAMPERMASK_FLAG_DISABLE)
 1048              		.loc 1 833 3 is_stmt 1 view .LVU396
 1049              		.loc 1 833 14 is_stmt 0 view .LVU397
 1050 0050 0D69     		ldr	r5, [r1, #16]
 1051              		.loc 1 833 6 view .LVU398
 1052 0052 002D     		cmp	r5, #0
 1053 0054 45D0     		beq	.L69
 834:Drivers/STM32H7xx_HAL_Driver/Src/stm32h7xx_hal_rtc_ex.c ****   {
 835:Drivers/STM32H7xx_HAL_Driver/Src/stm32h7xx_hal_rtc_ex.c ****     if ((sTamper->Tamper & RTC_TAMPER_1) != 0U)
 1054              		.loc 1 835 5 is_stmt 1 view .LVU399
 1055              		.loc 1 835 8 is_stmt 0 view .LVU400
ARM GAS  C:\Users\admin\AppData\Local\Temp\ccP3nyhx.s 			page 35


 1056 0056 13F0010F 		tst	r3, #1
 1057 005a 01D0     		beq	.L70
 836:Drivers/STM32H7xx_HAL_Driver/Src/stm32h7xx_hal_rtc_ex.c ****     {
 837:Drivers/STM32H7xx_HAL_Driver/Src/stm32h7xx_hal_rtc_ex.c ****       tmpreg |= (uint32_t)(RTC_TAMPCR_TAMP1MF);
 1058              		.loc 1 837 7 is_stmt 1 view .LVU401
 1059              		.loc 1 837 14 is_stmt 0 view .LVU402
 1060 005c 42F48022 		orr	r2, r2, #262144
 1061              	.LVL83:
 1062              	.L70:
 838:Drivers/STM32H7xx_HAL_Driver/Src/stm32h7xx_hal_rtc_ex.c ****     }
 839:Drivers/STM32H7xx_HAL_Driver/Src/stm32h7xx_hal_rtc_ex.c ****     if ((sTamper->Tamper & RTC_TAMPER_2) != 0U)
 1063              		.loc 1 839 5 is_stmt 1 view .LVU403
 1064              		.loc 1 839 8 is_stmt 0 view .LVU404
 1065 0060 13F0080F 		tst	r3, #8
 1066 0064 01D0     		beq	.L71
 840:Drivers/STM32H7xx_HAL_Driver/Src/stm32h7xx_hal_rtc_ex.c ****     {
 841:Drivers/STM32H7xx_HAL_Driver/Src/stm32h7xx_hal_rtc_ex.c ****       tmpreg |= (uint32_t)(RTC_TAMPCR_TAMP2MF);
 1067              		.loc 1 841 7 is_stmt 1 view .LVU405
 1068              		.loc 1 841 14 is_stmt 0 view .LVU406
 1069 0066 42F40012 		orr	r2, r2, #2097152
 1070              	.LVL84:
 1071              	.L71:
 842:Drivers/STM32H7xx_HAL_Driver/Src/stm32h7xx_hal_rtc_ex.c ****     }
 843:Drivers/STM32H7xx_HAL_Driver/Src/stm32h7xx_hal_rtc_ex.c ****     if ((sTamper->Tamper & RTC_TAMPER_3) != 0U)
 1072              		.loc 1 843 5 is_stmt 1 view .LVU407
 1073              		.loc 1 843 8 is_stmt 0 view .LVU408
 1074 006a 13F0200F 		tst	r3, #32
 1075 006e 01D0     		beq	.L72
 844:Drivers/STM32H7xx_HAL_Driver/Src/stm32h7xx_hal_rtc_ex.c ****     {
 845:Drivers/STM32H7xx_HAL_Driver/Src/stm32h7xx_hal_rtc_ex.c ****       tmpreg |= (uint32_t)(RTC_TAMPCR_TAMP3MF);
 1076              		.loc 1 845 7 is_stmt 1 view .LVU409
 1077              		.loc 1 845 14 is_stmt 0 view .LVU410
 1078 0070 42F08072 		orr	r2, r2, #16777216
 1079              	.LVL85:
 1080              	.L72:
 846:Drivers/STM32H7xx_HAL_Driver/Src/stm32h7xx_hal_rtc_ex.c ****     }
 847:Drivers/STM32H7xx_HAL_Driver/Src/stm32h7xx_hal_rtc_ex.c ****   }
 848:Drivers/STM32H7xx_HAL_Driver/Src/stm32h7xx_hal_rtc_ex.c ****   else
 849:Drivers/STM32H7xx_HAL_Driver/Src/stm32h7xx_hal_rtc_ex.c ****   {
 850:Drivers/STM32H7xx_HAL_Driver/Src/stm32h7xx_hal_rtc_ex.c ****     if ((sTamper->Tamper & RTC_TAMPER_1) != 0U)
 851:Drivers/STM32H7xx_HAL_Driver/Src/stm32h7xx_hal_rtc_ex.c ****     {
 852:Drivers/STM32H7xx_HAL_Driver/Src/stm32h7xx_hal_rtc_ex.c ****       tmpreg &= (uint32_t)~(RTC_TAMPCR_TAMP1MF);
 853:Drivers/STM32H7xx_HAL_Driver/Src/stm32h7xx_hal_rtc_ex.c ****     }
 854:Drivers/STM32H7xx_HAL_Driver/Src/stm32h7xx_hal_rtc_ex.c ****     if ((sTamper->Tamper & RTC_TAMPER_2) != 0U)
 855:Drivers/STM32H7xx_HAL_Driver/Src/stm32h7xx_hal_rtc_ex.c ****     {
 856:Drivers/STM32H7xx_HAL_Driver/Src/stm32h7xx_hal_rtc_ex.c ****       tmpreg &= (uint32_t)~(RTC_TAMPCR_TAMP2MF);
 857:Drivers/STM32H7xx_HAL_Driver/Src/stm32h7xx_hal_rtc_ex.c ****     }
 858:Drivers/STM32H7xx_HAL_Driver/Src/stm32h7xx_hal_rtc_ex.c ****     if ((sTamper->Tamper & RTC_TAMPER_3) != 0U)
 859:Drivers/STM32H7xx_HAL_Driver/Src/stm32h7xx_hal_rtc_ex.c ****     {
 860:Drivers/STM32H7xx_HAL_Driver/Src/stm32h7xx_hal_rtc_ex.c ****       tmpreg &= (uint32_t)~(RTC_TAMPCR_TAMP3MF);
 861:Drivers/STM32H7xx_HAL_Driver/Src/stm32h7xx_hal_rtc_ex.c ****     }
 862:Drivers/STM32H7xx_HAL_Driver/Src/stm32h7xx_hal_rtc_ex.c ****   }
 863:Drivers/STM32H7xx_HAL_Driver/Src/stm32h7xx_hal_rtc_ex.c **** #endif /* RTC_TAMPMASKFLAG_SUPPORT */
 864:Drivers/STM32H7xx_HAL_Driver/Src/stm32h7xx_hal_rtc_ex.c **** 
 865:Drivers/STM32H7xx_HAL_Driver/Src/stm32h7xx_hal_rtc_ex.c ****   /* Clearing remaining fields before setting them */
 866:Drivers/STM32H7xx_HAL_Driver/Src/stm32h7xx_hal_rtc_ex.c ****   tmpreg &= ~(RTC_TAMPERFILTER_MASK            | RTC_TAMPERSAMPLINGFREQ_RTCCLK_MASK | \
 1081              		.loc 1 866 3 is_stmt 1 view .LVU411
ARM GAS  C:\Users\admin\AppData\Local\Temp\ccP3nyhx.s 			page 36


 1082              		.loc 1 866 10 is_stmt 0 view .LVU412
 1083 0074 244D     		ldr	r5, .L80
 1084 0076 1540     		ands	r5, r5, r2
 1085              	.LVL86:
 867:Drivers/STM32H7xx_HAL_Driver/Src/stm32h7xx_hal_rtc_ex.c ****               RTC_TAMPERPRECHARGEDURATION_MASK | RTC_TAMPER_PULLUP_MASK             | \
 868:Drivers/STM32H7xx_HAL_Driver/Src/stm32h7xx_hal_rtc_ex.c ****               RTC_TIMESTAMPONTAMPERDETECTION_MASK);
 869:Drivers/STM32H7xx_HAL_Driver/Src/stm32h7xx_hal_rtc_ex.c **** 
 870:Drivers/STM32H7xx_HAL_Driver/Src/stm32h7xx_hal_rtc_ex.c ****   /* Set remaining parameters of desired configuration into temporary variable */
 871:Drivers/STM32H7xx_HAL_Driver/Src/stm32h7xx_hal_rtc_ex.c ****   tmpreg |= ((uint32_t)sTamper->Filter            | \
 1086              		.loc 1 871 3 is_stmt 1 view .LVU413
 1087              		.loc 1 871 31 is_stmt 0 view .LVU414
 1088 0078 4B69     		ldr	r3, [r1, #20]
 872:Drivers/STM32H7xx_HAL_Driver/Src/stm32h7xx_hal_rtc_ex.c ****              (uint32_t)sTamper->SamplingFrequency | \
 1089              		.loc 1 872 31 view .LVU415
 1090 007a 8A69     		ldr	r2, [r1, #24]
 871:Drivers/STM32H7xx_HAL_Driver/Src/stm32h7xx_hal_rtc_ex.c ****              (uint32_t)sTamper->SamplingFrequency | \
 1091              		.loc 1 871 51 view .LVU416
 1092 007c 1343     		orrs	r3, r3, r2
 873:Drivers/STM32H7xx_HAL_Driver/Src/stm32h7xx_hal_rtc_ex.c ****              (uint32_t)sTamper->PrechargeDuration | \
 1093              		.loc 1 873 31 view .LVU417
 1094 007e CA69     		ldr	r2, [r1, #28]
 872:Drivers/STM32H7xx_HAL_Driver/Src/stm32h7xx_hal_rtc_ex.c ****              (uint32_t)sTamper->SamplingFrequency | \
 1095              		.loc 1 872 51 view .LVU418
 1096 0080 1343     		orrs	r3, r3, r2
 874:Drivers/STM32H7xx_HAL_Driver/Src/stm32h7xx_hal_rtc_ex.c ****              (uint32_t)sTamper->TamperPullUp      | \
 1097              		.loc 1 874 31 view .LVU419
 1098 0082 0A6A     		ldr	r2, [r1, #32]
 873:Drivers/STM32H7xx_HAL_Driver/Src/stm32h7xx_hal_rtc_ex.c ****              (uint32_t)sTamper->PrechargeDuration | \
 1099              		.loc 1 873 51 view .LVU420
 1100 0084 1343     		orrs	r3, r3, r2
 875:Drivers/STM32H7xx_HAL_Driver/Src/stm32h7xx_hal_rtc_ex.c ****              (uint32_t)sTamper->TimeStampOnTamperDetection);
 1101              		.loc 1 875 31 view .LVU421
 1102 0086 4A6A     		ldr	r2, [r1, #36]
 874:Drivers/STM32H7xx_HAL_Driver/Src/stm32h7xx_hal_rtc_ex.c ****              (uint32_t)sTamper->TamperPullUp      | \
 1103              		.loc 1 874 51 view .LVU422
 1104 0088 1343     		orrs	r3, r3, r2
 871:Drivers/STM32H7xx_HAL_Driver/Src/stm32h7xx_hal_rtc_ex.c ****              (uint32_t)sTamper->SamplingFrequency | \
 1105              		.loc 1 871 10 view .LVU423
 1106 008a 2B43     		orrs	r3, r3, r5
 1107              	.LVL87:
 876:Drivers/STM32H7xx_HAL_Driver/Src/stm32h7xx_hal_rtc_ex.c **** 
 877:Drivers/STM32H7xx_HAL_Driver/Src/stm32h7xx_hal_rtc_ex.c ****   /* Enable interrupt on selected tamper */
 878:Drivers/STM32H7xx_HAL_Driver/Src/stm32h7xx_hal_rtc_ex.c ****   tmpreg |= (uint32_t)sTamper->Interrupt;
 1108              		.loc 1 878 3 is_stmt 1 view .LVU424
 1109              		.loc 1 878 30 is_stmt 0 view .LVU425
 1110 008c 4A68     		ldr	r2, [r1, #4]
 1111              		.loc 1 878 10 view .LVU426
 1112 008e 1343     		orrs	r3, r3, r2
 1113              	.LVL88:
 879:Drivers/STM32H7xx_HAL_Driver/Src/stm32h7xx_hal_rtc_ex.c **** 
 880:Drivers/STM32H7xx_HAL_Driver/Src/stm32h7xx_hal_rtc_ex.c ****   /* Copy desired configuration into configuration register */
 881:Drivers/STM32H7xx_HAL_Driver/Src/stm32h7xx_hal_rtc_ex.c ****   hrtc->Instance->TAMPCR = tmpreg;
 1114              		.loc 1 881 3 is_stmt 1 view .LVU427
 1115              		.loc 1 881 26 is_stmt 0 view .LVU428
 1116 0090 2364     		str	r3, [r4, #64]
 882:Drivers/STM32H7xx_HAL_Driver/Src/stm32h7xx_hal_rtc_ex.c **** 
 883:Drivers/STM32H7xx_HAL_Driver/Src/stm32h7xx_hal_rtc_ex.c ****   /* RTC Tamper Interrupt Configuration: EXTI configuration */
ARM GAS  C:\Users\admin\AppData\Local\Temp\ccP3nyhx.s 			page 37


 884:Drivers/STM32H7xx_HAL_Driver/Src/stm32h7xx_hal_rtc_ex.c **** #if defined(DUAL_CORE)
 885:Drivers/STM32H7xx_HAL_Driver/Src/stm32h7xx_hal_rtc_ex.c ****   if (HAL_GetCurrentCPUID() == CM7_CPUID)
 886:Drivers/STM32H7xx_HAL_Driver/Src/stm32h7xx_hal_rtc_ex.c ****   {
 887:Drivers/STM32H7xx_HAL_Driver/Src/stm32h7xx_hal_rtc_ex.c ****     __HAL_RTC_TAMPER_TIMESTAMP_EXTI_ENABLE_IT();
 888:Drivers/STM32H7xx_HAL_Driver/Src/stm32h7xx_hal_rtc_ex.c ****   }
 889:Drivers/STM32H7xx_HAL_Driver/Src/stm32h7xx_hal_rtc_ex.c ****   else
 890:Drivers/STM32H7xx_HAL_Driver/Src/stm32h7xx_hal_rtc_ex.c ****   {
 891:Drivers/STM32H7xx_HAL_Driver/Src/stm32h7xx_hal_rtc_ex.c ****     __HAL_RTC_TAMPER_TIMESTAMP_EXTID2_ENABLE_IT();
 892:Drivers/STM32H7xx_HAL_Driver/Src/stm32h7xx_hal_rtc_ex.c ****   }
 893:Drivers/STM32H7xx_HAL_Driver/Src/stm32h7xx_hal_rtc_ex.c **** #else /* SINGLE_CORE */
 894:Drivers/STM32H7xx_HAL_Driver/Src/stm32h7xx_hal_rtc_ex.c ****   __HAL_RTC_TAMPER_TIMESTAMP_EXTI_ENABLE_IT();
 1117              		.loc 1 894 3 is_stmt 1 view .LVU429
 1118 0092 4FF0B043 		mov	r3, #1476395008
 1119              	.LVL89:
 1120              		.loc 1 894 3 is_stmt 0 view .LVU430
 1121 0096 D3F88020 		ldr	r2, [r3, #128]
 1122 009a 42F48022 		orr	r2, r2, #262144
 1123 009e C3F88020 		str	r2, [r3, #128]
 1124              	.LVL90:
 895:Drivers/STM32H7xx_HAL_Driver/Src/stm32h7xx_hal_rtc_ex.c **** #endif /* DUAL_CORE */
 896:Drivers/STM32H7xx_HAL_Driver/Src/stm32h7xx_hal_rtc_ex.c **** 
 897:Drivers/STM32H7xx_HAL_Driver/Src/stm32h7xx_hal_rtc_ex.c ****   __HAL_RTC_TAMPER_TIMESTAMP_EXTI_ENABLE_RISING_EDGE();
 1125              		.loc 1 897 3 is_stmt 1 view .LVU431
 1126 00a2 1A68     		ldr	r2, [r3]
 1127 00a4 42F48022 		orr	r2, r2, #262144
 1128 00a8 1A60     		str	r2, [r3]
 898:Drivers/STM32H7xx_HAL_Driver/Src/stm32h7xx_hal_rtc_ex.c **** 
 899:Drivers/STM32H7xx_HAL_Driver/Src/stm32h7xx_hal_rtc_ex.c ****   hrtc->State = HAL_RTC_STATE_READY;
 1129              		.loc 1 899 3 view .LVU432
 1130              		.loc 1 899 15 is_stmt 0 view .LVU433
 1131 00aa 0123     		movs	r3, #1
 1132 00ac 80F82130 		strb	r3, [r0, #33]
 900:Drivers/STM32H7xx_HAL_Driver/Src/stm32h7xx_hal_rtc_ex.c **** 
 901:Drivers/STM32H7xx_HAL_Driver/Src/stm32h7xx_hal_rtc_ex.c ****   /* Process Unlocked */
 902:Drivers/STM32H7xx_HAL_Driver/Src/stm32h7xx_hal_rtc_ex.c ****   __HAL_UNLOCK(hrtc);
 1133              		.loc 1 902 3 is_stmt 1 view .LVU434
 1134              		.loc 1 902 3 view .LVU435
 1135 00b0 0023     		movs	r3, #0
 1136 00b2 80F82030 		strb	r3, [r0, #32]
 1137              		.loc 1 902 3 view .LVU436
 903:Drivers/STM32H7xx_HAL_Driver/Src/stm32h7xx_hal_rtc_ex.c **** 
 904:Drivers/STM32H7xx_HAL_Driver/Src/stm32h7xx_hal_rtc_ex.c ****   return HAL_OK;
 1138              		.loc 1 904 3 view .LVU437
 1139              		.loc 1 904 10 is_stmt 0 view .LVU438
 1140 00b6 1846     		mov	r0, r3
 1141              	.LVL91:
 905:Drivers/STM32H7xx_HAL_Driver/Src/stm32h7xx_hal_rtc_ex.c **** }
 1142              		.loc 1 905 1 view .LVU439
 1143 00b8 30BC     		pop	{r4, r5}
 1144              	.LCFI12:
 1145              		.cfi_remember_state
 1146              		.cfi_restore 5
 1147              		.cfi_restore 4
 1148              		.cfi_def_cfa_offset 0
 1149 00ba 7047     		bx	lr
 1150              	.LVL92:
 1151              	.L61:
ARM GAS  C:\Users\admin\AppData\Local\Temp\ccP3nyhx.s 			page 38


 1152              	.LCFI13:
 1153              		.cfi_restore_state
 794:Drivers/STM32H7xx_HAL_Driver/Src/stm32h7xx_hal_rtc_ex.c ****   }
 1154              		.loc 1 794 5 is_stmt 1 view .LVU440
 794:Drivers/STM32H7xx_HAL_Driver/Src/stm32h7xx_hal_rtc_ex.c ****   }
 1155              		.loc 1 794 12 is_stmt 0 view .LVU441
 1156 00bc 22EA4302 		bic	r2, r2, r3, lsl #1
 1157              	.LVL93:
 794:Drivers/STM32H7xx_HAL_Driver/Src/stm32h7xx_hal_rtc_ex.c ****   }
 1158              		.loc 1 794 12 view .LVU442
 1159 00c0 B4E7     		b	.L62
 1160              	.L63:
 816:Drivers/STM32H7xx_HAL_Driver/Src/stm32h7xx_hal_rtc_ex.c ****     {
 1161              		.loc 1 816 5 is_stmt 1 view .LVU443
 816:Drivers/STM32H7xx_HAL_Driver/Src/stm32h7xx_hal_rtc_ex.c ****     {
 1162              		.loc 1 816 8 is_stmt 0 view .LVU444
 1163 00c2 13F0010F 		tst	r3, #1
 1164 00c6 01D0     		beq	.L67
 818:Drivers/STM32H7xx_HAL_Driver/Src/stm32h7xx_hal_rtc_ex.c ****     }
 1165              		.loc 1 818 7 is_stmt 1 view .LVU445
 818:Drivers/STM32H7xx_HAL_Driver/Src/stm32h7xx_hal_rtc_ex.c ****     }
 1166              		.loc 1 818 14 is_stmt 0 view .LVU446
 1167 00c8 22F40032 		bic	r2, r2, #131072
 1168              	.LVL94:
 1169              	.L67:
 820:Drivers/STM32H7xx_HAL_Driver/Src/stm32h7xx_hal_rtc_ex.c ****     {
 1170              		.loc 1 820 5 is_stmt 1 view .LVU447
 820:Drivers/STM32H7xx_HAL_Driver/Src/stm32h7xx_hal_rtc_ex.c ****     {
 1171              		.loc 1 820 8 is_stmt 0 view .LVU448
 1172 00cc 13F0080F 		tst	r3, #8
 1173 00d0 01D0     		beq	.L68
 822:Drivers/STM32H7xx_HAL_Driver/Src/stm32h7xx_hal_rtc_ex.c ****     }
 1174              		.loc 1 822 7 is_stmt 1 view .LVU449
 822:Drivers/STM32H7xx_HAL_Driver/Src/stm32h7xx_hal_rtc_ex.c ****     }
 1175              		.loc 1 822 14 is_stmt 0 view .LVU450
 1176 00d2 22F48012 		bic	r2, r2, #1048576
 1177              	.LVL95:
 1178              	.L68:
 824:Drivers/STM32H7xx_HAL_Driver/Src/stm32h7xx_hal_rtc_ex.c ****     {
 1179              		.loc 1 824 5 is_stmt 1 view .LVU451
 824:Drivers/STM32H7xx_HAL_Driver/Src/stm32h7xx_hal_rtc_ex.c ****     {
 1180              		.loc 1 824 8 is_stmt 0 view .LVU452
 1181 00d6 13F0200F 		tst	r3, #32
 1182 00da B9D0     		beq	.L66
 826:Drivers/STM32H7xx_HAL_Driver/Src/stm32h7xx_hal_rtc_ex.c ****     }
 1183              		.loc 1 826 7 is_stmt 1 view .LVU453
 826:Drivers/STM32H7xx_HAL_Driver/Src/stm32h7xx_hal_rtc_ex.c ****     }
 1184              		.loc 1 826 14 is_stmt 0 view .LVU454
 1185 00dc 22F40002 		bic	r2, r2, #8388608
 1186              	.LVL96:
 826:Drivers/STM32H7xx_HAL_Driver/Src/stm32h7xx_hal_rtc_ex.c ****     }
 1187              		.loc 1 826 14 view .LVU455
 1188 00e0 B6E7     		b	.L66
 1189              	.L69:
 850:Drivers/STM32H7xx_HAL_Driver/Src/stm32h7xx_hal_rtc_ex.c ****     {
 1190              		.loc 1 850 5 is_stmt 1 view .LVU456
 850:Drivers/STM32H7xx_HAL_Driver/Src/stm32h7xx_hal_rtc_ex.c ****     {
ARM GAS  C:\Users\admin\AppData\Local\Temp\ccP3nyhx.s 			page 39


 1191              		.loc 1 850 8 is_stmt 0 view .LVU457
 1192 00e2 13F0010F 		tst	r3, #1
 1193 00e6 01D0     		beq	.L73
 852:Drivers/STM32H7xx_HAL_Driver/Src/stm32h7xx_hal_rtc_ex.c ****     }
 1194              		.loc 1 852 7 is_stmt 1 view .LVU458
 852:Drivers/STM32H7xx_HAL_Driver/Src/stm32h7xx_hal_rtc_ex.c ****     }
 1195              		.loc 1 852 14 is_stmt 0 view .LVU459
 1196 00e8 22F48022 		bic	r2, r2, #262144
 1197              	.LVL97:
 1198              	.L73:
 854:Drivers/STM32H7xx_HAL_Driver/Src/stm32h7xx_hal_rtc_ex.c ****     {
 1199              		.loc 1 854 5 is_stmt 1 view .LVU460
 854:Drivers/STM32H7xx_HAL_Driver/Src/stm32h7xx_hal_rtc_ex.c ****     {
 1200              		.loc 1 854 8 is_stmt 0 view .LVU461
 1201 00ec 13F0080F 		tst	r3, #8
 1202 00f0 01D0     		beq	.L74
 856:Drivers/STM32H7xx_HAL_Driver/Src/stm32h7xx_hal_rtc_ex.c ****     }
 1203              		.loc 1 856 7 is_stmt 1 view .LVU462
 856:Drivers/STM32H7xx_HAL_Driver/Src/stm32h7xx_hal_rtc_ex.c ****     }
 1204              		.loc 1 856 14 is_stmt 0 view .LVU463
 1205 00f2 22F40012 		bic	r2, r2, #2097152
 1206              	.LVL98:
 1207              	.L74:
 858:Drivers/STM32H7xx_HAL_Driver/Src/stm32h7xx_hal_rtc_ex.c ****     {
 1208              		.loc 1 858 5 is_stmt 1 view .LVU464
 858:Drivers/STM32H7xx_HAL_Driver/Src/stm32h7xx_hal_rtc_ex.c ****     {
 1209              		.loc 1 858 8 is_stmt 0 view .LVU465
 1210 00f6 13F0200F 		tst	r3, #32
 1211 00fa BBD0     		beq	.L72
 860:Drivers/STM32H7xx_HAL_Driver/Src/stm32h7xx_hal_rtc_ex.c ****     }
 1212              		.loc 1 860 7 is_stmt 1 view .LVU466
 860:Drivers/STM32H7xx_HAL_Driver/Src/stm32h7xx_hal_rtc_ex.c ****     }
 1213              		.loc 1 860 14 is_stmt 0 view .LVU467
 1214 00fc 22F08072 		bic	r2, r2, #16777216
 1215              	.LVL99:
 860:Drivers/STM32H7xx_HAL_Driver/Src/stm32h7xx_hal_rtc_ex.c ****     }
 1216              		.loc 1 860 14 view .LVU468
 1217 0100 B8E7     		b	.L72
 1218              	.LVL100:
 1219              	.L75:
 1220              	.LCFI14:
 1221              		.cfi_def_cfa_offset 0
 1222              		.cfi_restore 4
 1223              		.cfi_restore 5
 775:Drivers/STM32H7xx_HAL_Driver/Src/stm32h7xx_hal_rtc_ex.c **** 
 1224              		.loc 1 775 3 view .LVU469
 1225 0102 0220     		movs	r0, #2
 1226              	.LVL101:
 1227              		.loc 1 905 1 view .LVU470
 1228 0104 7047     		bx	lr
 1229              	.L81:
 1230 0106 00BF     		.align	2
 1231              	.L80:
 1232 0108 7F00FFFF 		.word	-65409
 1233              		.cfi_endproc
 1234              	.LFE151:
 1236              		.section	.text.HAL_RTCEx_DeactivateTamper,"ax",%progbits
ARM GAS  C:\Users\admin\AppData\Local\Temp\ccP3nyhx.s 			page 40


 1237              		.align	1
 1238              		.global	HAL_RTCEx_DeactivateTamper
 1239              		.syntax unified
 1240              		.thumb
 1241              		.thumb_func
 1243              	HAL_RTCEx_DeactivateTamper:
 1244              	.LVL102:
 1245              	.LFB152:
 906:Drivers/STM32H7xx_HAL_Driver/Src/stm32h7xx_hal_rtc_ex.c **** #endif /* TAMP */
 907:Drivers/STM32H7xx_HAL_Driver/Src/stm32h7xx_hal_rtc_ex.c **** 
 908:Drivers/STM32H7xx_HAL_Driver/Src/stm32h7xx_hal_rtc_ex.c **** #if defined(TAMP)
 909:Drivers/STM32H7xx_HAL_Driver/Src/stm32h7xx_hal_rtc_ex.c **** /**
 910:Drivers/STM32H7xx_HAL_Driver/Src/stm32h7xx_hal_rtc_ex.c ****   * @brief  Deactivate Tamper.
 911:Drivers/STM32H7xx_HAL_Driver/Src/stm32h7xx_hal_rtc_ex.c ****   * @param  hrtc RTC handle
 912:Drivers/STM32H7xx_HAL_Driver/Src/stm32h7xx_hal_rtc_ex.c ****   * @param  Tamper Selected tamper pin.
 913:Drivers/STM32H7xx_HAL_Driver/Src/stm32h7xx_hal_rtc_ex.c ****   *         This parameter can be a combination of the following values:
 914:Drivers/STM32H7xx_HAL_Driver/Src/stm32h7xx_hal_rtc_ex.c ****   *         @arg RTC_TAMPER_1
 915:Drivers/STM32H7xx_HAL_Driver/Src/stm32h7xx_hal_rtc_ex.c ****   *         @arg RTC_TAMPER_2
 916:Drivers/STM32H7xx_HAL_Driver/Src/stm32h7xx_hal_rtc_ex.c ****   * @retval HAL status
 917:Drivers/STM32H7xx_HAL_Driver/Src/stm32h7xx_hal_rtc_ex.c ****   */
 918:Drivers/STM32H7xx_HAL_Driver/Src/stm32h7xx_hal_rtc_ex.c **** HAL_StatusTypeDef HAL_RTCEx_DeactivateTamper(RTC_HandleTypeDef * hrtc, uint32_t Tamper)
 919:Drivers/STM32H7xx_HAL_Driver/Src/stm32h7xx_hal_rtc_ex.c **** {
 920:Drivers/STM32H7xx_HAL_Driver/Src/stm32h7xx_hal_rtc_ex.c ****   /* Point on TAMPER registers base address */
 921:Drivers/STM32H7xx_HAL_Driver/Src/stm32h7xx_hal_rtc_ex.c ****   TAMP_TypeDef *tamp = (TAMP_TypeDef *)((uint32_t)hrtc->Instance + TAMP_OFFSET);
 922:Drivers/STM32H7xx_HAL_Driver/Src/stm32h7xx_hal_rtc_ex.c **** 
 923:Drivers/STM32H7xx_HAL_Driver/Src/stm32h7xx_hal_rtc_ex.c ****   assert_param(IS_RTC_TAMPER(Tamper));
 924:Drivers/STM32H7xx_HAL_Driver/Src/stm32h7xx_hal_rtc_ex.c **** 
 925:Drivers/STM32H7xx_HAL_Driver/Src/stm32h7xx_hal_rtc_ex.c ****   /* Disable the selected Tamper pin */
 926:Drivers/STM32H7xx_HAL_Driver/Src/stm32h7xx_hal_rtc_ex.c ****   tamp->CR1 &= ~Tamper;
 927:Drivers/STM32H7xx_HAL_Driver/Src/stm32h7xx_hal_rtc_ex.c **** 
 928:Drivers/STM32H7xx_HAL_Driver/Src/stm32h7xx_hal_rtc_ex.c ****   /* Disable the selected Tamper interrupt */
 929:Drivers/STM32H7xx_HAL_Driver/Src/stm32h7xx_hal_rtc_ex.c ****   tamp->IER &= ~Tamper;
 930:Drivers/STM32H7xx_HAL_Driver/Src/stm32h7xx_hal_rtc_ex.c **** 
 931:Drivers/STM32H7xx_HAL_Driver/Src/stm32h7xx_hal_rtc_ex.c ****   /* Clear the selected tamper flags in SR register by setting corresponding bits in SCR register *
 932:Drivers/STM32H7xx_HAL_Driver/Src/stm32h7xx_hal_rtc_ex.c ****   tamp->SCR = Tamper;
 933:Drivers/STM32H7xx_HAL_Driver/Src/stm32h7xx_hal_rtc_ex.c **** 
 934:Drivers/STM32H7xx_HAL_Driver/Src/stm32h7xx_hal_rtc_ex.c ****   /* Clear the selected tamper configuration (trigger, mask flag, and no-erase) */
 935:Drivers/STM32H7xx_HAL_Driver/Src/stm32h7xx_hal_rtc_ex.c ****   tamp->CR2 &= ~((Tamper << TAMP_CR2_TAMP1TRG_Pos) | (Tamper << TAMP_CR2_TAMP1MSK_Pos) | (Tamper <<
 936:Drivers/STM32H7xx_HAL_Driver/Src/stm32h7xx_hal_rtc_ex.c **** 
 937:Drivers/STM32H7xx_HAL_Driver/Src/stm32h7xx_hal_rtc_ex.c ****   return HAL_OK;
 938:Drivers/STM32H7xx_HAL_Driver/Src/stm32h7xx_hal_rtc_ex.c **** }
 939:Drivers/STM32H7xx_HAL_Driver/Src/stm32h7xx_hal_rtc_ex.c **** #else
 940:Drivers/STM32H7xx_HAL_Driver/Src/stm32h7xx_hal_rtc_ex.c **** /**
 941:Drivers/STM32H7xx_HAL_Driver/Src/stm32h7xx_hal_rtc_ex.c ****   * @brief  Deactivate Tamper.
 942:Drivers/STM32H7xx_HAL_Driver/Src/stm32h7xx_hal_rtc_ex.c ****   * @param  hrtc RTC handle
 943:Drivers/STM32H7xx_HAL_Driver/Src/stm32h7xx_hal_rtc_ex.c ****   * @param  Tamper Selected tamper pin.
 944:Drivers/STM32H7xx_HAL_Driver/Src/stm32h7xx_hal_rtc_ex.c ****   *         This parameter can be any combination of the following values:
 945:Drivers/STM32H7xx_HAL_Driver/Src/stm32h7xx_hal_rtc_ex.c ****   *         @arg RTC_TAMPER_1
 946:Drivers/STM32H7xx_HAL_Driver/Src/stm32h7xx_hal_rtc_ex.c ****   *         @arg RTC_TAMPER_2 (*)
 947:Drivers/STM32H7xx_HAL_Driver/Src/stm32h7xx_hal_rtc_ex.c ****   *         @arg RTC_TAMPER_3
 948:Drivers/STM32H7xx_HAL_Driver/Src/stm32h7xx_hal_rtc_ex.c ****   *        (*) Not applicable to all devices.
 949:Drivers/STM32H7xx_HAL_Driver/Src/stm32h7xx_hal_rtc_ex.c ****   * @retval HAL status
 950:Drivers/STM32H7xx_HAL_Driver/Src/stm32h7xx_hal_rtc_ex.c ****   */
 951:Drivers/STM32H7xx_HAL_Driver/Src/stm32h7xx_hal_rtc_ex.c **** HAL_StatusTypeDef HAL_RTCEx_DeactivateTamper(RTC_HandleTypeDef * hrtc, uint32_t Tamper)
 952:Drivers/STM32H7xx_HAL_Driver/Src/stm32h7xx_hal_rtc_ex.c **** {
 1246              		.loc 1 952 1 is_stmt 1 view -0
 1247              		.cfi_startproc
ARM GAS  C:\Users\admin\AppData\Local\Temp\ccP3nyhx.s 			page 41


 1248              		@ args = 0, pretend = 0, frame = 0
 1249              		@ frame_needed = 0, uses_anonymous_args = 0
 1250              		@ link register save eliminated.
 953:Drivers/STM32H7xx_HAL_Driver/Src/stm32h7xx_hal_rtc_ex.c ****   assert_param(IS_RTC_TAMPER(Tamper));
 1251              		.loc 1 953 3 view .LVU472
 954:Drivers/STM32H7xx_HAL_Driver/Src/stm32h7xx_hal_rtc_ex.c **** 
 955:Drivers/STM32H7xx_HAL_Driver/Src/stm32h7xx_hal_rtc_ex.c ****   /* Process Locked */
 956:Drivers/STM32H7xx_HAL_Driver/Src/stm32h7xx_hal_rtc_ex.c ****   __HAL_LOCK(hrtc);
 1252              		.loc 1 956 3 view .LVU473
 1253              		.loc 1 956 3 view .LVU474
 1254 0000 90F82030 		ldrb	r3, [r0, #32]	@ zero_extendqisi2
 1255 0004 012B     		cmp	r3, #1
 1256 0006 2DD0     		beq	.L87
 952:Drivers/STM32H7xx_HAL_Driver/Src/stm32h7xx_hal_rtc_ex.c ****   assert_param(IS_RTC_TAMPER(Tamper));
 1257              		.loc 1 952 1 is_stmt 0 discriminator 2 view .LVU475
 1258 0008 10B4     		push	{r4}
 1259              	.LCFI15:
 1260              		.cfi_def_cfa_offset 4
 1261              		.cfi_offset 4, -4
 1262              		.loc 1 956 3 is_stmt 1 discriminator 2 view .LVU476
 1263 000a 0123     		movs	r3, #1
 1264 000c 80F82030 		strb	r3, [r0, #32]
 1265              		.loc 1 956 3 discriminator 2 view .LVU477
 957:Drivers/STM32H7xx_HAL_Driver/Src/stm32h7xx_hal_rtc_ex.c **** 
 958:Drivers/STM32H7xx_HAL_Driver/Src/stm32h7xx_hal_rtc_ex.c ****   hrtc->State = HAL_RTC_STATE_BUSY;
 1266              		.loc 1 958 3 discriminator 2 view .LVU478
 1267              		.loc 1 958 15 is_stmt 0 discriminator 2 view .LVU479
 1268 0010 0223     		movs	r3, #2
 1269 0012 80F82130 		strb	r3, [r0, #33]
 959:Drivers/STM32H7xx_HAL_Driver/Src/stm32h7xx_hal_rtc_ex.c **** 
 960:Drivers/STM32H7xx_HAL_Driver/Src/stm32h7xx_hal_rtc_ex.c ****   /* Disable the selected Tamper pin */
 961:Drivers/STM32H7xx_HAL_Driver/Src/stm32h7xx_hal_rtc_ex.c ****   hrtc->Instance->TAMPCR &= ((uint32_t)~Tamper);
 1270              		.loc 1 961 3 is_stmt 1 discriminator 2 view .LVU480
 1271              		.loc 1 961 7 is_stmt 0 discriminator 2 view .LVU481
 1272 0016 0268     		ldr	r2, [r0]
 1273              		.loc 1 961 26 discriminator 2 view .LVU482
 1274 0018 136C     		ldr	r3, [r2, #64]
 1275 001a 23EA0103 		bic	r3, r3, r1
 1276 001e 1364     		str	r3, [r2, #64]
 962:Drivers/STM32H7xx_HAL_Driver/Src/stm32h7xx_hal_rtc_ex.c **** 
 963:Drivers/STM32H7xx_HAL_Driver/Src/stm32h7xx_hal_rtc_ex.c **** #if defined(RTC_TAMPxIE_SUPPORT)
 964:Drivers/STM32H7xx_HAL_Driver/Src/stm32h7xx_hal_rtc_ex.c ****   /* Disable the selected Tamper interrupt */
 965:Drivers/STM32H7xx_HAL_Driver/Src/stm32h7xx_hal_rtc_ex.c ****   if ((Tamper & RTC_TAMPER_1) != 0U)
 1277              		.loc 1 965 3 is_stmt 1 discriminator 2 view .LVU483
 1278              		.loc 1 965 6 is_stmt 0 discriminator 2 view .LVU484
 1279 0020 11F0010F 		tst	r1, #1
 1280 0024 04D0     		beq	.L84
 966:Drivers/STM32H7xx_HAL_Driver/Src/stm32h7xx_hal_rtc_ex.c ****   {
 967:Drivers/STM32H7xx_HAL_Driver/Src/stm32h7xx_hal_rtc_ex.c ****     hrtc->Instance->TAMPCR &= ((uint32_t)~(RTC_IT_TAMP | RTC_IT_TAMP1));
 1281              		.loc 1 967 5 is_stmt 1 view .LVU485
 1282              		.loc 1 967 9 is_stmt 0 view .LVU486
 1283 0026 0268     		ldr	r2, [r0]
 1284              		.loc 1 967 28 view .LVU487
 1285 0028 146C     		ldr	r4, [r2, #64]
 1286 002a 0F4B     		ldr	r3, .L92
 1287 002c 2340     		ands	r3, r3, r4
 1288 002e 1364     		str	r3, [r2, #64]
ARM GAS  C:\Users\admin\AppData\Local\Temp\ccP3nyhx.s 			page 42


 1289              	.L84:
 968:Drivers/STM32H7xx_HAL_Driver/Src/stm32h7xx_hal_rtc_ex.c ****   }
 969:Drivers/STM32H7xx_HAL_Driver/Src/stm32h7xx_hal_rtc_ex.c **** 
 970:Drivers/STM32H7xx_HAL_Driver/Src/stm32h7xx_hal_rtc_ex.c **** #if defined(RTC_TAMPER2_SUPPORT)
 971:Drivers/STM32H7xx_HAL_Driver/Src/stm32h7xx_hal_rtc_ex.c ****   if ((Tamper & RTC_TAMPER_2) != 0U)
 1290              		.loc 1 971 3 is_stmt 1 view .LVU488
 1291              		.loc 1 971 6 is_stmt 0 view .LVU489
 1292 0030 11F0080F 		tst	r1, #8
 1293 0034 04D0     		beq	.L85
 972:Drivers/STM32H7xx_HAL_Driver/Src/stm32h7xx_hal_rtc_ex.c ****   {
 973:Drivers/STM32H7xx_HAL_Driver/Src/stm32h7xx_hal_rtc_ex.c ****     hrtc->Instance->TAMPCR &= ((uint32_t)~(RTC_IT_TAMP | RTC_IT_TAMP2));
 1294              		.loc 1 973 5 is_stmt 1 view .LVU490
 1295              		.loc 1 973 9 is_stmt 0 view .LVU491
 1296 0036 0268     		ldr	r2, [r0]
 1297              		.loc 1 973 28 view .LVU492
 1298 0038 146C     		ldr	r4, [r2, #64]
 1299 003a 0C4B     		ldr	r3, .L92+4
 1300 003c 2340     		ands	r3, r3, r4
 1301 003e 1364     		str	r3, [r2, #64]
 1302              	.L85:
 974:Drivers/STM32H7xx_HAL_Driver/Src/stm32h7xx_hal_rtc_ex.c ****   }
 975:Drivers/STM32H7xx_HAL_Driver/Src/stm32h7xx_hal_rtc_ex.c **** #endif /* RTC_TAMPER2_SUPPORT */
 976:Drivers/STM32H7xx_HAL_Driver/Src/stm32h7xx_hal_rtc_ex.c **** 
 977:Drivers/STM32H7xx_HAL_Driver/Src/stm32h7xx_hal_rtc_ex.c ****   if ((Tamper & RTC_TAMPER_3) != 0U)
 1303              		.loc 1 977 3 is_stmt 1 view .LVU493
 1304              		.loc 1 977 6 is_stmt 0 view .LVU494
 1305 0040 11F0200F 		tst	r1, #32
 1306 0044 04D0     		beq	.L86
 978:Drivers/STM32H7xx_HAL_Driver/Src/stm32h7xx_hal_rtc_ex.c ****   {
 979:Drivers/STM32H7xx_HAL_Driver/Src/stm32h7xx_hal_rtc_ex.c ****     hrtc->Instance->TAMPCR &= ((uint32_t)~(RTC_IT_TAMP | RTC_IT_TAMP3));
 1307              		.loc 1 979 5 is_stmt 1 view .LVU495
 1308              		.loc 1 979 9 is_stmt 0 view .LVU496
 1309 0046 0268     		ldr	r2, [r0]
 1310              		.loc 1 979 28 view .LVU497
 1311 0048 116C     		ldr	r1, [r2, #64]
 1312              	.LVL103:
 1313              		.loc 1 979 28 view .LVU498
 1314 004a 094B     		ldr	r3, .L92+8
 1315 004c 0B40     		ands	r3, r3, r1
 1316 004e 1364     		str	r3, [r2, #64]
 1317              	.L86:
 980:Drivers/STM32H7xx_HAL_Driver/Src/stm32h7xx_hal_rtc_ex.c ****   }
 981:Drivers/STM32H7xx_HAL_Driver/Src/stm32h7xx_hal_rtc_ex.c **** #else
 982:Drivers/STM32H7xx_HAL_Driver/Src/stm32h7xx_hal_rtc_ex.c ****   /* Disable the Tamper interrupt */
 983:Drivers/STM32H7xx_HAL_Driver/Src/stm32h7xx_hal_rtc_ex.c ****   hrtc->Instance->TAMPCR &= (uint32_t)~(RTC_IT_TAMP);
 984:Drivers/STM32H7xx_HAL_Driver/Src/stm32h7xx_hal_rtc_ex.c **** #endif /* RTC_TAMPxIE_SUPPORT */
 985:Drivers/STM32H7xx_HAL_Driver/Src/stm32h7xx_hal_rtc_ex.c **** 
 986:Drivers/STM32H7xx_HAL_Driver/Src/stm32h7xx_hal_rtc_ex.c ****   hrtc->State = HAL_RTC_STATE_READY;
 1318              		.loc 1 986 3 is_stmt 1 view .LVU499
 1319              		.loc 1 986 15 is_stmt 0 view .LVU500
 1320 0050 0123     		movs	r3, #1
 1321 0052 80F82130 		strb	r3, [r0, #33]
 987:Drivers/STM32H7xx_HAL_Driver/Src/stm32h7xx_hal_rtc_ex.c **** 
 988:Drivers/STM32H7xx_HAL_Driver/Src/stm32h7xx_hal_rtc_ex.c ****   /* Process Unlocked */
 989:Drivers/STM32H7xx_HAL_Driver/Src/stm32h7xx_hal_rtc_ex.c ****   __HAL_UNLOCK(hrtc);
 1322              		.loc 1 989 3 is_stmt 1 view .LVU501
 1323              		.loc 1 989 3 view .LVU502
ARM GAS  C:\Users\admin\AppData\Local\Temp\ccP3nyhx.s 			page 43


 1324 0056 0023     		movs	r3, #0
 1325 0058 80F82030 		strb	r3, [r0, #32]
 1326              		.loc 1 989 3 view .LVU503
 990:Drivers/STM32H7xx_HAL_Driver/Src/stm32h7xx_hal_rtc_ex.c **** 
 991:Drivers/STM32H7xx_HAL_Driver/Src/stm32h7xx_hal_rtc_ex.c ****   return HAL_OK;
 1327              		.loc 1 991 3 view .LVU504
 1328              		.loc 1 991 10 is_stmt 0 view .LVU505
 1329 005c 1846     		mov	r0, r3
 1330              	.LVL104:
 992:Drivers/STM32H7xx_HAL_Driver/Src/stm32h7xx_hal_rtc_ex.c **** }
 1331              		.loc 1 992 1 view .LVU506
 1332 005e 5DF8044B 		ldr	r4, [sp], #4
 1333              	.LCFI16:
 1334              		.cfi_restore 4
 1335              		.cfi_def_cfa_offset 0
 1336 0062 7047     		bx	lr
 1337              	.LVL105:
 1338              	.L87:
 956:Drivers/STM32H7xx_HAL_Driver/Src/stm32h7xx_hal_rtc_ex.c **** 
 1339              		.loc 1 956 3 view .LVU507
 1340 0064 0220     		movs	r0, #2
 1341              	.LVL106:
 1342              		.loc 1 992 1 view .LVU508
 1343 0066 7047     		bx	lr
 1344              	.L93:
 1345              		.align	2
 1346              	.L92:
 1347 0068 FBFFFEFF 		.word	-65541
 1348 006c FBFFF7FF 		.word	-524293
 1349 0070 FBFFBFFF 		.word	-4194309
 1350              		.cfi_endproc
 1351              	.LFE152:
 1353              		.section	.text.HAL_RTCEx_TimeStampEventCallback,"ax",%progbits
 1354              		.align	1
 1355              		.weak	HAL_RTCEx_TimeStampEventCallback
 1356              		.syntax unified
 1357              		.thumb
 1358              		.thumb_func
 1360              	HAL_RTCEx_TimeStampEventCallback:
 1361              	.LVL107:
 1362              	.LFB154:
 993:Drivers/STM32H7xx_HAL_Driver/Src/stm32h7xx_hal_rtc_ex.c **** #endif /* TAMP */
 994:Drivers/STM32H7xx_HAL_Driver/Src/stm32h7xx_hal_rtc_ex.c **** 
 995:Drivers/STM32H7xx_HAL_Driver/Src/stm32h7xx_hal_rtc_ex.c **** #if defined(TAMP)
 996:Drivers/STM32H7xx_HAL_Driver/Src/stm32h7xx_hal_rtc_ex.c **** /**
 997:Drivers/STM32H7xx_HAL_Driver/Src/stm32h7xx_hal_rtc_ex.c ****   * @brief  Set Internal Tamper
 998:Drivers/STM32H7xx_HAL_Driver/Src/stm32h7xx_hal_rtc_ex.c ****   * @param  hrtc RTC handle
 999:Drivers/STM32H7xx_HAL_Driver/Src/stm32h7xx_hal_rtc_ex.c ****   * @param  sIntTamper Pointer to Internal Tamper Structure.
1000:Drivers/STM32H7xx_HAL_Driver/Src/stm32h7xx_hal_rtc_ex.c ****   * @retval HAL status
1001:Drivers/STM32H7xx_HAL_Driver/Src/stm32h7xx_hal_rtc_ex.c ****   */
1002:Drivers/STM32H7xx_HAL_Driver/Src/stm32h7xx_hal_rtc_ex.c **** HAL_StatusTypeDef HAL_RTCEx_SetInternalTamper(RTC_HandleTypeDef *hrtc, const RTC_InternalTamperType
1003:Drivers/STM32H7xx_HAL_Driver/Src/stm32h7xx_hal_rtc_ex.c **** {
1004:Drivers/STM32H7xx_HAL_Driver/Src/stm32h7xx_hal_rtc_ex.c ****   /* Check the parameters */
1005:Drivers/STM32H7xx_HAL_Driver/Src/stm32h7xx_hal_rtc_ex.c ****   assert_param(IS_RTC_INTERNAL_TAMPER(sIntTamper->IntTamper));
1006:Drivers/STM32H7xx_HAL_Driver/Src/stm32h7xx_hal_rtc_ex.c ****   assert_param(IS_RTC_TAMPER_TIMESTAMPONTAMPER_DETECTION(sIntTamper->TimeStampOnTamperDetection));
1007:Drivers/STM32H7xx_HAL_Driver/Src/stm32h7xx_hal_rtc_ex.c **** 
1008:Drivers/STM32H7xx_HAL_Driver/Src/stm32h7xx_hal_rtc_ex.c ****   /* Time-Stamp on internal tamper */
ARM GAS  C:\Users\admin\AppData\Local\Temp\ccP3nyhx.s 			page 44


1009:Drivers/STM32H7xx_HAL_Driver/Src/stm32h7xx_hal_rtc_ex.c ****   if (READ_BIT(RTC->CR, RTC_CR_TAMPTS) != sIntTamper->TimeStampOnTamperDetection)
1010:Drivers/STM32H7xx_HAL_Driver/Src/stm32h7xx_hal_rtc_ex.c ****   {
1011:Drivers/STM32H7xx_HAL_Driver/Src/stm32h7xx_hal_rtc_ex.c ****     __HAL_RTC_WRITEPROTECTION_DISABLE(hrtc);
1012:Drivers/STM32H7xx_HAL_Driver/Src/stm32h7xx_hal_rtc_ex.c ****     MODIFY_REG(RTC->CR, RTC_CR_TAMPTS, sIntTamper->TimeStampOnTamperDetection);
1013:Drivers/STM32H7xx_HAL_Driver/Src/stm32h7xx_hal_rtc_ex.c ****     __HAL_RTC_WRITEPROTECTION_ENABLE(hrtc);
1014:Drivers/STM32H7xx_HAL_Driver/Src/stm32h7xx_hal_rtc_ex.c ****   }
1015:Drivers/STM32H7xx_HAL_Driver/Src/stm32h7xx_hal_rtc_ex.c **** 
1016:Drivers/STM32H7xx_HAL_Driver/Src/stm32h7xx_hal_rtc_ex.c ****   /* Control register 1 */
1017:Drivers/STM32H7xx_HAL_Driver/Src/stm32h7xx_hal_rtc_ex.c ****   SET_BIT(TAMP->CR1, sIntTamper->IntTamper);
1018:Drivers/STM32H7xx_HAL_Driver/Src/stm32h7xx_hal_rtc_ex.c **** 
1019:Drivers/STM32H7xx_HAL_Driver/Src/stm32h7xx_hal_rtc_ex.c ****   return HAL_OK;
1020:Drivers/STM32H7xx_HAL_Driver/Src/stm32h7xx_hal_rtc_ex.c **** }
1021:Drivers/STM32H7xx_HAL_Driver/Src/stm32h7xx_hal_rtc_ex.c **** 
1022:Drivers/STM32H7xx_HAL_Driver/Src/stm32h7xx_hal_rtc_ex.c **** /**
1023:Drivers/STM32H7xx_HAL_Driver/Src/stm32h7xx_hal_rtc_ex.c ****   * @brief  Set Internal Tamper in interrupt mode
1024:Drivers/STM32H7xx_HAL_Driver/Src/stm32h7xx_hal_rtc_ex.c ****   * @param  hrtc RTC handle
1025:Drivers/STM32H7xx_HAL_Driver/Src/stm32h7xx_hal_rtc_ex.c ****   * @param  sIntTamper Pointer to Internal Tamper Structure.
1026:Drivers/STM32H7xx_HAL_Driver/Src/stm32h7xx_hal_rtc_ex.c ****   * @retval HAL status
1027:Drivers/STM32H7xx_HAL_Driver/Src/stm32h7xx_hal_rtc_ex.c ****   */
1028:Drivers/STM32H7xx_HAL_Driver/Src/stm32h7xx_hal_rtc_ex.c **** HAL_StatusTypeDef HAL_RTCEx_SetInternalTamper_IT(RTC_HandleTypeDef *hrtc, const RTC_InternalTamperT
1029:Drivers/STM32H7xx_HAL_Driver/Src/stm32h7xx_hal_rtc_ex.c **** {
1030:Drivers/STM32H7xx_HAL_Driver/Src/stm32h7xx_hal_rtc_ex.c ****   /* Check the parameters */
1031:Drivers/STM32H7xx_HAL_Driver/Src/stm32h7xx_hal_rtc_ex.c ****   assert_param(IS_RTC_INTERNAL_TAMPER(sIntTamper->IntTamper));
1032:Drivers/STM32H7xx_HAL_Driver/Src/stm32h7xx_hal_rtc_ex.c ****   assert_param(IS_RTC_TAMPER_TIMESTAMPONTAMPER_DETECTION(sIntTamper->TimeStampOnTamperDetection));
1033:Drivers/STM32H7xx_HAL_Driver/Src/stm32h7xx_hal_rtc_ex.c **** 
1034:Drivers/STM32H7xx_HAL_Driver/Src/stm32h7xx_hal_rtc_ex.c ****   /* Time-stamp on internal tamper */
1035:Drivers/STM32H7xx_HAL_Driver/Src/stm32h7xx_hal_rtc_ex.c ****   if (READ_BIT(RTC->CR, RTC_CR_TAMPTS) != sIntTamper->TimeStampOnTamperDetection)
1036:Drivers/STM32H7xx_HAL_Driver/Src/stm32h7xx_hal_rtc_ex.c ****   {
1037:Drivers/STM32H7xx_HAL_Driver/Src/stm32h7xx_hal_rtc_ex.c ****     __HAL_RTC_WRITEPROTECTION_DISABLE(hrtc);
1038:Drivers/STM32H7xx_HAL_Driver/Src/stm32h7xx_hal_rtc_ex.c ****     MODIFY_REG(RTC->CR, RTC_CR_TAMPTS, sIntTamper->TimeStampOnTamperDetection);
1039:Drivers/STM32H7xx_HAL_Driver/Src/stm32h7xx_hal_rtc_ex.c ****     __HAL_RTC_WRITEPROTECTION_ENABLE(hrtc);
1040:Drivers/STM32H7xx_HAL_Driver/Src/stm32h7xx_hal_rtc_ex.c ****   }
1041:Drivers/STM32H7xx_HAL_Driver/Src/stm32h7xx_hal_rtc_ex.c **** 
1042:Drivers/STM32H7xx_HAL_Driver/Src/stm32h7xx_hal_rtc_ex.c ****   /* RTC Tamper Interrupt Configuration: EXTI configuration */
1043:Drivers/STM32H7xx_HAL_Driver/Src/stm32h7xx_hal_rtc_ex.c ****   __HAL_RTC_TAMPER_TIMESTAMP_EXTI_ENABLE_IT();
1044:Drivers/STM32H7xx_HAL_Driver/Src/stm32h7xx_hal_rtc_ex.c ****   __HAL_RTC_TAMPER_TIMESTAMP_EXTI_ENABLE_RISING_FALLING_EDGE();
1045:Drivers/STM32H7xx_HAL_Driver/Src/stm32h7xx_hal_rtc_ex.c ****   /* Interrupt enable register */
1046:Drivers/STM32H7xx_HAL_Driver/Src/stm32h7xx_hal_rtc_ex.c ****   SET_BIT(TAMP->IER, sIntTamper->IntTamper);
1047:Drivers/STM32H7xx_HAL_Driver/Src/stm32h7xx_hal_rtc_ex.c **** 
1048:Drivers/STM32H7xx_HAL_Driver/Src/stm32h7xx_hal_rtc_ex.c ****   /* Control register 1 */
1049:Drivers/STM32H7xx_HAL_Driver/Src/stm32h7xx_hal_rtc_ex.c ****   SET_BIT(TAMP->CR1, sIntTamper->IntTamper);
1050:Drivers/STM32H7xx_HAL_Driver/Src/stm32h7xx_hal_rtc_ex.c **** 
1051:Drivers/STM32H7xx_HAL_Driver/Src/stm32h7xx_hal_rtc_ex.c ****   return HAL_OK;
1052:Drivers/STM32H7xx_HAL_Driver/Src/stm32h7xx_hal_rtc_ex.c **** }
1053:Drivers/STM32H7xx_HAL_Driver/Src/stm32h7xx_hal_rtc_ex.c **** 
1054:Drivers/STM32H7xx_HAL_Driver/Src/stm32h7xx_hal_rtc_ex.c **** /**
1055:Drivers/STM32H7xx_HAL_Driver/Src/stm32h7xx_hal_rtc_ex.c ****   * @brief  Deactivate Internal Tamper.
1056:Drivers/STM32H7xx_HAL_Driver/Src/stm32h7xx_hal_rtc_ex.c ****   * @param  hrtc RTC handle
1057:Drivers/STM32H7xx_HAL_Driver/Src/stm32h7xx_hal_rtc_ex.c ****   * @param  IntTamper Selected internal tamper event.
1058:Drivers/STM32H7xx_HAL_Driver/Src/stm32h7xx_hal_rtc_ex.c ****   *          This parameter can be any combination of existing internal tampers.
1059:Drivers/STM32H7xx_HAL_Driver/Src/stm32h7xx_hal_rtc_ex.c ****   * @retval HAL status
1060:Drivers/STM32H7xx_HAL_Driver/Src/stm32h7xx_hal_rtc_ex.c ****   */
1061:Drivers/STM32H7xx_HAL_Driver/Src/stm32h7xx_hal_rtc_ex.c **** HAL_StatusTypeDef HAL_RTCEx_DeactivateInternalTamper(RTC_HandleTypeDef *hrtc, uint32_t IntTamper)
1062:Drivers/STM32H7xx_HAL_Driver/Src/stm32h7xx_hal_rtc_ex.c **** {
1063:Drivers/STM32H7xx_HAL_Driver/Src/stm32h7xx_hal_rtc_ex.c ****   UNUSED(hrtc);
1064:Drivers/STM32H7xx_HAL_Driver/Src/stm32h7xx_hal_rtc_ex.c ****   assert_param(IS_RTC_INTERNAL_TAMPER(IntTamper));
1065:Drivers/STM32H7xx_HAL_Driver/Src/stm32h7xx_hal_rtc_ex.c **** 
ARM GAS  C:\Users\admin\AppData\Local\Temp\ccP3nyhx.s 			page 45


1066:Drivers/STM32H7xx_HAL_Driver/Src/stm32h7xx_hal_rtc_ex.c ****   /* Disable the selected Tamper pin */
1067:Drivers/STM32H7xx_HAL_Driver/Src/stm32h7xx_hal_rtc_ex.c ****   CLEAR_BIT(TAMP->CR1, IntTamper);
1068:Drivers/STM32H7xx_HAL_Driver/Src/stm32h7xx_hal_rtc_ex.c **** 
1069:Drivers/STM32H7xx_HAL_Driver/Src/stm32h7xx_hal_rtc_ex.c ****   /* Clear internal tamper interrupt mode configuration */
1070:Drivers/STM32H7xx_HAL_Driver/Src/stm32h7xx_hal_rtc_ex.c ****   CLEAR_BIT(TAMP->IER, IntTamper);
1071:Drivers/STM32H7xx_HAL_Driver/Src/stm32h7xx_hal_rtc_ex.c **** 
1072:Drivers/STM32H7xx_HAL_Driver/Src/stm32h7xx_hal_rtc_ex.c ****   /* Clear internal tamper interrupt */
1073:Drivers/STM32H7xx_HAL_Driver/Src/stm32h7xx_hal_rtc_ex.c ****   WRITE_REG(TAMP->SCR, IntTamper);
1074:Drivers/STM32H7xx_HAL_Driver/Src/stm32h7xx_hal_rtc_ex.c **** 
1075:Drivers/STM32H7xx_HAL_Driver/Src/stm32h7xx_hal_rtc_ex.c ****   return HAL_OK;
1076:Drivers/STM32H7xx_HAL_Driver/Src/stm32h7xx_hal_rtc_ex.c **** }
1077:Drivers/STM32H7xx_HAL_Driver/Src/stm32h7xx_hal_rtc_ex.c **** 
1078:Drivers/STM32H7xx_HAL_Driver/Src/stm32h7xx_hal_rtc_ex.c **** /**
1079:Drivers/STM32H7xx_HAL_Driver/Src/stm32h7xx_hal_rtc_ex.c ****   * @brief  Set all active Tampers at the same time.
1080:Drivers/STM32H7xx_HAL_Driver/Src/stm32h7xx_hal_rtc_ex.c ****   * @param  hrtc RTC handle
1081:Drivers/STM32H7xx_HAL_Driver/Src/stm32h7xx_hal_rtc_ex.c ****   * @param  sAllTamper Pointer to active Tamper Structure.
1082:Drivers/STM32H7xx_HAL_Driver/Src/stm32h7xx_hal_rtc_ex.c ****   * @retval HAL status
1083:Drivers/STM32H7xx_HAL_Driver/Src/stm32h7xx_hal_rtc_ex.c ****   */
1084:Drivers/STM32H7xx_HAL_Driver/Src/stm32h7xx_hal_rtc_ex.c **** HAL_StatusTypeDef HAL_RTCEx_SetActiveTampers(RTC_HandleTypeDef *hrtc, const RTC_ActiveTampersTypeDe
1085:Drivers/STM32H7xx_HAL_Driver/Src/stm32h7xx_hal_rtc_ex.c **** {
1086:Drivers/STM32H7xx_HAL_Driver/Src/stm32h7xx_hal_rtc_ex.c ****   uint32_t IER, CR1, CR2, ATCR1, CR, i, tickstart;
1087:Drivers/STM32H7xx_HAL_Driver/Src/stm32h7xx_hal_rtc_ex.c **** 
1088:Drivers/STM32H7xx_HAL_Driver/Src/stm32h7xx_hal_rtc_ex.c **** #ifdef  USE_FULL_ASSERT
1089:Drivers/STM32H7xx_HAL_Driver/Src/stm32h7xx_hal_rtc_ex.c ****   for (i = 0; i < RTC_TAMP_NB; i++)
1090:Drivers/STM32H7xx_HAL_Driver/Src/stm32h7xx_hal_rtc_ex.c ****   {
1091:Drivers/STM32H7xx_HAL_Driver/Src/stm32h7xx_hal_rtc_ex.c ****     assert_param(IS_RTC_TAMPER_ERASE_MODE(sAllTamper->TampInput[i].NoErase));
1092:Drivers/STM32H7xx_HAL_Driver/Src/stm32h7xx_hal_rtc_ex.c ****     assert_param(IS_RTC_TAMPER_MASKFLAG_STATE(sAllTamper->TampInput[i].MaskFlag));
1093:Drivers/STM32H7xx_HAL_Driver/Src/stm32h7xx_hal_rtc_ex.c ****     /* Mask flag only supported by TAMPER 1, 2, and 3 */
1094:Drivers/STM32H7xx_HAL_Driver/Src/stm32h7xx_hal_rtc_ex.c ****     assert_param(!((sAllTamper->TampInput[i].MaskFlag != RTC_TAMPERMASK_FLAG_DISABLE) && (i > RTC_T
1095:Drivers/STM32H7xx_HAL_Driver/Src/stm32h7xx_hal_rtc_ex.c ****   }
1096:Drivers/STM32H7xx_HAL_Driver/Src/stm32h7xx_hal_rtc_ex.c **** 
1097:Drivers/STM32H7xx_HAL_Driver/Src/stm32h7xx_hal_rtc_ex.c ****   assert_param(IS_RTC_TAMPER_TIMESTAMPONTAMPER_DETECTION(sAllTamper->TimeStampOnTamperDetection));
1098:Drivers/STM32H7xx_HAL_Driver/Src/stm32h7xx_hal_rtc_ex.c **** #endif /* USE_FULL_ASSERT */
1099:Drivers/STM32H7xx_HAL_Driver/Src/stm32h7xx_hal_rtc_ex.c **** 
1100:Drivers/STM32H7xx_HAL_Driver/Src/stm32h7xx_hal_rtc_ex.c ****   /* Active Tampers must not be already enabled */
1101:Drivers/STM32H7xx_HAL_Driver/Src/stm32h7xx_hal_rtc_ex.c ****   if (READ_BIT(TAMP->ATOR, TAMP_ATOR_INITS) != 0U)
1102:Drivers/STM32H7xx_HAL_Driver/Src/stm32h7xx_hal_rtc_ex.c ****   {
1103:Drivers/STM32H7xx_HAL_Driver/Src/stm32h7xx_hal_rtc_ex.c ****     /* Disable all active tampers with HAL_RTCEx_DeactivateActiveTampers */
1104:Drivers/STM32H7xx_HAL_Driver/Src/stm32h7xx_hal_rtc_ex.c ****     if (HAL_RTCEx_DeactivateActiveTampers(hrtc) != HAL_OK)
1105:Drivers/STM32H7xx_HAL_Driver/Src/stm32h7xx_hal_rtc_ex.c ****     {
1106:Drivers/STM32H7xx_HAL_Driver/Src/stm32h7xx_hal_rtc_ex.c ****       return HAL_ERROR;
1107:Drivers/STM32H7xx_HAL_Driver/Src/stm32h7xx_hal_rtc_ex.c ****     }
1108:Drivers/STM32H7xx_HAL_Driver/Src/stm32h7xx_hal_rtc_ex.c ****   }
1109:Drivers/STM32H7xx_HAL_Driver/Src/stm32h7xx_hal_rtc_ex.c **** 
1110:Drivers/STM32H7xx_HAL_Driver/Src/stm32h7xx_hal_rtc_ex.c ****   /* Set TimeStamp on tamper detection */
1111:Drivers/STM32H7xx_HAL_Driver/Src/stm32h7xx_hal_rtc_ex.c ****   CR = READ_REG(RTC->CR);
1112:Drivers/STM32H7xx_HAL_Driver/Src/stm32h7xx_hal_rtc_ex.c ****   if ((CR & RTC_CR_TAMPTS) != (sAllTamper->TimeStampOnTamperDetection))
1113:Drivers/STM32H7xx_HAL_Driver/Src/stm32h7xx_hal_rtc_ex.c ****   {
1114:Drivers/STM32H7xx_HAL_Driver/Src/stm32h7xx_hal_rtc_ex.c ****     __HAL_RTC_WRITEPROTECTION_DISABLE(hrtc);
1115:Drivers/STM32H7xx_HAL_Driver/Src/stm32h7xx_hal_rtc_ex.c ****     MODIFY_REG(RTC->CR, RTC_CR_TAMPTS, sAllTamper->TimeStampOnTamperDetection);
1116:Drivers/STM32H7xx_HAL_Driver/Src/stm32h7xx_hal_rtc_ex.c ****     __HAL_RTC_WRITEPROTECTION_ENABLE(hrtc);
1117:Drivers/STM32H7xx_HAL_Driver/Src/stm32h7xx_hal_rtc_ex.c ****   }
1118:Drivers/STM32H7xx_HAL_Driver/Src/stm32h7xx_hal_rtc_ex.c **** 
1119:Drivers/STM32H7xx_HAL_Driver/Src/stm32h7xx_hal_rtc_ex.c ****   CR1 = READ_REG(TAMP->CR1);
1120:Drivers/STM32H7xx_HAL_Driver/Src/stm32h7xx_hal_rtc_ex.c ****   CR2 = READ_REG(TAMP->CR2);
1121:Drivers/STM32H7xx_HAL_Driver/Src/stm32h7xx_hal_rtc_ex.c ****   IER = READ_REG(TAMP->IER);
1122:Drivers/STM32H7xx_HAL_Driver/Src/stm32h7xx_hal_rtc_ex.c **** 
ARM GAS  C:\Users\admin\AppData\Local\Temp\ccP3nyhx.s 			page 46


1123:Drivers/STM32H7xx_HAL_Driver/Src/stm32h7xx_hal_rtc_ex.c ****   /* Set common parameters */
1124:Drivers/STM32H7xx_HAL_Driver/Src/stm32h7xx_hal_rtc_ex.c ****   ATCR1 = (sAllTamper->ActiveFilter | (sAllTamper->ActiveOutputChangePeriod << TAMP_ATCR1_ATPER_Pos
1125:Drivers/STM32H7xx_HAL_Driver/Src/stm32h7xx_hal_rtc_ex.c **** 
1126:Drivers/STM32H7xx_HAL_Driver/Src/stm32h7xx_hal_rtc_ex.c ****   /* Set specific parameters for each active tamper inputs if enable */
1127:Drivers/STM32H7xx_HAL_Driver/Src/stm32h7xx_hal_rtc_ex.c ****   for (i = 0; i < RTC_TAMP_NB; i++)
1128:Drivers/STM32H7xx_HAL_Driver/Src/stm32h7xx_hal_rtc_ex.c ****   {
1129:Drivers/STM32H7xx_HAL_Driver/Src/stm32h7xx_hal_rtc_ex.c ****     if (sAllTamper->TampInput[i].Enable != RTC_ATAMP_DISABLE)
1130:Drivers/STM32H7xx_HAL_Driver/Src/stm32h7xx_hal_rtc_ex.c ****     {
1131:Drivers/STM32H7xx_HAL_Driver/Src/stm32h7xx_hal_rtc_ex.c ****       CR1 |= (TAMP_CR1_TAMP1E << i);
1132:Drivers/STM32H7xx_HAL_Driver/Src/stm32h7xx_hal_rtc_ex.c ****       ATCR1 |= (TAMP_ATCR1_TAMP1AM << i);
1133:Drivers/STM32H7xx_HAL_Driver/Src/stm32h7xx_hal_rtc_ex.c **** 
1134:Drivers/STM32H7xx_HAL_Driver/Src/stm32h7xx_hal_rtc_ex.c ****       if (sAllTamper->TampInput[i].Interrupt != RTC_ATAMP_INTERRUPT_DISABLE)
1135:Drivers/STM32H7xx_HAL_Driver/Src/stm32h7xx_hal_rtc_ex.c ****       {
1136:Drivers/STM32H7xx_HAL_Driver/Src/stm32h7xx_hal_rtc_ex.c ****         /* RTC Tamper Interrupt Configuration: EXTI configuration */
1137:Drivers/STM32H7xx_HAL_Driver/Src/stm32h7xx_hal_rtc_ex.c ****         __HAL_RTC_TAMPER_TIMESTAMP_EXTI_ENABLE_IT();
1138:Drivers/STM32H7xx_HAL_Driver/Src/stm32h7xx_hal_rtc_ex.c ****         __HAL_RTC_TAMPER_TIMESTAMP_EXTI_ENABLE_RISING_EDGE();
1139:Drivers/STM32H7xx_HAL_Driver/Src/stm32h7xx_hal_rtc_ex.c **** 
1140:Drivers/STM32H7xx_HAL_Driver/Src/stm32h7xx_hal_rtc_ex.c ****         /* Interrupt enable register */
1141:Drivers/STM32H7xx_HAL_Driver/Src/stm32h7xx_hal_rtc_ex.c ****         IER |= (TAMP_IER_TAMP1IE << i);
1142:Drivers/STM32H7xx_HAL_Driver/Src/stm32h7xx_hal_rtc_ex.c ****       }
1143:Drivers/STM32H7xx_HAL_Driver/Src/stm32h7xx_hal_rtc_ex.c **** 
1144:Drivers/STM32H7xx_HAL_Driver/Src/stm32h7xx_hal_rtc_ex.c ****       if (sAllTamper->TampInput[i].MaskFlag != RTC_TAMPERMASK_FLAG_DISABLE)
1145:Drivers/STM32H7xx_HAL_Driver/Src/stm32h7xx_hal_rtc_ex.c ****       {
1146:Drivers/STM32H7xx_HAL_Driver/Src/stm32h7xx_hal_rtc_ex.c ****         CR2 |= (TAMP_CR2_TAMP1MSK << i);
1147:Drivers/STM32H7xx_HAL_Driver/Src/stm32h7xx_hal_rtc_ex.c ****       }
1148:Drivers/STM32H7xx_HAL_Driver/Src/stm32h7xx_hal_rtc_ex.c **** 
1149:Drivers/STM32H7xx_HAL_Driver/Src/stm32h7xx_hal_rtc_ex.c ****       if (sAllTamper->TampInput[i].NoErase != RTC_TAMPER_ERASE_BACKUP_ENABLE)
1150:Drivers/STM32H7xx_HAL_Driver/Src/stm32h7xx_hal_rtc_ex.c ****       {
1151:Drivers/STM32H7xx_HAL_Driver/Src/stm32h7xx_hal_rtc_ex.c ****         CR2 |= (TAMP_CR2_TAMP1NOERASE << i);
1152:Drivers/STM32H7xx_HAL_Driver/Src/stm32h7xx_hal_rtc_ex.c ****       }
1153:Drivers/STM32H7xx_HAL_Driver/Src/stm32h7xx_hal_rtc_ex.c **** 
1154:Drivers/STM32H7xx_HAL_Driver/Src/stm32h7xx_hal_rtc_ex.c ****       /* Set ATOSHARE and configure ATOSELx[] in case of output sharing */
1155:Drivers/STM32H7xx_HAL_Driver/Src/stm32h7xx_hal_rtc_ex.c ****       if (sAllTamper->TampInput[i].Output != i)
1156:Drivers/STM32H7xx_HAL_Driver/Src/stm32h7xx_hal_rtc_ex.c ****       {
1157:Drivers/STM32H7xx_HAL_Driver/Src/stm32h7xx_hal_rtc_ex.c ****         ATCR1 |= TAMP_ATCR1_ATOSHARE;
1158:Drivers/STM32H7xx_HAL_Driver/Src/stm32h7xx_hal_rtc_ex.c ****         ATCR1 |= sAllTamper->TampInput[i].Output << ((2u * i) + TAMP_ATCR1_ATOSEL1_Pos);
1159:Drivers/STM32H7xx_HAL_Driver/Src/stm32h7xx_hal_rtc_ex.c ****       }
1160:Drivers/STM32H7xx_HAL_Driver/Src/stm32h7xx_hal_rtc_ex.c ****     }
1161:Drivers/STM32H7xx_HAL_Driver/Src/stm32h7xx_hal_rtc_ex.c ****   }
1162:Drivers/STM32H7xx_HAL_Driver/Src/stm32h7xx_hal_rtc_ex.c **** 
1163:Drivers/STM32H7xx_HAL_Driver/Src/stm32h7xx_hal_rtc_ex.c ****   WRITE_REG(TAMP->IER, IER);
1164:Drivers/STM32H7xx_HAL_Driver/Src/stm32h7xx_hal_rtc_ex.c ****   WRITE_REG(TAMP->IER, IER);
1165:Drivers/STM32H7xx_HAL_Driver/Src/stm32h7xx_hal_rtc_ex.c ****   WRITE_REG(TAMP->ATCR1, ATCR1);
1166:Drivers/STM32H7xx_HAL_Driver/Src/stm32h7xx_hal_rtc_ex.c **** #if defined(TAMP_ATCR2_ATOSEL1)
1167:Drivers/STM32H7xx_HAL_Driver/Src/stm32h7xx_hal_rtc_ex.c ****   WRITE_REG(TAMP->ATCR2, ATCR2);
1168:Drivers/STM32H7xx_HAL_Driver/Src/stm32h7xx_hal_rtc_ex.c **** #endif /* TAMP_ATCR2_ATOSEL1 */
1169:Drivers/STM32H7xx_HAL_Driver/Src/stm32h7xx_hal_rtc_ex.c ****   WRITE_REG(TAMP->CR2, CR2);
1170:Drivers/STM32H7xx_HAL_Driver/Src/stm32h7xx_hal_rtc_ex.c ****   WRITE_REG(TAMP->CR1, CR1);
1171:Drivers/STM32H7xx_HAL_Driver/Src/stm32h7xx_hal_rtc_ex.c **** 
1172:Drivers/STM32H7xx_HAL_Driver/Src/stm32h7xx_hal_rtc_ex.c ****   /* Write seed */
1173:Drivers/STM32H7xx_HAL_Driver/Src/stm32h7xx_hal_rtc_ex.c ****   for (i = 0; i < RTC_ATAMP_SEED_NB_UINT32; i++)
1174:Drivers/STM32H7xx_HAL_Driver/Src/stm32h7xx_hal_rtc_ex.c ****   {
1175:Drivers/STM32H7xx_HAL_Driver/Src/stm32h7xx_hal_rtc_ex.c ****     WRITE_REG(TAMP->ATSEEDR, sAllTamper->Seed[i]);
1176:Drivers/STM32H7xx_HAL_Driver/Src/stm32h7xx_hal_rtc_ex.c ****   }
1177:Drivers/STM32H7xx_HAL_Driver/Src/stm32h7xx_hal_rtc_ex.c **** 
1178:Drivers/STM32H7xx_HAL_Driver/Src/stm32h7xx_hal_rtc_ex.c ****   /* Wait till RTC SEEDF flag is set and if timeout is reached exit */
1179:Drivers/STM32H7xx_HAL_Driver/Src/stm32h7xx_hal_rtc_ex.c ****   tickstart = HAL_GetTick();
ARM GAS  C:\Users\admin\AppData\Local\Temp\ccP3nyhx.s 			page 47


1180:Drivers/STM32H7xx_HAL_Driver/Src/stm32h7xx_hal_rtc_ex.c ****   while (READ_BIT(TAMP->ATOR,  TAMP_ATOR_SEEDF) != 0u)
1181:Drivers/STM32H7xx_HAL_Driver/Src/stm32h7xx_hal_rtc_ex.c ****   {
1182:Drivers/STM32H7xx_HAL_Driver/Src/stm32h7xx_hal_rtc_ex.c ****     if ((HAL_GetTick() - tickstart) > RTC_TIMEOUT_VALUE)
1183:Drivers/STM32H7xx_HAL_Driver/Src/stm32h7xx_hal_rtc_ex.c ****     {
1184:Drivers/STM32H7xx_HAL_Driver/Src/stm32h7xx_hal_rtc_ex.c ****       hrtc->State = HAL_RTC_STATE_TIMEOUT;
1185:Drivers/STM32H7xx_HAL_Driver/Src/stm32h7xx_hal_rtc_ex.c ****       return HAL_TIMEOUT;
1186:Drivers/STM32H7xx_HAL_Driver/Src/stm32h7xx_hal_rtc_ex.c ****     }
1187:Drivers/STM32H7xx_HAL_Driver/Src/stm32h7xx_hal_rtc_ex.c ****   }
1188:Drivers/STM32H7xx_HAL_Driver/Src/stm32h7xx_hal_rtc_ex.c **** 
1189:Drivers/STM32H7xx_HAL_Driver/Src/stm32h7xx_hal_rtc_ex.c ****   return HAL_OK;
1190:Drivers/STM32H7xx_HAL_Driver/Src/stm32h7xx_hal_rtc_ex.c **** }
1191:Drivers/STM32H7xx_HAL_Driver/Src/stm32h7xx_hal_rtc_ex.c **** 
1192:Drivers/STM32H7xx_HAL_Driver/Src/stm32h7xx_hal_rtc_ex.c **** /**
1193:Drivers/STM32H7xx_HAL_Driver/Src/stm32h7xx_hal_rtc_ex.c ****   * @brief  Write a new seed. Active tamper must be enabled.
1194:Drivers/STM32H7xx_HAL_Driver/Src/stm32h7xx_hal_rtc_ex.c ****   * @param  hrtc RTC handle
1195:Drivers/STM32H7xx_HAL_Driver/Src/stm32h7xx_hal_rtc_ex.c ****   * @param  pSeed Pointer to active tamper seed values.
1196:Drivers/STM32H7xx_HAL_Driver/Src/stm32h7xx_hal_rtc_ex.c ****   * @retval HAL status
1197:Drivers/STM32H7xx_HAL_Driver/Src/stm32h7xx_hal_rtc_ex.c ****   */
1198:Drivers/STM32H7xx_HAL_Driver/Src/stm32h7xx_hal_rtc_ex.c **** HAL_StatusTypeDef HAL_RTCEx_SetActiveSeed(RTC_HandleTypeDef *hrtc, const uint32_t *pSeed)
1199:Drivers/STM32H7xx_HAL_Driver/Src/stm32h7xx_hal_rtc_ex.c **** {
1200:Drivers/STM32H7xx_HAL_Driver/Src/stm32h7xx_hal_rtc_ex.c ****   uint32_t i, tickstart;
1201:Drivers/STM32H7xx_HAL_Driver/Src/stm32h7xx_hal_rtc_ex.c **** 
1202:Drivers/STM32H7xx_HAL_Driver/Src/stm32h7xx_hal_rtc_ex.c ****   /* Active Tampers must be enabled */
1203:Drivers/STM32H7xx_HAL_Driver/Src/stm32h7xx_hal_rtc_ex.c ****   if (READ_BIT(TAMP->ATOR,  TAMP_ATOR_INITS) == 0U)
1204:Drivers/STM32H7xx_HAL_Driver/Src/stm32h7xx_hal_rtc_ex.c ****   {
1205:Drivers/STM32H7xx_HAL_Driver/Src/stm32h7xx_hal_rtc_ex.c ****     return HAL_ERROR;
1206:Drivers/STM32H7xx_HAL_Driver/Src/stm32h7xx_hal_rtc_ex.c ****   }
1207:Drivers/STM32H7xx_HAL_Driver/Src/stm32h7xx_hal_rtc_ex.c **** 
1208:Drivers/STM32H7xx_HAL_Driver/Src/stm32h7xx_hal_rtc_ex.c ****   for (i = 0; i < RTC_ATAMP_SEED_NB_UINT32; i++)
1209:Drivers/STM32H7xx_HAL_Driver/Src/stm32h7xx_hal_rtc_ex.c ****   {
1210:Drivers/STM32H7xx_HAL_Driver/Src/stm32h7xx_hal_rtc_ex.c ****     WRITE_REG(TAMP->ATSEEDR, pSeed[i]);
1211:Drivers/STM32H7xx_HAL_Driver/Src/stm32h7xx_hal_rtc_ex.c ****   }
1212:Drivers/STM32H7xx_HAL_Driver/Src/stm32h7xx_hal_rtc_ex.c **** 
1213:Drivers/STM32H7xx_HAL_Driver/Src/stm32h7xx_hal_rtc_ex.c ****   /* Wait till RTC SEEDF flag is set and if timeout is reached exit */
1214:Drivers/STM32H7xx_HAL_Driver/Src/stm32h7xx_hal_rtc_ex.c ****   tickstart = HAL_GetTick();
1215:Drivers/STM32H7xx_HAL_Driver/Src/stm32h7xx_hal_rtc_ex.c ****   while (READ_BIT(TAMP->ATOR,  TAMP_ATOR_SEEDF) != 0U)
1216:Drivers/STM32H7xx_HAL_Driver/Src/stm32h7xx_hal_rtc_ex.c ****   {
1217:Drivers/STM32H7xx_HAL_Driver/Src/stm32h7xx_hal_rtc_ex.c ****     if ((HAL_GetTick() - tickstart) > RTC_TIMEOUT_VALUE)
1218:Drivers/STM32H7xx_HAL_Driver/Src/stm32h7xx_hal_rtc_ex.c ****     {
1219:Drivers/STM32H7xx_HAL_Driver/Src/stm32h7xx_hal_rtc_ex.c ****       hrtc->State = HAL_RTC_STATE_TIMEOUT;
1220:Drivers/STM32H7xx_HAL_Driver/Src/stm32h7xx_hal_rtc_ex.c ****       return HAL_TIMEOUT;
1221:Drivers/STM32H7xx_HAL_Driver/Src/stm32h7xx_hal_rtc_ex.c ****     }
1222:Drivers/STM32H7xx_HAL_Driver/Src/stm32h7xx_hal_rtc_ex.c ****   }
1223:Drivers/STM32H7xx_HAL_Driver/Src/stm32h7xx_hal_rtc_ex.c **** 
1224:Drivers/STM32H7xx_HAL_Driver/Src/stm32h7xx_hal_rtc_ex.c ****   return HAL_OK;
1225:Drivers/STM32H7xx_HAL_Driver/Src/stm32h7xx_hal_rtc_ex.c **** }
1226:Drivers/STM32H7xx_HAL_Driver/Src/stm32h7xx_hal_rtc_ex.c **** 
1227:Drivers/STM32H7xx_HAL_Driver/Src/stm32h7xx_hal_rtc_ex.c **** /**
1228:Drivers/STM32H7xx_HAL_Driver/Src/stm32h7xx_hal_rtc_ex.c ****   * @brief  Deactivate all Active Tampers at the same time.
1229:Drivers/STM32H7xx_HAL_Driver/Src/stm32h7xx_hal_rtc_ex.c ****   * @param  hrtc RTC handle
1230:Drivers/STM32H7xx_HAL_Driver/Src/stm32h7xx_hal_rtc_ex.c ****   * @retval HAL status
1231:Drivers/STM32H7xx_HAL_Driver/Src/stm32h7xx_hal_rtc_ex.c ****   */
1232:Drivers/STM32H7xx_HAL_Driver/Src/stm32h7xx_hal_rtc_ex.c **** HAL_StatusTypeDef HAL_RTCEx_DeactivateActiveTampers(RTC_HandleTypeDef *hrtc)
1233:Drivers/STM32H7xx_HAL_Driver/Src/stm32h7xx_hal_rtc_ex.c **** {
1234:Drivers/STM32H7xx_HAL_Driver/Src/stm32h7xx_hal_rtc_ex.c ****   /* Get Active tampers */
1235:Drivers/STM32H7xx_HAL_Driver/Src/stm32h7xx_hal_rtc_ex.c ****   uint32_t ATamp_mask = READ_BIT(TAMP->ATCR1, TAMP_ALL);
1236:Drivers/STM32H7xx_HAL_Driver/Src/stm32h7xx_hal_rtc_ex.c **** 
ARM GAS  C:\Users\admin\AppData\Local\Temp\ccP3nyhx.s 			page 48


1237:Drivers/STM32H7xx_HAL_Driver/Src/stm32h7xx_hal_rtc_ex.c ****   UNUSED(hrtc);
1238:Drivers/STM32H7xx_HAL_Driver/Src/stm32h7xx_hal_rtc_ex.c ****   /* Disable all actives tampers but not passives tampers */
1239:Drivers/STM32H7xx_HAL_Driver/Src/stm32h7xx_hal_rtc_ex.c ****   CLEAR_BIT(TAMP->CR1, ATamp_mask);
1240:Drivers/STM32H7xx_HAL_Driver/Src/stm32h7xx_hal_rtc_ex.c ****   /* Disable no erase and mask */
1241:Drivers/STM32H7xx_HAL_Driver/Src/stm32h7xx_hal_rtc_ex.c ****   CLEAR_BIT(TAMP->CR2, (ATamp_mask | ((ATamp_mask & (TAMP_ATCR1_TAMP1AM | TAMP_ATCR1_TAMP2AM | TAMP
1242:Drivers/STM32H7xx_HAL_Driver/Src/stm32h7xx_hal_rtc_ex.c **** 
1243:Drivers/STM32H7xx_HAL_Driver/Src/stm32h7xx_hal_rtc_ex.c ****   /* Clear tamper interrupt and event flags (WO register) of all actives tampers but not passives t
1244:Drivers/STM32H7xx_HAL_Driver/Src/stm32h7xx_hal_rtc_ex.c ****   WRITE_REG(TAMP->SCR, ATamp_mask);
1245:Drivers/STM32H7xx_HAL_Driver/Src/stm32h7xx_hal_rtc_ex.c **** 
1246:Drivers/STM32H7xx_HAL_Driver/Src/stm32h7xx_hal_rtc_ex.c ****   /* Clear all active tampers interrupt mode configuration but not passives tampers */
1247:Drivers/STM32H7xx_HAL_Driver/Src/stm32h7xx_hal_rtc_ex.c ****   CLEAR_BIT(TAMP->IER, ATamp_mask);
1248:Drivers/STM32H7xx_HAL_Driver/Src/stm32h7xx_hal_rtc_ex.c **** 
1249:Drivers/STM32H7xx_HAL_Driver/Src/stm32h7xx_hal_rtc_ex.c ****   CLEAR_BIT(TAMP->ATCR1, TAMP_ALL | TAMP_ATCR1_ATCKSEL | TAMP_ATCR1_ATPER | \
1250:Drivers/STM32H7xx_HAL_Driver/Src/stm32h7xx_hal_rtc_ex.c ****             TAMP_ATCR1_ATOSHARE | TAMP_ATCR1_FLTEN);
1251:Drivers/STM32H7xx_HAL_Driver/Src/stm32h7xx_hal_rtc_ex.c **** 
1252:Drivers/STM32H7xx_HAL_Driver/Src/stm32h7xx_hal_rtc_ex.c **** #if defined(TAMP_ATCR2_ATOSEL1)
1253:Drivers/STM32H7xx_HAL_Driver/Src/stm32h7xx_hal_rtc_ex.c ****   CLEAR_BIT(TAMP->ATCR2, TAMP_ATCR2_ATOSEL1 | TAMP_ATCR2_ATOSEL2 | TAMP_ATCR2_ATOSEL3 | TAMP_ATCR2_
1254:Drivers/STM32H7xx_HAL_Driver/Src/stm32h7xx_hal_rtc_ex.c ****             TAMP_ATCR2_ATOSEL5 | TAMP_ATCR2_ATOSEL6 | TAMP_ATCR2_ATOSEL7 | TAMP_ATCR2_ATOSEL8);
1255:Drivers/STM32H7xx_HAL_Driver/Src/stm32h7xx_hal_rtc_ex.c **** #endif /* TAMP_ATCR2_ATOSEL1 */
1256:Drivers/STM32H7xx_HAL_Driver/Src/stm32h7xx_hal_rtc_ex.c **** 
1257:Drivers/STM32H7xx_HAL_Driver/Src/stm32h7xx_hal_rtc_ex.c ****   return HAL_OK;
1258:Drivers/STM32H7xx_HAL_Driver/Src/stm32h7xx_hal_rtc_ex.c **** }
1259:Drivers/STM32H7xx_HAL_Driver/Src/stm32h7xx_hal_rtc_ex.c **** #endif /* TAMP */
1260:Drivers/STM32H7xx_HAL_Driver/Src/stm32h7xx_hal_rtc_ex.c **** 
1261:Drivers/STM32H7xx_HAL_Driver/Src/stm32h7xx_hal_rtc_ex.c **** /**
1262:Drivers/STM32H7xx_HAL_Driver/Src/stm32h7xx_hal_rtc_ex.c ****   * @}
1263:Drivers/STM32H7xx_HAL_Driver/Src/stm32h7xx_hal_rtc_ex.c ****   */
1264:Drivers/STM32H7xx_HAL_Driver/Src/stm32h7xx_hal_rtc_ex.c **** 
1265:Drivers/STM32H7xx_HAL_Driver/Src/stm32h7xx_hal_rtc_ex.c **** /** @addtogroup RTCEx_Exported_Functions_Group1
1266:Drivers/STM32H7xx_HAL_Driver/Src/stm32h7xx_hal_rtc_ex.c ****  *  @brief   RTC TimeStamp and Tamper functions
1267:Drivers/STM32H7xx_HAL_Driver/Src/stm32h7xx_hal_rtc_ex.c ****  *
1268:Drivers/STM32H7xx_HAL_Driver/Src/stm32h7xx_hal_rtc_ex.c **** * @{
1269:Drivers/STM32H7xx_HAL_Driver/Src/stm32h7xx_hal_rtc_ex.c **** */
1270:Drivers/STM32H7xx_HAL_Driver/Src/stm32h7xx_hal_rtc_ex.c **** 
1271:Drivers/STM32H7xx_HAL_Driver/Src/stm32h7xx_hal_rtc_ex.c **** /**
1272:Drivers/STM32H7xx_HAL_Driver/Src/stm32h7xx_hal_rtc_ex.c ****   * @brief  Handle Tamper and TimeStamp interrupt request.
1273:Drivers/STM32H7xx_HAL_Driver/Src/stm32h7xx_hal_rtc_ex.c ****   * @param  hrtc RTC handle
1274:Drivers/STM32H7xx_HAL_Driver/Src/stm32h7xx_hal_rtc_ex.c ****   * @retval None
1275:Drivers/STM32H7xx_HAL_Driver/Src/stm32h7xx_hal_rtc_ex.c ****   */
1276:Drivers/STM32H7xx_HAL_Driver/Src/stm32h7xx_hal_rtc_ex.c **** #if defined(TAMP)
1277:Drivers/STM32H7xx_HAL_Driver/Src/stm32h7xx_hal_rtc_ex.c **** void HAL_RTCEx_TamperTimeStampIRQHandler(RTC_HandleTypeDef *hrtc)
1278:Drivers/STM32H7xx_HAL_Driver/Src/stm32h7xx_hal_rtc_ex.c **** {
1279:Drivers/STM32H7xx_HAL_Driver/Src/stm32h7xx_hal_rtc_ex.c **** 
1280:Drivers/STM32H7xx_HAL_Driver/Src/stm32h7xx_hal_rtc_ex.c ****   /* Point on TAMPER registers base address */
1281:Drivers/STM32H7xx_HAL_Driver/Src/stm32h7xx_hal_rtc_ex.c ****   TAMP_TypeDef *tamp = (TAMP_TypeDef *)((uint32_t)hrtc->Instance + TAMP_OFFSET);
1282:Drivers/STM32H7xx_HAL_Driver/Src/stm32h7xx_hal_rtc_ex.c **** 
1283:Drivers/STM32H7xx_HAL_Driver/Src/stm32h7xx_hal_rtc_ex.c ****   /* Clear the EXTI's Flag for RTC TimeStamp and Tamper */
1284:Drivers/STM32H7xx_HAL_Driver/Src/stm32h7xx_hal_rtc_ex.c ****   __HAL_RTC_TAMPER_TIMESTAMP_EXTI_CLEAR_FLAG();
1285:Drivers/STM32H7xx_HAL_Driver/Src/stm32h7xx_hal_rtc_ex.c **** 
1286:Drivers/STM32H7xx_HAL_Driver/Src/stm32h7xx_hal_rtc_ex.c ****   if ((hrtc->Instance->MISR & RTC_MISR_TSMF) != 0u)
1287:Drivers/STM32H7xx_HAL_Driver/Src/stm32h7xx_hal_rtc_ex.c ****   {
1288:Drivers/STM32H7xx_HAL_Driver/Src/stm32h7xx_hal_rtc_ex.c **** #if (USE_HAL_RTC_REGISTER_CALLBACKS == 1)
1289:Drivers/STM32H7xx_HAL_Driver/Src/stm32h7xx_hal_rtc_ex.c ****     /* Call TimeStampEvent registered Callback */
1290:Drivers/STM32H7xx_HAL_Driver/Src/stm32h7xx_hal_rtc_ex.c ****     hrtc->TimeStampEventCallback(hrtc);
1291:Drivers/STM32H7xx_HAL_Driver/Src/stm32h7xx_hal_rtc_ex.c **** #else
1292:Drivers/STM32H7xx_HAL_Driver/Src/stm32h7xx_hal_rtc_ex.c ****     HAL_RTCEx_TimeStampEventCallback(hrtc);
1293:Drivers/STM32H7xx_HAL_Driver/Src/stm32h7xx_hal_rtc_ex.c **** #endif /* USE_HAL_RTC_REGISTER_CALLBACKS */
ARM GAS  C:\Users\admin\AppData\Local\Temp\ccP3nyhx.s 			page 49


1294:Drivers/STM32H7xx_HAL_Driver/Src/stm32h7xx_hal_rtc_ex.c ****     /* Not immediately clear flags because the content of RTC_TSTR and RTC_TSDR are cleared when TS
1295:Drivers/STM32H7xx_HAL_Driver/Src/stm32h7xx_hal_rtc_ex.c ****     hrtc->Instance->SCR = RTC_SCR_CTSF;
1296:Drivers/STM32H7xx_HAL_Driver/Src/stm32h7xx_hal_rtc_ex.c ****   }
1297:Drivers/STM32H7xx_HAL_Driver/Src/stm32h7xx_hal_rtc_ex.c **** 
1298:Drivers/STM32H7xx_HAL_Driver/Src/stm32h7xx_hal_rtc_ex.c ****   /* Get interrupt status */
1299:Drivers/STM32H7xx_HAL_Driver/Src/stm32h7xx_hal_rtc_ex.c ****   uint32_t tmp = tamp->MISR;
1300:Drivers/STM32H7xx_HAL_Driver/Src/stm32h7xx_hal_rtc_ex.c **** 
1301:Drivers/STM32H7xx_HAL_Driver/Src/stm32h7xx_hal_rtc_ex.c ****   /* Immediately clear flags */
1302:Drivers/STM32H7xx_HAL_Driver/Src/stm32h7xx_hal_rtc_ex.c ****   tamp->SCR = tmp;
1303:Drivers/STM32H7xx_HAL_Driver/Src/stm32h7xx_hal_rtc_ex.c **** 
1304:Drivers/STM32H7xx_HAL_Driver/Src/stm32h7xx_hal_rtc_ex.c ****   /* Check Tamper 1 status */
1305:Drivers/STM32H7xx_HAL_Driver/Src/stm32h7xx_hal_rtc_ex.c ****   if ((tmp & RTC_TAMPER_1) == RTC_TAMPER_1)
1306:Drivers/STM32H7xx_HAL_Driver/Src/stm32h7xx_hal_rtc_ex.c ****   {
1307:Drivers/STM32H7xx_HAL_Driver/Src/stm32h7xx_hal_rtc_ex.c **** #if (USE_HAL_RTC_REGISTER_CALLBACKS == 1)
1308:Drivers/STM32H7xx_HAL_Driver/Src/stm32h7xx_hal_rtc_ex.c ****     /* Call Tamper 1 Event registered Callback */
1309:Drivers/STM32H7xx_HAL_Driver/Src/stm32h7xx_hal_rtc_ex.c ****     hrtc->Tamper1EventCallback(hrtc);
1310:Drivers/STM32H7xx_HAL_Driver/Src/stm32h7xx_hal_rtc_ex.c **** #else
1311:Drivers/STM32H7xx_HAL_Driver/Src/stm32h7xx_hal_rtc_ex.c ****     /* Tamper 1 callback */
1312:Drivers/STM32H7xx_HAL_Driver/Src/stm32h7xx_hal_rtc_ex.c ****     HAL_RTCEx_Tamper1EventCallback(hrtc);
1313:Drivers/STM32H7xx_HAL_Driver/Src/stm32h7xx_hal_rtc_ex.c **** #endif /* USE_HAL_RTC_REGISTER_CALLBACKS */
1314:Drivers/STM32H7xx_HAL_Driver/Src/stm32h7xx_hal_rtc_ex.c ****   }
1315:Drivers/STM32H7xx_HAL_Driver/Src/stm32h7xx_hal_rtc_ex.c **** 
1316:Drivers/STM32H7xx_HAL_Driver/Src/stm32h7xx_hal_rtc_ex.c **** #if defined(RTC_TAMPER2_SUPPORT)
1317:Drivers/STM32H7xx_HAL_Driver/Src/stm32h7xx_hal_rtc_ex.c ****   /* Check Tamper 2 status */
1318:Drivers/STM32H7xx_HAL_Driver/Src/stm32h7xx_hal_rtc_ex.c ****   if ((tmp & RTC_TAMPER_2) == RTC_TAMPER_2)
1319:Drivers/STM32H7xx_HAL_Driver/Src/stm32h7xx_hal_rtc_ex.c ****   {
1320:Drivers/STM32H7xx_HAL_Driver/Src/stm32h7xx_hal_rtc_ex.c **** #if (USE_HAL_RTC_REGISTER_CALLBACKS == 1)
1321:Drivers/STM32H7xx_HAL_Driver/Src/stm32h7xx_hal_rtc_ex.c ****     /* Call Tamper 2 Event registered Callback */
1322:Drivers/STM32H7xx_HAL_Driver/Src/stm32h7xx_hal_rtc_ex.c ****     hrtc->Tamper2EventCallback(hrtc);
1323:Drivers/STM32H7xx_HAL_Driver/Src/stm32h7xx_hal_rtc_ex.c **** #else
1324:Drivers/STM32H7xx_HAL_Driver/Src/stm32h7xx_hal_rtc_ex.c ****     /* Tamper 2 callback */
1325:Drivers/STM32H7xx_HAL_Driver/Src/stm32h7xx_hal_rtc_ex.c ****     HAL_RTCEx_Tamper2EventCallback(hrtc);
1326:Drivers/STM32H7xx_HAL_Driver/Src/stm32h7xx_hal_rtc_ex.c **** #endif /* USE_HAL_RTC_REGISTER_CALLBACKS */
1327:Drivers/STM32H7xx_HAL_Driver/Src/stm32h7xx_hal_rtc_ex.c ****   }
1328:Drivers/STM32H7xx_HAL_Driver/Src/stm32h7xx_hal_rtc_ex.c **** #endif /* RTC_TAMPER2_SUPPORT */
1329:Drivers/STM32H7xx_HAL_Driver/Src/stm32h7xx_hal_rtc_ex.c **** 
1330:Drivers/STM32H7xx_HAL_Driver/Src/stm32h7xx_hal_rtc_ex.c ****   /* Check Tamper 3 status */
1331:Drivers/STM32H7xx_HAL_Driver/Src/stm32h7xx_hal_rtc_ex.c ****   if ((tmp & RTC_TAMPER_3) == RTC_TAMPER_3)
1332:Drivers/STM32H7xx_HAL_Driver/Src/stm32h7xx_hal_rtc_ex.c ****   {
1333:Drivers/STM32H7xx_HAL_Driver/Src/stm32h7xx_hal_rtc_ex.c **** #if (USE_HAL_RTC_REGISTER_CALLBACKS == 1)
1334:Drivers/STM32H7xx_HAL_Driver/Src/stm32h7xx_hal_rtc_ex.c ****     /* Call Tamper 3 Event registered Callback */
1335:Drivers/STM32H7xx_HAL_Driver/Src/stm32h7xx_hal_rtc_ex.c ****     hrtc->Tamper3EventCallback(hrtc);
1336:Drivers/STM32H7xx_HAL_Driver/Src/stm32h7xx_hal_rtc_ex.c **** #else
1337:Drivers/STM32H7xx_HAL_Driver/Src/stm32h7xx_hal_rtc_ex.c ****     /* Tamper 3 callback */
1338:Drivers/STM32H7xx_HAL_Driver/Src/stm32h7xx_hal_rtc_ex.c ****     HAL_RTCEx_Tamper3EventCallback(hrtc);
1339:Drivers/STM32H7xx_HAL_Driver/Src/stm32h7xx_hal_rtc_ex.c **** #endif /* USE_HAL_RTC_REGISTER_CALLBACKS */
1340:Drivers/STM32H7xx_HAL_Driver/Src/stm32h7xx_hal_rtc_ex.c ****   }
1341:Drivers/STM32H7xx_HAL_Driver/Src/stm32h7xx_hal_rtc_ex.c **** 
1342:Drivers/STM32H7xx_HAL_Driver/Src/stm32h7xx_hal_rtc_ex.c ****   /* Check Internal Tamper 1 status */
1343:Drivers/STM32H7xx_HAL_Driver/Src/stm32h7xx_hal_rtc_ex.c ****   if ((tmp & RTC_INT_TAMPER_1) == RTC_INT_TAMPER_1)
1344:Drivers/STM32H7xx_HAL_Driver/Src/stm32h7xx_hal_rtc_ex.c ****   {
1345:Drivers/STM32H7xx_HAL_Driver/Src/stm32h7xx_hal_rtc_ex.c **** #if (USE_HAL_RTC_REGISTER_CALLBACKS == 1)
1346:Drivers/STM32H7xx_HAL_Driver/Src/stm32h7xx_hal_rtc_ex.c ****     /* Call Internal Tamper 1 Event registered callback */
1347:Drivers/STM32H7xx_HAL_Driver/Src/stm32h7xx_hal_rtc_ex.c ****     hrtc->InternalTamper1EventCallback(hrtc);
1348:Drivers/STM32H7xx_HAL_Driver/Src/stm32h7xx_hal_rtc_ex.c **** #else
1349:Drivers/STM32H7xx_HAL_Driver/Src/stm32h7xx_hal_rtc_ex.c ****     /* Call Internal Tamper 1 Event by-default callback */
1350:Drivers/STM32H7xx_HAL_Driver/Src/stm32h7xx_hal_rtc_ex.c ****     HAL_RTCEx_InternalTamper1EventCallback(hrtc);
ARM GAS  C:\Users\admin\AppData\Local\Temp\ccP3nyhx.s 			page 50


1351:Drivers/STM32H7xx_HAL_Driver/Src/stm32h7xx_hal_rtc_ex.c **** #endif /* USE_HAL_RTC_REGISTER_CALLBACKS */
1352:Drivers/STM32H7xx_HAL_Driver/Src/stm32h7xx_hal_rtc_ex.c ****   }
1353:Drivers/STM32H7xx_HAL_Driver/Src/stm32h7xx_hal_rtc_ex.c **** 
1354:Drivers/STM32H7xx_HAL_Driver/Src/stm32h7xx_hal_rtc_ex.c ****   /* Check Internal Tamper 2 status */
1355:Drivers/STM32H7xx_HAL_Driver/Src/stm32h7xx_hal_rtc_ex.c ****   if ((tmp & RTC_INT_TAMPER_2) == RTC_INT_TAMPER_2)
1356:Drivers/STM32H7xx_HAL_Driver/Src/stm32h7xx_hal_rtc_ex.c ****   {
1357:Drivers/STM32H7xx_HAL_Driver/Src/stm32h7xx_hal_rtc_ex.c **** #if (USE_HAL_RTC_REGISTER_CALLBACKS == 1)
1358:Drivers/STM32H7xx_HAL_Driver/Src/stm32h7xx_hal_rtc_ex.c ****     /* Call Internal Tamper 2 Event registered callback */
1359:Drivers/STM32H7xx_HAL_Driver/Src/stm32h7xx_hal_rtc_ex.c ****     hrtc->InternalTamper2EventCallback(hrtc);
1360:Drivers/STM32H7xx_HAL_Driver/Src/stm32h7xx_hal_rtc_ex.c **** #else
1361:Drivers/STM32H7xx_HAL_Driver/Src/stm32h7xx_hal_rtc_ex.c ****     /* Call Internal Tamper 2 Event by-default callback */
1362:Drivers/STM32H7xx_HAL_Driver/Src/stm32h7xx_hal_rtc_ex.c ****     HAL_RTCEx_InternalTamper2EventCallback(hrtc);
1363:Drivers/STM32H7xx_HAL_Driver/Src/stm32h7xx_hal_rtc_ex.c **** #endif /* USE_HAL_RTC_REGISTER_CALLBACKS */
1364:Drivers/STM32H7xx_HAL_Driver/Src/stm32h7xx_hal_rtc_ex.c ****   }
1365:Drivers/STM32H7xx_HAL_Driver/Src/stm32h7xx_hal_rtc_ex.c **** 
1366:Drivers/STM32H7xx_HAL_Driver/Src/stm32h7xx_hal_rtc_ex.c ****   /* Check Internal Tamper 3 status */
1367:Drivers/STM32H7xx_HAL_Driver/Src/stm32h7xx_hal_rtc_ex.c ****   if ((tmp & RTC_INT_TAMPER_3) == RTC_INT_TAMPER_3)
1368:Drivers/STM32H7xx_HAL_Driver/Src/stm32h7xx_hal_rtc_ex.c ****   {
1369:Drivers/STM32H7xx_HAL_Driver/Src/stm32h7xx_hal_rtc_ex.c **** #if (USE_HAL_RTC_REGISTER_CALLBACKS == 1)
1370:Drivers/STM32H7xx_HAL_Driver/Src/stm32h7xx_hal_rtc_ex.c ****     /* Call Internal Tamper 3 Event registered callback */
1371:Drivers/STM32H7xx_HAL_Driver/Src/stm32h7xx_hal_rtc_ex.c ****     hrtc->InternalTamper3EventCallback(hrtc);
1372:Drivers/STM32H7xx_HAL_Driver/Src/stm32h7xx_hal_rtc_ex.c **** #else
1373:Drivers/STM32H7xx_HAL_Driver/Src/stm32h7xx_hal_rtc_ex.c ****     /* Call Internal Tamper 3 Event by-default callback */
1374:Drivers/STM32H7xx_HAL_Driver/Src/stm32h7xx_hal_rtc_ex.c ****     HAL_RTCEx_InternalTamper3EventCallback(hrtc);
1375:Drivers/STM32H7xx_HAL_Driver/Src/stm32h7xx_hal_rtc_ex.c **** #endif /* USE_HAL_RTC_REGISTER_CALLBACKS */
1376:Drivers/STM32H7xx_HAL_Driver/Src/stm32h7xx_hal_rtc_ex.c ****   }
1377:Drivers/STM32H7xx_HAL_Driver/Src/stm32h7xx_hal_rtc_ex.c **** 
1378:Drivers/STM32H7xx_HAL_Driver/Src/stm32h7xx_hal_rtc_ex.c ****   /* Check Internal Tamper 4 status */
1379:Drivers/STM32H7xx_HAL_Driver/Src/stm32h7xx_hal_rtc_ex.c ****   if ((tmp & RTC_INT_TAMPER_4) == RTC_INT_TAMPER_4)
1380:Drivers/STM32H7xx_HAL_Driver/Src/stm32h7xx_hal_rtc_ex.c ****   {
1381:Drivers/STM32H7xx_HAL_Driver/Src/stm32h7xx_hal_rtc_ex.c **** #if (USE_HAL_RTC_REGISTER_CALLBACKS == 1)
1382:Drivers/STM32H7xx_HAL_Driver/Src/stm32h7xx_hal_rtc_ex.c ****     /* Call Internal Tamper 4 Event registered callback */
1383:Drivers/STM32H7xx_HAL_Driver/Src/stm32h7xx_hal_rtc_ex.c ****     hrtc->InternalTamper4EventCallback(hrtc);
1384:Drivers/STM32H7xx_HAL_Driver/Src/stm32h7xx_hal_rtc_ex.c **** #else
1385:Drivers/STM32H7xx_HAL_Driver/Src/stm32h7xx_hal_rtc_ex.c ****     /* Call Internal Tamper 4 Event by-default callback */
1386:Drivers/STM32H7xx_HAL_Driver/Src/stm32h7xx_hal_rtc_ex.c ****     HAL_RTCEx_InternalTamper4EventCallback(hrtc);
1387:Drivers/STM32H7xx_HAL_Driver/Src/stm32h7xx_hal_rtc_ex.c **** #endif /* USE_HAL_RTC_REGISTER_CALLBACKS */
1388:Drivers/STM32H7xx_HAL_Driver/Src/stm32h7xx_hal_rtc_ex.c ****   }
1389:Drivers/STM32H7xx_HAL_Driver/Src/stm32h7xx_hal_rtc_ex.c **** 
1390:Drivers/STM32H7xx_HAL_Driver/Src/stm32h7xx_hal_rtc_ex.c ****   /* Check Internal Tamper 5 status */
1391:Drivers/STM32H7xx_HAL_Driver/Src/stm32h7xx_hal_rtc_ex.c ****   if ((tmp & RTC_INT_TAMPER_5) == RTC_INT_TAMPER_5)
1392:Drivers/STM32H7xx_HAL_Driver/Src/stm32h7xx_hal_rtc_ex.c ****   {
1393:Drivers/STM32H7xx_HAL_Driver/Src/stm32h7xx_hal_rtc_ex.c **** #if (USE_HAL_RTC_REGISTER_CALLBACKS == 1)
1394:Drivers/STM32H7xx_HAL_Driver/Src/stm32h7xx_hal_rtc_ex.c ****     /* Call Internal Tamper 5 Event registered callback */
1395:Drivers/STM32H7xx_HAL_Driver/Src/stm32h7xx_hal_rtc_ex.c ****     hrtc->InternalTamper5EventCallback(hrtc);
1396:Drivers/STM32H7xx_HAL_Driver/Src/stm32h7xx_hal_rtc_ex.c **** #else
1397:Drivers/STM32H7xx_HAL_Driver/Src/stm32h7xx_hal_rtc_ex.c ****     /* Call Internal Tamper 5 Event by-default callback */
1398:Drivers/STM32H7xx_HAL_Driver/Src/stm32h7xx_hal_rtc_ex.c ****     HAL_RTCEx_InternalTamper5EventCallback(hrtc);
1399:Drivers/STM32H7xx_HAL_Driver/Src/stm32h7xx_hal_rtc_ex.c **** #endif /* USE_HAL_RTC_REGISTER_CALLBACKS */
1400:Drivers/STM32H7xx_HAL_Driver/Src/stm32h7xx_hal_rtc_ex.c ****   }
1401:Drivers/STM32H7xx_HAL_Driver/Src/stm32h7xx_hal_rtc_ex.c **** 
1402:Drivers/STM32H7xx_HAL_Driver/Src/stm32h7xx_hal_rtc_ex.c ****   /* Check Internal Tamper 6 status */
1403:Drivers/STM32H7xx_HAL_Driver/Src/stm32h7xx_hal_rtc_ex.c ****   if ((tmp & RTC_INT_TAMPER_6) == RTC_INT_TAMPER_6)
1404:Drivers/STM32H7xx_HAL_Driver/Src/stm32h7xx_hal_rtc_ex.c ****   {
1405:Drivers/STM32H7xx_HAL_Driver/Src/stm32h7xx_hal_rtc_ex.c **** #if (USE_HAL_RTC_REGISTER_CALLBACKS == 1)
1406:Drivers/STM32H7xx_HAL_Driver/Src/stm32h7xx_hal_rtc_ex.c ****     /* Call Internal Tamper 6 Event registered callback */
1407:Drivers/STM32H7xx_HAL_Driver/Src/stm32h7xx_hal_rtc_ex.c ****     hrtc->InternalTamper6EventCallback(hrtc);
ARM GAS  C:\Users\admin\AppData\Local\Temp\ccP3nyhx.s 			page 51


1408:Drivers/STM32H7xx_HAL_Driver/Src/stm32h7xx_hal_rtc_ex.c **** #else
1409:Drivers/STM32H7xx_HAL_Driver/Src/stm32h7xx_hal_rtc_ex.c ****     /* Call Internal Tamper 6 Event by-default callback */
1410:Drivers/STM32H7xx_HAL_Driver/Src/stm32h7xx_hal_rtc_ex.c ****     HAL_RTCEx_InternalTamper6EventCallback(hrtc);
1411:Drivers/STM32H7xx_HAL_Driver/Src/stm32h7xx_hal_rtc_ex.c **** #endif /* USE_HAL_RTC_REGISTER_CALLBACKS */
1412:Drivers/STM32H7xx_HAL_Driver/Src/stm32h7xx_hal_rtc_ex.c ****   }
1413:Drivers/STM32H7xx_HAL_Driver/Src/stm32h7xx_hal_rtc_ex.c **** 
1414:Drivers/STM32H7xx_HAL_Driver/Src/stm32h7xx_hal_rtc_ex.c ****   /* Check Internal Tamper 8 status */
1415:Drivers/STM32H7xx_HAL_Driver/Src/stm32h7xx_hal_rtc_ex.c ****   if ((tmp & RTC_INT_TAMPER_8) == RTC_INT_TAMPER_8)
1416:Drivers/STM32H7xx_HAL_Driver/Src/stm32h7xx_hal_rtc_ex.c ****   {
1417:Drivers/STM32H7xx_HAL_Driver/Src/stm32h7xx_hal_rtc_ex.c **** #if (USE_HAL_RTC_REGISTER_CALLBACKS == 1)
1418:Drivers/STM32H7xx_HAL_Driver/Src/stm32h7xx_hal_rtc_ex.c ****     /* Call Internal Tamper 8 Event registered callback */
1419:Drivers/STM32H7xx_HAL_Driver/Src/stm32h7xx_hal_rtc_ex.c ****     hrtc->InternalTamper8EventCallback(hrtc);
1420:Drivers/STM32H7xx_HAL_Driver/Src/stm32h7xx_hal_rtc_ex.c **** #else
1421:Drivers/STM32H7xx_HAL_Driver/Src/stm32h7xx_hal_rtc_ex.c ****     /* Call Internal Tamper 8 Event by-default callback */
1422:Drivers/STM32H7xx_HAL_Driver/Src/stm32h7xx_hal_rtc_ex.c ****     HAL_RTCEx_InternalTamper8EventCallback(hrtc);
1423:Drivers/STM32H7xx_HAL_Driver/Src/stm32h7xx_hal_rtc_ex.c **** #endif /* USE_HAL_RTC_REGISTER_CALLBACKS */
1424:Drivers/STM32H7xx_HAL_Driver/Src/stm32h7xx_hal_rtc_ex.c ****   }
1425:Drivers/STM32H7xx_HAL_Driver/Src/stm32h7xx_hal_rtc_ex.c **** 
1426:Drivers/STM32H7xx_HAL_Driver/Src/stm32h7xx_hal_rtc_ex.c ****   /* Change RTC state */
1427:Drivers/STM32H7xx_HAL_Driver/Src/stm32h7xx_hal_rtc_ex.c ****   hrtc->State = HAL_RTC_STATE_READY;
1428:Drivers/STM32H7xx_HAL_Driver/Src/stm32h7xx_hal_rtc_ex.c **** }
1429:Drivers/STM32H7xx_HAL_Driver/Src/stm32h7xx_hal_rtc_ex.c **** #else
1430:Drivers/STM32H7xx_HAL_Driver/Src/stm32h7xx_hal_rtc_ex.c **** void HAL_RTCEx_TamperTimeStampIRQHandler(RTC_HandleTypeDef *hrtc)
1431:Drivers/STM32H7xx_HAL_Driver/Src/stm32h7xx_hal_rtc_ex.c **** {
1432:Drivers/STM32H7xx_HAL_Driver/Src/stm32h7xx_hal_rtc_ex.c ****   /* Clear the EXTI's Flag for RTC TimeStamp and Tamper */
1433:Drivers/STM32H7xx_HAL_Driver/Src/stm32h7xx_hal_rtc_ex.c **** #if defined(DUAL_CORE)
1434:Drivers/STM32H7xx_HAL_Driver/Src/stm32h7xx_hal_rtc_ex.c ****   if (HAL_GetCurrentCPUID() == CM7_CPUID)
1435:Drivers/STM32H7xx_HAL_Driver/Src/stm32h7xx_hal_rtc_ex.c ****   {
1436:Drivers/STM32H7xx_HAL_Driver/Src/stm32h7xx_hal_rtc_ex.c ****     __HAL_RTC_TAMPER_TIMESTAMP_EXTI_CLEAR_FLAG();
1437:Drivers/STM32H7xx_HAL_Driver/Src/stm32h7xx_hal_rtc_ex.c ****   }
1438:Drivers/STM32H7xx_HAL_Driver/Src/stm32h7xx_hal_rtc_ex.c ****   else
1439:Drivers/STM32H7xx_HAL_Driver/Src/stm32h7xx_hal_rtc_ex.c ****   {
1440:Drivers/STM32H7xx_HAL_Driver/Src/stm32h7xx_hal_rtc_ex.c ****     __HAL_RTC_TAMPER_TIMESTAMP_EXTID2_CLEAR_FLAG();
1441:Drivers/STM32H7xx_HAL_Driver/Src/stm32h7xx_hal_rtc_ex.c ****   }
1442:Drivers/STM32H7xx_HAL_Driver/Src/stm32h7xx_hal_rtc_ex.c **** #else /* SINGLE_CORE */
1443:Drivers/STM32H7xx_HAL_Driver/Src/stm32h7xx_hal_rtc_ex.c ****   __HAL_RTC_TAMPER_TIMESTAMP_EXTI_CLEAR_FLAG();
1444:Drivers/STM32H7xx_HAL_Driver/Src/stm32h7xx_hal_rtc_ex.c **** #endif /* DUAL_CORE */
1445:Drivers/STM32H7xx_HAL_Driver/Src/stm32h7xx_hal_rtc_ex.c **** 
1446:Drivers/STM32H7xx_HAL_Driver/Src/stm32h7xx_hal_rtc_ex.c ****   /* Get the TimeStamp interrupt source enable status */
1447:Drivers/STM32H7xx_HAL_Driver/Src/stm32h7xx_hal_rtc_ex.c ****   if (__HAL_RTC_TIMESTAMP_GET_IT_SOURCE(hrtc, RTC_IT_TS) != 0U)
1448:Drivers/STM32H7xx_HAL_Driver/Src/stm32h7xx_hal_rtc_ex.c ****   {
1449:Drivers/STM32H7xx_HAL_Driver/Src/stm32h7xx_hal_rtc_ex.c ****     /* Get the pending status of the TIMESTAMP Interrupt */
1450:Drivers/STM32H7xx_HAL_Driver/Src/stm32h7xx_hal_rtc_ex.c ****     if (__HAL_RTC_TIMESTAMP_GET_FLAG(hrtc, RTC_FLAG_TSF) != 0U)
1451:Drivers/STM32H7xx_HAL_Driver/Src/stm32h7xx_hal_rtc_ex.c ****     {
1452:Drivers/STM32H7xx_HAL_Driver/Src/stm32h7xx_hal_rtc_ex.c ****       /* TIMESTAMP callback */
1453:Drivers/STM32H7xx_HAL_Driver/Src/stm32h7xx_hal_rtc_ex.c **** #if (USE_HAL_RTC_REGISTER_CALLBACKS == 1)
1454:Drivers/STM32H7xx_HAL_Driver/Src/stm32h7xx_hal_rtc_ex.c ****       hrtc->TimeStampEventCallback(hrtc);
1455:Drivers/STM32H7xx_HAL_Driver/Src/stm32h7xx_hal_rtc_ex.c **** #else  /* (USE_HAL_RTC_REGISTER_CALLBACKS == 1) */
1456:Drivers/STM32H7xx_HAL_Driver/Src/stm32h7xx_hal_rtc_ex.c ****       HAL_RTCEx_TimeStampEventCallback(hrtc);
1457:Drivers/STM32H7xx_HAL_Driver/Src/stm32h7xx_hal_rtc_ex.c **** #endif /* (USE_HAL_RTC_REGISTER_CALLBACKS == 1) */
1458:Drivers/STM32H7xx_HAL_Driver/Src/stm32h7xx_hal_rtc_ex.c **** 
1459:Drivers/STM32H7xx_HAL_Driver/Src/stm32h7xx_hal_rtc_ex.c ****       /* Clear the TIMESTAMP interrupt pending bit (this will clear timestamp time and date registe
1460:Drivers/STM32H7xx_HAL_Driver/Src/stm32h7xx_hal_rtc_ex.c ****       __HAL_RTC_TIMESTAMP_CLEAR_FLAG(hrtc, RTC_FLAG_TSF);
1461:Drivers/STM32H7xx_HAL_Driver/Src/stm32h7xx_hal_rtc_ex.c ****     }
1462:Drivers/STM32H7xx_HAL_Driver/Src/stm32h7xx_hal_rtc_ex.c ****   }
1463:Drivers/STM32H7xx_HAL_Driver/Src/stm32h7xx_hal_rtc_ex.c **** 
1464:Drivers/STM32H7xx_HAL_Driver/Src/stm32h7xx_hal_rtc_ex.c ****   /* Get the Tamper 1 interrupt source enable status */
ARM GAS  C:\Users\admin\AppData\Local\Temp\ccP3nyhx.s 			page 52


1465:Drivers/STM32H7xx_HAL_Driver/Src/stm32h7xx_hal_rtc_ex.c **** #if defined(RTC_TAMPxIE_SUPPORT)
1466:Drivers/STM32H7xx_HAL_Driver/Src/stm32h7xx_hal_rtc_ex.c ****   if (__HAL_RTC_TAMPER_GET_IT_SOURCE(hrtc, RTC_IT_TAMP | RTC_IT_TAMP1) != 0U)
1467:Drivers/STM32H7xx_HAL_Driver/Src/stm32h7xx_hal_rtc_ex.c **** #else
1468:Drivers/STM32H7xx_HAL_Driver/Src/stm32h7xx_hal_rtc_ex.c ****   if (__HAL_RTC_TAMPER_GET_IT_SOURCE(hrtc, RTC_IT_TAMP) != 0U)
1469:Drivers/STM32H7xx_HAL_Driver/Src/stm32h7xx_hal_rtc_ex.c **** #endif /* RTC_TAMPxIE_SUPPORT */
1470:Drivers/STM32H7xx_HAL_Driver/Src/stm32h7xx_hal_rtc_ex.c ****   {
1471:Drivers/STM32H7xx_HAL_Driver/Src/stm32h7xx_hal_rtc_ex.c ****     /* Get the pending status of the Tamper 1 Interrupt */
1472:Drivers/STM32H7xx_HAL_Driver/Src/stm32h7xx_hal_rtc_ex.c ****     if (__HAL_RTC_TAMPER_GET_FLAG(hrtc, RTC_FLAG_TAMP1F) != 0U)
1473:Drivers/STM32H7xx_HAL_Driver/Src/stm32h7xx_hal_rtc_ex.c ****     {
1474:Drivers/STM32H7xx_HAL_Driver/Src/stm32h7xx_hal_rtc_ex.c ****       /* Clear the Tamper 1 interrupt pending bit */
1475:Drivers/STM32H7xx_HAL_Driver/Src/stm32h7xx_hal_rtc_ex.c ****       __HAL_RTC_TAMPER_CLEAR_FLAG(hrtc, RTC_FLAG_TAMP1F);
1476:Drivers/STM32H7xx_HAL_Driver/Src/stm32h7xx_hal_rtc_ex.c **** 
1477:Drivers/STM32H7xx_HAL_Driver/Src/stm32h7xx_hal_rtc_ex.c ****       /* Tamper 1 callback */
1478:Drivers/STM32H7xx_HAL_Driver/Src/stm32h7xx_hal_rtc_ex.c **** #if (USE_HAL_RTC_REGISTER_CALLBACKS == 1)
1479:Drivers/STM32H7xx_HAL_Driver/Src/stm32h7xx_hal_rtc_ex.c ****       hrtc->Tamper1EventCallback(hrtc);
1480:Drivers/STM32H7xx_HAL_Driver/Src/stm32h7xx_hal_rtc_ex.c **** #else  /* (USE_HAL_RTC_REGISTER_CALLBACKS == 1) */
1481:Drivers/STM32H7xx_HAL_Driver/Src/stm32h7xx_hal_rtc_ex.c ****       HAL_RTCEx_Tamper1EventCallback(hrtc);
1482:Drivers/STM32H7xx_HAL_Driver/Src/stm32h7xx_hal_rtc_ex.c **** #endif /* (USE_HAL_RTC_REGISTER_CALLBACKS == 1) */
1483:Drivers/STM32H7xx_HAL_Driver/Src/stm32h7xx_hal_rtc_ex.c ****     }
1484:Drivers/STM32H7xx_HAL_Driver/Src/stm32h7xx_hal_rtc_ex.c ****   }
1485:Drivers/STM32H7xx_HAL_Driver/Src/stm32h7xx_hal_rtc_ex.c **** 
1486:Drivers/STM32H7xx_HAL_Driver/Src/stm32h7xx_hal_rtc_ex.c ****   /* Get the Tamper 2 interrupt source enable status */
1487:Drivers/STM32H7xx_HAL_Driver/Src/stm32h7xx_hal_rtc_ex.c **** #if defined(RTC_TAMPER2_SUPPORT)
1488:Drivers/STM32H7xx_HAL_Driver/Src/stm32h7xx_hal_rtc_ex.c **** #if defined(RTC_TAMPxIE_SUPPORT)
1489:Drivers/STM32H7xx_HAL_Driver/Src/stm32h7xx_hal_rtc_ex.c ****   if (__HAL_RTC_TAMPER_GET_IT_SOURCE(hrtc, RTC_IT_TAMP | RTC_IT_TAMP2) != 0U)
1490:Drivers/STM32H7xx_HAL_Driver/Src/stm32h7xx_hal_rtc_ex.c **** #else
1491:Drivers/STM32H7xx_HAL_Driver/Src/stm32h7xx_hal_rtc_ex.c ****   if (__HAL_RTC_TAMPER_GET_IT_SOURCE(hrtc, RTC_IT_TAMP) != 0U)
1492:Drivers/STM32H7xx_HAL_Driver/Src/stm32h7xx_hal_rtc_ex.c **** #endif /* RTC_TAMPxIE_SUPPORT */
1493:Drivers/STM32H7xx_HAL_Driver/Src/stm32h7xx_hal_rtc_ex.c ****   {
1494:Drivers/STM32H7xx_HAL_Driver/Src/stm32h7xx_hal_rtc_ex.c ****     /* Get the pending status of the Tamper 2 Interrupt */
1495:Drivers/STM32H7xx_HAL_Driver/Src/stm32h7xx_hal_rtc_ex.c ****     if (__HAL_RTC_TAMPER_GET_FLAG(hrtc, RTC_FLAG_TAMP2F) != 0U)
1496:Drivers/STM32H7xx_HAL_Driver/Src/stm32h7xx_hal_rtc_ex.c ****     {
1497:Drivers/STM32H7xx_HAL_Driver/Src/stm32h7xx_hal_rtc_ex.c ****       /* Clear the Tamper 2 interrupt pending bit */
1498:Drivers/STM32H7xx_HAL_Driver/Src/stm32h7xx_hal_rtc_ex.c ****       __HAL_RTC_TAMPER_CLEAR_FLAG(hrtc, RTC_FLAG_TAMP2F);
1499:Drivers/STM32H7xx_HAL_Driver/Src/stm32h7xx_hal_rtc_ex.c **** 
1500:Drivers/STM32H7xx_HAL_Driver/Src/stm32h7xx_hal_rtc_ex.c ****       /* Tamper 2 callback */
1501:Drivers/STM32H7xx_HAL_Driver/Src/stm32h7xx_hal_rtc_ex.c **** #if (USE_HAL_RTC_REGISTER_CALLBACKS == 1)
1502:Drivers/STM32H7xx_HAL_Driver/Src/stm32h7xx_hal_rtc_ex.c ****       hrtc->Tamper2EventCallback(hrtc);
1503:Drivers/STM32H7xx_HAL_Driver/Src/stm32h7xx_hal_rtc_ex.c **** #else  /* (USE_HAL_RTC_REGISTER_CALLBACKS == 1) */
1504:Drivers/STM32H7xx_HAL_Driver/Src/stm32h7xx_hal_rtc_ex.c ****       HAL_RTCEx_Tamper2EventCallback(hrtc);
1505:Drivers/STM32H7xx_HAL_Driver/Src/stm32h7xx_hal_rtc_ex.c **** #endif /* (USE_HAL_RTC_REGISTER_CALLBACKS == 1) */
1506:Drivers/STM32H7xx_HAL_Driver/Src/stm32h7xx_hal_rtc_ex.c ****     }
1507:Drivers/STM32H7xx_HAL_Driver/Src/stm32h7xx_hal_rtc_ex.c ****   }
1508:Drivers/STM32H7xx_HAL_Driver/Src/stm32h7xx_hal_rtc_ex.c **** #endif /* RTC_TAMPER2_SUPPORT */
1509:Drivers/STM32H7xx_HAL_Driver/Src/stm32h7xx_hal_rtc_ex.c **** 
1510:Drivers/STM32H7xx_HAL_Driver/Src/stm32h7xx_hal_rtc_ex.c ****   /* Get the Tamper 3 interrupts source enable status */
1511:Drivers/STM32H7xx_HAL_Driver/Src/stm32h7xx_hal_rtc_ex.c **** #if defined(RTC_TAMPxIE_SUPPORT)
1512:Drivers/STM32H7xx_HAL_Driver/Src/stm32h7xx_hal_rtc_ex.c ****   if (__HAL_RTC_TAMPER_GET_IT_SOURCE(hrtc, RTC_IT_TAMP | RTC_IT_TAMP3) != 0U)
1513:Drivers/STM32H7xx_HAL_Driver/Src/stm32h7xx_hal_rtc_ex.c **** #else
1514:Drivers/STM32H7xx_HAL_Driver/Src/stm32h7xx_hal_rtc_ex.c ****   if (__HAL_RTC_TAMPER_GET_IT_SOURCE(hrtc, RTC_IT_TAMP) != 0U)
1515:Drivers/STM32H7xx_HAL_Driver/Src/stm32h7xx_hal_rtc_ex.c **** #endif /* RTC_TAMPxIE_SUPPORT */
1516:Drivers/STM32H7xx_HAL_Driver/Src/stm32h7xx_hal_rtc_ex.c ****   {
1517:Drivers/STM32H7xx_HAL_Driver/Src/stm32h7xx_hal_rtc_ex.c ****     /* Get the pending status of the Tamper 3 Interrupt */
1518:Drivers/STM32H7xx_HAL_Driver/Src/stm32h7xx_hal_rtc_ex.c ****     if (__HAL_RTC_TAMPER_GET_FLAG(hrtc, RTC_FLAG_TAMP3F) != 0U)
1519:Drivers/STM32H7xx_HAL_Driver/Src/stm32h7xx_hal_rtc_ex.c ****     {
1520:Drivers/STM32H7xx_HAL_Driver/Src/stm32h7xx_hal_rtc_ex.c ****       /* Clear the Tamper 3 interrupt pending bit */
1521:Drivers/STM32H7xx_HAL_Driver/Src/stm32h7xx_hal_rtc_ex.c ****       __HAL_RTC_TAMPER_CLEAR_FLAG(hrtc, RTC_FLAG_TAMP3F);
ARM GAS  C:\Users\admin\AppData\Local\Temp\ccP3nyhx.s 			page 53


1522:Drivers/STM32H7xx_HAL_Driver/Src/stm32h7xx_hal_rtc_ex.c **** 
1523:Drivers/STM32H7xx_HAL_Driver/Src/stm32h7xx_hal_rtc_ex.c ****       /* Tamper 3 callback */
1524:Drivers/STM32H7xx_HAL_Driver/Src/stm32h7xx_hal_rtc_ex.c **** #if (USE_HAL_RTC_REGISTER_CALLBACKS == 1)
1525:Drivers/STM32H7xx_HAL_Driver/Src/stm32h7xx_hal_rtc_ex.c ****       hrtc->Tamper3EventCallback(hrtc);
1526:Drivers/STM32H7xx_HAL_Driver/Src/stm32h7xx_hal_rtc_ex.c **** #else  /* (USE_HAL_RTC_REGISTER_CALLBACKS == 1) */
1527:Drivers/STM32H7xx_HAL_Driver/Src/stm32h7xx_hal_rtc_ex.c ****       HAL_RTCEx_Tamper3EventCallback(hrtc);
1528:Drivers/STM32H7xx_HAL_Driver/Src/stm32h7xx_hal_rtc_ex.c **** #endif /* (USE_HAL_RTC_REGISTER_CALLBACKS == 1) */
1529:Drivers/STM32H7xx_HAL_Driver/Src/stm32h7xx_hal_rtc_ex.c ****     }
1530:Drivers/STM32H7xx_HAL_Driver/Src/stm32h7xx_hal_rtc_ex.c ****   }
1531:Drivers/STM32H7xx_HAL_Driver/Src/stm32h7xx_hal_rtc_ex.c **** 
1532:Drivers/STM32H7xx_HAL_Driver/Src/stm32h7xx_hal_rtc_ex.c ****   /* Change RTC state */
1533:Drivers/STM32H7xx_HAL_Driver/Src/stm32h7xx_hal_rtc_ex.c ****   hrtc->State = HAL_RTC_STATE_READY;
1534:Drivers/STM32H7xx_HAL_Driver/Src/stm32h7xx_hal_rtc_ex.c **** }
1535:Drivers/STM32H7xx_HAL_Driver/Src/stm32h7xx_hal_rtc_ex.c **** #endif /* TAMP */
1536:Drivers/STM32H7xx_HAL_Driver/Src/stm32h7xx_hal_rtc_ex.c **** 
1537:Drivers/STM32H7xx_HAL_Driver/Src/stm32h7xx_hal_rtc_ex.c **** /**
1538:Drivers/STM32H7xx_HAL_Driver/Src/stm32h7xx_hal_rtc_ex.c ****   * @brief  TimeStamp callback.
1539:Drivers/STM32H7xx_HAL_Driver/Src/stm32h7xx_hal_rtc_ex.c ****   * @param  hrtc RTC handle
1540:Drivers/STM32H7xx_HAL_Driver/Src/stm32h7xx_hal_rtc_ex.c ****   * @retval None
1541:Drivers/STM32H7xx_HAL_Driver/Src/stm32h7xx_hal_rtc_ex.c ****   */
1542:Drivers/STM32H7xx_HAL_Driver/Src/stm32h7xx_hal_rtc_ex.c **** __weak void HAL_RTCEx_TimeStampEventCallback(RTC_HandleTypeDef *hrtc)
1543:Drivers/STM32H7xx_HAL_Driver/Src/stm32h7xx_hal_rtc_ex.c **** {
 1363              		.loc 1 1543 1 is_stmt 1 view -0
 1364              		.cfi_startproc
 1365              		@ args = 0, pretend = 0, frame = 0
 1366              		@ frame_needed = 0, uses_anonymous_args = 0
 1367              		@ link register save eliminated.
1544:Drivers/STM32H7xx_HAL_Driver/Src/stm32h7xx_hal_rtc_ex.c ****   /* Prevent unused argument(s) compilation warning */
1545:Drivers/STM32H7xx_HAL_Driver/Src/stm32h7xx_hal_rtc_ex.c ****   UNUSED(hrtc);
 1368              		.loc 1 1545 3 view .LVU510
1546:Drivers/STM32H7xx_HAL_Driver/Src/stm32h7xx_hal_rtc_ex.c **** 
1547:Drivers/STM32H7xx_HAL_Driver/Src/stm32h7xx_hal_rtc_ex.c ****   /* NOTE : This function should not be modified, when the callback is needed,
1548:Drivers/STM32H7xx_HAL_Driver/Src/stm32h7xx_hal_rtc_ex.c ****             the HAL_RTCEx_TimeStampEventCallback could be implemented in the user file
1549:Drivers/STM32H7xx_HAL_Driver/Src/stm32h7xx_hal_rtc_ex.c ****   */
1550:Drivers/STM32H7xx_HAL_Driver/Src/stm32h7xx_hal_rtc_ex.c **** }
 1369              		.loc 1 1550 1 is_stmt 0 view .LVU511
 1370 0000 7047     		bx	lr
 1371              		.cfi_endproc
 1372              	.LFE154:
 1374              		.section	.text.HAL_RTCEx_Tamper1EventCallback,"ax",%progbits
 1375              		.align	1
 1376              		.weak	HAL_RTCEx_Tamper1EventCallback
 1377              		.syntax unified
 1378              		.thumb
 1379              		.thumb_func
 1381              	HAL_RTCEx_Tamper1EventCallback:
 1382              	.LVL108:
 1383              	.LFB155:
1551:Drivers/STM32H7xx_HAL_Driver/Src/stm32h7xx_hal_rtc_ex.c **** 
1552:Drivers/STM32H7xx_HAL_Driver/Src/stm32h7xx_hal_rtc_ex.c **** /**
1553:Drivers/STM32H7xx_HAL_Driver/Src/stm32h7xx_hal_rtc_ex.c ****   * @}
1554:Drivers/STM32H7xx_HAL_Driver/Src/stm32h7xx_hal_rtc_ex.c ****   */
1555:Drivers/STM32H7xx_HAL_Driver/Src/stm32h7xx_hal_rtc_ex.c **** 
1556:Drivers/STM32H7xx_HAL_Driver/Src/stm32h7xx_hal_rtc_ex.c **** /** @addtogroup RTCEx_Exported_Functions_Group5
1557:Drivers/STM32H7xx_HAL_Driver/Src/stm32h7xx_hal_rtc_ex.c ****   * @brief      Extended RTC Tamper functions
1558:Drivers/STM32H7xx_HAL_Driver/Src/stm32h7xx_hal_rtc_ex.c ****   *
1559:Drivers/STM32H7xx_HAL_Driver/Src/stm32h7xx_hal_rtc_ex.c **** * @{
ARM GAS  C:\Users\admin\AppData\Local\Temp\ccP3nyhx.s 			page 54


1560:Drivers/STM32H7xx_HAL_Driver/Src/stm32h7xx_hal_rtc_ex.c **** */
1561:Drivers/STM32H7xx_HAL_Driver/Src/stm32h7xx_hal_rtc_ex.c **** 
1562:Drivers/STM32H7xx_HAL_Driver/Src/stm32h7xx_hal_rtc_ex.c **** /**
1563:Drivers/STM32H7xx_HAL_Driver/Src/stm32h7xx_hal_rtc_ex.c ****   * @brief  Tamper 1 callback.
1564:Drivers/STM32H7xx_HAL_Driver/Src/stm32h7xx_hal_rtc_ex.c ****   * @param  hrtc RTC handle
1565:Drivers/STM32H7xx_HAL_Driver/Src/stm32h7xx_hal_rtc_ex.c ****   * @retval None
1566:Drivers/STM32H7xx_HAL_Driver/Src/stm32h7xx_hal_rtc_ex.c ****   */
1567:Drivers/STM32H7xx_HAL_Driver/Src/stm32h7xx_hal_rtc_ex.c **** __weak void HAL_RTCEx_Tamper1EventCallback(RTC_HandleTypeDef * hrtc)
1568:Drivers/STM32H7xx_HAL_Driver/Src/stm32h7xx_hal_rtc_ex.c **** {
 1384              		.loc 1 1568 1 is_stmt 1 view -0
 1385              		.cfi_startproc
 1386              		@ args = 0, pretend = 0, frame = 0
 1387              		@ frame_needed = 0, uses_anonymous_args = 0
 1388              		@ link register save eliminated.
1569:Drivers/STM32H7xx_HAL_Driver/Src/stm32h7xx_hal_rtc_ex.c ****   /* Prevent unused argument(s) compilation warning */
1570:Drivers/STM32H7xx_HAL_Driver/Src/stm32h7xx_hal_rtc_ex.c ****   UNUSED(hrtc);
 1389              		.loc 1 1570 3 view .LVU513
1571:Drivers/STM32H7xx_HAL_Driver/Src/stm32h7xx_hal_rtc_ex.c **** 
1572:Drivers/STM32H7xx_HAL_Driver/Src/stm32h7xx_hal_rtc_ex.c ****   /* NOTE : This function should not be modified, when the callback is needed,
1573:Drivers/STM32H7xx_HAL_Driver/Src/stm32h7xx_hal_rtc_ex.c ****             the HAL_RTCEx_Tamper1EventCallback could be implemented in the user file
1574:Drivers/STM32H7xx_HAL_Driver/Src/stm32h7xx_hal_rtc_ex.c ****    */
1575:Drivers/STM32H7xx_HAL_Driver/Src/stm32h7xx_hal_rtc_ex.c **** }
 1390              		.loc 1 1575 1 is_stmt 0 view .LVU514
 1391 0000 7047     		bx	lr
 1392              		.cfi_endproc
 1393              	.LFE155:
 1395              		.section	.text.HAL_RTCEx_Tamper2EventCallback,"ax",%progbits
 1396              		.align	1
 1397              		.weak	HAL_RTCEx_Tamper2EventCallback
 1398              		.syntax unified
 1399              		.thumb
 1400              		.thumb_func
 1402              	HAL_RTCEx_Tamper2EventCallback:
 1403              	.LVL109:
 1404              	.LFB156:
1576:Drivers/STM32H7xx_HAL_Driver/Src/stm32h7xx_hal_rtc_ex.c **** 
1577:Drivers/STM32H7xx_HAL_Driver/Src/stm32h7xx_hal_rtc_ex.c **** #if defined(RTC_TAMPER2_SUPPORT)
1578:Drivers/STM32H7xx_HAL_Driver/Src/stm32h7xx_hal_rtc_ex.c **** /**
1579:Drivers/STM32H7xx_HAL_Driver/Src/stm32h7xx_hal_rtc_ex.c ****   * @brief  Tamper 2 callback.
1580:Drivers/STM32H7xx_HAL_Driver/Src/stm32h7xx_hal_rtc_ex.c ****   * @param  hrtc RTC handle
1581:Drivers/STM32H7xx_HAL_Driver/Src/stm32h7xx_hal_rtc_ex.c ****   * @retval None
1582:Drivers/STM32H7xx_HAL_Driver/Src/stm32h7xx_hal_rtc_ex.c ****   */
1583:Drivers/STM32H7xx_HAL_Driver/Src/stm32h7xx_hal_rtc_ex.c **** __weak void HAL_RTCEx_Tamper2EventCallback(RTC_HandleTypeDef * hrtc)
1584:Drivers/STM32H7xx_HAL_Driver/Src/stm32h7xx_hal_rtc_ex.c **** {
 1405              		.loc 1 1584 1 is_stmt 1 view -0
 1406              		.cfi_startproc
 1407              		@ args = 0, pretend = 0, frame = 0
 1408              		@ frame_needed = 0, uses_anonymous_args = 0
 1409              		@ link register save eliminated.
1585:Drivers/STM32H7xx_HAL_Driver/Src/stm32h7xx_hal_rtc_ex.c ****   /* Prevent unused argument(s) compilation warning */
1586:Drivers/STM32H7xx_HAL_Driver/Src/stm32h7xx_hal_rtc_ex.c ****   UNUSED(hrtc);
 1410              		.loc 1 1586 3 view .LVU516
1587:Drivers/STM32H7xx_HAL_Driver/Src/stm32h7xx_hal_rtc_ex.c **** 
1588:Drivers/STM32H7xx_HAL_Driver/Src/stm32h7xx_hal_rtc_ex.c ****   /* NOTE : This function should not be modified, when the callback is needed,
1589:Drivers/STM32H7xx_HAL_Driver/Src/stm32h7xx_hal_rtc_ex.c ****             the HAL_RTCEx_Tamper2EventCallback could be implemented in the user file
1590:Drivers/STM32H7xx_HAL_Driver/Src/stm32h7xx_hal_rtc_ex.c ****    */
1591:Drivers/STM32H7xx_HAL_Driver/Src/stm32h7xx_hal_rtc_ex.c **** }
ARM GAS  C:\Users\admin\AppData\Local\Temp\ccP3nyhx.s 			page 55


 1411              		.loc 1 1591 1 is_stmt 0 view .LVU517
 1412 0000 7047     		bx	lr
 1413              		.cfi_endproc
 1414              	.LFE156:
 1416              		.section	.text.HAL_RTCEx_Tamper3EventCallback,"ax",%progbits
 1417              		.align	1
 1418              		.weak	HAL_RTCEx_Tamper3EventCallback
 1419              		.syntax unified
 1420              		.thumb
 1421              		.thumb_func
 1423              	HAL_RTCEx_Tamper3EventCallback:
 1424              	.LVL110:
 1425              	.LFB157:
1592:Drivers/STM32H7xx_HAL_Driver/Src/stm32h7xx_hal_rtc_ex.c **** #endif /* RTC_TAMPER2_SUPPORT */
1593:Drivers/STM32H7xx_HAL_Driver/Src/stm32h7xx_hal_rtc_ex.c **** 
1594:Drivers/STM32H7xx_HAL_Driver/Src/stm32h7xx_hal_rtc_ex.c **** /**
1595:Drivers/STM32H7xx_HAL_Driver/Src/stm32h7xx_hal_rtc_ex.c ****   * @brief  Tamper 3 callback.
1596:Drivers/STM32H7xx_HAL_Driver/Src/stm32h7xx_hal_rtc_ex.c ****   * @param  hrtc RTC handle
1597:Drivers/STM32H7xx_HAL_Driver/Src/stm32h7xx_hal_rtc_ex.c ****   * @retval None
1598:Drivers/STM32H7xx_HAL_Driver/Src/stm32h7xx_hal_rtc_ex.c ****   */
1599:Drivers/STM32H7xx_HAL_Driver/Src/stm32h7xx_hal_rtc_ex.c **** __weak void HAL_RTCEx_Tamper3EventCallback(RTC_HandleTypeDef * hrtc)
1600:Drivers/STM32H7xx_HAL_Driver/Src/stm32h7xx_hal_rtc_ex.c **** {
 1426              		.loc 1 1600 1 is_stmt 1 view -0
 1427              		.cfi_startproc
 1428              		@ args = 0, pretend = 0, frame = 0
 1429              		@ frame_needed = 0, uses_anonymous_args = 0
 1430              		@ link register save eliminated.
1601:Drivers/STM32H7xx_HAL_Driver/Src/stm32h7xx_hal_rtc_ex.c ****   /* Prevent unused argument(s) compilation warning */
1602:Drivers/STM32H7xx_HAL_Driver/Src/stm32h7xx_hal_rtc_ex.c ****   UNUSED(hrtc);
 1431              		.loc 1 1602 3 view .LVU519
1603:Drivers/STM32H7xx_HAL_Driver/Src/stm32h7xx_hal_rtc_ex.c **** 
1604:Drivers/STM32H7xx_HAL_Driver/Src/stm32h7xx_hal_rtc_ex.c ****   /* NOTE : This function should not be modified, when the callback is needed,
1605:Drivers/STM32H7xx_HAL_Driver/Src/stm32h7xx_hal_rtc_ex.c ****             the HAL_RTCEx_Tamper3EventCallback could be implemented in the user file
1606:Drivers/STM32H7xx_HAL_Driver/Src/stm32h7xx_hal_rtc_ex.c ****    */
1607:Drivers/STM32H7xx_HAL_Driver/Src/stm32h7xx_hal_rtc_ex.c **** }
 1432              		.loc 1 1607 1 is_stmt 0 view .LVU520
 1433 0000 7047     		bx	lr
 1434              		.cfi_endproc
 1435              	.LFE157:
 1437              		.section	.text.HAL_RTCEx_TamperTimeStampIRQHandler,"ax",%progbits
 1438              		.align	1
 1439              		.global	HAL_RTCEx_TamperTimeStampIRQHandler
 1440              		.syntax unified
 1441              		.thumb
 1442              		.thumb_func
 1444              	HAL_RTCEx_TamperTimeStampIRQHandler:
 1445              	.LVL111:
 1446              	.LFB153:
1431:Drivers/STM32H7xx_HAL_Driver/Src/stm32h7xx_hal_rtc_ex.c ****   /* Clear the EXTI's Flag for RTC TimeStamp and Tamper */
 1447              		.loc 1 1431 1 is_stmt 1 view -0
 1448              		.cfi_startproc
 1449              		@ args = 0, pretend = 0, frame = 0
 1450              		@ frame_needed = 0, uses_anonymous_args = 0
1431:Drivers/STM32H7xx_HAL_Driver/Src/stm32h7xx_hal_rtc_ex.c ****   /* Clear the EXTI's Flag for RTC TimeStamp and Tamper */
 1451              		.loc 1 1431 1 is_stmt 0 view .LVU522
 1452 0000 10B5     		push	{r4, lr}
 1453              	.LCFI17:
ARM GAS  C:\Users\admin\AppData\Local\Temp\ccP3nyhx.s 			page 56


 1454              		.cfi_def_cfa_offset 8
 1455              		.cfi_offset 4, -8
 1456              		.cfi_offset 14, -4
 1457 0002 0446     		mov	r4, r0
1443:Drivers/STM32H7xx_HAL_Driver/Src/stm32h7xx_hal_rtc_ex.c **** #endif /* DUAL_CORE */
 1458              		.loc 1 1443 3 is_stmt 1 view .LVU523
 1459 0004 4FF0B043 		mov	r3, #1476395008
 1460 0008 4FF48022 		mov	r2, #262144
 1461 000c C3F88820 		str	r2, [r3, #136]
1447:Drivers/STM32H7xx_HAL_Driver/Src/stm32h7xx_hal_rtc_ex.c ****   {
 1462              		.loc 1 1447 3 view .LVU524
1447:Drivers/STM32H7xx_HAL_Driver/Src/stm32h7xx_hal_rtc_ex.c ****   {
 1463              		.loc 1 1447 7 is_stmt 0 view .LVU525
 1464 0010 0368     		ldr	r3, [r0]
 1465 0012 9A68     		ldr	r2, [r3, #8]
1447:Drivers/STM32H7xx_HAL_Driver/Src/stm32h7xx_hal_rtc_ex.c ****   {
 1466              		.loc 1 1447 6 view .LVU526
 1467 0014 12F4004F 		tst	r2, #32768
 1468 0018 03D0     		beq	.L99
1450:Drivers/STM32H7xx_HAL_Driver/Src/stm32h7xx_hal_rtc_ex.c ****     {
 1469              		.loc 1 1450 5 is_stmt 1 view .LVU527
1450:Drivers/STM32H7xx_HAL_Driver/Src/stm32h7xx_hal_rtc_ex.c ****     {
 1470              		.loc 1 1450 9 is_stmt 0 view .LVU528
 1471 001a DB68     		ldr	r3, [r3, #12]
1450:Drivers/STM32H7xx_HAL_Driver/Src/stm32h7xx_hal_rtc_ex.c ****     {
 1472              		.loc 1 1450 8 view .LVU529
 1473 001c 13F4006F 		tst	r3, #2048
 1474 0020 1ED1     		bne	.L104
 1475              	.LVL112:
 1476              	.L99:
1466:Drivers/STM32H7xx_HAL_Driver/Src/stm32h7xx_hal_rtc_ex.c **** #else
 1477              		.loc 1 1466 3 is_stmt 1 view .LVU530
1466:Drivers/STM32H7xx_HAL_Driver/Src/stm32h7xx_hal_rtc_ex.c **** #else
 1478              		.loc 1 1466 7 is_stmt 0 view .LVU531
 1479 0022 2268     		ldr	r2, [r4]
 1480 0024 116C     		ldr	r1, [r2, #64]
 1481 0026 234B     		ldr	r3, .L108
 1482 0028 0B40     		ands	r3, r3, r1
1466:Drivers/STM32H7xx_HAL_Driver/Src/stm32h7xx_hal_rtc_ex.c **** #else
 1483              		.loc 1 1466 6 view .LVU532
 1484 002a 1BB1     		cbz	r3, .L100
1472:Drivers/STM32H7xx_HAL_Driver/Src/stm32h7xx_hal_rtc_ex.c ****     {
 1485              		.loc 1 1472 5 is_stmt 1 view .LVU533
1472:Drivers/STM32H7xx_HAL_Driver/Src/stm32h7xx_hal_rtc_ex.c ****     {
 1486              		.loc 1 1472 9 is_stmt 0 view .LVU534
 1487 002c D368     		ldr	r3, [r2, #12]
1472:Drivers/STM32H7xx_HAL_Driver/Src/stm32h7xx_hal_rtc_ex.c ****     {
 1488              		.loc 1 1472 8 view .LVU535
 1489 002e 13F4005F 		tst	r3, #8192
 1490 0032 1ED1     		bne	.L105
 1491              	.L100:
1489:Drivers/STM32H7xx_HAL_Driver/Src/stm32h7xx_hal_rtc_ex.c **** #else
 1492              		.loc 1 1489 3 is_stmt 1 view .LVU536
1489:Drivers/STM32H7xx_HAL_Driver/Src/stm32h7xx_hal_rtc_ex.c **** #else
 1493              		.loc 1 1489 7 is_stmt 0 view .LVU537
 1494 0034 2268     		ldr	r2, [r4]
 1495 0036 116C     		ldr	r1, [r2, #64]
ARM GAS  C:\Users\admin\AppData\Local\Temp\ccP3nyhx.s 			page 57


 1496 0038 1F4B     		ldr	r3, .L108+4
 1497 003a 0B40     		ands	r3, r3, r1
1489:Drivers/STM32H7xx_HAL_Driver/Src/stm32h7xx_hal_rtc_ex.c **** #else
 1498              		.loc 1 1489 6 view .LVU538
 1499 003c 1BB1     		cbz	r3, .L101
1495:Drivers/STM32H7xx_HAL_Driver/Src/stm32h7xx_hal_rtc_ex.c ****     {
 1500              		.loc 1 1495 5 is_stmt 1 view .LVU539
1495:Drivers/STM32H7xx_HAL_Driver/Src/stm32h7xx_hal_rtc_ex.c ****     {
 1501              		.loc 1 1495 9 is_stmt 0 view .LVU540
 1502 003e D368     		ldr	r3, [r2, #12]
1495:Drivers/STM32H7xx_HAL_Driver/Src/stm32h7xx_hal_rtc_ex.c ****     {
 1503              		.loc 1 1495 8 view .LVU541
 1504 0040 13F4804F 		tst	r3, #16384
 1505 0044 1ED1     		bne	.L106
 1506              	.L101:
1512:Drivers/STM32H7xx_HAL_Driver/Src/stm32h7xx_hal_rtc_ex.c **** #else
 1507              		.loc 1 1512 3 is_stmt 1 view .LVU542
1512:Drivers/STM32H7xx_HAL_Driver/Src/stm32h7xx_hal_rtc_ex.c **** #else
 1508              		.loc 1 1512 7 is_stmt 0 view .LVU543
 1509 0046 2268     		ldr	r2, [r4]
 1510 0048 116C     		ldr	r1, [r2, #64]
 1511 004a 1C4B     		ldr	r3, .L108+8
 1512 004c 0B40     		ands	r3, r3, r1
1512:Drivers/STM32H7xx_HAL_Driver/Src/stm32h7xx_hal_rtc_ex.c **** #else
 1513              		.loc 1 1512 6 view .LVU544
 1514 004e 1BB1     		cbz	r3, .L102
1518:Drivers/STM32H7xx_HAL_Driver/Src/stm32h7xx_hal_rtc_ex.c ****     {
 1515              		.loc 1 1518 5 is_stmt 1 view .LVU545
1518:Drivers/STM32H7xx_HAL_Driver/Src/stm32h7xx_hal_rtc_ex.c ****     {
 1516              		.loc 1 1518 9 is_stmt 0 view .LVU546
 1517 0050 D368     		ldr	r3, [r2, #12]
1518:Drivers/STM32H7xx_HAL_Driver/Src/stm32h7xx_hal_rtc_ex.c ****     {
 1518              		.loc 1 1518 8 view .LVU547
 1519 0052 13F4004F 		tst	r3, #32768
 1520 0056 1ED1     		bne	.L107
 1521              	.L102:
1533:Drivers/STM32H7xx_HAL_Driver/Src/stm32h7xx_hal_rtc_ex.c **** }
 1522              		.loc 1 1533 3 is_stmt 1 view .LVU548
1533:Drivers/STM32H7xx_HAL_Driver/Src/stm32h7xx_hal_rtc_ex.c **** }
 1523              		.loc 1 1533 15 is_stmt 0 view .LVU549
 1524 0058 0123     		movs	r3, #1
 1525 005a 84F82130 		strb	r3, [r4, #33]
1534:Drivers/STM32H7xx_HAL_Driver/Src/stm32h7xx_hal_rtc_ex.c **** #endif /* TAMP */
 1526              		.loc 1 1534 1 view .LVU550
 1527 005e 10BD     		pop	{r4, pc}
 1528              	.LVL113:
 1529              	.L104:
1456:Drivers/STM32H7xx_HAL_Driver/Src/stm32h7xx_hal_rtc_ex.c **** #endif /* (USE_HAL_RTC_REGISTER_CALLBACKS == 1) */
 1530              		.loc 1 1456 7 is_stmt 1 view .LVU551
 1531 0060 FFF7FEFF 		bl	HAL_RTCEx_TimeStampEventCallback
 1532              	.LVL114:
1460:Drivers/STM32H7xx_HAL_Driver/Src/stm32h7xx_hal_rtc_ex.c ****     }
 1533              		.loc 1 1460 7 view .LVU552
 1534 0064 2268     		ldr	r2, [r4]
 1535 0066 D368     		ldr	r3, [r2, #12]
 1536 0068 DBB2     		uxtb	r3, r3
 1537 006a 63F40863 		orn	r3, r3, #2176
ARM GAS  C:\Users\admin\AppData\Local\Temp\ccP3nyhx.s 			page 58


 1538 006e D360     		str	r3, [r2, #12]
 1539 0070 D7E7     		b	.L99
 1540              	.L105:
1475:Drivers/STM32H7xx_HAL_Driver/Src/stm32h7xx_hal_rtc_ex.c **** 
 1541              		.loc 1 1475 7 view .LVU553
 1542 0072 D368     		ldr	r3, [r2, #12]
 1543 0074 DBB2     		uxtb	r3, r3
 1544 0076 63F40253 		orn	r3, r3, #8320
 1545 007a D360     		str	r3, [r2, #12]
1481:Drivers/STM32H7xx_HAL_Driver/Src/stm32h7xx_hal_rtc_ex.c **** #endif /* (USE_HAL_RTC_REGISTER_CALLBACKS == 1) */
 1546              		.loc 1 1481 7 view .LVU554
 1547 007c 2046     		mov	r0, r4
 1548 007e FFF7FEFF 		bl	HAL_RTCEx_Tamper1EventCallback
 1549              	.LVL115:
 1550 0082 D7E7     		b	.L100
 1551              	.L106:
1498:Drivers/STM32H7xx_HAL_Driver/Src/stm32h7xx_hal_rtc_ex.c **** 
 1552              		.loc 1 1498 7 view .LVU555
 1553 0084 D368     		ldr	r3, [r2, #12]
 1554 0086 DBB2     		uxtb	r3, r3
 1555 0088 63F48143 		orn	r3, r3, #16512
 1556 008c D360     		str	r3, [r2, #12]
1504:Drivers/STM32H7xx_HAL_Driver/Src/stm32h7xx_hal_rtc_ex.c **** #endif /* (USE_HAL_RTC_REGISTER_CALLBACKS == 1) */
 1557              		.loc 1 1504 7 view .LVU556
 1558 008e 2046     		mov	r0, r4
 1559 0090 FFF7FEFF 		bl	HAL_RTCEx_Tamper2EventCallback
 1560              	.LVL116:
 1561 0094 D7E7     		b	.L101
 1562              	.L107:
1521:Drivers/STM32H7xx_HAL_Driver/Src/stm32h7xx_hal_rtc_ex.c **** 
 1563              		.loc 1 1521 7 view .LVU557
 1564 0096 D368     		ldr	r3, [r2, #12]
 1565 0098 DBB2     		uxtb	r3, r3
 1566 009a 43F07F43 		orr	r3, r3, #-16777216
 1567 009e 43F47F03 		orr	r3, r3, #16711680
 1568 00a2 43F4FE43 		orr	r3, r3, #32512
 1569 00a6 43F07F03 		orr	r3, r3, #127
 1570 00aa D360     		str	r3, [r2, #12]
1527:Drivers/STM32H7xx_HAL_Driver/Src/stm32h7xx_hal_rtc_ex.c **** #endif /* (USE_HAL_RTC_REGISTER_CALLBACKS == 1) */
 1571              		.loc 1 1527 7 view .LVU558
 1572 00ac 2046     		mov	r0, r4
 1573 00ae FFF7FEFF 		bl	HAL_RTCEx_Tamper3EventCallback
 1574              	.LVL117:
 1575 00b2 D1E7     		b	.L102
 1576              	.L109:
 1577              		.align	2
 1578              	.L108:
 1579 00b4 04000100 		.word	65540
 1580 00b8 04000800 		.word	524292
 1581 00bc 04004000 		.word	4194308
 1582              		.cfi_endproc
 1583              	.LFE153:
 1585              		.section	.text.HAL_RTCEx_PollForTimeStampEvent,"ax",%progbits
 1586              		.align	1
 1587              		.global	HAL_RTCEx_PollForTimeStampEvent
 1588              		.syntax unified
 1589              		.thumb
ARM GAS  C:\Users\admin\AppData\Local\Temp\ccP3nyhx.s 			page 59


 1590              		.thumb_func
 1592              	HAL_RTCEx_PollForTimeStampEvent:
 1593              	.LVL118:
 1594              	.LFB158:
1608:Drivers/STM32H7xx_HAL_Driver/Src/stm32h7xx_hal_rtc_ex.c **** 
1609:Drivers/STM32H7xx_HAL_Driver/Src/stm32h7xx_hal_rtc_ex.c **** #if defined(TAMP)
1610:Drivers/STM32H7xx_HAL_Driver/Src/stm32h7xx_hal_rtc_ex.c **** /**
1611:Drivers/STM32H7xx_HAL_Driver/Src/stm32h7xx_hal_rtc_ex.c ****   * @brief  Internal Tamper 1 callback.
1612:Drivers/STM32H7xx_HAL_Driver/Src/stm32h7xx_hal_rtc_ex.c ****   * @param  hrtc RTC handle
1613:Drivers/STM32H7xx_HAL_Driver/Src/stm32h7xx_hal_rtc_ex.c ****   * @retval None
1614:Drivers/STM32H7xx_HAL_Driver/Src/stm32h7xx_hal_rtc_ex.c ****   */
1615:Drivers/STM32H7xx_HAL_Driver/Src/stm32h7xx_hal_rtc_ex.c **** __weak void HAL_RTCEx_InternalTamper1EventCallback(RTC_HandleTypeDef *hrtc)
1616:Drivers/STM32H7xx_HAL_Driver/Src/stm32h7xx_hal_rtc_ex.c **** {
1617:Drivers/STM32H7xx_HAL_Driver/Src/stm32h7xx_hal_rtc_ex.c ****   /* Prevent unused argument(s) compilation warning */
1618:Drivers/STM32H7xx_HAL_Driver/Src/stm32h7xx_hal_rtc_ex.c ****   UNUSED(hrtc);
1619:Drivers/STM32H7xx_HAL_Driver/Src/stm32h7xx_hal_rtc_ex.c **** 
1620:Drivers/STM32H7xx_HAL_Driver/Src/stm32h7xx_hal_rtc_ex.c ****   /* NOTE : This function should not be modified, when the callback is needed,
1621:Drivers/STM32H7xx_HAL_Driver/Src/stm32h7xx_hal_rtc_ex.c ****             the HAL_RTCEx_InternalTamper1EventCallback could be implemented in the user file
1622:Drivers/STM32H7xx_HAL_Driver/Src/stm32h7xx_hal_rtc_ex.c ****    */
1623:Drivers/STM32H7xx_HAL_Driver/Src/stm32h7xx_hal_rtc_ex.c **** }
1624:Drivers/STM32H7xx_HAL_Driver/Src/stm32h7xx_hal_rtc_ex.c **** 
1625:Drivers/STM32H7xx_HAL_Driver/Src/stm32h7xx_hal_rtc_ex.c **** /**
1626:Drivers/STM32H7xx_HAL_Driver/Src/stm32h7xx_hal_rtc_ex.c ****   * @brief  Internal Tamper 2 callback.
1627:Drivers/STM32H7xx_HAL_Driver/Src/stm32h7xx_hal_rtc_ex.c ****   * @param  hrtc RTC handle
1628:Drivers/STM32H7xx_HAL_Driver/Src/stm32h7xx_hal_rtc_ex.c ****   * @retval None
1629:Drivers/STM32H7xx_HAL_Driver/Src/stm32h7xx_hal_rtc_ex.c ****   */
1630:Drivers/STM32H7xx_HAL_Driver/Src/stm32h7xx_hal_rtc_ex.c **** __weak void HAL_RTCEx_InternalTamper2EventCallback(RTC_HandleTypeDef *hrtc)
1631:Drivers/STM32H7xx_HAL_Driver/Src/stm32h7xx_hal_rtc_ex.c **** {
1632:Drivers/STM32H7xx_HAL_Driver/Src/stm32h7xx_hal_rtc_ex.c ****   /* Prevent unused argument(s) compilation warning */
1633:Drivers/STM32H7xx_HAL_Driver/Src/stm32h7xx_hal_rtc_ex.c ****   UNUSED(hrtc);
1634:Drivers/STM32H7xx_HAL_Driver/Src/stm32h7xx_hal_rtc_ex.c **** 
1635:Drivers/STM32H7xx_HAL_Driver/Src/stm32h7xx_hal_rtc_ex.c ****   /* NOTE : This function should not be modified, when the callback is needed,
1636:Drivers/STM32H7xx_HAL_Driver/Src/stm32h7xx_hal_rtc_ex.c ****             the HAL_RTCEx_InternalTamper2EventCallback could be implemented in the user file
1637:Drivers/STM32H7xx_HAL_Driver/Src/stm32h7xx_hal_rtc_ex.c ****    */
1638:Drivers/STM32H7xx_HAL_Driver/Src/stm32h7xx_hal_rtc_ex.c **** }
1639:Drivers/STM32H7xx_HAL_Driver/Src/stm32h7xx_hal_rtc_ex.c **** 
1640:Drivers/STM32H7xx_HAL_Driver/Src/stm32h7xx_hal_rtc_ex.c **** /**
1641:Drivers/STM32H7xx_HAL_Driver/Src/stm32h7xx_hal_rtc_ex.c ****   * @brief  Internal Tamper 3 callback.
1642:Drivers/STM32H7xx_HAL_Driver/Src/stm32h7xx_hal_rtc_ex.c ****   * @param  hrtc RTC handle
1643:Drivers/STM32H7xx_HAL_Driver/Src/stm32h7xx_hal_rtc_ex.c ****   * @retval None
1644:Drivers/STM32H7xx_HAL_Driver/Src/stm32h7xx_hal_rtc_ex.c ****   */
1645:Drivers/STM32H7xx_HAL_Driver/Src/stm32h7xx_hal_rtc_ex.c **** __weak void HAL_RTCEx_InternalTamper3EventCallback(RTC_HandleTypeDef *hrtc)
1646:Drivers/STM32H7xx_HAL_Driver/Src/stm32h7xx_hal_rtc_ex.c **** {
1647:Drivers/STM32H7xx_HAL_Driver/Src/stm32h7xx_hal_rtc_ex.c ****   /* Prevent unused argument(s) compilation warning */
1648:Drivers/STM32H7xx_HAL_Driver/Src/stm32h7xx_hal_rtc_ex.c ****   UNUSED(hrtc);
1649:Drivers/STM32H7xx_HAL_Driver/Src/stm32h7xx_hal_rtc_ex.c **** 
1650:Drivers/STM32H7xx_HAL_Driver/Src/stm32h7xx_hal_rtc_ex.c ****   /* NOTE : This function should not be modified, when the callback is needed,
1651:Drivers/STM32H7xx_HAL_Driver/Src/stm32h7xx_hal_rtc_ex.c ****             the HAL_RTCEx_InternalTamper3EventCallback could be implemented in the user file
1652:Drivers/STM32H7xx_HAL_Driver/Src/stm32h7xx_hal_rtc_ex.c ****    */
1653:Drivers/STM32H7xx_HAL_Driver/Src/stm32h7xx_hal_rtc_ex.c **** }
1654:Drivers/STM32H7xx_HAL_Driver/Src/stm32h7xx_hal_rtc_ex.c **** 
1655:Drivers/STM32H7xx_HAL_Driver/Src/stm32h7xx_hal_rtc_ex.c **** /**
1656:Drivers/STM32H7xx_HAL_Driver/Src/stm32h7xx_hal_rtc_ex.c ****   * @brief  Internal Tamper 4 callback.
1657:Drivers/STM32H7xx_HAL_Driver/Src/stm32h7xx_hal_rtc_ex.c ****   * @param  hrtc RTC handle
1658:Drivers/STM32H7xx_HAL_Driver/Src/stm32h7xx_hal_rtc_ex.c ****   * @retval None
1659:Drivers/STM32H7xx_HAL_Driver/Src/stm32h7xx_hal_rtc_ex.c ****   */
1660:Drivers/STM32H7xx_HAL_Driver/Src/stm32h7xx_hal_rtc_ex.c **** __weak void HAL_RTCEx_InternalTamper4EventCallback(RTC_HandleTypeDef *hrtc)
ARM GAS  C:\Users\admin\AppData\Local\Temp\ccP3nyhx.s 			page 60


1661:Drivers/STM32H7xx_HAL_Driver/Src/stm32h7xx_hal_rtc_ex.c **** {
1662:Drivers/STM32H7xx_HAL_Driver/Src/stm32h7xx_hal_rtc_ex.c ****   /* Prevent unused argument(s) compilation warning */
1663:Drivers/STM32H7xx_HAL_Driver/Src/stm32h7xx_hal_rtc_ex.c ****   UNUSED(hrtc);
1664:Drivers/STM32H7xx_HAL_Driver/Src/stm32h7xx_hal_rtc_ex.c **** 
1665:Drivers/STM32H7xx_HAL_Driver/Src/stm32h7xx_hal_rtc_ex.c ****   /* NOTE : This function should not be modified, when the callback is needed,
1666:Drivers/STM32H7xx_HAL_Driver/Src/stm32h7xx_hal_rtc_ex.c ****             the HAL_RTCEx_InternalTamper4EventCallback could be implemented in the user file
1667:Drivers/STM32H7xx_HAL_Driver/Src/stm32h7xx_hal_rtc_ex.c ****    */
1668:Drivers/STM32H7xx_HAL_Driver/Src/stm32h7xx_hal_rtc_ex.c **** }
1669:Drivers/STM32H7xx_HAL_Driver/Src/stm32h7xx_hal_rtc_ex.c **** 
1670:Drivers/STM32H7xx_HAL_Driver/Src/stm32h7xx_hal_rtc_ex.c **** /**
1671:Drivers/STM32H7xx_HAL_Driver/Src/stm32h7xx_hal_rtc_ex.c ****   * @brief  Internal Tamper 5 callback.
1672:Drivers/STM32H7xx_HAL_Driver/Src/stm32h7xx_hal_rtc_ex.c ****   * @param  hrtc RTC handle
1673:Drivers/STM32H7xx_HAL_Driver/Src/stm32h7xx_hal_rtc_ex.c ****   * @retval None
1674:Drivers/STM32H7xx_HAL_Driver/Src/stm32h7xx_hal_rtc_ex.c ****   */
1675:Drivers/STM32H7xx_HAL_Driver/Src/stm32h7xx_hal_rtc_ex.c **** __weak void HAL_RTCEx_InternalTamper5EventCallback(RTC_HandleTypeDef *hrtc)
1676:Drivers/STM32H7xx_HAL_Driver/Src/stm32h7xx_hal_rtc_ex.c **** {
1677:Drivers/STM32H7xx_HAL_Driver/Src/stm32h7xx_hal_rtc_ex.c ****   /* Prevent unused argument(s) compilation warning */
1678:Drivers/STM32H7xx_HAL_Driver/Src/stm32h7xx_hal_rtc_ex.c ****   UNUSED(hrtc);
1679:Drivers/STM32H7xx_HAL_Driver/Src/stm32h7xx_hal_rtc_ex.c **** 
1680:Drivers/STM32H7xx_HAL_Driver/Src/stm32h7xx_hal_rtc_ex.c ****   /* NOTE : This function should not be modified, when the callback is needed,
1681:Drivers/STM32H7xx_HAL_Driver/Src/stm32h7xx_hal_rtc_ex.c ****             the HAL_RTCEx_InternalTamper5EventCallback could be implemented in the user file
1682:Drivers/STM32H7xx_HAL_Driver/Src/stm32h7xx_hal_rtc_ex.c ****    */
1683:Drivers/STM32H7xx_HAL_Driver/Src/stm32h7xx_hal_rtc_ex.c **** }
1684:Drivers/STM32H7xx_HAL_Driver/Src/stm32h7xx_hal_rtc_ex.c **** 
1685:Drivers/STM32H7xx_HAL_Driver/Src/stm32h7xx_hal_rtc_ex.c **** /**
1686:Drivers/STM32H7xx_HAL_Driver/Src/stm32h7xx_hal_rtc_ex.c ****   * @brief  Internal Tamper 6 callback.
1687:Drivers/STM32H7xx_HAL_Driver/Src/stm32h7xx_hal_rtc_ex.c ****   * @param  hrtc RTC handle
1688:Drivers/STM32H7xx_HAL_Driver/Src/stm32h7xx_hal_rtc_ex.c ****   * @retval None
1689:Drivers/STM32H7xx_HAL_Driver/Src/stm32h7xx_hal_rtc_ex.c ****   */
1690:Drivers/STM32H7xx_HAL_Driver/Src/stm32h7xx_hal_rtc_ex.c **** __weak void HAL_RTCEx_InternalTamper6EventCallback(RTC_HandleTypeDef *hrtc)
1691:Drivers/STM32H7xx_HAL_Driver/Src/stm32h7xx_hal_rtc_ex.c **** {
1692:Drivers/STM32H7xx_HAL_Driver/Src/stm32h7xx_hal_rtc_ex.c ****   /* Prevent unused argument(s) compilation warning */
1693:Drivers/STM32H7xx_HAL_Driver/Src/stm32h7xx_hal_rtc_ex.c ****   UNUSED(hrtc);
1694:Drivers/STM32H7xx_HAL_Driver/Src/stm32h7xx_hal_rtc_ex.c **** 
1695:Drivers/STM32H7xx_HAL_Driver/Src/stm32h7xx_hal_rtc_ex.c ****   /* NOTE : This function should not be modified, when the callback is needed,
1696:Drivers/STM32H7xx_HAL_Driver/Src/stm32h7xx_hal_rtc_ex.c ****             the HAL_RTCEx_InternalTamper6EventCallback could be implemented in the user file
1697:Drivers/STM32H7xx_HAL_Driver/Src/stm32h7xx_hal_rtc_ex.c ****    */
1698:Drivers/STM32H7xx_HAL_Driver/Src/stm32h7xx_hal_rtc_ex.c **** }
1699:Drivers/STM32H7xx_HAL_Driver/Src/stm32h7xx_hal_rtc_ex.c **** 
1700:Drivers/STM32H7xx_HAL_Driver/Src/stm32h7xx_hal_rtc_ex.c **** /**
1701:Drivers/STM32H7xx_HAL_Driver/Src/stm32h7xx_hal_rtc_ex.c ****   * @brief  Internal Tamper 8 callback.
1702:Drivers/STM32H7xx_HAL_Driver/Src/stm32h7xx_hal_rtc_ex.c ****   * @param  hrtc RTC handle
1703:Drivers/STM32H7xx_HAL_Driver/Src/stm32h7xx_hal_rtc_ex.c ****   * @retval None
1704:Drivers/STM32H7xx_HAL_Driver/Src/stm32h7xx_hal_rtc_ex.c ****   */
1705:Drivers/STM32H7xx_HAL_Driver/Src/stm32h7xx_hal_rtc_ex.c **** __weak void HAL_RTCEx_InternalTamper8EventCallback(RTC_HandleTypeDef *hrtc)
1706:Drivers/STM32H7xx_HAL_Driver/Src/stm32h7xx_hal_rtc_ex.c **** {
1707:Drivers/STM32H7xx_HAL_Driver/Src/stm32h7xx_hal_rtc_ex.c ****   /* Prevent unused argument(s) compilation warning */
1708:Drivers/STM32H7xx_HAL_Driver/Src/stm32h7xx_hal_rtc_ex.c ****   UNUSED(hrtc);
1709:Drivers/STM32H7xx_HAL_Driver/Src/stm32h7xx_hal_rtc_ex.c **** 
1710:Drivers/STM32H7xx_HAL_Driver/Src/stm32h7xx_hal_rtc_ex.c ****   /* NOTE : This function should not be modified, when the callback is needed,
1711:Drivers/STM32H7xx_HAL_Driver/Src/stm32h7xx_hal_rtc_ex.c ****             the HAL_RTCEx_InternalTamper8EventCallback could be implemented in the user file
1712:Drivers/STM32H7xx_HAL_Driver/Src/stm32h7xx_hal_rtc_ex.c ****    */
1713:Drivers/STM32H7xx_HAL_Driver/Src/stm32h7xx_hal_rtc_ex.c **** }
1714:Drivers/STM32H7xx_HAL_Driver/Src/stm32h7xx_hal_rtc_ex.c **** #endif /* TAMP */
1715:Drivers/STM32H7xx_HAL_Driver/Src/stm32h7xx_hal_rtc_ex.c **** 
1716:Drivers/STM32H7xx_HAL_Driver/Src/stm32h7xx_hal_rtc_ex.c **** /**
1717:Drivers/STM32H7xx_HAL_Driver/Src/stm32h7xx_hal_rtc_ex.c ****   * @}
ARM GAS  C:\Users\admin\AppData\Local\Temp\ccP3nyhx.s 			page 61


1718:Drivers/STM32H7xx_HAL_Driver/Src/stm32h7xx_hal_rtc_ex.c ****   */
1719:Drivers/STM32H7xx_HAL_Driver/Src/stm32h7xx_hal_rtc_ex.c **** 
1720:Drivers/STM32H7xx_HAL_Driver/Src/stm32h7xx_hal_rtc_ex.c **** /** @addtogroup RTCEx_Exported_Functions_Group1
1721:Drivers/STM32H7xx_HAL_Driver/Src/stm32h7xx_hal_rtc_ex.c ****  *  @brief   RTC TimeStamp and Tamper functions
1722:Drivers/STM32H7xx_HAL_Driver/Src/stm32h7xx_hal_rtc_ex.c ****  *
1723:Drivers/STM32H7xx_HAL_Driver/Src/stm32h7xx_hal_rtc_ex.c **** * @{
1724:Drivers/STM32H7xx_HAL_Driver/Src/stm32h7xx_hal_rtc_ex.c **** */
1725:Drivers/STM32H7xx_HAL_Driver/Src/stm32h7xx_hal_rtc_ex.c **** 
1726:Drivers/STM32H7xx_HAL_Driver/Src/stm32h7xx_hal_rtc_ex.c **** /**
1727:Drivers/STM32H7xx_HAL_Driver/Src/stm32h7xx_hal_rtc_ex.c ****   * @brief  Handle TimeStamp polling request.
1728:Drivers/STM32H7xx_HAL_Driver/Src/stm32h7xx_hal_rtc_ex.c ****   * @param  hrtc RTC handle
1729:Drivers/STM32H7xx_HAL_Driver/Src/stm32h7xx_hal_rtc_ex.c ****   * @param  Timeout Timeout duration
1730:Drivers/STM32H7xx_HAL_Driver/Src/stm32h7xx_hal_rtc_ex.c ****   * @retval HAL status
1731:Drivers/STM32H7xx_HAL_Driver/Src/stm32h7xx_hal_rtc_ex.c ****   */
1732:Drivers/STM32H7xx_HAL_Driver/Src/stm32h7xx_hal_rtc_ex.c **** HAL_StatusTypeDef HAL_RTCEx_PollForTimeStampEvent(RTC_HandleTypeDef *hrtc, uint32_t Timeout)
1733:Drivers/STM32H7xx_HAL_Driver/Src/stm32h7xx_hal_rtc_ex.c **** {
 1595              		.loc 1 1733 1 view -0
 1596              		.cfi_startproc
 1597              		@ args = 0, pretend = 0, frame = 0
 1598              		@ frame_needed = 0, uses_anonymous_args = 0
 1599              		.loc 1 1733 1 is_stmt 0 view .LVU560
 1600 0000 70B5     		push	{r4, r5, r6, lr}
 1601              	.LCFI18:
 1602              		.cfi_def_cfa_offset 16
 1603              		.cfi_offset 4, -16
 1604              		.cfi_offset 5, -12
 1605              		.cfi_offset 6, -8
 1606              		.cfi_offset 14, -4
 1607 0002 0446     		mov	r4, r0
 1608 0004 0D46     		mov	r5, r1
1734:Drivers/STM32H7xx_HAL_Driver/Src/stm32h7xx_hal_rtc_ex.c ****   uint32_t tickstart = HAL_GetTick();
 1609              		.loc 1 1734 3 is_stmt 1 view .LVU561
 1610              		.loc 1 1734 24 is_stmt 0 view .LVU562
 1611 0006 FFF7FEFF 		bl	HAL_GetTick
 1612              	.LVL119:
 1613              		.loc 1 1734 24 view .LVU563
 1614 000a 0646     		mov	r6, r0
 1615              	.LVL120:
1735:Drivers/STM32H7xx_HAL_Driver/Src/stm32h7xx_hal_rtc_ex.c **** 
1736:Drivers/STM32H7xx_HAL_Driver/Src/stm32h7xx_hal_rtc_ex.c ****   while (__HAL_RTC_TIMESTAMP_GET_FLAG(hrtc, RTC_FLAG_TSF) == 0U)
 1616              		.loc 1 1736 3 is_stmt 1 view .LVU564
 1617              	.L114:
 1618              		.loc 1 1736 9 view .LVU565
 1619              		.loc 1 1736 10 is_stmt 0 view .LVU566
 1620 000c 2368     		ldr	r3, [r4]
 1621 000e DA68     		ldr	r2, [r3, #12]
 1622              		.loc 1 1736 9 view .LVU567
 1623 0010 12F4006F 		tst	r2, #2048
 1624 0014 1BD1     		bne	.L118
1737:Drivers/STM32H7xx_HAL_Driver/Src/stm32h7xx_hal_rtc_ex.c ****   {
1738:Drivers/STM32H7xx_HAL_Driver/Src/stm32h7xx_hal_rtc_ex.c ****     if (__HAL_RTC_TIMESTAMP_GET_FLAG(hrtc, RTC_FLAG_TSOVF) != 0U)
 1625              		.loc 1 1738 5 is_stmt 1 view .LVU568
 1626              		.loc 1 1738 9 is_stmt 0 view .LVU569
 1627 0016 DA68     		ldr	r2, [r3, #12]
 1628              		.loc 1 1738 8 view .LVU570
 1629 0018 12F4805F 		tst	r2, #4096
 1630 001c 0DD1     		bne	.L119
ARM GAS  C:\Users\admin\AppData\Local\Temp\ccP3nyhx.s 			page 62


1739:Drivers/STM32H7xx_HAL_Driver/Src/stm32h7xx_hal_rtc_ex.c ****     {
1740:Drivers/STM32H7xx_HAL_Driver/Src/stm32h7xx_hal_rtc_ex.c ****       /* Clear the TIMESTAMP OverRun Flag */
1741:Drivers/STM32H7xx_HAL_Driver/Src/stm32h7xx_hal_rtc_ex.c ****       __HAL_RTC_TIMESTAMP_CLEAR_FLAG(hrtc, RTC_FLAG_TSOVF);
1742:Drivers/STM32H7xx_HAL_Driver/Src/stm32h7xx_hal_rtc_ex.c **** 
1743:Drivers/STM32H7xx_HAL_Driver/Src/stm32h7xx_hal_rtc_ex.c ****       /* Change TIMESTAMP state */
1744:Drivers/STM32H7xx_HAL_Driver/Src/stm32h7xx_hal_rtc_ex.c ****       hrtc->State = HAL_RTC_STATE_ERROR;
1745:Drivers/STM32H7xx_HAL_Driver/Src/stm32h7xx_hal_rtc_ex.c **** 
1746:Drivers/STM32H7xx_HAL_Driver/Src/stm32h7xx_hal_rtc_ex.c ****       return HAL_ERROR;
1747:Drivers/STM32H7xx_HAL_Driver/Src/stm32h7xx_hal_rtc_ex.c ****     }
1748:Drivers/STM32H7xx_HAL_Driver/Src/stm32h7xx_hal_rtc_ex.c **** 
1749:Drivers/STM32H7xx_HAL_Driver/Src/stm32h7xx_hal_rtc_ex.c ****     if (Timeout != HAL_MAX_DELAY)
 1631              		.loc 1 1749 5 is_stmt 1 view .LVU571
 1632              		.loc 1 1749 8 is_stmt 0 view .LVU572
 1633 001e B5F1FF3F 		cmp	r5, #-1
 1634 0022 F3D0     		beq	.L114
1750:Drivers/STM32H7xx_HAL_Driver/Src/stm32h7xx_hal_rtc_ex.c ****     {
1751:Drivers/STM32H7xx_HAL_Driver/Src/stm32h7xx_hal_rtc_ex.c ****       if (((HAL_GetTick() - tickstart) > Timeout) || (Timeout == 0U))
 1635              		.loc 1 1751 7 is_stmt 1 view .LVU573
 1636              		.loc 1 1751 13 is_stmt 0 view .LVU574
 1637 0024 FFF7FEFF 		bl	HAL_GetTick
 1638              	.LVL121:
 1639              		.loc 1 1751 27 view .LVU575
 1640 0028 801B     		subs	r0, r0, r6
 1641              		.loc 1 1751 10 view .LVU576
 1642 002a A842     		cmp	r0, r5
 1643 002c 01D8     		bhi	.L115
 1644              		.loc 1 1751 51 discriminator 1 view .LVU577
 1645 002e 002D     		cmp	r5, #0
 1646 0030 ECD1     		bne	.L114
 1647              	.L115:
1752:Drivers/STM32H7xx_HAL_Driver/Src/stm32h7xx_hal_rtc_ex.c ****       {
1753:Drivers/STM32H7xx_HAL_Driver/Src/stm32h7xx_hal_rtc_ex.c ****         hrtc->State = HAL_RTC_STATE_TIMEOUT;
 1648              		.loc 1 1753 9 is_stmt 1 view .LVU578
 1649              		.loc 1 1753 21 is_stmt 0 view .LVU579
 1650 0032 0320     		movs	r0, #3
 1651 0034 84F82100 		strb	r0, [r4, #33]
1754:Drivers/STM32H7xx_HAL_Driver/Src/stm32h7xx_hal_rtc_ex.c ****         return HAL_TIMEOUT;
 1652              		.loc 1 1754 9 is_stmt 1 view .LVU580
 1653              		.loc 1 1754 16 is_stmt 0 view .LVU581
 1654 0038 0DE0     		b	.L113
 1655              	.L119:
1741:Drivers/STM32H7xx_HAL_Driver/Src/stm32h7xx_hal_rtc_ex.c **** 
 1656              		.loc 1 1741 7 is_stmt 1 view .LVU582
 1657 003a DA68     		ldr	r2, [r3, #12]
 1658 003c D2B2     		uxtb	r2, r2
 1659 003e 62F48452 		orn	r2, r2, #4224
 1660 0042 DA60     		str	r2, [r3, #12]
1744:Drivers/STM32H7xx_HAL_Driver/Src/stm32h7xx_hal_rtc_ex.c **** 
 1661              		.loc 1 1744 7 view .LVU583
1744:Drivers/STM32H7xx_HAL_Driver/Src/stm32h7xx_hal_rtc_ex.c **** 
 1662              		.loc 1 1744 19 is_stmt 0 view .LVU584
 1663 0044 0423     		movs	r3, #4
 1664 0046 84F82130 		strb	r3, [r4, #33]
1746:Drivers/STM32H7xx_HAL_Driver/Src/stm32h7xx_hal_rtc_ex.c ****     }
 1665              		.loc 1 1746 7 is_stmt 1 view .LVU585
1746:Drivers/STM32H7xx_HAL_Driver/Src/stm32h7xx_hal_rtc_ex.c ****     }
 1666              		.loc 1 1746 14 is_stmt 0 view .LVU586
ARM GAS  C:\Users\admin\AppData\Local\Temp\ccP3nyhx.s 			page 63


 1667 004a 0120     		movs	r0, #1
 1668 004c 03E0     		b	.L113
 1669              	.L118:
1755:Drivers/STM32H7xx_HAL_Driver/Src/stm32h7xx_hal_rtc_ex.c ****       }
1756:Drivers/STM32H7xx_HAL_Driver/Src/stm32h7xx_hal_rtc_ex.c ****     }
1757:Drivers/STM32H7xx_HAL_Driver/Src/stm32h7xx_hal_rtc_ex.c ****   }
1758:Drivers/STM32H7xx_HAL_Driver/Src/stm32h7xx_hal_rtc_ex.c **** 
1759:Drivers/STM32H7xx_HAL_Driver/Src/stm32h7xx_hal_rtc_ex.c ****   /* Change RTC state */
1760:Drivers/STM32H7xx_HAL_Driver/Src/stm32h7xx_hal_rtc_ex.c ****   hrtc->State = HAL_RTC_STATE_READY;
 1670              		.loc 1 1760 3 is_stmt 1 view .LVU587
 1671              		.loc 1 1760 15 is_stmt 0 view .LVU588
 1672 004e 0123     		movs	r3, #1
 1673 0050 84F82130 		strb	r3, [r4, #33]
1761:Drivers/STM32H7xx_HAL_Driver/Src/stm32h7xx_hal_rtc_ex.c **** 
1762:Drivers/STM32H7xx_HAL_Driver/Src/stm32h7xx_hal_rtc_ex.c ****   return HAL_OK;
 1674              		.loc 1 1762 3 is_stmt 1 view .LVU589
 1675              		.loc 1 1762 10 is_stmt 0 view .LVU590
 1676 0054 0020     		movs	r0, #0
 1677              	.L113:
1763:Drivers/STM32H7xx_HAL_Driver/Src/stm32h7xx_hal_rtc_ex.c **** }
 1678              		.loc 1 1763 1 view .LVU591
 1679 0056 70BD     		pop	{r4, r5, r6, pc}
 1680              		.loc 1 1763 1 view .LVU592
 1681              		.cfi_endproc
 1682              	.LFE158:
 1684              		.section	.text.HAL_RTCEx_PollForTamper1Event,"ax",%progbits
 1685              		.align	1
 1686              		.global	HAL_RTCEx_PollForTamper1Event
 1687              		.syntax unified
 1688              		.thumb
 1689              		.thumb_func
 1691              	HAL_RTCEx_PollForTamper1Event:
 1692              	.LVL122:
 1693              	.LFB159:
1764:Drivers/STM32H7xx_HAL_Driver/Src/stm32h7xx_hal_rtc_ex.c **** 
1765:Drivers/STM32H7xx_HAL_Driver/Src/stm32h7xx_hal_rtc_ex.c **** /**
1766:Drivers/STM32H7xx_HAL_Driver/Src/stm32h7xx_hal_rtc_ex.c ****   * @}
1767:Drivers/STM32H7xx_HAL_Driver/Src/stm32h7xx_hal_rtc_ex.c ****   */
1768:Drivers/STM32H7xx_HAL_Driver/Src/stm32h7xx_hal_rtc_ex.c **** 
1769:Drivers/STM32H7xx_HAL_Driver/Src/stm32h7xx_hal_rtc_ex.c **** /** @addtogroup RTCEx_Exported_Functions_Group5
1770:Drivers/STM32H7xx_HAL_Driver/Src/stm32h7xx_hal_rtc_ex.c ****   * @brief      Extended RTC Tamper functions
1771:Drivers/STM32H7xx_HAL_Driver/Src/stm32h7xx_hal_rtc_ex.c ****   *
1772:Drivers/STM32H7xx_HAL_Driver/Src/stm32h7xx_hal_rtc_ex.c **** * @{
1773:Drivers/STM32H7xx_HAL_Driver/Src/stm32h7xx_hal_rtc_ex.c **** */
1774:Drivers/STM32H7xx_HAL_Driver/Src/stm32h7xx_hal_rtc_ex.c **** 
1775:Drivers/STM32H7xx_HAL_Driver/Src/stm32h7xx_hal_rtc_ex.c **** /**
1776:Drivers/STM32H7xx_HAL_Driver/Src/stm32h7xx_hal_rtc_ex.c ****   * @brief  Handle Tamper1 Polling.
1777:Drivers/STM32H7xx_HAL_Driver/Src/stm32h7xx_hal_rtc_ex.c ****   * @param  hrtc RTC handle
1778:Drivers/STM32H7xx_HAL_Driver/Src/stm32h7xx_hal_rtc_ex.c ****   * @param  Timeout Timeout duration
1779:Drivers/STM32H7xx_HAL_Driver/Src/stm32h7xx_hal_rtc_ex.c ****   * @retval HAL status
1780:Drivers/STM32H7xx_HAL_Driver/Src/stm32h7xx_hal_rtc_ex.c ****   */
1781:Drivers/STM32H7xx_HAL_Driver/Src/stm32h7xx_hal_rtc_ex.c **** HAL_StatusTypeDef HAL_RTCEx_PollForTamper1Event(RTC_HandleTypeDef * hrtc, uint32_t Timeout)
1782:Drivers/STM32H7xx_HAL_Driver/Src/stm32h7xx_hal_rtc_ex.c **** {
 1694              		.loc 1 1782 1 is_stmt 1 view -0
 1695              		.cfi_startproc
 1696              		@ args = 0, pretend = 0, frame = 0
 1697              		@ frame_needed = 0, uses_anonymous_args = 0
ARM GAS  C:\Users\admin\AppData\Local\Temp\ccP3nyhx.s 			page 64


 1698              		.loc 1 1782 1 is_stmt 0 view .LVU594
 1699 0000 70B5     		push	{r4, r5, r6, lr}
 1700              	.LCFI19:
 1701              		.cfi_def_cfa_offset 16
 1702              		.cfi_offset 4, -16
 1703              		.cfi_offset 5, -12
 1704              		.cfi_offset 6, -8
 1705              		.cfi_offset 14, -4
 1706 0002 0446     		mov	r4, r0
 1707 0004 0D46     		mov	r5, r1
1783:Drivers/STM32H7xx_HAL_Driver/Src/stm32h7xx_hal_rtc_ex.c ****   uint32_t tickstart = HAL_GetTick();
 1708              		.loc 1 1783 3 is_stmt 1 view .LVU595
 1709              		.loc 1 1783 24 is_stmt 0 view .LVU596
 1710 0006 FFF7FEFF 		bl	HAL_GetTick
 1711              	.LVL123:
 1712              		.loc 1 1783 24 view .LVU597
 1713 000a 0646     		mov	r6, r0
 1714              	.LVL124:
1784:Drivers/STM32H7xx_HAL_Driver/Src/stm32h7xx_hal_rtc_ex.c **** 
1785:Drivers/STM32H7xx_HAL_Driver/Src/stm32h7xx_hal_rtc_ex.c ****   /* Get the status of the Interrupt */
1786:Drivers/STM32H7xx_HAL_Driver/Src/stm32h7xx_hal_rtc_ex.c ****   while (__HAL_RTC_TAMPER_GET_FLAG(hrtc, RTC_FLAG_TAMP1F) == 0U)
 1715              		.loc 1 1786 3 is_stmt 1 view .LVU598
 1716              	.L122:
 1717              		.loc 1 1786 9 view .LVU599
 1718              		.loc 1 1786 10 is_stmt 0 view .LVU600
 1719 000c 2368     		ldr	r3, [r4]
 1720 000e DA68     		ldr	r2, [r3, #12]
 1721              		.loc 1 1786 9 view .LVU601
 1722 0010 12F4005F 		tst	r2, #8192
 1723 0014 0DD1     		bne	.L127
1787:Drivers/STM32H7xx_HAL_Driver/Src/stm32h7xx_hal_rtc_ex.c ****   {
1788:Drivers/STM32H7xx_HAL_Driver/Src/stm32h7xx_hal_rtc_ex.c ****     if (Timeout != HAL_MAX_DELAY)
 1724              		.loc 1 1788 5 is_stmt 1 view .LVU602
 1725              		.loc 1 1788 8 is_stmt 0 view .LVU603
 1726 0016 B5F1FF3F 		cmp	r5, #-1
 1727 001a F7D0     		beq	.L122
1789:Drivers/STM32H7xx_HAL_Driver/Src/stm32h7xx_hal_rtc_ex.c ****     {
1790:Drivers/STM32H7xx_HAL_Driver/Src/stm32h7xx_hal_rtc_ex.c ****       if (((HAL_GetTick() - tickstart) > Timeout) || (Timeout == 0U))
 1728              		.loc 1 1790 7 is_stmt 1 view .LVU604
 1729              		.loc 1 1790 13 is_stmt 0 view .LVU605
 1730 001c FFF7FEFF 		bl	HAL_GetTick
 1731              	.LVL125:
 1732              		.loc 1 1790 27 view .LVU606
 1733 0020 801B     		subs	r0, r0, r6
 1734              		.loc 1 1790 10 view .LVU607
 1735 0022 A842     		cmp	r0, r5
 1736 0024 01D8     		bhi	.L123
 1737              		.loc 1 1790 51 discriminator 1 view .LVU608
 1738 0026 002D     		cmp	r5, #0
 1739 0028 F0D1     		bne	.L122
 1740              	.L123:
1791:Drivers/STM32H7xx_HAL_Driver/Src/stm32h7xx_hal_rtc_ex.c ****       {
1792:Drivers/STM32H7xx_HAL_Driver/Src/stm32h7xx_hal_rtc_ex.c ****         hrtc->State = HAL_RTC_STATE_TIMEOUT;
 1741              		.loc 1 1792 9 is_stmt 1 view .LVU609
 1742              		.loc 1 1792 21 is_stmt 0 view .LVU610
 1743 002a 0320     		movs	r0, #3
 1744 002c 84F82100 		strb	r0, [r4, #33]
ARM GAS  C:\Users\admin\AppData\Local\Temp\ccP3nyhx.s 			page 65


1793:Drivers/STM32H7xx_HAL_Driver/Src/stm32h7xx_hal_rtc_ex.c ****         return HAL_TIMEOUT;
 1745              		.loc 1 1793 9 is_stmt 1 view .LVU611
 1746              		.loc 1 1793 16 is_stmt 0 view .LVU612
 1747 0030 08E0     		b	.L124
 1748              	.L127:
1794:Drivers/STM32H7xx_HAL_Driver/Src/stm32h7xx_hal_rtc_ex.c ****       }
1795:Drivers/STM32H7xx_HAL_Driver/Src/stm32h7xx_hal_rtc_ex.c ****     }
1796:Drivers/STM32H7xx_HAL_Driver/Src/stm32h7xx_hal_rtc_ex.c ****   }
1797:Drivers/STM32H7xx_HAL_Driver/Src/stm32h7xx_hal_rtc_ex.c **** 
1798:Drivers/STM32H7xx_HAL_Driver/Src/stm32h7xx_hal_rtc_ex.c ****   /* Clear the Tamper Flag */
1799:Drivers/STM32H7xx_HAL_Driver/Src/stm32h7xx_hal_rtc_ex.c ****   __HAL_RTC_TAMPER_CLEAR_FLAG(hrtc, RTC_FLAG_TAMP1F);
 1749              		.loc 1 1799 3 is_stmt 1 view .LVU613
 1750 0032 DA68     		ldr	r2, [r3, #12]
 1751 0034 D2B2     		uxtb	r2, r2
 1752 0036 62F40252 		orn	r2, r2, #8320
 1753 003a DA60     		str	r2, [r3, #12]
1800:Drivers/STM32H7xx_HAL_Driver/Src/stm32h7xx_hal_rtc_ex.c **** 
1801:Drivers/STM32H7xx_HAL_Driver/Src/stm32h7xx_hal_rtc_ex.c ****   /* Change RTC state */
1802:Drivers/STM32H7xx_HAL_Driver/Src/stm32h7xx_hal_rtc_ex.c ****   hrtc->State = HAL_RTC_STATE_READY;
 1754              		.loc 1 1802 3 view .LVU614
 1755              		.loc 1 1802 15 is_stmt 0 view .LVU615
 1756 003c 0123     		movs	r3, #1
 1757 003e 84F82130 		strb	r3, [r4, #33]
1803:Drivers/STM32H7xx_HAL_Driver/Src/stm32h7xx_hal_rtc_ex.c **** 
1804:Drivers/STM32H7xx_HAL_Driver/Src/stm32h7xx_hal_rtc_ex.c ****   return HAL_OK;
 1758              		.loc 1 1804 3 is_stmt 1 view .LVU616
 1759              		.loc 1 1804 10 is_stmt 0 view .LVU617
 1760 0042 0020     		movs	r0, #0
 1761              	.L124:
1805:Drivers/STM32H7xx_HAL_Driver/Src/stm32h7xx_hal_rtc_ex.c **** }
 1762              		.loc 1 1805 1 view .LVU618
 1763 0044 70BD     		pop	{r4, r5, r6, pc}
 1764              		.loc 1 1805 1 view .LVU619
 1765              		.cfi_endproc
 1766              	.LFE159:
 1768              		.section	.text.HAL_RTCEx_PollForTamper2Event,"ax",%progbits
 1769              		.align	1
 1770              		.global	HAL_RTCEx_PollForTamper2Event
 1771              		.syntax unified
 1772              		.thumb
 1773              		.thumb_func
 1775              	HAL_RTCEx_PollForTamper2Event:
 1776              	.LVL126:
 1777              	.LFB160:
1806:Drivers/STM32H7xx_HAL_Driver/Src/stm32h7xx_hal_rtc_ex.c **** 
1807:Drivers/STM32H7xx_HAL_Driver/Src/stm32h7xx_hal_rtc_ex.c **** #if defined(RTC_TAMPER2_SUPPORT)
1808:Drivers/STM32H7xx_HAL_Driver/Src/stm32h7xx_hal_rtc_ex.c **** /**
1809:Drivers/STM32H7xx_HAL_Driver/Src/stm32h7xx_hal_rtc_ex.c ****   * @brief  Handle Tamper2 Polling.
1810:Drivers/STM32H7xx_HAL_Driver/Src/stm32h7xx_hal_rtc_ex.c ****   * @param  hrtc RTC handle
1811:Drivers/STM32H7xx_HAL_Driver/Src/stm32h7xx_hal_rtc_ex.c ****   * @param  Timeout Timeout duration
1812:Drivers/STM32H7xx_HAL_Driver/Src/stm32h7xx_hal_rtc_ex.c ****   * @retval HAL status
1813:Drivers/STM32H7xx_HAL_Driver/Src/stm32h7xx_hal_rtc_ex.c ****   */
1814:Drivers/STM32H7xx_HAL_Driver/Src/stm32h7xx_hal_rtc_ex.c **** HAL_StatusTypeDef HAL_RTCEx_PollForTamper2Event(RTC_HandleTypeDef * hrtc, uint32_t Timeout)
1815:Drivers/STM32H7xx_HAL_Driver/Src/stm32h7xx_hal_rtc_ex.c **** {
 1778              		.loc 1 1815 1 is_stmt 1 view -0
 1779              		.cfi_startproc
 1780              		@ args = 0, pretend = 0, frame = 0
ARM GAS  C:\Users\admin\AppData\Local\Temp\ccP3nyhx.s 			page 66


 1781              		@ frame_needed = 0, uses_anonymous_args = 0
 1782              		.loc 1 1815 1 is_stmt 0 view .LVU621
 1783 0000 70B5     		push	{r4, r5, r6, lr}
 1784              	.LCFI20:
 1785              		.cfi_def_cfa_offset 16
 1786              		.cfi_offset 4, -16
 1787              		.cfi_offset 5, -12
 1788              		.cfi_offset 6, -8
 1789              		.cfi_offset 14, -4
 1790 0002 0446     		mov	r4, r0
 1791 0004 0D46     		mov	r5, r1
1816:Drivers/STM32H7xx_HAL_Driver/Src/stm32h7xx_hal_rtc_ex.c ****   uint32_t tickstart = HAL_GetTick();
 1792              		.loc 1 1816 3 is_stmt 1 view .LVU622
 1793              		.loc 1 1816 24 is_stmt 0 view .LVU623
 1794 0006 FFF7FEFF 		bl	HAL_GetTick
 1795              	.LVL127:
 1796              		.loc 1 1816 24 view .LVU624
 1797 000a 0646     		mov	r6, r0
 1798              	.LVL128:
1817:Drivers/STM32H7xx_HAL_Driver/Src/stm32h7xx_hal_rtc_ex.c **** 
1818:Drivers/STM32H7xx_HAL_Driver/Src/stm32h7xx_hal_rtc_ex.c ****   /* Get the status of the Interrupt */
1819:Drivers/STM32H7xx_HAL_Driver/Src/stm32h7xx_hal_rtc_ex.c ****   while (__HAL_RTC_TAMPER_GET_FLAG(hrtc, RTC_FLAG_TAMP2F) == 0U)
 1799              		.loc 1 1819 3 is_stmt 1 view .LVU625
 1800              	.L130:
 1801              		.loc 1 1819 9 view .LVU626
 1802              		.loc 1 1819 10 is_stmt 0 view .LVU627
 1803 000c 2368     		ldr	r3, [r4]
 1804 000e DA68     		ldr	r2, [r3, #12]
 1805              		.loc 1 1819 9 view .LVU628
 1806 0010 12F4804F 		tst	r2, #16384
 1807 0014 0DD1     		bne	.L135
1820:Drivers/STM32H7xx_HAL_Driver/Src/stm32h7xx_hal_rtc_ex.c ****   {
1821:Drivers/STM32H7xx_HAL_Driver/Src/stm32h7xx_hal_rtc_ex.c ****     if (Timeout != HAL_MAX_DELAY)
 1808              		.loc 1 1821 5 is_stmt 1 view .LVU629
 1809              		.loc 1 1821 8 is_stmt 0 view .LVU630
 1810 0016 B5F1FF3F 		cmp	r5, #-1
 1811 001a F7D0     		beq	.L130
1822:Drivers/STM32H7xx_HAL_Driver/Src/stm32h7xx_hal_rtc_ex.c ****     {
1823:Drivers/STM32H7xx_HAL_Driver/Src/stm32h7xx_hal_rtc_ex.c ****       if (((HAL_GetTick() - tickstart) > Timeout) || (Timeout == 0U))
 1812              		.loc 1 1823 7 is_stmt 1 view .LVU631
 1813              		.loc 1 1823 13 is_stmt 0 view .LVU632
 1814 001c FFF7FEFF 		bl	HAL_GetTick
 1815              	.LVL129:
 1816              		.loc 1 1823 27 view .LVU633
 1817 0020 801B     		subs	r0, r0, r6
 1818              		.loc 1 1823 10 view .LVU634
 1819 0022 A842     		cmp	r0, r5
 1820 0024 01D8     		bhi	.L131
 1821              		.loc 1 1823 51 discriminator 1 view .LVU635
 1822 0026 002D     		cmp	r5, #0
 1823 0028 F0D1     		bne	.L130
 1824              	.L131:
1824:Drivers/STM32H7xx_HAL_Driver/Src/stm32h7xx_hal_rtc_ex.c ****       {
1825:Drivers/STM32H7xx_HAL_Driver/Src/stm32h7xx_hal_rtc_ex.c ****         hrtc->State = HAL_RTC_STATE_TIMEOUT;
 1825              		.loc 1 1825 9 is_stmt 1 view .LVU636
 1826              		.loc 1 1825 21 is_stmt 0 view .LVU637
 1827 002a 0320     		movs	r0, #3
ARM GAS  C:\Users\admin\AppData\Local\Temp\ccP3nyhx.s 			page 67


 1828 002c 84F82100 		strb	r0, [r4, #33]
1826:Drivers/STM32H7xx_HAL_Driver/Src/stm32h7xx_hal_rtc_ex.c ****         return HAL_TIMEOUT;
 1829              		.loc 1 1826 9 is_stmt 1 view .LVU638
 1830              		.loc 1 1826 16 is_stmt 0 view .LVU639
 1831 0030 08E0     		b	.L132
 1832              	.L135:
1827:Drivers/STM32H7xx_HAL_Driver/Src/stm32h7xx_hal_rtc_ex.c ****       }
1828:Drivers/STM32H7xx_HAL_Driver/Src/stm32h7xx_hal_rtc_ex.c ****     }
1829:Drivers/STM32H7xx_HAL_Driver/Src/stm32h7xx_hal_rtc_ex.c ****   }
1830:Drivers/STM32H7xx_HAL_Driver/Src/stm32h7xx_hal_rtc_ex.c **** 
1831:Drivers/STM32H7xx_HAL_Driver/Src/stm32h7xx_hal_rtc_ex.c ****   /* Clear the Tamper Flag */
1832:Drivers/STM32H7xx_HAL_Driver/Src/stm32h7xx_hal_rtc_ex.c ****   __HAL_RTC_TAMPER_CLEAR_FLAG(hrtc, RTC_FLAG_TAMP2F);
 1833              		.loc 1 1832 3 is_stmt 1 view .LVU640
 1834 0032 DA68     		ldr	r2, [r3, #12]
 1835 0034 D2B2     		uxtb	r2, r2
 1836 0036 62F48142 		orn	r2, r2, #16512
 1837 003a DA60     		str	r2, [r3, #12]
1833:Drivers/STM32H7xx_HAL_Driver/Src/stm32h7xx_hal_rtc_ex.c **** 
1834:Drivers/STM32H7xx_HAL_Driver/Src/stm32h7xx_hal_rtc_ex.c ****   /* Change RTC state */
1835:Drivers/STM32H7xx_HAL_Driver/Src/stm32h7xx_hal_rtc_ex.c ****   hrtc->State = HAL_RTC_STATE_READY;
 1838              		.loc 1 1835 3 view .LVU641
 1839              		.loc 1 1835 15 is_stmt 0 view .LVU642
 1840 003c 0123     		movs	r3, #1
 1841 003e 84F82130 		strb	r3, [r4, #33]
1836:Drivers/STM32H7xx_HAL_Driver/Src/stm32h7xx_hal_rtc_ex.c **** 
1837:Drivers/STM32H7xx_HAL_Driver/Src/stm32h7xx_hal_rtc_ex.c ****   return HAL_OK;
 1842              		.loc 1 1837 3 is_stmt 1 view .LVU643
 1843              		.loc 1 1837 10 is_stmt 0 view .LVU644
 1844 0042 0020     		movs	r0, #0
 1845              	.L132:
1838:Drivers/STM32H7xx_HAL_Driver/Src/stm32h7xx_hal_rtc_ex.c **** }
 1846              		.loc 1 1838 1 view .LVU645
 1847 0044 70BD     		pop	{r4, r5, r6, pc}
 1848              		.loc 1 1838 1 view .LVU646
 1849              		.cfi_endproc
 1850              	.LFE160:
 1852              		.section	.text.HAL_RTCEx_PollForTamper3Event,"ax",%progbits
 1853              		.align	1
 1854              		.global	HAL_RTCEx_PollForTamper3Event
 1855              		.syntax unified
 1856              		.thumb
 1857              		.thumb_func
 1859              	HAL_RTCEx_PollForTamper3Event:
 1860              	.LVL130:
 1861              	.LFB161:
1839:Drivers/STM32H7xx_HAL_Driver/Src/stm32h7xx_hal_rtc_ex.c **** #endif /* RTC_TAMPER2_SUPPORT */
1840:Drivers/STM32H7xx_HAL_Driver/Src/stm32h7xx_hal_rtc_ex.c **** 
1841:Drivers/STM32H7xx_HAL_Driver/Src/stm32h7xx_hal_rtc_ex.c **** /**
1842:Drivers/STM32H7xx_HAL_Driver/Src/stm32h7xx_hal_rtc_ex.c ****   * @brief  Handle Tamper3 Polling.
1843:Drivers/STM32H7xx_HAL_Driver/Src/stm32h7xx_hal_rtc_ex.c ****   * @param  hrtc RTC handle
1844:Drivers/STM32H7xx_HAL_Driver/Src/stm32h7xx_hal_rtc_ex.c ****   * @param  Timeout Timeout duration
1845:Drivers/STM32H7xx_HAL_Driver/Src/stm32h7xx_hal_rtc_ex.c ****   * @retval HAL status
1846:Drivers/STM32H7xx_HAL_Driver/Src/stm32h7xx_hal_rtc_ex.c ****   */
1847:Drivers/STM32H7xx_HAL_Driver/Src/stm32h7xx_hal_rtc_ex.c **** HAL_StatusTypeDef HAL_RTCEx_PollForTamper3Event(RTC_HandleTypeDef * hrtc, uint32_t Timeout)
1848:Drivers/STM32H7xx_HAL_Driver/Src/stm32h7xx_hal_rtc_ex.c **** {
 1862              		.loc 1 1848 1 is_stmt 1 view -0
 1863              		.cfi_startproc
ARM GAS  C:\Users\admin\AppData\Local\Temp\ccP3nyhx.s 			page 68


 1864              		@ args = 0, pretend = 0, frame = 0
 1865              		@ frame_needed = 0, uses_anonymous_args = 0
 1866              		.loc 1 1848 1 is_stmt 0 view .LVU648
 1867 0000 70B5     		push	{r4, r5, r6, lr}
 1868              	.LCFI21:
 1869              		.cfi_def_cfa_offset 16
 1870              		.cfi_offset 4, -16
 1871              		.cfi_offset 5, -12
 1872              		.cfi_offset 6, -8
 1873              		.cfi_offset 14, -4
 1874 0002 0446     		mov	r4, r0
 1875 0004 0D46     		mov	r5, r1
1849:Drivers/STM32H7xx_HAL_Driver/Src/stm32h7xx_hal_rtc_ex.c ****   uint32_t tickstart = HAL_GetTick();
 1876              		.loc 1 1849 3 is_stmt 1 view .LVU649
 1877              		.loc 1 1849 24 is_stmt 0 view .LVU650
 1878 0006 FFF7FEFF 		bl	HAL_GetTick
 1879              	.LVL131:
 1880              		.loc 1 1849 24 view .LVU651
 1881 000a 0646     		mov	r6, r0
 1882              	.LVL132:
1850:Drivers/STM32H7xx_HAL_Driver/Src/stm32h7xx_hal_rtc_ex.c **** 
1851:Drivers/STM32H7xx_HAL_Driver/Src/stm32h7xx_hal_rtc_ex.c ****   /* Get the status of the Interrupt */
1852:Drivers/STM32H7xx_HAL_Driver/Src/stm32h7xx_hal_rtc_ex.c ****   while (__HAL_RTC_TAMPER_GET_FLAG(hrtc, RTC_FLAG_TAMP3F) == 0U)
 1883              		.loc 1 1852 3 is_stmt 1 view .LVU652
 1884              	.L138:
 1885              		.loc 1 1852 9 view .LVU653
 1886              		.loc 1 1852 10 is_stmt 0 view .LVU654
 1887 000c 2368     		ldr	r3, [r4]
 1888 000e DA68     		ldr	r2, [r3, #12]
 1889              		.loc 1 1852 9 view .LVU655
 1890 0010 12F4004F 		tst	r2, #32768
 1891 0014 0DD1     		bne	.L143
1853:Drivers/STM32H7xx_HAL_Driver/Src/stm32h7xx_hal_rtc_ex.c ****   {
1854:Drivers/STM32H7xx_HAL_Driver/Src/stm32h7xx_hal_rtc_ex.c ****     if (Timeout != HAL_MAX_DELAY)
 1892              		.loc 1 1854 5 is_stmt 1 view .LVU656
 1893              		.loc 1 1854 8 is_stmt 0 view .LVU657
 1894 0016 B5F1FF3F 		cmp	r5, #-1
 1895 001a F7D0     		beq	.L138
1855:Drivers/STM32H7xx_HAL_Driver/Src/stm32h7xx_hal_rtc_ex.c ****     {
1856:Drivers/STM32H7xx_HAL_Driver/Src/stm32h7xx_hal_rtc_ex.c ****       if (((HAL_GetTick() - tickstart) > Timeout) || (Timeout == 0U))
 1896              		.loc 1 1856 7 is_stmt 1 view .LVU658
 1897              		.loc 1 1856 13 is_stmt 0 view .LVU659
 1898 001c FFF7FEFF 		bl	HAL_GetTick
 1899              	.LVL133:
 1900              		.loc 1 1856 27 view .LVU660
 1901 0020 801B     		subs	r0, r0, r6
 1902              		.loc 1 1856 10 view .LVU661
 1903 0022 A842     		cmp	r0, r5
 1904 0024 01D8     		bhi	.L139
 1905              		.loc 1 1856 51 discriminator 1 view .LVU662
 1906 0026 002D     		cmp	r5, #0
 1907 0028 F0D1     		bne	.L138
 1908              	.L139:
1857:Drivers/STM32H7xx_HAL_Driver/Src/stm32h7xx_hal_rtc_ex.c ****       {
1858:Drivers/STM32H7xx_HAL_Driver/Src/stm32h7xx_hal_rtc_ex.c ****         hrtc->State = HAL_RTC_STATE_TIMEOUT;
 1909              		.loc 1 1858 9 is_stmt 1 view .LVU663
 1910              		.loc 1 1858 21 is_stmt 0 view .LVU664
ARM GAS  C:\Users\admin\AppData\Local\Temp\ccP3nyhx.s 			page 69


 1911 002a 0320     		movs	r0, #3
 1912 002c 84F82100 		strb	r0, [r4, #33]
1859:Drivers/STM32H7xx_HAL_Driver/Src/stm32h7xx_hal_rtc_ex.c ****         return HAL_TIMEOUT;
 1913              		.loc 1 1859 9 is_stmt 1 view .LVU665
 1914              		.loc 1 1859 16 is_stmt 0 view .LVU666
 1915 0030 0EE0     		b	.L140
 1916              	.L143:
1860:Drivers/STM32H7xx_HAL_Driver/Src/stm32h7xx_hal_rtc_ex.c ****       }
1861:Drivers/STM32H7xx_HAL_Driver/Src/stm32h7xx_hal_rtc_ex.c ****     }
1862:Drivers/STM32H7xx_HAL_Driver/Src/stm32h7xx_hal_rtc_ex.c ****   }
1863:Drivers/STM32H7xx_HAL_Driver/Src/stm32h7xx_hal_rtc_ex.c **** 
1864:Drivers/STM32H7xx_HAL_Driver/Src/stm32h7xx_hal_rtc_ex.c ****   /* Clear the Tamper Flag */
1865:Drivers/STM32H7xx_HAL_Driver/Src/stm32h7xx_hal_rtc_ex.c ****   __HAL_RTC_TAMPER_CLEAR_FLAG(hrtc, RTC_FLAG_TAMP3F);
 1917              		.loc 1 1865 3 is_stmt 1 view .LVU667
 1918 0032 DA68     		ldr	r2, [r3, #12]
 1919 0034 D2B2     		uxtb	r2, r2
 1920 0036 42F07F42 		orr	r2, r2, #-16777216
 1921 003a 42F47F02 		orr	r2, r2, #16711680
 1922 003e 42F4FE42 		orr	r2, r2, #32512
 1923 0042 42F07F02 		orr	r2, r2, #127
 1924 0046 DA60     		str	r2, [r3, #12]
1866:Drivers/STM32H7xx_HAL_Driver/Src/stm32h7xx_hal_rtc_ex.c **** 
1867:Drivers/STM32H7xx_HAL_Driver/Src/stm32h7xx_hal_rtc_ex.c ****   /* Change RTC state */
1868:Drivers/STM32H7xx_HAL_Driver/Src/stm32h7xx_hal_rtc_ex.c ****   hrtc->State = HAL_RTC_STATE_READY;
 1925              		.loc 1 1868 3 view .LVU668
 1926              		.loc 1 1868 15 is_stmt 0 view .LVU669
 1927 0048 0123     		movs	r3, #1
 1928 004a 84F82130 		strb	r3, [r4, #33]
1869:Drivers/STM32H7xx_HAL_Driver/Src/stm32h7xx_hal_rtc_ex.c **** 
1870:Drivers/STM32H7xx_HAL_Driver/Src/stm32h7xx_hal_rtc_ex.c ****   return HAL_OK;
 1929              		.loc 1 1870 3 is_stmt 1 view .LVU670
 1930              		.loc 1 1870 10 is_stmt 0 view .LVU671
 1931 004e 0020     		movs	r0, #0
 1932              	.L140:
1871:Drivers/STM32H7xx_HAL_Driver/Src/stm32h7xx_hal_rtc_ex.c **** }
 1933              		.loc 1 1871 1 view .LVU672
 1934 0050 70BD     		pop	{r4, r5, r6, pc}
 1935              		.loc 1 1871 1 view .LVU673
 1936              		.cfi_endproc
 1937              	.LFE161:
 1939              		.section	.text.HAL_RTCEx_SetWakeUpTimer,"ax",%progbits
 1940              		.align	1
 1941              		.global	HAL_RTCEx_SetWakeUpTimer
 1942              		.syntax unified
 1943              		.thumb
 1944              		.thumb_func
 1946              	HAL_RTCEx_SetWakeUpTimer:
 1947              	.LVL134:
 1948              	.LFB162:
1872:Drivers/STM32H7xx_HAL_Driver/Src/stm32h7xx_hal_rtc_ex.c **** 
1873:Drivers/STM32H7xx_HAL_Driver/Src/stm32h7xx_hal_rtc_ex.c **** #if defined(TAMP)
1874:Drivers/STM32H7xx_HAL_Driver/Src/stm32h7xx_hal_rtc_ex.c **** /**
1875:Drivers/STM32H7xx_HAL_Driver/Src/stm32h7xx_hal_rtc_ex.c ****   * @brief  Internal Tamper event polling.
1876:Drivers/STM32H7xx_HAL_Driver/Src/stm32h7xx_hal_rtc_ex.c ****   * @param  hrtc RTC handle
1877:Drivers/STM32H7xx_HAL_Driver/Src/stm32h7xx_hal_rtc_ex.c ****   * @param  IntTamper selected tamper.
1878:Drivers/STM32H7xx_HAL_Driver/Src/stm32h7xx_hal_rtc_ex.c ****   *          This parameter can be any combination of existing internal tampers.
1879:Drivers/STM32H7xx_HAL_Driver/Src/stm32h7xx_hal_rtc_ex.c ****   * @param  Timeout Timeout duration
ARM GAS  C:\Users\admin\AppData\Local\Temp\ccP3nyhx.s 			page 70


1880:Drivers/STM32H7xx_HAL_Driver/Src/stm32h7xx_hal_rtc_ex.c ****   * @retval HAL status
1881:Drivers/STM32H7xx_HAL_Driver/Src/stm32h7xx_hal_rtc_ex.c ****   */
1882:Drivers/STM32H7xx_HAL_Driver/Src/stm32h7xx_hal_rtc_ex.c **** HAL_StatusTypeDef HAL_RTCEx_PollForInternalTamperEvent(RTC_HandleTypeDef *hrtc, uint32_t IntTamper,
1883:Drivers/STM32H7xx_HAL_Driver/Src/stm32h7xx_hal_rtc_ex.c **** {
1884:Drivers/STM32H7xx_HAL_Driver/Src/stm32h7xx_hal_rtc_ex.c ****   UNUSED(hrtc);
1885:Drivers/STM32H7xx_HAL_Driver/Src/stm32h7xx_hal_rtc_ex.c ****   assert_param(IS_RTC_INTERNAL_TAMPER(IntTamper));
1886:Drivers/STM32H7xx_HAL_Driver/Src/stm32h7xx_hal_rtc_ex.c **** 
1887:Drivers/STM32H7xx_HAL_Driver/Src/stm32h7xx_hal_rtc_ex.c ****   uint32_t tickstart = HAL_GetTick();
1888:Drivers/STM32H7xx_HAL_Driver/Src/stm32h7xx_hal_rtc_ex.c **** 
1889:Drivers/STM32H7xx_HAL_Driver/Src/stm32h7xx_hal_rtc_ex.c ****   /* Get the status of the Interrupt */
1890:Drivers/STM32H7xx_HAL_Driver/Src/stm32h7xx_hal_rtc_ex.c ****   while (READ_BIT(TAMP->SR, IntTamper) != IntTamper)
1891:Drivers/STM32H7xx_HAL_Driver/Src/stm32h7xx_hal_rtc_ex.c ****   {
1892:Drivers/STM32H7xx_HAL_Driver/Src/stm32h7xx_hal_rtc_ex.c ****     if (Timeout != HAL_MAX_DELAY)
1893:Drivers/STM32H7xx_HAL_Driver/Src/stm32h7xx_hal_rtc_ex.c ****     {
1894:Drivers/STM32H7xx_HAL_Driver/Src/stm32h7xx_hal_rtc_ex.c ****       if (((HAL_GetTick() - tickstart) > Timeout) || (Timeout == 0U))
1895:Drivers/STM32H7xx_HAL_Driver/Src/stm32h7xx_hal_rtc_ex.c ****       {
1896:Drivers/STM32H7xx_HAL_Driver/Src/stm32h7xx_hal_rtc_ex.c ****         return HAL_TIMEOUT;
1897:Drivers/STM32H7xx_HAL_Driver/Src/stm32h7xx_hal_rtc_ex.c ****       }
1898:Drivers/STM32H7xx_HAL_Driver/Src/stm32h7xx_hal_rtc_ex.c ****     }
1899:Drivers/STM32H7xx_HAL_Driver/Src/stm32h7xx_hal_rtc_ex.c ****   }
1900:Drivers/STM32H7xx_HAL_Driver/Src/stm32h7xx_hal_rtc_ex.c **** 
1901:Drivers/STM32H7xx_HAL_Driver/Src/stm32h7xx_hal_rtc_ex.c ****   /* Clear the Tamper Flag */
1902:Drivers/STM32H7xx_HAL_Driver/Src/stm32h7xx_hal_rtc_ex.c ****   WRITE_REG(TAMP->SCR, IntTamper);
1903:Drivers/STM32H7xx_HAL_Driver/Src/stm32h7xx_hal_rtc_ex.c **** 
1904:Drivers/STM32H7xx_HAL_Driver/Src/stm32h7xx_hal_rtc_ex.c ****   return HAL_OK;
1905:Drivers/STM32H7xx_HAL_Driver/Src/stm32h7xx_hal_rtc_ex.c **** }
1906:Drivers/STM32H7xx_HAL_Driver/Src/stm32h7xx_hal_rtc_ex.c **** #endif /* TAMP */
1907:Drivers/STM32H7xx_HAL_Driver/Src/stm32h7xx_hal_rtc_ex.c **** 
1908:Drivers/STM32H7xx_HAL_Driver/Src/stm32h7xx_hal_rtc_ex.c **** /**
1909:Drivers/STM32H7xx_HAL_Driver/Src/stm32h7xx_hal_rtc_ex.c ****   * @}
1910:Drivers/STM32H7xx_HAL_Driver/Src/stm32h7xx_hal_rtc_ex.c ****   */
1911:Drivers/STM32H7xx_HAL_Driver/Src/stm32h7xx_hal_rtc_ex.c **** 
1912:Drivers/STM32H7xx_HAL_Driver/Src/stm32h7xx_hal_rtc_ex.c **** /** @addtogroup RTCEx_Exported_Functions_Group2
1913:Drivers/STM32H7xx_HAL_Driver/Src/stm32h7xx_hal_rtc_ex.c ****   * @brief    RTC Wake-up functions
1914:Drivers/STM32H7xx_HAL_Driver/Src/stm32h7xx_hal_rtc_ex.c ****   *
1915:Drivers/STM32H7xx_HAL_Driver/Src/stm32h7xx_hal_rtc_ex.c **** @verbatim
1916:Drivers/STM32H7xx_HAL_Driver/Src/stm32h7xx_hal_rtc_ex.c ****  ===============================================================================
1917:Drivers/STM32H7xx_HAL_Driver/Src/stm32h7xx_hal_rtc_ex.c ****                         ##### RTC Wake-up functions #####
1918:Drivers/STM32H7xx_HAL_Driver/Src/stm32h7xx_hal_rtc_ex.c ****  ===============================================================================
1919:Drivers/STM32H7xx_HAL_Driver/Src/stm32h7xx_hal_rtc_ex.c **** 
1920:Drivers/STM32H7xx_HAL_Driver/Src/stm32h7xx_hal_rtc_ex.c ****  [..] This section provides functions allowing to configure Wake-up feature
1921:Drivers/STM32H7xx_HAL_Driver/Src/stm32h7xx_hal_rtc_ex.c **** 
1922:Drivers/STM32H7xx_HAL_Driver/Src/stm32h7xx_hal_rtc_ex.c **** @endverbatim
1923:Drivers/STM32H7xx_HAL_Driver/Src/stm32h7xx_hal_rtc_ex.c ****   * @{
1924:Drivers/STM32H7xx_HAL_Driver/Src/stm32h7xx_hal_rtc_ex.c ****   */
1925:Drivers/STM32H7xx_HAL_Driver/Src/stm32h7xx_hal_rtc_ex.c **** 
1926:Drivers/STM32H7xx_HAL_Driver/Src/stm32h7xx_hal_rtc_ex.c **** /**
1927:Drivers/STM32H7xx_HAL_Driver/Src/stm32h7xx_hal_rtc_ex.c ****   * @brief  Set wake up timer.
1928:Drivers/STM32H7xx_HAL_Driver/Src/stm32h7xx_hal_rtc_ex.c ****   * @param  hrtc RTC handle
1929:Drivers/STM32H7xx_HAL_Driver/Src/stm32h7xx_hal_rtc_ex.c ****   * @param  WakeUpCounter Wake up counter
1930:Drivers/STM32H7xx_HAL_Driver/Src/stm32h7xx_hal_rtc_ex.c ****   * @param  WakeUpClock Wake up clock
1931:Drivers/STM32H7xx_HAL_Driver/Src/stm32h7xx_hal_rtc_ex.c ****   * @retval HAL status
1932:Drivers/STM32H7xx_HAL_Driver/Src/stm32h7xx_hal_rtc_ex.c ****   */
1933:Drivers/STM32H7xx_HAL_Driver/Src/stm32h7xx_hal_rtc_ex.c **** HAL_StatusTypeDef HAL_RTCEx_SetWakeUpTimer(RTC_HandleTypeDef *hrtc, uint32_t WakeUpCounter, uint32_
1934:Drivers/STM32H7xx_HAL_Driver/Src/stm32h7xx_hal_rtc_ex.c **** {
 1949              		.loc 1 1934 1 is_stmt 1 view -0
 1950              		.cfi_startproc
ARM GAS  C:\Users\admin\AppData\Local\Temp\ccP3nyhx.s 			page 71


 1951              		@ args = 0, pretend = 0, frame = 0
 1952              		@ frame_needed = 0, uses_anonymous_args = 0
 1953              		.loc 1 1934 1 is_stmt 0 view .LVU675
 1954 0000 F8B5     		push	{r3, r4, r5, r6, r7, lr}
 1955              	.LCFI22:
 1956              		.cfi_def_cfa_offset 24
 1957              		.cfi_offset 3, -24
 1958              		.cfi_offset 4, -20
 1959              		.cfi_offset 5, -16
 1960              		.cfi_offset 6, -12
 1961              		.cfi_offset 7, -8
 1962              		.cfi_offset 14, -4
1935:Drivers/STM32H7xx_HAL_Driver/Src/stm32h7xx_hal_rtc_ex.c ****   uint32_t tickstart;
 1963              		.loc 1 1935 3 is_stmt 1 view .LVU676
1936:Drivers/STM32H7xx_HAL_Driver/Src/stm32h7xx_hal_rtc_ex.c **** 
1937:Drivers/STM32H7xx_HAL_Driver/Src/stm32h7xx_hal_rtc_ex.c ****   /* Check the parameters */
1938:Drivers/STM32H7xx_HAL_Driver/Src/stm32h7xx_hal_rtc_ex.c ****   assert_param(IS_RTC_WAKEUP_CLOCK(WakeUpClock));
 1964              		.loc 1 1938 3 view .LVU677
1939:Drivers/STM32H7xx_HAL_Driver/Src/stm32h7xx_hal_rtc_ex.c ****   assert_param(IS_RTC_WAKEUP_COUNTER(WakeUpCounter));
 1965              		.loc 1 1939 3 view .LVU678
1940:Drivers/STM32H7xx_HAL_Driver/Src/stm32h7xx_hal_rtc_ex.c **** 
1941:Drivers/STM32H7xx_HAL_Driver/Src/stm32h7xx_hal_rtc_ex.c ****   /* Process Locked */
1942:Drivers/STM32H7xx_HAL_Driver/Src/stm32h7xx_hal_rtc_ex.c ****   __HAL_LOCK(hrtc);
 1966              		.loc 1 1942 3 view .LVU679
 1967              		.loc 1 1942 3 view .LVU680
 1968 0002 90F82030 		ldrb	r3, [r0, #32]	@ zero_extendqisi2
 1969 0006 012B     		cmp	r3, #1
 1970 0008 46D0     		beq	.L149
 1971 000a 0446     		mov	r4, r0
 1972 000c 0D46     		mov	r5, r1
 1973 000e 1646     		mov	r6, r2
 1974              		.loc 1 1942 3 discriminator 2 view .LVU681
 1975 0010 0123     		movs	r3, #1
 1976 0012 80F82030 		strb	r3, [r0, #32]
 1977              		.loc 1 1942 3 discriminator 2 view .LVU682
1943:Drivers/STM32H7xx_HAL_Driver/Src/stm32h7xx_hal_rtc_ex.c **** 
1944:Drivers/STM32H7xx_HAL_Driver/Src/stm32h7xx_hal_rtc_ex.c ****   hrtc->State = HAL_RTC_STATE_BUSY;
 1978              		.loc 1 1944 3 discriminator 2 view .LVU683
 1979              		.loc 1 1944 15 is_stmt 0 discriminator 2 view .LVU684
 1980 0016 0223     		movs	r3, #2
 1981 0018 80F82130 		strb	r3, [r0, #33]
1945:Drivers/STM32H7xx_HAL_Driver/Src/stm32h7xx_hal_rtc_ex.c **** 
1946:Drivers/STM32H7xx_HAL_Driver/Src/stm32h7xx_hal_rtc_ex.c ****   /* Disable the write protection for RTC registers */
1947:Drivers/STM32H7xx_HAL_Driver/Src/stm32h7xx_hal_rtc_ex.c ****   __HAL_RTC_WRITEPROTECTION_DISABLE(hrtc);
 1982              		.loc 1 1947 3 is_stmt 1 discriminator 2 view .LVU685
 1983              		.loc 1 1947 3 discriminator 2 view .LVU686
 1984 001c 0368     		ldr	r3, [r0]
 1985 001e CA22     		movs	r2, #202
 1986              	.LVL135:
 1987              		.loc 1 1947 3 is_stmt 0 discriminator 2 view .LVU687
 1988 0020 5A62     		str	r2, [r3, #36]
 1989              		.loc 1 1947 3 is_stmt 1 discriminator 2 view .LVU688
 1990 0022 0368     		ldr	r3, [r0]
 1991 0024 5322     		movs	r2, #83
 1992 0026 5A62     		str	r2, [r3, #36]
 1993              		.loc 1 1947 3 discriminator 2 view .LVU689
1948:Drivers/STM32H7xx_HAL_Driver/Src/stm32h7xx_hal_rtc_ex.c **** 
ARM GAS  C:\Users\admin\AppData\Local\Temp\ccP3nyhx.s 			page 72


1949:Drivers/STM32H7xx_HAL_Driver/Src/stm32h7xx_hal_rtc_ex.c ****   /* Clear WUTE in RTC_CR to disable the wakeup timer */
1950:Drivers/STM32H7xx_HAL_Driver/Src/stm32h7xx_hal_rtc_ex.c ****   CLEAR_BIT(RTC->CR, RTC_CR_WUTE);
 1994              		.loc 1 1950 3 discriminator 2 view .LVU690
 1995 0028 1C4B     		ldr	r3, .L152
 1996 002a 9A68     		ldr	r2, [r3, #8]
 1997 002c 22F48062 		bic	r2, r2, #1024
 1998 0030 9A60     		str	r2, [r3, #8]
1951:Drivers/STM32H7xx_HAL_Driver/Src/stm32h7xx_hal_rtc_ex.c **** 
1952:Drivers/STM32H7xx_HAL_Driver/Src/stm32h7xx_hal_rtc_ex.c ****   /* Poll WUTWF until it is set in RTC_ICSR / RTC_ISR to make sure the access to wakeup autoreload
1953:Drivers/STM32H7xx_HAL_Driver/Src/stm32h7xx_hal_rtc_ex.c ****   counter and to WUCKSEL[2:0] bits is allowed. This step must be skipped in
1954:Drivers/STM32H7xx_HAL_Driver/Src/stm32h7xx_hal_rtc_ex.c ****   calendar initialization mode. */
1955:Drivers/STM32H7xx_HAL_Driver/Src/stm32h7xx_hal_rtc_ex.c **** #if defined(TAMP)
1956:Drivers/STM32H7xx_HAL_Driver/Src/stm32h7xx_hal_rtc_ex.c ****   if (READ_BIT(RTC->ICSR, RTC_ICSR_INITF) == 0U)
1957:Drivers/STM32H7xx_HAL_Driver/Src/stm32h7xx_hal_rtc_ex.c ****   {
1958:Drivers/STM32H7xx_HAL_Driver/Src/stm32h7xx_hal_rtc_ex.c ****     tickstart = HAL_GetTick();
1959:Drivers/STM32H7xx_HAL_Driver/Src/stm32h7xx_hal_rtc_ex.c **** 
1960:Drivers/STM32H7xx_HAL_Driver/Src/stm32h7xx_hal_rtc_ex.c ****     while (READ_BIT(hrtc->Instance->ICSR, RTC_FLAG_WUTWF) == 0U)
1961:Drivers/STM32H7xx_HAL_Driver/Src/stm32h7xx_hal_rtc_ex.c **** #else
1962:Drivers/STM32H7xx_HAL_Driver/Src/stm32h7xx_hal_rtc_ex.c ****   if (READ_BIT(RTC->ISR, RTC_ISR_INITF) == 0U)
 1999              		.loc 1 1962 3 discriminator 2 view .LVU691
 2000              		.loc 1 1962 7 is_stmt 0 discriminator 2 view .LVU692
 2001 0032 DB68     		ldr	r3, [r3, #12]
 2002              		.loc 1 1962 6 discriminator 2 view .LVU693
 2003 0034 13F0400F 		tst	r3, #64
 2004 0038 16D0     		beq	.L151
 2005              	.LVL136:
 2006              	.L146:
1963:Drivers/STM32H7xx_HAL_Driver/Src/stm32h7xx_hal_rtc_ex.c ****   {
1964:Drivers/STM32H7xx_HAL_Driver/Src/stm32h7xx_hal_rtc_ex.c ****     tickstart = HAL_GetTick();
1965:Drivers/STM32H7xx_HAL_Driver/Src/stm32h7xx_hal_rtc_ex.c **** 
1966:Drivers/STM32H7xx_HAL_Driver/Src/stm32h7xx_hal_rtc_ex.c ****     while(__HAL_RTC_WAKEUPTIMER_GET_FLAG(hrtc, RTC_FLAG_WUTWF) == 0U)
1967:Drivers/STM32H7xx_HAL_Driver/Src/stm32h7xx_hal_rtc_ex.c **** #endif /* TAMP */
1968:Drivers/STM32H7xx_HAL_Driver/Src/stm32h7xx_hal_rtc_ex.c ****     {
1969:Drivers/STM32H7xx_HAL_Driver/Src/stm32h7xx_hal_rtc_ex.c ****       if ((HAL_GetTick() - tickstart) > RTC_TIMEOUT_VALUE)
1970:Drivers/STM32H7xx_HAL_Driver/Src/stm32h7xx_hal_rtc_ex.c ****       {
1971:Drivers/STM32H7xx_HAL_Driver/Src/stm32h7xx_hal_rtc_ex.c ****         /* Enable the write protection for RTC registers */
1972:Drivers/STM32H7xx_HAL_Driver/Src/stm32h7xx_hal_rtc_ex.c ****         __HAL_RTC_WRITEPROTECTION_ENABLE(hrtc);
1973:Drivers/STM32H7xx_HAL_Driver/Src/stm32h7xx_hal_rtc_ex.c **** 
1974:Drivers/STM32H7xx_HAL_Driver/Src/stm32h7xx_hal_rtc_ex.c ****         hrtc->State = HAL_RTC_STATE_TIMEOUT;
1975:Drivers/STM32H7xx_HAL_Driver/Src/stm32h7xx_hal_rtc_ex.c **** 
1976:Drivers/STM32H7xx_HAL_Driver/Src/stm32h7xx_hal_rtc_ex.c ****         /* Process Unlocked */
1977:Drivers/STM32H7xx_HAL_Driver/Src/stm32h7xx_hal_rtc_ex.c ****         __HAL_UNLOCK(hrtc);
1978:Drivers/STM32H7xx_HAL_Driver/Src/stm32h7xx_hal_rtc_ex.c **** 
1979:Drivers/STM32H7xx_HAL_Driver/Src/stm32h7xx_hal_rtc_ex.c ****         return HAL_TIMEOUT;
1980:Drivers/STM32H7xx_HAL_Driver/Src/stm32h7xx_hal_rtc_ex.c ****       }
1981:Drivers/STM32H7xx_HAL_Driver/Src/stm32h7xx_hal_rtc_ex.c ****     }
1982:Drivers/STM32H7xx_HAL_Driver/Src/stm32h7xx_hal_rtc_ex.c ****   }
1983:Drivers/STM32H7xx_HAL_Driver/Src/stm32h7xx_hal_rtc_ex.c **** 
1984:Drivers/STM32H7xx_HAL_Driver/Src/stm32h7xx_hal_rtc_ex.c ****   /* Clear the Wakeup Timer clock source bits and configure the clock source in CR register */
1985:Drivers/STM32H7xx_HAL_Driver/Src/stm32h7xx_hal_rtc_ex.c ****   uint32_t CR_tmp = hrtc->Instance->CR;
 2007              		.loc 1 1985 3 is_stmt 1 view .LVU694
 2008              		.loc 1 1985 25 is_stmt 0 view .LVU695
 2009 003a 2168     		ldr	r1, [r4]
 2010              		.loc 1 1985 12 view .LVU696
 2011 003c 8B68     		ldr	r3, [r1, #8]
 2012              	.LVL137:
1986:Drivers/STM32H7xx_HAL_Driver/Src/stm32h7xx_hal_rtc_ex.c ****   CR_tmp &= (uint32_t)~RTC_CR_WUCKSEL;
ARM GAS  C:\Users\admin\AppData\Local\Temp\ccP3nyhx.s 			page 73


 2013              		.loc 1 1986 3 is_stmt 1 view .LVU697
 2014              		.loc 1 1986 10 is_stmt 0 view .LVU698
 2015 003e 23F00703 		bic	r3, r3, #7
 2016              	.LVL138:
1987:Drivers/STM32H7xx_HAL_Driver/Src/stm32h7xx_hal_rtc_ex.c ****   CR_tmp |= (uint32_t)WakeUpClock;
 2017              		.loc 1 1987 3 is_stmt 1 view .LVU699
 2018              		.loc 1 1987 10 is_stmt 0 view .LVU700
 2019 0042 3343     		orrs	r3, r3, r6
 2020              	.LVL139:
1988:Drivers/STM32H7xx_HAL_Driver/Src/stm32h7xx_hal_rtc_ex.c ****   hrtc->Instance->CR = CR_tmp;
 2021              		.loc 1 1988 3 is_stmt 1 view .LVU701
 2022              		.loc 1 1988 22 is_stmt 0 view .LVU702
 2023 0044 8B60     		str	r3, [r1, #8]
1989:Drivers/STM32H7xx_HAL_Driver/Src/stm32h7xx_hal_rtc_ex.c **** 
1990:Drivers/STM32H7xx_HAL_Driver/Src/stm32h7xx_hal_rtc_ex.c ****   /* Configure the Wakeup Timer counter */
1991:Drivers/STM32H7xx_HAL_Driver/Src/stm32h7xx_hal_rtc_ex.c ****   hrtc->Instance->WUTR = (uint32_t)WakeUpCounter;
 2024              		.loc 1 1991 3 is_stmt 1 view .LVU703
 2025              		.loc 1 1991 7 is_stmt 0 view .LVU704
 2026 0046 2368     		ldr	r3, [r4]
 2027              	.LVL140:
 2028              		.loc 1 1991 24 view .LVU705
 2029 0048 5D61     		str	r5, [r3, #20]
 2030              	.LVL141:
1992:Drivers/STM32H7xx_HAL_Driver/Src/stm32h7xx_hal_rtc_ex.c **** 
1993:Drivers/STM32H7xx_HAL_Driver/Src/stm32h7xx_hal_rtc_ex.c ****   /* Enable the Wakeup Timer */
1994:Drivers/STM32H7xx_HAL_Driver/Src/stm32h7xx_hal_rtc_ex.c ****   __HAL_RTC_WAKEUPTIMER_ENABLE(hrtc);
 2031              		.loc 1 1994 3 is_stmt 1 view .LVU706
 2032 004a 2268     		ldr	r2, [r4]
 2033 004c 9368     		ldr	r3, [r2, #8]
 2034 004e 43F48063 		orr	r3, r3, #1024
 2035 0052 9360     		str	r3, [r2, #8]
1995:Drivers/STM32H7xx_HAL_Driver/Src/stm32h7xx_hal_rtc_ex.c **** 
1996:Drivers/STM32H7xx_HAL_Driver/Src/stm32h7xx_hal_rtc_ex.c ****   /* Enable the write protection for RTC registers */
1997:Drivers/STM32H7xx_HAL_Driver/Src/stm32h7xx_hal_rtc_ex.c ****   __HAL_RTC_WRITEPROTECTION_ENABLE(hrtc);
 2036              		.loc 1 1997 3 view .LVU707
 2037              		.loc 1 1997 3 view .LVU708
 2038 0054 2368     		ldr	r3, [r4]
 2039 0056 FF22     		movs	r2, #255
 2040 0058 5A62     		str	r2, [r3, #36]
 2041              		.loc 1 1997 3 view .LVU709
1998:Drivers/STM32H7xx_HAL_Driver/Src/stm32h7xx_hal_rtc_ex.c **** 
1999:Drivers/STM32H7xx_HAL_Driver/Src/stm32h7xx_hal_rtc_ex.c ****   hrtc->State = HAL_RTC_STATE_READY;
 2042              		.loc 1 1999 3 view .LVU710
 2043              		.loc 1 1999 15 is_stmt 0 view .LVU711
 2044 005a 0123     		movs	r3, #1
 2045 005c 84F82130 		strb	r3, [r4, #33]
2000:Drivers/STM32H7xx_HAL_Driver/Src/stm32h7xx_hal_rtc_ex.c **** 
2001:Drivers/STM32H7xx_HAL_Driver/Src/stm32h7xx_hal_rtc_ex.c ****   /* Process Unlocked */
2002:Drivers/STM32H7xx_HAL_Driver/Src/stm32h7xx_hal_rtc_ex.c ****   __HAL_UNLOCK(hrtc);
 2046              		.loc 1 2002 3 is_stmt 1 view .LVU712
 2047              		.loc 1 2002 3 view .LVU713
 2048 0060 0020     		movs	r0, #0
 2049 0062 84F82000 		strb	r0, [r4, #32]
 2050              		.loc 1 2002 3 view .LVU714
2003:Drivers/STM32H7xx_HAL_Driver/Src/stm32h7xx_hal_rtc_ex.c **** 
2004:Drivers/STM32H7xx_HAL_Driver/Src/stm32h7xx_hal_rtc_ex.c ****   return HAL_OK;
 2051              		.loc 1 2004 3 view .LVU715
ARM GAS  C:\Users\admin\AppData\Local\Temp\ccP3nyhx.s 			page 74


 2052              	.LVL142:
 2053              	.L145:
2005:Drivers/STM32H7xx_HAL_Driver/Src/stm32h7xx_hal_rtc_ex.c **** }
 2054              		.loc 1 2005 1 is_stmt 0 view .LVU716
 2055 0066 F8BD     		pop	{r3, r4, r5, r6, r7, pc}
 2056              	.LVL143:
 2057              	.L151:
1964:Drivers/STM32H7xx_HAL_Driver/Src/stm32h7xx_hal_rtc_ex.c **** 
 2058              		.loc 1 1964 5 is_stmt 1 view .LVU717
1964:Drivers/STM32H7xx_HAL_Driver/Src/stm32h7xx_hal_rtc_ex.c **** 
 2059              		.loc 1 1964 17 is_stmt 0 view .LVU718
 2060 0068 FFF7FEFF 		bl	HAL_GetTick
 2061              	.LVL144:
1964:Drivers/STM32H7xx_HAL_Driver/Src/stm32h7xx_hal_rtc_ex.c **** 
 2062              		.loc 1 1964 17 view .LVU719
 2063 006c 0746     		mov	r7, r0
 2064              	.LVL145:
1966:Drivers/STM32H7xx_HAL_Driver/Src/stm32h7xx_hal_rtc_ex.c **** #endif /* TAMP */
 2065              		.loc 1 1966 5 is_stmt 1 view .LVU720
 2066              	.L147:
1966:Drivers/STM32H7xx_HAL_Driver/Src/stm32h7xx_hal_rtc_ex.c **** #endif /* TAMP */
 2067              		.loc 1 1966 10 view .LVU721
1966:Drivers/STM32H7xx_HAL_Driver/Src/stm32h7xx_hal_rtc_ex.c **** #endif /* TAMP */
 2068              		.loc 1 1966 11 is_stmt 0 view .LVU722
 2069 006e 2368     		ldr	r3, [r4]
 2070 0070 DB68     		ldr	r3, [r3, #12]
1966:Drivers/STM32H7xx_HAL_Driver/Src/stm32h7xx_hal_rtc_ex.c **** #endif /* TAMP */
 2071              		.loc 1 1966 10 view .LVU723
 2072 0072 13F0040F 		tst	r3, #4
 2073 0076 E0D1     		bne	.L146
1969:Drivers/STM32H7xx_HAL_Driver/Src/stm32h7xx_hal_rtc_ex.c ****       {
 2074              		.loc 1 1969 7 is_stmt 1 view .LVU724
1969:Drivers/STM32H7xx_HAL_Driver/Src/stm32h7xx_hal_rtc_ex.c ****       {
 2075              		.loc 1 1969 12 is_stmt 0 view .LVU725
 2076 0078 FFF7FEFF 		bl	HAL_GetTick
 2077              	.LVL146:
1969:Drivers/STM32H7xx_HAL_Driver/Src/stm32h7xx_hal_rtc_ex.c ****       {
 2078              		.loc 1 1969 26 view .LVU726
 2079 007c C01B     		subs	r0, r0, r7
1969:Drivers/STM32H7xx_HAL_Driver/Src/stm32h7xx_hal_rtc_ex.c ****       {
 2080              		.loc 1 1969 10 view .LVU727
 2081 007e B0F57A7F 		cmp	r0, #1000
 2082 0082 F4D9     		bls	.L147
1972:Drivers/STM32H7xx_HAL_Driver/Src/stm32h7xx_hal_rtc_ex.c **** 
 2083              		.loc 1 1972 9 is_stmt 1 view .LVU728
1972:Drivers/STM32H7xx_HAL_Driver/Src/stm32h7xx_hal_rtc_ex.c **** 
 2084              		.loc 1 1972 9 view .LVU729
 2085 0084 2368     		ldr	r3, [r4]
 2086 0086 FF22     		movs	r2, #255
 2087 0088 5A62     		str	r2, [r3, #36]
1972:Drivers/STM32H7xx_HAL_Driver/Src/stm32h7xx_hal_rtc_ex.c **** 
 2088              		.loc 1 1972 9 view .LVU730
1974:Drivers/STM32H7xx_HAL_Driver/Src/stm32h7xx_hal_rtc_ex.c **** 
 2089              		.loc 1 1974 9 view .LVU731
1974:Drivers/STM32H7xx_HAL_Driver/Src/stm32h7xx_hal_rtc_ex.c **** 
 2090              		.loc 1 1974 21 is_stmt 0 view .LVU732
 2091 008a 0320     		movs	r0, #3
ARM GAS  C:\Users\admin\AppData\Local\Temp\ccP3nyhx.s 			page 75


 2092 008c 84F82100 		strb	r0, [r4, #33]
1977:Drivers/STM32H7xx_HAL_Driver/Src/stm32h7xx_hal_rtc_ex.c **** 
 2093              		.loc 1 1977 9 is_stmt 1 view .LVU733
1977:Drivers/STM32H7xx_HAL_Driver/Src/stm32h7xx_hal_rtc_ex.c **** 
 2094              		.loc 1 1977 9 view .LVU734
 2095 0090 0023     		movs	r3, #0
 2096 0092 84F82030 		strb	r3, [r4, #32]
1977:Drivers/STM32H7xx_HAL_Driver/Src/stm32h7xx_hal_rtc_ex.c **** 
 2097              		.loc 1 1977 9 view .LVU735
1979:Drivers/STM32H7xx_HAL_Driver/Src/stm32h7xx_hal_rtc_ex.c ****       }
 2098              		.loc 1 1979 9 view .LVU736
1979:Drivers/STM32H7xx_HAL_Driver/Src/stm32h7xx_hal_rtc_ex.c ****       }
 2099              		.loc 1 1979 16 is_stmt 0 view .LVU737
 2100 0096 E6E7     		b	.L145
 2101              	.LVL147:
 2102              	.L149:
1942:Drivers/STM32H7xx_HAL_Driver/Src/stm32h7xx_hal_rtc_ex.c **** 
 2103              		.loc 1 1942 3 view .LVU738
 2104 0098 0220     		movs	r0, #2
 2105              	.LVL148:
1942:Drivers/STM32H7xx_HAL_Driver/Src/stm32h7xx_hal_rtc_ex.c **** 
 2106              		.loc 1 1942 3 view .LVU739
 2107 009a E4E7     		b	.L145
 2108              	.L153:
 2109              		.align	2
 2110              	.L152:
 2111 009c 00400058 		.word	1476411392
 2112              		.cfi_endproc
 2113              	.LFE162:
 2115              		.section	.text.HAL_RTCEx_SetWakeUpTimer_IT,"ax",%progbits
 2116              		.align	1
 2117              		.global	HAL_RTCEx_SetWakeUpTimer_IT
 2118              		.syntax unified
 2119              		.thumb
 2120              		.thumb_func
 2122              	HAL_RTCEx_SetWakeUpTimer_IT:
 2123              	.LVL149:
 2124              	.LFB163:
2006:Drivers/STM32H7xx_HAL_Driver/Src/stm32h7xx_hal_rtc_ex.c **** 
2007:Drivers/STM32H7xx_HAL_Driver/Src/stm32h7xx_hal_rtc_ex.c **** /**
2008:Drivers/STM32H7xx_HAL_Driver/Src/stm32h7xx_hal_rtc_ex.c ****   * @brief  Set wake up timer with interrupt.
2009:Drivers/STM32H7xx_HAL_Driver/Src/stm32h7xx_hal_rtc_ex.c ****   * @param  hrtc RTC handle
2010:Drivers/STM32H7xx_HAL_Driver/Src/stm32h7xx_hal_rtc_ex.c ****   * @param  WakeUpCounter Wake up counter
2011:Drivers/STM32H7xx_HAL_Driver/Src/stm32h7xx_hal_rtc_ex.c ****   * @param  WakeUpClock Wake up clock
2012:Drivers/STM32H7xx_HAL_Driver/Src/stm32h7xx_hal_rtc_ex.c ****   * @retval HAL status
2013:Drivers/STM32H7xx_HAL_Driver/Src/stm32h7xx_hal_rtc_ex.c ****   */
2014:Drivers/STM32H7xx_HAL_Driver/Src/stm32h7xx_hal_rtc_ex.c **** HAL_StatusTypeDef HAL_RTCEx_SetWakeUpTimer_IT(RTC_HandleTypeDef *hrtc, uint32_t WakeUpCounter, uint
2015:Drivers/STM32H7xx_HAL_Driver/Src/stm32h7xx_hal_rtc_ex.c **** {
 2125              		.loc 1 2015 1 is_stmt 1 view -0
 2126              		.cfi_startproc
 2127              		@ args = 0, pretend = 0, frame = 0
 2128              		@ frame_needed = 0, uses_anonymous_args = 0
 2129              		.loc 1 2015 1 is_stmt 0 view .LVU741
 2130 0000 F8B5     		push	{r3, r4, r5, r6, r7, lr}
 2131              	.LCFI23:
 2132              		.cfi_def_cfa_offset 24
 2133              		.cfi_offset 3, -24
ARM GAS  C:\Users\admin\AppData\Local\Temp\ccP3nyhx.s 			page 76


 2134              		.cfi_offset 4, -20
 2135              		.cfi_offset 5, -16
 2136              		.cfi_offset 6, -12
 2137              		.cfi_offset 7, -8
 2138              		.cfi_offset 14, -4
2016:Drivers/STM32H7xx_HAL_Driver/Src/stm32h7xx_hal_rtc_ex.c ****   uint32_t tickstart;
 2139              		.loc 1 2016 3 is_stmt 1 view .LVU742
2017:Drivers/STM32H7xx_HAL_Driver/Src/stm32h7xx_hal_rtc_ex.c **** 
2018:Drivers/STM32H7xx_HAL_Driver/Src/stm32h7xx_hal_rtc_ex.c ****   /* Check the parameters */
2019:Drivers/STM32H7xx_HAL_Driver/Src/stm32h7xx_hal_rtc_ex.c ****   assert_param(IS_RTC_WAKEUP_CLOCK(WakeUpClock));
 2140              		.loc 1 2019 3 view .LVU743
2020:Drivers/STM32H7xx_HAL_Driver/Src/stm32h7xx_hal_rtc_ex.c ****   assert_param(IS_RTC_WAKEUP_COUNTER(WakeUpCounter));
 2141              		.loc 1 2020 3 view .LVU744
2021:Drivers/STM32H7xx_HAL_Driver/Src/stm32h7xx_hal_rtc_ex.c **** 
2022:Drivers/STM32H7xx_HAL_Driver/Src/stm32h7xx_hal_rtc_ex.c ****   /* Process Locked */
2023:Drivers/STM32H7xx_HAL_Driver/Src/stm32h7xx_hal_rtc_ex.c ****   __HAL_LOCK(hrtc);
 2142              		.loc 1 2023 3 view .LVU745
 2143              		.loc 1 2023 3 view .LVU746
 2144 0002 90F82030 		ldrb	r3, [r0, #32]	@ zero_extendqisi2
 2145 0006 012B     		cmp	r3, #1
 2146 0008 57D0     		beq	.L159
 2147 000a 0446     		mov	r4, r0
 2148 000c 0E46     		mov	r6, r1
 2149 000e 1546     		mov	r5, r2
 2150              		.loc 1 2023 3 discriminator 2 view .LVU747
 2151 0010 0123     		movs	r3, #1
 2152 0012 80F82030 		strb	r3, [r0, #32]
 2153              		.loc 1 2023 3 discriminator 2 view .LVU748
2024:Drivers/STM32H7xx_HAL_Driver/Src/stm32h7xx_hal_rtc_ex.c **** 
2025:Drivers/STM32H7xx_HAL_Driver/Src/stm32h7xx_hal_rtc_ex.c ****   hrtc->State = HAL_RTC_STATE_BUSY;
 2154              		.loc 1 2025 3 discriminator 2 view .LVU749
 2155              		.loc 1 2025 15 is_stmt 0 discriminator 2 view .LVU750
 2156 0016 0223     		movs	r3, #2
 2157 0018 80F82130 		strb	r3, [r0, #33]
2026:Drivers/STM32H7xx_HAL_Driver/Src/stm32h7xx_hal_rtc_ex.c **** 
2027:Drivers/STM32H7xx_HAL_Driver/Src/stm32h7xx_hal_rtc_ex.c ****   /* Disable the write protection for RTC registers */
2028:Drivers/STM32H7xx_HAL_Driver/Src/stm32h7xx_hal_rtc_ex.c ****   __HAL_RTC_WRITEPROTECTION_DISABLE(hrtc);
 2158              		.loc 1 2028 3 is_stmt 1 discriminator 2 view .LVU751
 2159              		.loc 1 2028 3 discriminator 2 view .LVU752
 2160 001c 0368     		ldr	r3, [r0]
 2161 001e CA22     		movs	r2, #202
 2162              	.LVL150:
 2163              		.loc 1 2028 3 is_stmt 0 discriminator 2 view .LVU753
 2164 0020 5A62     		str	r2, [r3, #36]
 2165              		.loc 1 2028 3 is_stmt 1 discriminator 2 view .LVU754
 2166 0022 0368     		ldr	r3, [r0]
 2167 0024 5322     		movs	r2, #83
 2168 0026 5A62     		str	r2, [r3, #36]
 2169              		.loc 1 2028 3 discriminator 2 view .LVU755
2029:Drivers/STM32H7xx_HAL_Driver/Src/stm32h7xx_hal_rtc_ex.c **** 
2030:Drivers/STM32H7xx_HAL_Driver/Src/stm32h7xx_hal_rtc_ex.c ****   /* Clear WUTE in RTC_CR to disable the wakeup timer */
2031:Drivers/STM32H7xx_HAL_Driver/Src/stm32h7xx_hal_rtc_ex.c ****   CLEAR_BIT(RTC->CR, RTC_CR_WUTE);
 2170              		.loc 1 2031 3 discriminator 2 view .LVU756
 2171 0028 254B     		ldr	r3, .L162
 2172 002a 9A68     		ldr	r2, [r3, #8]
 2173 002c 22F48062 		bic	r2, r2, #1024
 2174 0030 9A60     		str	r2, [r3, #8]
ARM GAS  C:\Users\admin\AppData\Local\Temp\ccP3nyhx.s 			page 77


2032:Drivers/STM32H7xx_HAL_Driver/Src/stm32h7xx_hal_rtc_ex.c **** 
2033:Drivers/STM32H7xx_HAL_Driver/Src/stm32h7xx_hal_rtc_ex.c ****   /* Poll WUTWF until it is set in RTC_ICSR to make sure the access to wakeup autoreload
2034:Drivers/STM32H7xx_HAL_Driver/Src/stm32h7xx_hal_rtc_ex.c ****   counter and to WUCKSEL[2:0] bits is allowed. This step must be skipped in
2035:Drivers/STM32H7xx_HAL_Driver/Src/stm32h7xx_hal_rtc_ex.c ****   calendar initialization mode. */
2036:Drivers/STM32H7xx_HAL_Driver/Src/stm32h7xx_hal_rtc_ex.c **** #if defined(TAMP)
2037:Drivers/STM32H7xx_HAL_Driver/Src/stm32h7xx_hal_rtc_ex.c ****   if (READ_BIT(RTC->ICSR, RTC_ICSR_INITF) == 0U)
2038:Drivers/STM32H7xx_HAL_Driver/Src/stm32h7xx_hal_rtc_ex.c ****   {
2039:Drivers/STM32H7xx_HAL_Driver/Src/stm32h7xx_hal_rtc_ex.c ****     tickstart = HAL_GetTick();
2040:Drivers/STM32H7xx_HAL_Driver/Src/stm32h7xx_hal_rtc_ex.c **** 
2041:Drivers/STM32H7xx_HAL_Driver/Src/stm32h7xx_hal_rtc_ex.c ****     while (READ_BIT(hrtc->Instance->ICSR, RTC_FLAG_WUTWF) == 0U)
2042:Drivers/STM32H7xx_HAL_Driver/Src/stm32h7xx_hal_rtc_ex.c **** #else
2043:Drivers/STM32H7xx_HAL_Driver/Src/stm32h7xx_hal_rtc_ex.c ****   if (READ_BIT(RTC->ISR, RTC_ISR_INITF) == 0U)
 2175              		.loc 1 2043 3 discriminator 2 view .LVU757
 2176              		.loc 1 2043 7 is_stmt 0 discriminator 2 view .LVU758
 2177 0032 DB68     		ldr	r3, [r3, #12]
 2178              		.loc 1 2043 6 discriminator 2 view .LVU759
 2179 0034 13F0400F 		tst	r3, #64
 2180 0038 27D0     		beq	.L161
 2181              	.LVL151:
 2182              	.L156:
2044:Drivers/STM32H7xx_HAL_Driver/Src/stm32h7xx_hal_rtc_ex.c ****   {
2045:Drivers/STM32H7xx_HAL_Driver/Src/stm32h7xx_hal_rtc_ex.c ****     tickstart = HAL_GetTick();
2046:Drivers/STM32H7xx_HAL_Driver/Src/stm32h7xx_hal_rtc_ex.c **** 
2047:Drivers/STM32H7xx_HAL_Driver/Src/stm32h7xx_hal_rtc_ex.c ****     while(__HAL_RTC_WAKEUPTIMER_GET_FLAG(hrtc, RTC_FLAG_WUTWF) == 0U)
2048:Drivers/STM32H7xx_HAL_Driver/Src/stm32h7xx_hal_rtc_ex.c **** #endif /* TAMP */
2049:Drivers/STM32H7xx_HAL_Driver/Src/stm32h7xx_hal_rtc_ex.c ****     {
2050:Drivers/STM32H7xx_HAL_Driver/Src/stm32h7xx_hal_rtc_ex.c ****       if ((HAL_GetTick() - tickstart) > RTC_TIMEOUT_VALUE)
2051:Drivers/STM32H7xx_HAL_Driver/Src/stm32h7xx_hal_rtc_ex.c ****       {
2052:Drivers/STM32H7xx_HAL_Driver/Src/stm32h7xx_hal_rtc_ex.c ****         /* Enable the write protection for RTC registers */
2053:Drivers/STM32H7xx_HAL_Driver/Src/stm32h7xx_hal_rtc_ex.c ****         __HAL_RTC_WRITEPROTECTION_ENABLE(hrtc);
2054:Drivers/STM32H7xx_HAL_Driver/Src/stm32h7xx_hal_rtc_ex.c **** 
2055:Drivers/STM32H7xx_HAL_Driver/Src/stm32h7xx_hal_rtc_ex.c ****         hrtc->State = HAL_RTC_STATE_TIMEOUT;
2056:Drivers/STM32H7xx_HAL_Driver/Src/stm32h7xx_hal_rtc_ex.c **** 
2057:Drivers/STM32H7xx_HAL_Driver/Src/stm32h7xx_hal_rtc_ex.c ****         /* Process Unlocked */
2058:Drivers/STM32H7xx_HAL_Driver/Src/stm32h7xx_hal_rtc_ex.c ****         __HAL_UNLOCK(hrtc);
2059:Drivers/STM32H7xx_HAL_Driver/Src/stm32h7xx_hal_rtc_ex.c **** 
2060:Drivers/STM32H7xx_HAL_Driver/Src/stm32h7xx_hal_rtc_ex.c ****         return HAL_TIMEOUT;
2061:Drivers/STM32H7xx_HAL_Driver/Src/stm32h7xx_hal_rtc_ex.c ****       }
2062:Drivers/STM32H7xx_HAL_Driver/Src/stm32h7xx_hal_rtc_ex.c ****     }
2063:Drivers/STM32H7xx_HAL_Driver/Src/stm32h7xx_hal_rtc_ex.c ****   }
2064:Drivers/STM32H7xx_HAL_Driver/Src/stm32h7xx_hal_rtc_ex.c **** 
2065:Drivers/STM32H7xx_HAL_Driver/Src/stm32h7xx_hal_rtc_ex.c ****   /* Configure the Wakeup Timer counter */
2066:Drivers/STM32H7xx_HAL_Driver/Src/stm32h7xx_hal_rtc_ex.c ****   hrtc->Instance->WUTR = (uint32_t)WakeUpCounter;
 2183              		.loc 1 2066 3 is_stmt 1 view .LVU760
 2184              		.loc 1 2066 7 is_stmt 0 view .LVU761
 2185 003a 2368     		ldr	r3, [r4]
 2186              		.loc 1 2066 24 view .LVU762
 2187 003c 5E61     		str	r6, [r3, #20]
 2188              	.LBB2:
2067:Drivers/STM32H7xx_HAL_Driver/Src/stm32h7xx_hal_rtc_ex.c **** 
2068:Drivers/STM32H7xx_HAL_Driver/Src/stm32h7xx_hal_rtc_ex.c ****   /* Clear the Wakeup Timer clock source bits and configure the clock source in CR register */
2069:Drivers/STM32H7xx_HAL_Driver/Src/stm32h7xx_hal_rtc_ex.c ****   {
2070:Drivers/STM32H7xx_HAL_Driver/Src/stm32h7xx_hal_rtc_ex.c ****     uint32_t CR_tmp = hrtc->Instance->CR;
 2189              		.loc 1 2070 5 is_stmt 1 view .LVU763
 2190              		.loc 1 2070 27 is_stmt 0 view .LVU764
 2191 003e 2168     		ldr	r1, [r4]
 2192              		.loc 1 2070 14 view .LVU765
ARM GAS  C:\Users\admin\AppData\Local\Temp\ccP3nyhx.s 			page 78


 2193 0040 8B68     		ldr	r3, [r1, #8]
 2194              	.LVL152:
2071:Drivers/STM32H7xx_HAL_Driver/Src/stm32h7xx_hal_rtc_ex.c ****     CR_tmp &= (uint32_t)~RTC_CR_WUCKSEL;
 2195              		.loc 1 2071 5 is_stmt 1 view .LVU766
 2196              		.loc 1 2071 12 is_stmt 0 view .LVU767
 2197 0042 23F00703 		bic	r3, r3, #7
 2198              	.LVL153:
2072:Drivers/STM32H7xx_HAL_Driver/Src/stm32h7xx_hal_rtc_ex.c ****     CR_tmp |= (uint32_t)WakeUpClock;
 2199              		.loc 1 2072 5 is_stmt 1 view .LVU768
 2200              		.loc 1 2072 12 is_stmt 0 view .LVU769
 2201 0046 2B43     		orrs	r3, r3, r5
 2202              	.LVL154:
2073:Drivers/STM32H7xx_HAL_Driver/Src/stm32h7xx_hal_rtc_ex.c ****     hrtc->Instance->CR = CR_tmp;
 2203              		.loc 1 2073 5 is_stmt 1 view .LVU770
 2204              		.loc 1 2073 24 is_stmt 0 view .LVU771
 2205 0048 8B60     		str	r3, [r1, #8]
 2206              	.LBE2:
2074:Drivers/STM32H7xx_HAL_Driver/Src/stm32h7xx_hal_rtc_ex.c ****   }
2075:Drivers/STM32H7xx_HAL_Driver/Src/stm32h7xx_hal_rtc_ex.c **** 
2076:Drivers/STM32H7xx_HAL_Driver/Src/stm32h7xx_hal_rtc_ex.c ****   /* RTC WakeUpTimer Interrupt Configuration: EXTI configuration */
2077:Drivers/STM32H7xx_HAL_Driver/Src/stm32h7xx_hal_rtc_ex.c **** #if defined(DUAL_CORE)
2078:Drivers/STM32H7xx_HAL_Driver/Src/stm32h7xx_hal_rtc_ex.c ****   if (HAL_GetCurrentCPUID() == CM7_CPUID)
2079:Drivers/STM32H7xx_HAL_Driver/Src/stm32h7xx_hal_rtc_ex.c ****   {
2080:Drivers/STM32H7xx_HAL_Driver/Src/stm32h7xx_hal_rtc_ex.c ****     __HAL_RTC_WAKEUPTIMER_EXTI_ENABLE_IT();
2081:Drivers/STM32H7xx_HAL_Driver/Src/stm32h7xx_hal_rtc_ex.c ****   }
2082:Drivers/STM32H7xx_HAL_Driver/Src/stm32h7xx_hal_rtc_ex.c ****   else
2083:Drivers/STM32H7xx_HAL_Driver/Src/stm32h7xx_hal_rtc_ex.c ****   {
2084:Drivers/STM32H7xx_HAL_Driver/Src/stm32h7xx_hal_rtc_ex.c ****     __HAL_RTC_WAKEUPTIMER_EXTID2_ENABLE_IT();
2085:Drivers/STM32H7xx_HAL_Driver/Src/stm32h7xx_hal_rtc_ex.c ****   }
2086:Drivers/STM32H7xx_HAL_Driver/Src/stm32h7xx_hal_rtc_ex.c **** #else /* SINGLE_CORE */
2087:Drivers/STM32H7xx_HAL_Driver/Src/stm32h7xx_hal_rtc_ex.c ****   __HAL_RTC_WAKEUPTIMER_EXTI_ENABLE_IT();
 2207              		.loc 1 2087 3 is_stmt 1 view .LVU772
 2208 004a 4FF0B043 		mov	r3, #1476395008
 2209              	.LVL155:
 2210              		.loc 1 2087 3 is_stmt 0 view .LVU773
 2211 004e D3F88020 		ldr	r2, [r3, #128]
 2212 0052 42F40022 		orr	r2, r2, #524288
 2213 0056 C3F88020 		str	r2, [r3, #128]
 2214              	.LVL156:
2088:Drivers/STM32H7xx_HAL_Driver/Src/stm32h7xx_hal_rtc_ex.c **** #endif /* DUAL_CORE */
2089:Drivers/STM32H7xx_HAL_Driver/Src/stm32h7xx_hal_rtc_ex.c **** 
2090:Drivers/STM32H7xx_HAL_Driver/Src/stm32h7xx_hal_rtc_ex.c ****   __HAL_RTC_WAKEUPTIMER_EXTI_ENABLE_RISING_EDGE();
 2215              		.loc 1 2090 3 is_stmt 1 view .LVU774
 2216 005a 1A68     		ldr	r2, [r3]
 2217 005c 42F40022 		orr	r2, r2, #524288
 2218 0060 1A60     		str	r2, [r3]
2091:Drivers/STM32H7xx_HAL_Driver/Src/stm32h7xx_hal_rtc_ex.c **** 
2092:Drivers/STM32H7xx_HAL_Driver/Src/stm32h7xx_hal_rtc_ex.c ****   /* Configure the Interrupt in the RTC_CR register */
2093:Drivers/STM32H7xx_HAL_Driver/Src/stm32h7xx_hal_rtc_ex.c ****   __HAL_RTC_WAKEUPTIMER_ENABLE_IT(hrtc, RTC_IT_WUT);
 2219              		.loc 1 2093 3 view .LVU775
 2220 0062 2268     		ldr	r2, [r4]
 2221 0064 9368     		ldr	r3, [r2, #8]
 2222 0066 43F48043 		orr	r3, r3, #16384
 2223 006a 9360     		str	r3, [r2, #8]
2094:Drivers/STM32H7xx_HAL_Driver/Src/stm32h7xx_hal_rtc_ex.c **** 
2095:Drivers/STM32H7xx_HAL_Driver/Src/stm32h7xx_hal_rtc_ex.c ****   /* Enable the Wakeup Timer */
2096:Drivers/STM32H7xx_HAL_Driver/Src/stm32h7xx_hal_rtc_ex.c ****   __HAL_RTC_WAKEUPTIMER_ENABLE(hrtc);
ARM GAS  C:\Users\admin\AppData\Local\Temp\ccP3nyhx.s 			page 79


 2224              		.loc 1 2096 3 view .LVU776
 2225 006c 2268     		ldr	r2, [r4]
 2226 006e 9368     		ldr	r3, [r2, #8]
 2227 0070 43F48063 		orr	r3, r3, #1024
 2228 0074 9360     		str	r3, [r2, #8]
2097:Drivers/STM32H7xx_HAL_Driver/Src/stm32h7xx_hal_rtc_ex.c **** 
2098:Drivers/STM32H7xx_HAL_Driver/Src/stm32h7xx_hal_rtc_ex.c ****   /* Enable the write protection for RTC registers */
2099:Drivers/STM32H7xx_HAL_Driver/Src/stm32h7xx_hal_rtc_ex.c ****   __HAL_RTC_WRITEPROTECTION_ENABLE(hrtc);
 2229              		.loc 1 2099 3 view .LVU777
 2230              		.loc 1 2099 3 view .LVU778
 2231 0076 2368     		ldr	r3, [r4]
 2232 0078 FF22     		movs	r2, #255
 2233 007a 5A62     		str	r2, [r3, #36]
 2234              		.loc 1 2099 3 view .LVU779
2100:Drivers/STM32H7xx_HAL_Driver/Src/stm32h7xx_hal_rtc_ex.c **** 
2101:Drivers/STM32H7xx_HAL_Driver/Src/stm32h7xx_hal_rtc_ex.c ****   hrtc->State = HAL_RTC_STATE_READY;
 2235              		.loc 1 2101 3 view .LVU780
 2236              		.loc 1 2101 15 is_stmt 0 view .LVU781
 2237 007c 0123     		movs	r3, #1
 2238 007e 84F82130 		strb	r3, [r4, #33]
2102:Drivers/STM32H7xx_HAL_Driver/Src/stm32h7xx_hal_rtc_ex.c **** 
2103:Drivers/STM32H7xx_HAL_Driver/Src/stm32h7xx_hal_rtc_ex.c ****   /* Process Unlocked */
2104:Drivers/STM32H7xx_HAL_Driver/Src/stm32h7xx_hal_rtc_ex.c ****   __HAL_UNLOCK(hrtc);
 2239              		.loc 1 2104 3 is_stmt 1 view .LVU782
 2240              		.loc 1 2104 3 view .LVU783
 2241 0082 0020     		movs	r0, #0
 2242 0084 84F82000 		strb	r0, [r4, #32]
 2243              		.loc 1 2104 3 view .LVU784
2105:Drivers/STM32H7xx_HAL_Driver/Src/stm32h7xx_hal_rtc_ex.c **** 
2106:Drivers/STM32H7xx_HAL_Driver/Src/stm32h7xx_hal_rtc_ex.c ****   return HAL_OK;
 2244              		.loc 1 2106 3 view .LVU785
 2245              	.LVL157:
 2246              	.L155:
2107:Drivers/STM32H7xx_HAL_Driver/Src/stm32h7xx_hal_rtc_ex.c **** }
 2247              		.loc 1 2107 1 is_stmt 0 view .LVU786
 2248 0088 F8BD     		pop	{r3, r4, r5, r6, r7, pc}
 2249              	.LVL158:
 2250              	.L161:
2045:Drivers/STM32H7xx_HAL_Driver/Src/stm32h7xx_hal_rtc_ex.c **** 
 2251              		.loc 1 2045 5 is_stmt 1 view .LVU787
2045:Drivers/STM32H7xx_HAL_Driver/Src/stm32h7xx_hal_rtc_ex.c **** 
 2252              		.loc 1 2045 17 is_stmt 0 view .LVU788
 2253 008a FFF7FEFF 		bl	HAL_GetTick
 2254              	.LVL159:
2045:Drivers/STM32H7xx_HAL_Driver/Src/stm32h7xx_hal_rtc_ex.c **** 
 2255              		.loc 1 2045 17 view .LVU789
 2256 008e 0746     		mov	r7, r0
 2257              	.LVL160:
2047:Drivers/STM32H7xx_HAL_Driver/Src/stm32h7xx_hal_rtc_ex.c **** #endif /* TAMP */
 2258              		.loc 1 2047 5 is_stmt 1 view .LVU790
 2259              	.L157:
2047:Drivers/STM32H7xx_HAL_Driver/Src/stm32h7xx_hal_rtc_ex.c **** #endif /* TAMP */
 2260              		.loc 1 2047 10 view .LVU791
2047:Drivers/STM32H7xx_HAL_Driver/Src/stm32h7xx_hal_rtc_ex.c **** #endif /* TAMP */
 2261              		.loc 1 2047 11 is_stmt 0 view .LVU792
 2262 0090 2368     		ldr	r3, [r4]
 2263 0092 DB68     		ldr	r3, [r3, #12]
ARM GAS  C:\Users\admin\AppData\Local\Temp\ccP3nyhx.s 			page 80


2047:Drivers/STM32H7xx_HAL_Driver/Src/stm32h7xx_hal_rtc_ex.c **** #endif /* TAMP */
 2264              		.loc 1 2047 10 view .LVU793
 2265 0094 13F0040F 		tst	r3, #4
 2266 0098 CFD1     		bne	.L156
2050:Drivers/STM32H7xx_HAL_Driver/Src/stm32h7xx_hal_rtc_ex.c ****       {
 2267              		.loc 1 2050 7 is_stmt 1 view .LVU794
2050:Drivers/STM32H7xx_HAL_Driver/Src/stm32h7xx_hal_rtc_ex.c ****       {
 2268              		.loc 1 2050 12 is_stmt 0 view .LVU795
 2269 009a FFF7FEFF 		bl	HAL_GetTick
 2270              	.LVL161:
2050:Drivers/STM32H7xx_HAL_Driver/Src/stm32h7xx_hal_rtc_ex.c ****       {
 2271              		.loc 1 2050 26 view .LVU796
 2272 009e C01B     		subs	r0, r0, r7
2050:Drivers/STM32H7xx_HAL_Driver/Src/stm32h7xx_hal_rtc_ex.c ****       {
 2273              		.loc 1 2050 10 view .LVU797
 2274 00a0 B0F57A7F 		cmp	r0, #1000
 2275 00a4 F4D9     		bls	.L157
2053:Drivers/STM32H7xx_HAL_Driver/Src/stm32h7xx_hal_rtc_ex.c **** 
 2276              		.loc 1 2053 9 is_stmt 1 view .LVU798
2053:Drivers/STM32H7xx_HAL_Driver/Src/stm32h7xx_hal_rtc_ex.c **** 
 2277              		.loc 1 2053 9 view .LVU799
 2278 00a6 2368     		ldr	r3, [r4]
 2279 00a8 FF22     		movs	r2, #255
 2280 00aa 5A62     		str	r2, [r3, #36]
2053:Drivers/STM32H7xx_HAL_Driver/Src/stm32h7xx_hal_rtc_ex.c **** 
 2281              		.loc 1 2053 9 view .LVU800
2055:Drivers/STM32H7xx_HAL_Driver/Src/stm32h7xx_hal_rtc_ex.c **** 
 2282              		.loc 1 2055 9 view .LVU801
2055:Drivers/STM32H7xx_HAL_Driver/Src/stm32h7xx_hal_rtc_ex.c **** 
 2283              		.loc 1 2055 21 is_stmt 0 view .LVU802
 2284 00ac 0320     		movs	r0, #3
 2285 00ae 84F82100 		strb	r0, [r4, #33]
2058:Drivers/STM32H7xx_HAL_Driver/Src/stm32h7xx_hal_rtc_ex.c **** 
 2286              		.loc 1 2058 9 is_stmt 1 view .LVU803
2058:Drivers/STM32H7xx_HAL_Driver/Src/stm32h7xx_hal_rtc_ex.c **** 
 2287              		.loc 1 2058 9 view .LVU804
 2288 00b2 0023     		movs	r3, #0
 2289 00b4 84F82030 		strb	r3, [r4, #32]
2058:Drivers/STM32H7xx_HAL_Driver/Src/stm32h7xx_hal_rtc_ex.c **** 
 2290              		.loc 1 2058 9 view .LVU805
2060:Drivers/STM32H7xx_HAL_Driver/Src/stm32h7xx_hal_rtc_ex.c ****       }
 2291              		.loc 1 2060 9 view .LVU806
2060:Drivers/STM32H7xx_HAL_Driver/Src/stm32h7xx_hal_rtc_ex.c ****       }
 2292              		.loc 1 2060 16 is_stmt 0 view .LVU807
 2293 00b8 E6E7     		b	.L155
 2294              	.LVL162:
 2295              	.L159:
2023:Drivers/STM32H7xx_HAL_Driver/Src/stm32h7xx_hal_rtc_ex.c **** 
 2296              		.loc 1 2023 3 view .LVU808
 2297 00ba 0220     		movs	r0, #2
 2298              	.LVL163:
2023:Drivers/STM32H7xx_HAL_Driver/Src/stm32h7xx_hal_rtc_ex.c **** 
 2299              		.loc 1 2023 3 view .LVU809
 2300 00bc E4E7     		b	.L155
 2301              	.L163:
 2302 00be 00BF     		.align	2
 2303              	.L162:
ARM GAS  C:\Users\admin\AppData\Local\Temp\ccP3nyhx.s 			page 81


 2304 00c0 00400058 		.word	1476411392
 2305              		.cfi_endproc
 2306              	.LFE163:
 2308              		.section	.text.HAL_RTCEx_DeactivateWakeUpTimer,"ax",%progbits
 2309              		.align	1
 2310              		.global	HAL_RTCEx_DeactivateWakeUpTimer
 2311              		.syntax unified
 2312              		.thumb
 2313              		.thumb_func
 2315              	HAL_RTCEx_DeactivateWakeUpTimer:
 2316              	.LVL164:
 2317              	.LFB164:
2108:Drivers/STM32H7xx_HAL_Driver/Src/stm32h7xx_hal_rtc_ex.c **** 
2109:Drivers/STM32H7xx_HAL_Driver/Src/stm32h7xx_hal_rtc_ex.c **** /**
2110:Drivers/STM32H7xx_HAL_Driver/Src/stm32h7xx_hal_rtc_ex.c ****   * @brief  Deactivate wake up timer counter.
2111:Drivers/STM32H7xx_HAL_Driver/Src/stm32h7xx_hal_rtc_ex.c ****   * @param  hrtc RTC handle
2112:Drivers/STM32H7xx_HAL_Driver/Src/stm32h7xx_hal_rtc_ex.c ****   * @retval HAL status
2113:Drivers/STM32H7xx_HAL_Driver/Src/stm32h7xx_hal_rtc_ex.c ****   */
2114:Drivers/STM32H7xx_HAL_Driver/Src/stm32h7xx_hal_rtc_ex.c **** HAL_StatusTypeDef HAL_RTCEx_DeactivateWakeUpTimer(RTC_HandleTypeDef *hrtc)
2115:Drivers/STM32H7xx_HAL_Driver/Src/stm32h7xx_hal_rtc_ex.c **** {
 2318              		.loc 1 2115 1 is_stmt 1 view -0
 2319              		.cfi_startproc
 2320              		@ args = 0, pretend = 0, frame = 0
 2321              		@ frame_needed = 0, uses_anonymous_args = 0
 2322              		.loc 1 2115 1 is_stmt 0 view .LVU811
 2323 0000 38B5     		push	{r3, r4, r5, lr}
 2324              	.LCFI24:
 2325              		.cfi_def_cfa_offset 16
 2326              		.cfi_offset 3, -16
 2327              		.cfi_offset 4, -12
 2328              		.cfi_offset 5, -8
 2329              		.cfi_offset 14, -4
2116:Drivers/STM32H7xx_HAL_Driver/Src/stm32h7xx_hal_rtc_ex.c ****   uint32_t tickstart;
 2330              		.loc 1 2116 3 is_stmt 1 view .LVU812
2117:Drivers/STM32H7xx_HAL_Driver/Src/stm32h7xx_hal_rtc_ex.c **** 
2118:Drivers/STM32H7xx_HAL_Driver/Src/stm32h7xx_hal_rtc_ex.c ****   /* Process Locked */
2119:Drivers/STM32H7xx_HAL_Driver/Src/stm32h7xx_hal_rtc_ex.c ****   __HAL_LOCK(hrtc);
 2331              		.loc 1 2119 3 view .LVU813
 2332              		.loc 1 2119 3 view .LVU814
 2333 0002 90F82030 		ldrb	r3, [r0, #32]	@ zero_extendqisi2
 2334 0006 012B     		cmp	r3, #1
 2335 0008 37D0     		beq	.L168
 2336 000a 0446     		mov	r4, r0
 2337              		.loc 1 2119 3 discriminator 2 view .LVU815
 2338 000c 0123     		movs	r3, #1
 2339 000e 80F82030 		strb	r3, [r0, #32]
 2340              		.loc 1 2119 3 discriminator 2 view .LVU816
2120:Drivers/STM32H7xx_HAL_Driver/Src/stm32h7xx_hal_rtc_ex.c **** 
2121:Drivers/STM32H7xx_HAL_Driver/Src/stm32h7xx_hal_rtc_ex.c ****   hrtc->State = HAL_RTC_STATE_BUSY;
 2341              		.loc 1 2121 3 discriminator 2 view .LVU817
 2342              		.loc 1 2121 15 is_stmt 0 discriminator 2 view .LVU818
 2343 0012 0223     		movs	r3, #2
 2344 0014 80F82130 		strb	r3, [r0, #33]
2122:Drivers/STM32H7xx_HAL_Driver/Src/stm32h7xx_hal_rtc_ex.c **** 
2123:Drivers/STM32H7xx_HAL_Driver/Src/stm32h7xx_hal_rtc_ex.c ****   /* Disable the write protection for RTC registers */
2124:Drivers/STM32H7xx_HAL_Driver/Src/stm32h7xx_hal_rtc_ex.c ****   __HAL_RTC_WRITEPROTECTION_DISABLE(hrtc);
 2345              		.loc 1 2124 3 is_stmt 1 discriminator 2 view .LVU819
ARM GAS  C:\Users\admin\AppData\Local\Temp\ccP3nyhx.s 			page 82


 2346              		.loc 1 2124 3 discriminator 2 view .LVU820
 2347 0018 0368     		ldr	r3, [r0]
 2348 001a CA22     		movs	r2, #202
 2349 001c 5A62     		str	r2, [r3, #36]
 2350              		.loc 1 2124 3 discriminator 2 view .LVU821
 2351 001e 0368     		ldr	r3, [r0]
 2352 0020 5322     		movs	r2, #83
 2353 0022 5A62     		str	r2, [r3, #36]
 2354              		.loc 1 2124 3 discriminator 2 view .LVU822
2125:Drivers/STM32H7xx_HAL_Driver/Src/stm32h7xx_hal_rtc_ex.c **** 
2126:Drivers/STM32H7xx_HAL_Driver/Src/stm32h7xx_hal_rtc_ex.c ****   /* Disable the Wakeup Timer */
2127:Drivers/STM32H7xx_HAL_Driver/Src/stm32h7xx_hal_rtc_ex.c ****   __HAL_RTC_WAKEUPTIMER_DISABLE(hrtc);
 2355              		.loc 1 2127 3 discriminator 2 view .LVU823
 2356 0024 0268     		ldr	r2, [r0]
 2357 0026 9368     		ldr	r3, [r2, #8]
 2358 0028 23F48063 		bic	r3, r3, #1024
 2359 002c 9360     		str	r3, [r2, #8]
2128:Drivers/STM32H7xx_HAL_Driver/Src/stm32h7xx_hal_rtc_ex.c **** 
2129:Drivers/STM32H7xx_HAL_Driver/Src/stm32h7xx_hal_rtc_ex.c ****   /* In case of interrupt mode is used, the interrupt source must disabled */
2130:Drivers/STM32H7xx_HAL_Driver/Src/stm32h7xx_hal_rtc_ex.c ****   __HAL_RTC_WAKEUPTIMER_DISABLE_IT(hrtc, RTC_IT_WUT);
 2360              		.loc 1 2130 3 discriminator 2 view .LVU824
 2361 002e 0268     		ldr	r2, [r0]
 2362 0030 9368     		ldr	r3, [r2, #8]
 2363 0032 23F48043 		bic	r3, r3, #16384
 2364 0036 9360     		str	r3, [r2, #8]
2131:Drivers/STM32H7xx_HAL_Driver/Src/stm32h7xx_hal_rtc_ex.c **** 
2132:Drivers/STM32H7xx_HAL_Driver/Src/stm32h7xx_hal_rtc_ex.c ****   tickstart = HAL_GetTick();
 2365              		.loc 1 2132 3 discriminator 2 view .LVU825
 2366              		.loc 1 2132 15 is_stmt 0 discriminator 2 view .LVU826
 2367 0038 FFF7FEFF 		bl	HAL_GetTick
 2368              	.LVL165:
 2369              		.loc 1 2132 15 discriminator 2 view .LVU827
 2370 003c 0546     		mov	r5, r0
 2371              	.LVL166:
2133:Drivers/STM32H7xx_HAL_Driver/Src/stm32h7xx_hal_rtc_ex.c ****   /* Wait till RTC WUTWF flag is set and if timeout is reached exit */
2134:Drivers/STM32H7xx_HAL_Driver/Src/stm32h7xx_hal_rtc_ex.c **** #if defined(TAMP)
2135:Drivers/STM32H7xx_HAL_Driver/Src/stm32h7xx_hal_rtc_ex.c ****   while (READ_BIT(hrtc->Instance->ICSR, RTC_FLAG_WUTWF) == 0U)
2136:Drivers/STM32H7xx_HAL_Driver/Src/stm32h7xx_hal_rtc_ex.c **** #else
2137:Drivers/STM32H7xx_HAL_Driver/Src/stm32h7xx_hal_rtc_ex.c ****   while(__HAL_RTC_WAKEUPTIMER_GET_FLAG(hrtc, RTC_FLAG_WUTWF) == 0U)
 2372              		.loc 1 2137 3 is_stmt 1 discriminator 2 view .LVU828
 2373              	.L166:
 2374              		.loc 1 2137 8 view .LVU829
 2375              		.loc 1 2137 9 is_stmt 0 view .LVU830
 2376 003e 2368     		ldr	r3, [r4]
 2377 0040 DA68     		ldr	r2, [r3, #12]
 2378              		.loc 1 2137 8 view .LVU831
 2379 0042 12F0040F 		tst	r2, #4
 2380 0046 0FD1     		bne	.L170
2138:Drivers/STM32H7xx_HAL_Driver/Src/stm32h7xx_hal_rtc_ex.c **** #endif /* TAMP */
2139:Drivers/STM32H7xx_HAL_Driver/Src/stm32h7xx_hal_rtc_ex.c ****   {
2140:Drivers/STM32H7xx_HAL_Driver/Src/stm32h7xx_hal_rtc_ex.c ****     if ((HAL_GetTick() - tickstart) > RTC_TIMEOUT_VALUE)
 2381              		.loc 1 2140 5 is_stmt 1 view .LVU832
 2382              		.loc 1 2140 10 is_stmt 0 view .LVU833
 2383 0048 FFF7FEFF 		bl	HAL_GetTick
 2384              	.LVL167:
 2385              		.loc 1 2140 24 view .LVU834
 2386 004c 431B     		subs	r3, r0, r5
ARM GAS  C:\Users\admin\AppData\Local\Temp\ccP3nyhx.s 			page 83


 2387              		.loc 1 2140 8 view .LVU835
 2388 004e B3F57A7F 		cmp	r3, #1000
 2389 0052 F4D9     		bls	.L166
2141:Drivers/STM32H7xx_HAL_Driver/Src/stm32h7xx_hal_rtc_ex.c ****     {
2142:Drivers/STM32H7xx_HAL_Driver/Src/stm32h7xx_hal_rtc_ex.c ****       /* Enable the write protection for RTC registers */
2143:Drivers/STM32H7xx_HAL_Driver/Src/stm32h7xx_hal_rtc_ex.c ****       __HAL_RTC_WRITEPROTECTION_ENABLE(hrtc);
 2390              		.loc 1 2143 7 is_stmt 1 view .LVU836
 2391              		.loc 1 2143 7 view .LVU837
 2392 0054 2368     		ldr	r3, [r4]
 2393 0056 FF22     		movs	r2, #255
 2394 0058 5A62     		str	r2, [r3, #36]
 2395              		.loc 1 2143 7 view .LVU838
2144:Drivers/STM32H7xx_HAL_Driver/Src/stm32h7xx_hal_rtc_ex.c **** 
2145:Drivers/STM32H7xx_HAL_Driver/Src/stm32h7xx_hal_rtc_ex.c ****       hrtc->State = HAL_RTC_STATE_TIMEOUT;
 2396              		.loc 1 2145 7 view .LVU839
 2397              		.loc 1 2145 19 is_stmt 0 view .LVU840
 2398 005a 0320     		movs	r0, #3
 2399 005c 84F82100 		strb	r0, [r4, #33]
2146:Drivers/STM32H7xx_HAL_Driver/Src/stm32h7xx_hal_rtc_ex.c **** 
2147:Drivers/STM32H7xx_HAL_Driver/Src/stm32h7xx_hal_rtc_ex.c ****       /* Process Unlocked */
2148:Drivers/STM32H7xx_HAL_Driver/Src/stm32h7xx_hal_rtc_ex.c ****       __HAL_UNLOCK(hrtc);
 2400              		.loc 1 2148 7 is_stmt 1 view .LVU841
 2401              		.loc 1 2148 7 view .LVU842
 2402 0060 0023     		movs	r3, #0
 2403 0062 84F82030 		strb	r3, [r4, #32]
 2404              		.loc 1 2148 7 view .LVU843
2149:Drivers/STM32H7xx_HAL_Driver/Src/stm32h7xx_hal_rtc_ex.c **** 
2150:Drivers/STM32H7xx_HAL_Driver/Src/stm32h7xx_hal_rtc_ex.c ****       return HAL_TIMEOUT;
 2405              		.loc 1 2150 7 view .LVU844
 2406              		.loc 1 2150 14 is_stmt 0 view .LVU845
 2407 0066 07E0     		b	.L165
 2408              	.L170:
2151:Drivers/STM32H7xx_HAL_Driver/Src/stm32h7xx_hal_rtc_ex.c ****     }
2152:Drivers/STM32H7xx_HAL_Driver/Src/stm32h7xx_hal_rtc_ex.c ****   }
2153:Drivers/STM32H7xx_HAL_Driver/Src/stm32h7xx_hal_rtc_ex.c **** 
2154:Drivers/STM32H7xx_HAL_Driver/Src/stm32h7xx_hal_rtc_ex.c ****   /* Enable the write protection for RTC registers */
2155:Drivers/STM32H7xx_HAL_Driver/Src/stm32h7xx_hal_rtc_ex.c ****   __HAL_RTC_WRITEPROTECTION_ENABLE(hrtc);
 2409              		.loc 1 2155 3 is_stmt 1 view .LVU846
 2410              		.loc 1 2155 3 view .LVU847
 2411 0068 FF22     		movs	r2, #255
 2412 006a 5A62     		str	r2, [r3, #36]
 2413              		.loc 1 2155 3 view .LVU848
2156:Drivers/STM32H7xx_HAL_Driver/Src/stm32h7xx_hal_rtc_ex.c **** 
2157:Drivers/STM32H7xx_HAL_Driver/Src/stm32h7xx_hal_rtc_ex.c ****   hrtc->State = HAL_RTC_STATE_READY;
 2414              		.loc 1 2157 3 view .LVU849
 2415              		.loc 1 2157 15 is_stmt 0 view .LVU850
 2416 006c 0123     		movs	r3, #1
 2417 006e 84F82130 		strb	r3, [r4, #33]
2158:Drivers/STM32H7xx_HAL_Driver/Src/stm32h7xx_hal_rtc_ex.c **** 
2159:Drivers/STM32H7xx_HAL_Driver/Src/stm32h7xx_hal_rtc_ex.c ****   /* Process Unlocked */
2160:Drivers/STM32H7xx_HAL_Driver/Src/stm32h7xx_hal_rtc_ex.c ****   __HAL_UNLOCK(hrtc);
 2418              		.loc 1 2160 3 is_stmt 1 view .LVU851
 2419              		.loc 1 2160 3 view .LVU852
 2420 0072 0020     		movs	r0, #0
 2421 0074 84F82000 		strb	r0, [r4, #32]
 2422              		.loc 1 2160 3 view .LVU853
2161:Drivers/STM32H7xx_HAL_Driver/Src/stm32h7xx_hal_rtc_ex.c **** 
ARM GAS  C:\Users\admin\AppData\Local\Temp\ccP3nyhx.s 			page 84


2162:Drivers/STM32H7xx_HAL_Driver/Src/stm32h7xx_hal_rtc_ex.c ****   return HAL_OK;
 2423              		.loc 1 2162 3 view .LVU854
 2424              	.LVL168:
 2425              	.L165:
2163:Drivers/STM32H7xx_HAL_Driver/Src/stm32h7xx_hal_rtc_ex.c **** }
 2426              		.loc 1 2163 1 is_stmt 0 view .LVU855
 2427 0078 38BD     		pop	{r3, r4, r5, pc}
 2428              	.LVL169:
 2429              	.L168:
2119:Drivers/STM32H7xx_HAL_Driver/Src/stm32h7xx_hal_rtc_ex.c **** 
 2430              		.loc 1 2119 3 view .LVU856
 2431 007a 0220     		movs	r0, #2
 2432              	.LVL170:
2119:Drivers/STM32H7xx_HAL_Driver/Src/stm32h7xx_hal_rtc_ex.c **** 
 2433              		.loc 1 2119 3 view .LVU857
 2434 007c FCE7     		b	.L165
 2435              		.cfi_endproc
 2436              	.LFE164:
 2438              		.section	.text.HAL_RTCEx_GetWakeUpTimer,"ax",%progbits
 2439              		.align	1
 2440              		.global	HAL_RTCEx_GetWakeUpTimer
 2441              		.syntax unified
 2442              		.thumb
 2443              		.thumb_func
 2445              	HAL_RTCEx_GetWakeUpTimer:
 2446              	.LVL171:
 2447              	.LFB165:
2164:Drivers/STM32H7xx_HAL_Driver/Src/stm32h7xx_hal_rtc_ex.c **** 
2165:Drivers/STM32H7xx_HAL_Driver/Src/stm32h7xx_hal_rtc_ex.c **** /**
2166:Drivers/STM32H7xx_HAL_Driver/Src/stm32h7xx_hal_rtc_ex.c ****   * @brief  Get wake up timer counter.
2167:Drivers/STM32H7xx_HAL_Driver/Src/stm32h7xx_hal_rtc_ex.c ****   * @param  hrtc RTC handle
2168:Drivers/STM32H7xx_HAL_Driver/Src/stm32h7xx_hal_rtc_ex.c ****   * @retval Counter value
2169:Drivers/STM32H7xx_HAL_Driver/Src/stm32h7xx_hal_rtc_ex.c ****   */
2170:Drivers/STM32H7xx_HAL_Driver/Src/stm32h7xx_hal_rtc_ex.c **** uint32_t HAL_RTCEx_GetWakeUpTimer(const RTC_HandleTypeDef *hrtc)
2171:Drivers/STM32H7xx_HAL_Driver/Src/stm32h7xx_hal_rtc_ex.c **** {
 2448              		.loc 1 2171 1 is_stmt 1 view -0
 2449              		.cfi_startproc
 2450              		@ args = 0, pretend = 0, frame = 0
 2451              		@ frame_needed = 0, uses_anonymous_args = 0
 2452              		@ link register save eliminated.
2172:Drivers/STM32H7xx_HAL_Driver/Src/stm32h7xx_hal_rtc_ex.c ****   /* Get the counter value */
2173:Drivers/STM32H7xx_HAL_Driver/Src/stm32h7xx_hal_rtc_ex.c ****   return ((uint32_t)(hrtc->Instance->WUTR & RTC_WUTR_WUT));
 2453              		.loc 1 2173 3 view .LVU859
 2454              		.loc 1 2173 26 is_stmt 0 view .LVU860
 2455 0000 0368     		ldr	r3, [r0]
 2456              		.loc 1 2173 36 view .LVU861
 2457 0002 5869     		ldr	r0, [r3, #20]
 2458              	.LVL172:
2174:Drivers/STM32H7xx_HAL_Driver/Src/stm32h7xx_hal_rtc_ex.c **** }
 2459              		.loc 1 2174 1 view .LVU862
 2460 0004 80B2     		uxth	r0, r0
 2461 0006 7047     		bx	lr
 2462              		.cfi_endproc
 2463              	.LFE165:
 2465              		.section	.text.HAL_RTCEx_WakeUpTimerEventCallback,"ax",%progbits
 2466              		.align	1
 2467              		.weak	HAL_RTCEx_WakeUpTimerEventCallback
ARM GAS  C:\Users\admin\AppData\Local\Temp\ccP3nyhx.s 			page 85


 2468              		.syntax unified
 2469              		.thumb
 2470              		.thumb_func
 2472              	HAL_RTCEx_WakeUpTimerEventCallback:
 2473              	.LVL173:
 2474              	.LFB167:
2175:Drivers/STM32H7xx_HAL_Driver/Src/stm32h7xx_hal_rtc_ex.c **** 
2176:Drivers/STM32H7xx_HAL_Driver/Src/stm32h7xx_hal_rtc_ex.c **** /**
2177:Drivers/STM32H7xx_HAL_Driver/Src/stm32h7xx_hal_rtc_ex.c ****   * @brief  Handle Wake Up Timer interrupt request.
2178:Drivers/STM32H7xx_HAL_Driver/Src/stm32h7xx_hal_rtc_ex.c ****   * @param  hrtc RTC handle
2179:Drivers/STM32H7xx_HAL_Driver/Src/stm32h7xx_hal_rtc_ex.c ****   * @retval None
2180:Drivers/STM32H7xx_HAL_Driver/Src/stm32h7xx_hal_rtc_ex.c ****   */
2181:Drivers/STM32H7xx_HAL_Driver/Src/stm32h7xx_hal_rtc_ex.c **** void HAL_RTCEx_WakeUpTimerIRQHandler(RTC_HandleTypeDef *hrtc)
2182:Drivers/STM32H7xx_HAL_Driver/Src/stm32h7xx_hal_rtc_ex.c **** {
2183:Drivers/STM32H7xx_HAL_Driver/Src/stm32h7xx_hal_rtc_ex.c ****   /* Clear the EXTI's line Flag for RTC WakeUpTimer */
2184:Drivers/STM32H7xx_HAL_Driver/Src/stm32h7xx_hal_rtc_ex.c **** #if defined(DUAL_CORE)
2185:Drivers/STM32H7xx_HAL_Driver/Src/stm32h7xx_hal_rtc_ex.c ****   if (HAL_GetCurrentCPUID() == CM7_CPUID)
2186:Drivers/STM32H7xx_HAL_Driver/Src/stm32h7xx_hal_rtc_ex.c ****   {
2187:Drivers/STM32H7xx_HAL_Driver/Src/stm32h7xx_hal_rtc_ex.c ****     __HAL_RTC_WAKEUPTIMER_EXTI_CLEAR_FLAG();
2188:Drivers/STM32H7xx_HAL_Driver/Src/stm32h7xx_hal_rtc_ex.c ****   }
2189:Drivers/STM32H7xx_HAL_Driver/Src/stm32h7xx_hal_rtc_ex.c ****   else
2190:Drivers/STM32H7xx_HAL_Driver/Src/stm32h7xx_hal_rtc_ex.c ****   {
2191:Drivers/STM32H7xx_HAL_Driver/Src/stm32h7xx_hal_rtc_ex.c ****     __HAL_RTC_WAKEUPTIMER_EXTID2_CLEAR_FLAG();
2192:Drivers/STM32H7xx_HAL_Driver/Src/stm32h7xx_hal_rtc_ex.c ****   }
2193:Drivers/STM32H7xx_HAL_Driver/Src/stm32h7xx_hal_rtc_ex.c **** #else /* SINGLE_CORE */
2194:Drivers/STM32H7xx_HAL_Driver/Src/stm32h7xx_hal_rtc_ex.c ****   __HAL_RTC_WAKEUPTIMER_EXTI_CLEAR_FLAG();
2195:Drivers/STM32H7xx_HAL_Driver/Src/stm32h7xx_hal_rtc_ex.c **** #endif /* DUAL_CORE */
2196:Drivers/STM32H7xx_HAL_Driver/Src/stm32h7xx_hal_rtc_ex.c **** 
2197:Drivers/STM32H7xx_HAL_Driver/Src/stm32h7xx_hal_rtc_ex.c **** #if defined(TAMP)
2198:Drivers/STM32H7xx_HAL_Driver/Src/stm32h7xx_hal_rtc_ex.c ****   /* Get the pending status of the WAKEUPTIMER Interrupt */
2199:Drivers/STM32H7xx_HAL_Driver/Src/stm32h7xx_hal_rtc_ex.c ****   if ((hrtc->Instance->MISR & RTC_MISR_WUTMF) != 0u)
2200:Drivers/STM32H7xx_HAL_Driver/Src/stm32h7xx_hal_rtc_ex.c ****   {
2201:Drivers/STM32H7xx_HAL_Driver/Src/stm32h7xx_hal_rtc_ex.c ****     /* Immediately clear flags */
2202:Drivers/STM32H7xx_HAL_Driver/Src/stm32h7xx_hal_rtc_ex.c ****     hrtc->Instance->SCR = RTC_SCR_CWUTF;
2203:Drivers/STM32H7xx_HAL_Driver/Src/stm32h7xx_hal_rtc_ex.c **** 
2204:Drivers/STM32H7xx_HAL_Driver/Src/stm32h7xx_hal_rtc_ex.c ****     /* WAKEUPTIMER callback */
2205:Drivers/STM32H7xx_HAL_Driver/Src/stm32h7xx_hal_rtc_ex.c ****   #if (USE_HAL_RTC_REGISTER_CALLBACKS == 1)
2206:Drivers/STM32H7xx_HAL_Driver/Src/stm32h7xx_hal_rtc_ex.c ****     /* Call WakeUpTimerEvent registered Callback */
2207:Drivers/STM32H7xx_HAL_Driver/Src/stm32h7xx_hal_rtc_ex.c ****     hrtc->WakeUpTimerEventCallback(hrtc);
2208:Drivers/STM32H7xx_HAL_Driver/Src/stm32h7xx_hal_rtc_ex.c ****   #else
2209:Drivers/STM32H7xx_HAL_Driver/Src/stm32h7xx_hal_rtc_ex.c ****     HAL_RTCEx_WakeUpTimerEventCallback(hrtc);
2210:Drivers/STM32H7xx_HAL_Driver/Src/stm32h7xx_hal_rtc_ex.c ****   #endif /* USE_HAL_RTC_REGISTER_CALLBACKS */
2211:Drivers/STM32H7xx_HAL_Driver/Src/stm32h7xx_hal_rtc_ex.c ****   }
2212:Drivers/STM32H7xx_HAL_Driver/Src/stm32h7xx_hal_rtc_ex.c **** #else
2213:Drivers/STM32H7xx_HAL_Driver/Src/stm32h7xx_hal_rtc_ex.c ****   /* Get the pending status of the WAKEUPTIMER Interrupt */
2214:Drivers/STM32H7xx_HAL_Driver/Src/stm32h7xx_hal_rtc_ex.c ****   if (__HAL_RTC_WAKEUPTIMER_GET_FLAG(hrtc, RTC_FLAG_WUTF) != 0U)
2215:Drivers/STM32H7xx_HAL_Driver/Src/stm32h7xx_hal_rtc_ex.c ****   {
2216:Drivers/STM32H7xx_HAL_Driver/Src/stm32h7xx_hal_rtc_ex.c ****     /* Clear the WAKEUPTIMER interrupt pending bit */
2217:Drivers/STM32H7xx_HAL_Driver/Src/stm32h7xx_hal_rtc_ex.c ****     __HAL_RTC_WAKEUPTIMER_CLEAR_FLAG(hrtc, RTC_FLAG_WUTF);
2218:Drivers/STM32H7xx_HAL_Driver/Src/stm32h7xx_hal_rtc_ex.c **** 
2219:Drivers/STM32H7xx_HAL_Driver/Src/stm32h7xx_hal_rtc_ex.c ****     /* WAKEUPTIMER callback */
2220:Drivers/STM32H7xx_HAL_Driver/Src/stm32h7xx_hal_rtc_ex.c ****   #if (USE_HAL_RTC_REGISTER_CALLBACKS == 1)
2221:Drivers/STM32H7xx_HAL_Driver/Src/stm32h7xx_hal_rtc_ex.c ****     /* Call WakeUpTimerEvent registered Callback */
2222:Drivers/STM32H7xx_HAL_Driver/Src/stm32h7xx_hal_rtc_ex.c ****     hrtc->WakeUpTimerEventCallback(hrtc);
2223:Drivers/STM32H7xx_HAL_Driver/Src/stm32h7xx_hal_rtc_ex.c ****   #else
2224:Drivers/STM32H7xx_HAL_Driver/Src/stm32h7xx_hal_rtc_ex.c ****     HAL_RTCEx_WakeUpTimerEventCallback(hrtc);
2225:Drivers/STM32H7xx_HAL_Driver/Src/stm32h7xx_hal_rtc_ex.c ****   #endif /* USE_HAL_RTC_REGISTER_CALLBACKS */
ARM GAS  C:\Users\admin\AppData\Local\Temp\ccP3nyhx.s 			page 86


2226:Drivers/STM32H7xx_HAL_Driver/Src/stm32h7xx_hal_rtc_ex.c ****   }
2227:Drivers/STM32H7xx_HAL_Driver/Src/stm32h7xx_hal_rtc_ex.c **** #endif /* TAMP */
2228:Drivers/STM32H7xx_HAL_Driver/Src/stm32h7xx_hal_rtc_ex.c **** 
2229:Drivers/STM32H7xx_HAL_Driver/Src/stm32h7xx_hal_rtc_ex.c ****   /* Change RTC state */
2230:Drivers/STM32H7xx_HAL_Driver/Src/stm32h7xx_hal_rtc_ex.c ****   hrtc->State = HAL_RTC_STATE_READY;
2231:Drivers/STM32H7xx_HAL_Driver/Src/stm32h7xx_hal_rtc_ex.c **** }
2232:Drivers/STM32H7xx_HAL_Driver/Src/stm32h7xx_hal_rtc_ex.c **** 
2233:Drivers/STM32H7xx_HAL_Driver/Src/stm32h7xx_hal_rtc_ex.c **** /**
2234:Drivers/STM32H7xx_HAL_Driver/Src/stm32h7xx_hal_rtc_ex.c ****   * @brief  Wake Up Timer callback.
2235:Drivers/STM32H7xx_HAL_Driver/Src/stm32h7xx_hal_rtc_ex.c ****   * @param  hrtc RTC handle
2236:Drivers/STM32H7xx_HAL_Driver/Src/stm32h7xx_hal_rtc_ex.c ****   * @retval None
2237:Drivers/STM32H7xx_HAL_Driver/Src/stm32h7xx_hal_rtc_ex.c ****   */
2238:Drivers/STM32H7xx_HAL_Driver/Src/stm32h7xx_hal_rtc_ex.c **** __weak void HAL_RTCEx_WakeUpTimerEventCallback(RTC_HandleTypeDef * hrtc)
2239:Drivers/STM32H7xx_HAL_Driver/Src/stm32h7xx_hal_rtc_ex.c **** {
 2475              		.loc 1 2239 1 is_stmt 1 view -0
 2476              		.cfi_startproc
 2477              		@ args = 0, pretend = 0, frame = 0
 2478              		@ frame_needed = 0, uses_anonymous_args = 0
 2479              		@ link register save eliminated.
2240:Drivers/STM32H7xx_HAL_Driver/Src/stm32h7xx_hal_rtc_ex.c ****   /* Prevent unused argument(s) compilation warning */
2241:Drivers/STM32H7xx_HAL_Driver/Src/stm32h7xx_hal_rtc_ex.c ****   UNUSED(hrtc);
 2480              		.loc 1 2241 3 view .LVU864
2242:Drivers/STM32H7xx_HAL_Driver/Src/stm32h7xx_hal_rtc_ex.c **** 
2243:Drivers/STM32H7xx_HAL_Driver/Src/stm32h7xx_hal_rtc_ex.c ****   /* NOTE : This function should not be modified, when the callback is needed,
2244:Drivers/STM32H7xx_HAL_Driver/Src/stm32h7xx_hal_rtc_ex.c ****             the HAL_RTCEx_WakeUpTimerEventCallback could be implemented in the user file
2245:Drivers/STM32H7xx_HAL_Driver/Src/stm32h7xx_hal_rtc_ex.c ****    */
2246:Drivers/STM32H7xx_HAL_Driver/Src/stm32h7xx_hal_rtc_ex.c **** }
 2481              		.loc 1 2246 1 is_stmt 0 view .LVU865
 2482 0000 7047     		bx	lr
 2483              		.cfi_endproc
 2484              	.LFE167:
 2486              		.section	.text.HAL_RTCEx_WakeUpTimerIRQHandler,"ax",%progbits
 2487              		.align	1
 2488              		.global	HAL_RTCEx_WakeUpTimerIRQHandler
 2489              		.syntax unified
 2490              		.thumb
 2491              		.thumb_func
 2493              	HAL_RTCEx_WakeUpTimerIRQHandler:
 2494              	.LVL174:
 2495              	.LFB166:
2182:Drivers/STM32H7xx_HAL_Driver/Src/stm32h7xx_hal_rtc_ex.c ****   /* Clear the EXTI's line Flag for RTC WakeUpTimer */
 2496              		.loc 1 2182 1 is_stmt 1 view -0
 2497              		.cfi_startproc
 2498              		@ args = 0, pretend = 0, frame = 0
 2499              		@ frame_needed = 0, uses_anonymous_args = 0
2182:Drivers/STM32H7xx_HAL_Driver/Src/stm32h7xx_hal_rtc_ex.c ****   /* Clear the EXTI's line Flag for RTC WakeUpTimer */
 2500              		.loc 1 2182 1 is_stmt 0 view .LVU867
 2501 0000 10B5     		push	{r4, lr}
 2502              	.LCFI25:
 2503              		.cfi_def_cfa_offset 8
 2504              		.cfi_offset 4, -8
 2505              		.cfi_offset 14, -4
 2506 0002 0446     		mov	r4, r0
2194:Drivers/STM32H7xx_HAL_Driver/Src/stm32h7xx_hal_rtc_ex.c **** #endif /* DUAL_CORE */
 2507              		.loc 1 2194 3 is_stmt 1 view .LVU868
 2508 0004 4FF0B043 		mov	r3, #1476395008
 2509 0008 4FF40022 		mov	r2, #524288
ARM GAS  C:\Users\admin\AppData\Local\Temp\ccP3nyhx.s 			page 87


 2510 000c C3F88820 		str	r2, [r3, #136]
2214:Drivers/STM32H7xx_HAL_Driver/Src/stm32h7xx_hal_rtc_ex.c ****   {
 2511              		.loc 1 2214 3 view .LVU869
2214:Drivers/STM32H7xx_HAL_Driver/Src/stm32h7xx_hal_rtc_ex.c ****   {
 2512              		.loc 1 2214 7 is_stmt 0 view .LVU870
 2513 0010 0368     		ldr	r3, [r0]
 2514 0012 DA68     		ldr	r2, [r3, #12]
2214:Drivers/STM32H7xx_HAL_Driver/Src/stm32h7xx_hal_rtc_ex.c ****   {
 2515              		.loc 1 2214 6 view .LVU871
 2516 0014 12F4806F 		tst	r2, #1024
 2517 0018 03D1     		bne	.L176
 2518              	.LVL175:
 2519              	.L174:
2230:Drivers/STM32H7xx_HAL_Driver/Src/stm32h7xx_hal_rtc_ex.c **** }
 2520              		.loc 1 2230 3 is_stmt 1 view .LVU872
2230:Drivers/STM32H7xx_HAL_Driver/Src/stm32h7xx_hal_rtc_ex.c **** }
 2521              		.loc 1 2230 15 is_stmt 0 view .LVU873
 2522 001a 0123     		movs	r3, #1
 2523 001c 84F82130 		strb	r3, [r4, #33]
2231:Drivers/STM32H7xx_HAL_Driver/Src/stm32h7xx_hal_rtc_ex.c **** 
 2524              		.loc 1 2231 1 view .LVU874
 2525 0020 10BD     		pop	{r4, pc}
 2526              	.LVL176:
 2527              	.L176:
2217:Drivers/STM32H7xx_HAL_Driver/Src/stm32h7xx_hal_rtc_ex.c **** 
 2528              		.loc 1 2217 5 is_stmt 1 view .LVU875
 2529 0022 DA68     		ldr	r2, [r3, #12]
 2530 0024 D2B2     		uxtb	r2, r2
 2531 0026 62F49062 		orn	r2, r2, #1152
 2532 002a DA60     		str	r2, [r3, #12]
2224:Drivers/STM32H7xx_HAL_Driver/Src/stm32h7xx_hal_rtc_ex.c ****   #endif /* USE_HAL_RTC_REGISTER_CALLBACKS */
 2533              		.loc 1 2224 5 view .LVU876
 2534 002c FFF7FEFF 		bl	HAL_RTCEx_WakeUpTimerEventCallback
 2535              	.LVL177:
2224:Drivers/STM32H7xx_HAL_Driver/Src/stm32h7xx_hal_rtc_ex.c ****   #endif /* USE_HAL_RTC_REGISTER_CALLBACKS */
 2536              		.loc 1 2224 5 is_stmt 0 view .LVU877
 2537 0030 F3E7     		b	.L174
 2538              		.cfi_endproc
 2539              	.LFE166:
 2541              		.section	.text.HAL_RTCEx_PollForWakeUpTimerEvent,"ax",%progbits
 2542              		.align	1
 2543              		.global	HAL_RTCEx_PollForWakeUpTimerEvent
 2544              		.syntax unified
 2545              		.thumb
 2546              		.thumb_func
 2548              	HAL_RTCEx_PollForWakeUpTimerEvent:
 2549              	.LVL178:
 2550              	.LFB168:
2247:Drivers/STM32H7xx_HAL_Driver/Src/stm32h7xx_hal_rtc_ex.c **** 
2248:Drivers/STM32H7xx_HAL_Driver/Src/stm32h7xx_hal_rtc_ex.c **** 
2249:Drivers/STM32H7xx_HAL_Driver/Src/stm32h7xx_hal_rtc_ex.c **** /**
2250:Drivers/STM32H7xx_HAL_Driver/Src/stm32h7xx_hal_rtc_ex.c ****   * @brief  Handle Wake Up Timer Polling.
2251:Drivers/STM32H7xx_HAL_Driver/Src/stm32h7xx_hal_rtc_ex.c ****   * @param  hrtc RTC handle
2252:Drivers/STM32H7xx_HAL_Driver/Src/stm32h7xx_hal_rtc_ex.c ****   * @param  Timeout Timeout duration
2253:Drivers/STM32H7xx_HAL_Driver/Src/stm32h7xx_hal_rtc_ex.c ****   * @retval HAL status
2254:Drivers/STM32H7xx_HAL_Driver/Src/stm32h7xx_hal_rtc_ex.c ****   */
2255:Drivers/STM32H7xx_HAL_Driver/Src/stm32h7xx_hal_rtc_ex.c **** HAL_StatusTypeDef HAL_RTCEx_PollForWakeUpTimerEvent(RTC_HandleTypeDef * hrtc, uint32_t Timeout)
ARM GAS  C:\Users\admin\AppData\Local\Temp\ccP3nyhx.s 			page 88


2256:Drivers/STM32H7xx_HAL_Driver/Src/stm32h7xx_hal_rtc_ex.c **** {
 2551              		.loc 1 2256 1 is_stmt 1 view -0
 2552              		.cfi_startproc
 2553              		@ args = 0, pretend = 0, frame = 0
 2554              		@ frame_needed = 0, uses_anonymous_args = 0
 2555              		.loc 1 2256 1 is_stmt 0 view .LVU879
 2556 0000 70B5     		push	{r4, r5, r6, lr}
 2557              	.LCFI26:
 2558              		.cfi_def_cfa_offset 16
 2559              		.cfi_offset 4, -16
 2560              		.cfi_offset 5, -12
 2561              		.cfi_offset 6, -8
 2562              		.cfi_offset 14, -4
 2563 0002 0446     		mov	r4, r0
 2564 0004 0D46     		mov	r5, r1
2257:Drivers/STM32H7xx_HAL_Driver/Src/stm32h7xx_hal_rtc_ex.c ****   uint32_t tickstart = HAL_GetTick();
 2565              		.loc 1 2257 3 is_stmt 1 view .LVU880
 2566              		.loc 1 2257 24 is_stmt 0 view .LVU881
 2567 0006 FFF7FEFF 		bl	HAL_GetTick
 2568              	.LVL179:
 2569              		.loc 1 2257 24 view .LVU882
 2570 000a 0646     		mov	r6, r0
 2571              	.LVL180:
2258:Drivers/STM32H7xx_HAL_Driver/Src/stm32h7xx_hal_rtc_ex.c **** 
2259:Drivers/STM32H7xx_HAL_Driver/Src/stm32h7xx_hal_rtc_ex.c ****   while(__HAL_RTC_WAKEUPTIMER_GET_FLAG(hrtc, RTC_FLAG_WUTF) == 0U)
 2572              		.loc 1 2259 3 is_stmt 1 view .LVU883
 2573              	.L179:
 2574              		.loc 1 2259 8 view .LVU884
 2575              		.loc 1 2259 9 is_stmt 0 view .LVU885
 2576 000c 2368     		ldr	r3, [r4]
 2577 000e DA68     		ldr	r2, [r3, #12]
 2578              		.loc 1 2259 8 view .LVU886
 2579 0010 12F4806F 		tst	r2, #1024
 2580 0014 0DD1     		bne	.L184
2260:Drivers/STM32H7xx_HAL_Driver/Src/stm32h7xx_hal_rtc_ex.c ****   {
2261:Drivers/STM32H7xx_HAL_Driver/Src/stm32h7xx_hal_rtc_ex.c ****     if (Timeout != HAL_MAX_DELAY)
 2581              		.loc 1 2261 5 is_stmt 1 view .LVU887
 2582              		.loc 1 2261 8 is_stmt 0 view .LVU888
 2583 0016 B5F1FF3F 		cmp	r5, #-1
 2584 001a F7D0     		beq	.L179
2262:Drivers/STM32H7xx_HAL_Driver/Src/stm32h7xx_hal_rtc_ex.c ****     {
2263:Drivers/STM32H7xx_HAL_Driver/Src/stm32h7xx_hal_rtc_ex.c ****       if (((HAL_GetTick() - tickstart) > Timeout) || (Timeout == 0U))
 2585              		.loc 1 2263 7 is_stmt 1 view .LVU889
 2586              		.loc 1 2263 13 is_stmt 0 view .LVU890
 2587 001c FFF7FEFF 		bl	HAL_GetTick
 2588              	.LVL181:
 2589              		.loc 1 2263 27 view .LVU891
 2590 0020 801B     		subs	r0, r0, r6
 2591              		.loc 1 2263 10 view .LVU892
 2592 0022 A842     		cmp	r0, r5
 2593 0024 01D8     		bhi	.L180
 2594              		.loc 1 2263 51 discriminator 1 view .LVU893
 2595 0026 002D     		cmp	r5, #0
 2596 0028 F0D1     		bne	.L179
 2597              	.L180:
2264:Drivers/STM32H7xx_HAL_Driver/Src/stm32h7xx_hal_rtc_ex.c ****       {
2265:Drivers/STM32H7xx_HAL_Driver/Src/stm32h7xx_hal_rtc_ex.c ****         hrtc->State = HAL_RTC_STATE_TIMEOUT;
ARM GAS  C:\Users\admin\AppData\Local\Temp\ccP3nyhx.s 			page 89


 2598              		.loc 1 2265 9 is_stmt 1 view .LVU894
 2599              		.loc 1 2265 21 is_stmt 0 view .LVU895
 2600 002a 0320     		movs	r0, #3
 2601 002c 84F82100 		strb	r0, [r4, #33]
2266:Drivers/STM32H7xx_HAL_Driver/Src/stm32h7xx_hal_rtc_ex.c ****         return HAL_TIMEOUT;
 2602              		.loc 1 2266 9 is_stmt 1 view .LVU896
 2603              		.loc 1 2266 16 is_stmt 0 view .LVU897
 2604 0030 08E0     		b	.L181
 2605              	.L184:
2267:Drivers/STM32H7xx_HAL_Driver/Src/stm32h7xx_hal_rtc_ex.c ****       }
2268:Drivers/STM32H7xx_HAL_Driver/Src/stm32h7xx_hal_rtc_ex.c ****     }
2269:Drivers/STM32H7xx_HAL_Driver/Src/stm32h7xx_hal_rtc_ex.c ****   }
2270:Drivers/STM32H7xx_HAL_Driver/Src/stm32h7xx_hal_rtc_ex.c **** 
2271:Drivers/STM32H7xx_HAL_Driver/Src/stm32h7xx_hal_rtc_ex.c ****   /* Clear the WAKEUPTIMER Flag */
2272:Drivers/STM32H7xx_HAL_Driver/Src/stm32h7xx_hal_rtc_ex.c ****   __HAL_RTC_WAKEUPTIMER_CLEAR_FLAG(hrtc, RTC_FLAG_WUTF);
 2606              		.loc 1 2272 3 is_stmt 1 view .LVU898
 2607 0032 DA68     		ldr	r2, [r3, #12]
 2608 0034 D2B2     		uxtb	r2, r2
 2609 0036 62F49062 		orn	r2, r2, #1152
 2610 003a DA60     		str	r2, [r3, #12]
2273:Drivers/STM32H7xx_HAL_Driver/Src/stm32h7xx_hal_rtc_ex.c **** 
2274:Drivers/STM32H7xx_HAL_Driver/Src/stm32h7xx_hal_rtc_ex.c ****   /* Change RTC state */
2275:Drivers/STM32H7xx_HAL_Driver/Src/stm32h7xx_hal_rtc_ex.c ****   hrtc->State = HAL_RTC_STATE_READY;
 2611              		.loc 1 2275 3 view .LVU899
 2612              		.loc 1 2275 15 is_stmt 0 view .LVU900
 2613 003c 0123     		movs	r3, #1
 2614 003e 84F82130 		strb	r3, [r4, #33]
2276:Drivers/STM32H7xx_HAL_Driver/Src/stm32h7xx_hal_rtc_ex.c **** 
2277:Drivers/STM32H7xx_HAL_Driver/Src/stm32h7xx_hal_rtc_ex.c ****   return HAL_OK;
 2615              		.loc 1 2277 3 is_stmt 1 view .LVU901
 2616              		.loc 1 2277 10 is_stmt 0 view .LVU902
 2617 0042 0020     		movs	r0, #0
 2618              	.L181:
2278:Drivers/STM32H7xx_HAL_Driver/Src/stm32h7xx_hal_rtc_ex.c **** }
 2619              		.loc 1 2278 1 view .LVU903
 2620 0044 70BD     		pop	{r4, r5, r6, pc}
 2621              		.loc 1 2278 1 view .LVU904
 2622              		.cfi_endproc
 2623              	.LFE168:
 2625              		.section	.text.HAL_RTCEx_BKUPWrite,"ax",%progbits
 2626              		.align	1
 2627              		.global	HAL_RTCEx_BKUPWrite
 2628              		.syntax unified
 2629              		.thumb
 2630              		.thumb_func
 2632              	HAL_RTCEx_BKUPWrite:
 2633              	.LVL182:
 2634              	.LFB169:
2279:Drivers/STM32H7xx_HAL_Driver/Src/stm32h7xx_hal_rtc_ex.c **** 
2280:Drivers/STM32H7xx_HAL_Driver/Src/stm32h7xx_hal_rtc_ex.c **** /**
2281:Drivers/STM32H7xx_HAL_Driver/Src/stm32h7xx_hal_rtc_ex.c ****   * @}
2282:Drivers/STM32H7xx_HAL_Driver/Src/stm32h7xx_hal_rtc_ex.c ****   */
2283:Drivers/STM32H7xx_HAL_Driver/Src/stm32h7xx_hal_rtc_ex.c **** 
2284:Drivers/STM32H7xx_HAL_Driver/Src/stm32h7xx_hal_rtc_ex.c **** 
2285:Drivers/STM32H7xx_HAL_Driver/Src/stm32h7xx_hal_rtc_ex.c **** /** @addtogroup RTCEx_Exported_Functions_Group6
2286:Drivers/STM32H7xx_HAL_Driver/Src/stm32h7xx_hal_rtc_ex.c ****   * @brief      Extended RTC Backup register functions
2287:Drivers/STM32H7xx_HAL_Driver/Src/stm32h7xx_hal_rtc_ex.c ****   *
ARM GAS  C:\Users\admin\AppData\Local\Temp\ccP3nyhx.s 			page 90


2288:Drivers/STM32H7xx_HAL_Driver/Src/stm32h7xx_hal_rtc_ex.c **** @verbatim
2289:Drivers/STM32H7xx_HAL_Driver/Src/stm32h7xx_hal_rtc_ex.c ****  ===============================================================================
2290:Drivers/STM32H7xx_HAL_Driver/Src/stm32h7xx_hal_rtc_ex.c ****              ##### Extended RTC Backup register functions #####
2291:Drivers/STM32H7xx_HAL_Driver/Src/stm32h7xx_hal_rtc_ex.c ****  ===============================================================================
2292:Drivers/STM32H7xx_HAL_Driver/Src/stm32h7xx_hal_rtc_ex.c ****   [..]
2293:Drivers/STM32H7xx_HAL_Driver/Src/stm32h7xx_hal_rtc_ex.c ****    (+) Before calling any tamper or internal tamper function, you have to call first
2294:Drivers/STM32H7xx_HAL_Driver/Src/stm32h7xx_hal_rtc_ex.c ****        HAL_RTC_Init() function.
2295:Drivers/STM32H7xx_HAL_Driver/Src/stm32h7xx_hal_rtc_ex.c ****    (+) In that ine you can select to output tamper event on RTC pin.
2296:Drivers/STM32H7xx_HAL_Driver/Src/stm32h7xx_hal_rtc_ex.c ****   [..]
2297:Drivers/STM32H7xx_HAL_Driver/Src/stm32h7xx_hal_rtc_ex.c ****    This subsection provides functions allowing to
2298:Drivers/STM32H7xx_HAL_Driver/Src/stm32h7xx_hal_rtc_ex.c ****    (+) Write a data in a specified RTC Backup data register
2299:Drivers/STM32H7xx_HAL_Driver/Src/stm32h7xx_hal_rtc_ex.c ****    (+) Read a data in a specified RTC Backup data register
2300:Drivers/STM32H7xx_HAL_Driver/Src/stm32h7xx_hal_rtc_ex.c **** @endverbatim
2301:Drivers/STM32H7xx_HAL_Driver/Src/stm32h7xx_hal_rtc_ex.c ****   * @{
2302:Drivers/STM32H7xx_HAL_Driver/Src/stm32h7xx_hal_rtc_ex.c ****   */
2303:Drivers/STM32H7xx_HAL_Driver/Src/stm32h7xx_hal_rtc_ex.c **** 
2304:Drivers/STM32H7xx_HAL_Driver/Src/stm32h7xx_hal_rtc_ex.c **** 
2305:Drivers/STM32H7xx_HAL_Driver/Src/stm32h7xx_hal_rtc_ex.c **** /**
2306:Drivers/STM32H7xx_HAL_Driver/Src/stm32h7xx_hal_rtc_ex.c ****   * @brief  Write a data in a specified RTC Backup data register.
2307:Drivers/STM32H7xx_HAL_Driver/Src/stm32h7xx_hal_rtc_ex.c ****   * @param  hrtc RTC handle
2308:Drivers/STM32H7xx_HAL_Driver/Src/stm32h7xx_hal_rtc_ex.c ****   * @param  BackupRegister RTC Backup data Register number.
2309:Drivers/STM32H7xx_HAL_Driver/Src/stm32h7xx_hal_rtc_ex.c ****   *          This parameter can be: RTC_BKP_DRx where x can be from 0 to 31 to
2310:Drivers/STM32H7xx_HAL_Driver/Src/stm32h7xx_hal_rtc_ex.c ****   *                                 specify the register.
2311:Drivers/STM32H7xx_HAL_Driver/Src/stm32h7xx_hal_rtc_ex.c ****   * @param  Data Data to be written in the specified Backup data register.
2312:Drivers/STM32H7xx_HAL_Driver/Src/stm32h7xx_hal_rtc_ex.c ****   * @retval None
2313:Drivers/STM32H7xx_HAL_Driver/Src/stm32h7xx_hal_rtc_ex.c ****   */
2314:Drivers/STM32H7xx_HAL_Driver/Src/stm32h7xx_hal_rtc_ex.c **** void HAL_RTCEx_BKUPWrite(const RTC_HandleTypeDef * hrtc, uint32_t BackupRegister, uint32_t Data)
2315:Drivers/STM32H7xx_HAL_Driver/Src/stm32h7xx_hal_rtc_ex.c **** {
 2635              		.loc 1 2315 1 is_stmt 1 view -0
 2636              		.cfi_startproc
 2637              		@ args = 0, pretend = 0, frame = 0
 2638              		@ frame_needed = 0, uses_anonymous_args = 0
 2639              		@ link register save eliminated.
2316:Drivers/STM32H7xx_HAL_Driver/Src/stm32h7xx_hal_rtc_ex.c ****   uint32_t tmp;
 2640              		.loc 1 2316 3 view .LVU906
2317:Drivers/STM32H7xx_HAL_Driver/Src/stm32h7xx_hal_rtc_ex.c **** 
2318:Drivers/STM32H7xx_HAL_Driver/Src/stm32h7xx_hal_rtc_ex.c ****   /* Check the parameters */
2319:Drivers/STM32H7xx_HAL_Driver/Src/stm32h7xx_hal_rtc_ex.c ****   assert_param(IS_RTC_BKP(BackupRegister));
 2641              		.loc 1 2319 3 view .LVU907
2320:Drivers/STM32H7xx_HAL_Driver/Src/stm32h7xx_hal_rtc_ex.c **** 
2321:Drivers/STM32H7xx_HAL_Driver/Src/stm32h7xx_hal_rtc_ex.c ****   /* Point on address of first backup register */
2322:Drivers/STM32H7xx_HAL_Driver/Src/stm32h7xx_hal_rtc_ex.c **** #if defined(TAMP)
2323:Drivers/STM32H7xx_HAL_Driver/Src/stm32h7xx_hal_rtc_ex.c ****   tmp = (uint32_t) &(((TAMP_TypeDef *)((uint32_t)hrtc->Instance + TAMP_OFFSET))->BKP0R);
2324:Drivers/STM32H7xx_HAL_Driver/Src/stm32h7xx_hal_rtc_ex.c **** #else
2325:Drivers/STM32H7xx_HAL_Driver/Src/stm32h7xx_hal_rtc_ex.c ****   tmp = (uint32_t) &(hrtc->Instance->BKP0R);
 2642              		.loc 1 2325 3 view .LVU908
 2643              		.loc 1 2325 26 is_stmt 0 view .LVU909
 2644 0000 0368     		ldr	r3, [r0]
 2645              		.loc 1 2325 20 view .LVU910
 2646 0002 5033     		adds	r3, r3, #80
 2647              	.LVL183:
2326:Drivers/STM32H7xx_HAL_Driver/Src/stm32h7xx_hal_rtc_ex.c **** #endif /* TAMP */
2327:Drivers/STM32H7xx_HAL_Driver/Src/stm32h7xx_hal_rtc_ex.c **** 
2328:Drivers/STM32H7xx_HAL_Driver/Src/stm32h7xx_hal_rtc_ex.c ****   tmp += (BackupRegister * 4U);
 2648              		.loc 1 2328 3 is_stmt 1 view .LVU911
2329:Drivers/STM32H7xx_HAL_Driver/Src/stm32h7xx_hal_rtc_ex.c **** 
2330:Drivers/STM32H7xx_HAL_Driver/Src/stm32h7xx_hal_rtc_ex.c ****   /* Write the specified register */
ARM GAS  C:\Users\admin\AppData\Local\Temp\ccP3nyhx.s 			page 91


2331:Drivers/STM32H7xx_HAL_Driver/Src/stm32h7xx_hal_rtc_ex.c ****   *(__IO uint32_t *)tmp = (uint32_t)Data;
 2649              		.loc 1 2331 3 view .LVU912
 2650              		.loc 1 2331 25 is_stmt 0 view .LVU913
 2651 0004 43F82120 		str	r2, [r3, r1, lsl #2]
2332:Drivers/STM32H7xx_HAL_Driver/Src/stm32h7xx_hal_rtc_ex.c **** }
 2652              		.loc 1 2332 1 view .LVU914
 2653 0008 7047     		bx	lr
 2654              		.cfi_endproc
 2655              	.LFE169:
 2657              		.section	.text.HAL_RTCEx_BKUPRead,"ax",%progbits
 2658              		.align	1
 2659              		.global	HAL_RTCEx_BKUPRead
 2660              		.syntax unified
 2661              		.thumb
 2662              		.thumb_func
 2664              	HAL_RTCEx_BKUPRead:
 2665              	.LVL184:
 2666              	.LFB170:
2333:Drivers/STM32H7xx_HAL_Driver/Src/stm32h7xx_hal_rtc_ex.c **** 
2334:Drivers/STM32H7xx_HAL_Driver/Src/stm32h7xx_hal_rtc_ex.c **** 
2335:Drivers/STM32H7xx_HAL_Driver/Src/stm32h7xx_hal_rtc_ex.c **** /**
2336:Drivers/STM32H7xx_HAL_Driver/Src/stm32h7xx_hal_rtc_ex.c ****   * @brief  Read data from the specified RTC Backup data Register.
2337:Drivers/STM32H7xx_HAL_Driver/Src/stm32h7xx_hal_rtc_ex.c ****   * @param  hrtc RTC handle
2338:Drivers/STM32H7xx_HAL_Driver/Src/stm32h7xx_hal_rtc_ex.c ****   * @param  BackupRegister RTC Backup data Register number.
2339:Drivers/STM32H7xx_HAL_Driver/Src/stm32h7xx_hal_rtc_ex.c ****   *          This parameter can be: RTC_BKP_DRx where x can be from 0 to 31 to
2340:Drivers/STM32H7xx_HAL_Driver/Src/stm32h7xx_hal_rtc_ex.c ****   *                                 specify the register.
2341:Drivers/STM32H7xx_HAL_Driver/Src/stm32h7xx_hal_rtc_ex.c ****   * @retval Read value
2342:Drivers/STM32H7xx_HAL_Driver/Src/stm32h7xx_hal_rtc_ex.c ****   */
2343:Drivers/STM32H7xx_HAL_Driver/Src/stm32h7xx_hal_rtc_ex.c **** uint32_t HAL_RTCEx_BKUPRead(const RTC_HandleTypeDef * hrtc, uint32_t BackupRegister)
2344:Drivers/STM32H7xx_HAL_Driver/Src/stm32h7xx_hal_rtc_ex.c **** {
 2667              		.loc 1 2344 1 is_stmt 1 view -0
 2668              		.cfi_startproc
 2669              		@ args = 0, pretend = 0, frame = 0
 2670              		@ frame_needed = 0, uses_anonymous_args = 0
 2671              		@ link register save eliminated.
2345:Drivers/STM32H7xx_HAL_Driver/Src/stm32h7xx_hal_rtc_ex.c ****   uint32_t tmp;
 2672              		.loc 1 2345 3 view .LVU916
2346:Drivers/STM32H7xx_HAL_Driver/Src/stm32h7xx_hal_rtc_ex.c **** 
2347:Drivers/STM32H7xx_HAL_Driver/Src/stm32h7xx_hal_rtc_ex.c ****   /* Check the parameters */
2348:Drivers/STM32H7xx_HAL_Driver/Src/stm32h7xx_hal_rtc_ex.c ****   assert_param(IS_RTC_BKP(BackupRegister));
 2673              		.loc 1 2348 3 view .LVU917
2349:Drivers/STM32H7xx_HAL_Driver/Src/stm32h7xx_hal_rtc_ex.c **** 
2350:Drivers/STM32H7xx_HAL_Driver/Src/stm32h7xx_hal_rtc_ex.c ****   /* Point on address of first backup register */
2351:Drivers/STM32H7xx_HAL_Driver/Src/stm32h7xx_hal_rtc_ex.c **** #if defined(TAMP)
2352:Drivers/STM32H7xx_HAL_Driver/Src/stm32h7xx_hal_rtc_ex.c ****   tmp = (uint32_t) &(((TAMP_TypeDef *)((uint32_t)hrtc->Instance + TAMP_OFFSET))->BKP0R);
2353:Drivers/STM32H7xx_HAL_Driver/Src/stm32h7xx_hal_rtc_ex.c **** #else
2354:Drivers/STM32H7xx_HAL_Driver/Src/stm32h7xx_hal_rtc_ex.c ****   tmp = (uint32_t) &(hrtc->Instance->BKP0R);
 2674              		.loc 1 2354 3 view .LVU918
 2675              		.loc 1 2354 26 is_stmt 0 view .LVU919
 2676 0000 0368     		ldr	r3, [r0]
 2677              		.loc 1 2354 20 view .LVU920
 2678 0002 5033     		adds	r3, r3, #80
 2679              	.LVL185:
2355:Drivers/STM32H7xx_HAL_Driver/Src/stm32h7xx_hal_rtc_ex.c **** #endif /* TAMP */
2356:Drivers/STM32H7xx_HAL_Driver/Src/stm32h7xx_hal_rtc_ex.c **** 
2357:Drivers/STM32H7xx_HAL_Driver/Src/stm32h7xx_hal_rtc_ex.c ****   tmp += (BackupRegister * 4U);
 2680              		.loc 1 2357 3 is_stmt 1 view .LVU921
ARM GAS  C:\Users\admin\AppData\Local\Temp\ccP3nyhx.s 			page 92


2358:Drivers/STM32H7xx_HAL_Driver/Src/stm32h7xx_hal_rtc_ex.c **** 
2359:Drivers/STM32H7xx_HAL_Driver/Src/stm32h7xx_hal_rtc_ex.c ****   /* Read the specified register */
2360:Drivers/STM32H7xx_HAL_Driver/Src/stm32h7xx_hal_rtc_ex.c ****   return (*(__IO uint32_t *)tmp);
 2681              		.loc 1 2360 3 view .LVU922
 2682              		.loc 1 2360 11 is_stmt 0 view .LVU923
 2683 0004 53F82100 		ldr	r0, [r3, r1, lsl #2]
 2684              	.LVL186:
2361:Drivers/STM32H7xx_HAL_Driver/Src/stm32h7xx_hal_rtc_ex.c **** }
 2685              		.loc 1 2361 1 view .LVU924
 2686 0008 7047     		bx	lr
 2687              		.cfi_endproc
 2688              	.LFE170:
 2690              		.section	.text.HAL_RTCEx_SetSmoothCalib,"ax",%progbits
 2691              		.align	1
 2692              		.global	HAL_RTCEx_SetSmoothCalib
 2693              		.syntax unified
 2694              		.thumb
 2695              		.thumb_func
 2697              	HAL_RTCEx_SetSmoothCalib:
 2698              	.LVL187:
 2699              	.LFB171:
2362:Drivers/STM32H7xx_HAL_Driver/Src/stm32h7xx_hal_rtc_ex.c **** 
2363:Drivers/STM32H7xx_HAL_Driver/Src/stm32h7xx_hal_rtc_ex.c **** 
2364:Drivers/STM32H7xx_HAL_Driver/Src/stm32h7xx_hal_rtc_ex.c **** /**
2365:Drivers/STM32H7xx_HAL_Driver/Src/stm32h7xx_hal_rtc_ex.c ****   * @}
2366:Drivers/STM32H7xx_HAL_Driver/Src/stm32h7xx_hal_rtc_ex.c ****   */
2367:Drivers/STM32H7xx_HAL_Driver/Src/stm32h7xx_hal_rtc_ex.c **** 
2368:Drivers/STM32H7xx_HAL_Driver/Src/stm32h7xx_hal_rtc_ex.c **** 
2369:Drivers/STM32H7xx_HAL_Driver/Src/stm32h7xx_hal_rtc_ex.c **** /** @addtogroup RTCEx_Exported_Functions_Group3
2370:Drivers/STM32H7xx_HAL_Driver/Src/stm32h7xx_hal_rtc_ex.c ****   * @brief    Extended Peripheral Control functions
2371:Drivers/STM32H7xx_HAL_Driver/Src/stm32h7xx_hal_rtc_ex.c ****   *
2372:Drivers/STM32H7xx_HAL_Driver/Src/stm32h7xx_hal_rtc_ex.c **** @verbatim
2373:Drivers/STM32H7xx_HAL_Driver/Src/stm32h7xx_hal_rtc_ex.c ****  ===============================================================================
2374:Drivers/STM32H7xx_HAL_Driver/Src/stm32h7xx_hal_rtc_ex.c ****               ##### Extended Peripheral Control functions #####
2375:Drivers/STM32H7xx_HAL_Driver/Src/stm32h7xx_hal_rtc_ex.c ****  ===============================================================================
2376:Drivers/STM32H7xx_HAL_Driver/Src/stm32h7xx_hal_rtc_ex.c ****     [..]
2377:Drivers/STM32H7xx_HAL_Driver/Src/stm32h7xx_hal_rtc_ex.c ****     This subsection provides functions allowing to
2378:Drivers/STM32H7xx_HAL_Driver/Src/stm32h7xx_hal_rtc_ex.c ****       (+) Write a data in a specified RTC Backup data register
2379:Drivers/STM32H7xx_HAL_Driver/Src/stm32h7xx_hal_rtc_ex.c ****       (+) Read a data in a specified RTC Backup data register
2380:Drivers/STM32H7xx_HAL_Driver/Src/stm32h7xx_hal_rtc_ex.c ****       (+) Set the Smooth calibration parameters.
2381:Drivers/STM32H7xx_HAL_Driver/Src/stm32h7xx_hal_rtc_ex.c ****       (+) Set Low Power calibration parameter (if feature supported).
2382:Drivers/STM32H7xx_HAL_Driver/Src/stm32h7xx_hal_rtc_ex.c ****       (+) Configure the Synchronization Shift Control Settings.
2383:Drivers/STM32H7xx_HAL_Driver/Src/stm32h7xx_hal_rtc_ex.c ****       (+) Configure the Calibration Pinout (RTC_CALIB) Selection (1Hz or 512Hz).
2384:Drivers/STM32H7xx_HAL_Driver/Src/stm32h7xx_hal_rtc_ex.c ****       (+) Deactivate the Calibration Pinout (RTC_CALIB) Selection (1Hz or 512Hz).
2385:Drivers/STM32H7xx_HAL_Driver/Src/stm32h7xx_hal_rtc_ex.c ****       (+) Enable the RTC reference clock detection.
2386:Drivers/STM32H7xx_HAL_Driver/Src/stm32h7xx_hal_rtc_ex.c ****       (+) Disable the RTC reference clock detection.
2387:Drivers/STM32H7xx_HAL_Driver/Src/stm32h7xx_hal_rtc_ex.c ****       (+) Enable the Bypass Shadow feature.
2388:Drivers/STM32H7xx_HAL_Driver/Src/stm32h7xx_hal_rtc_ex.c ****       (+) Disable the Bypass Shadow feature.
2389:Drivers/STM32H7xx_HAL_Driver/Src/stm32h7xx_hal_rtc_ex.c **** 
2390:Drivers/STM32H7xx_HAL_Driver/Src/stm32h7xx_hal_rtc_ex.c **** @endverbatim
2391:Drivers/STM32H7xx_HAL_Driver/Src/stm32h7xx_hal_rtc_ex.c ****   * @{
2392:Drivers/STM32H7xx_HAL_Driver/Src/stm32h7xx_hal_rtc_ex.c ****   */
2393:Drivers/STM32H7xx_HAL_Driver/Src/stm32h7xx_hal_rtc_ex.c **** 
2394:Drivers/STM32H7xx_HAL_Driver/Src/stm32h7xx_hal_rtc_ex.c **** 
2395:Drivers/STM32H7xx_HAL_Driver/Src/stm32h7xx_hal_rtc_ex.c **** /**
2396:Drivers/STM32H7xx_HAL_Driver/Src/stm32h7xx_hal_rtc_ex.c ****   * @brief  Set the Smooth calibration parameters.
2397:Drivers/STM32H7xx_HAL_Driver/Src/stm32h7xx_hal_rtc_ex.c ****   * @param  hrtc RTC handle
ARM GAS  C:\Users\admin\AppData\Local\Temp\ccP3nyhx.s 			page 93


2398:Drivers/STM32H7xx_HAL_Driver/Src/stm32h7xx_hal_rtc_ex.c ****   * @param  SmoothCalibPeriod Select the Smooth Calibration Period.
2399:Drivers/STM32H7xx_HAL_Driver/Src/stm32h7xx_hal_rtc_ex.c ****   *          This parameter can be can be one of the following values :
2400:Drivers/STM32H7xx_HAL_Driver/Src/stm32h7xx_hal_rtc_ex.c ****   *             @arg RTC_SMOOTHCALIB_PERIOD_32SEC: The smooth calibration period is 32s.
2401:Drivers/STM32H7xx_HAL_Driver/Src/stm32h7xx_hal_rtc_ex.c ****   *             @arg RTC_SMOOTHCALIB_PERIOD_16SEC: The smooth calibration period is 16s.
2402:Drivers/STM32H7xx_HAL_Driver/Src/stm32h7xx_hal_rtc_ex.c ****   *             @arg RTC_SMOOTHCALIB_PERIOD_8SEC: The smooth calibration period is 8s.
2403:Drivers/STM32H7xx_HAL_Driver/Src/stm32h7xx_hal_rtc_ex.c ****   * @param  SmoothCalibPlusPulses Select to Set or reset the CALP bit.
2404:Drivers/STM32H7xx_HAL_Driver/Src/stm32h7xx_hal_rtc_ex.c ****   *          This parameter can be one of the following values:
2405:Drivers/STM32H7xx_HAL_Driver/Src/stm32h7xx_hal_rtc_ex.c ****   *             @arg RTC_SMOOTHCALIB_PLUSPULSES_SET: Add one RTCCLK pulse every 2*11 pulses.
2406:Drivers/STM32H7xx_HAL_Driver/Src/stm32h7xx_hal_rtc_ex.c ****   *             @arg RTC_SMOOTHCALIB_PLUSPULSES_RESET: No RTCCLK pulses are added.
2407:Drivers/STM32H7xx_HAL_Driver/Src/stm32h7xx_hal_rtc_ex.c ****   * @param  SmoothCalibMinusPulsesValue Select the value of CALM[8:0] bits.
2408:Drivers/STM32H7xx_HAL_Driver/Src/stm32h7xx_hal_rtc_ex.c ****   *          This parameter can be one any value from 0 to 0x000001FF.
2409:Drivers/STM32H7xx_HAL_Driver/Src/stm32h7xx_hal_rtc_ex.c ****   * @note   To deactivate the smooth calibration, the field SmoothCalibPlusPulses
2410:Drivers/STM32H7xx_HAL_Driver/Src/stm32h7xx_hal_rtc_ex.c ****   *         must be equal to SMOOTHCALIB_PLUSPULSES_RESET and the field
2411:Drivers/STM32H7xx_HAL_Driver/Src/stm32h7xx_hal_rtc_ex.c ****   *         SmoothCalibMinusPulsesValue must be equal to 0.
2412:Drivers/STM32H7xx_HAL_Driver/Src/stm32h7xx_hal_rtc_ex.c ****   * @retval HAL status
2413:Drivers/STM32H7xx_HAL_Driver/Src/stm32h7xx_hal_rtc_ex.c ****   */
2414:Drivers/STM32H7xx_HAL_Driver/Src/stm32h7xx_hal_rtc_ex.c **** HAL_StatusTypeDef HAL_RTCEx_SetSmoothCalib(RTC_HandleTypeDef * hrtc, uint32_t SmoothCalibPeriod, ui
2415:Drivers/STM32H7xx_HAL_Driver/Src/stm32h7xx_hal_rtc_ex.c **** {
 2700              		.loc 1 2415 1 is_stmt 1 view -0
 2701              		.cfi_startproc
 2702              		@ args = 0, pretend = 0, frame = 0
 2703              		@ frame_needed = 0, uses_anonymous_args = 0
 2704              		.loc 1 2415 1 is_stmt 0 view .LVU926
 2705 0000 2DE9F041 		push	{r4, r5, r6, r7, r8, lr}
 2706              	.LCFI27:
 2707              		.cfi_def_cfa_offset 24
 2708              		.cfi_offset 4, -24
 2709              		.cfi_offset 5, -20
 2710              		.cfi_offset 6, -16
 2711              		.cfi_offset 7, -12
 2712              		.cfi_offset 8, -8
 2713              		.cfi_offset 14, -4
 2714 0004 1E46     		mov	r6, r3
2416:Drivers/STM32H7xx_HAL_Driver/Src/stm32h7xx_hal_rtc_ex.c ****   uint32_t tickstart;
 2715              		.loc 1 2416 3 is_stmt 1 view .LVU927
2417:Drivers/STM32H7xx_HAL_Driver/Src/stm32h7xx_hal_rtc_ex.c **** 
2418:Drivers/STM32H7xx_HAL_Driver/Src/stm32h7xx_hal_rtc_ex.c ****   /* Check the parameters */
2419:Drivers/STM32H7xx_HAL_Driver/Src/stm32h7xx_hal_rtc_ex.c ****   assert_param(IS_RTC_SMOOTH_CALIB_PERIOD(SmoothCalibPeriod));
 2716              		.loc 1 2419 3 view .LVU928
2420:Drivers/STM32H7xx_HAL_Driver/Src/stm32h7xx_hal_rtc_ex.c ****   assert_param(IS_RTC_SMOOTH_CALIB_PLUS(SmoothCalibPlusPulses));
 2717              		.loc 1 2420 3 view .LVU929
2421:Drivers/STM32H7xx_HAL_Driver/Src/stm32h7xx_hal_rtc_ex.c ****   assert_param(IS_RTC_SMOOTH_CALIB_MINUS(SmoothCalibMinusPulsesValue));
 2718              		.loc 1 2421 3 view .LVU930
2422:Drivers/STM32H7xx_HAL_Driver/Src/stm32h7xx_hal_rtc_ex.c **** 
2423:Drivers/STM32H7xx_HAL_Driver/Src/stm32h7xx_hal_rtc_ex.c ****   /* Process Locked */
2424:Drivers/STM32H7xx_HAL_Driver/Src/stm32h7xx_hal_rtc_ex.c ****   __HAL_LOCK(hrtc);
 2719              		.loc 1 2424 3 view .LVU931
 2720              		.loc 1 2424 3 view .LVU932
 2721 0006 90F82030 		ldrb	r3, [r0, #32]	@ zero_extendqisi2
 2722              	.LVL188:
 2723              		.loc 1 2424 3 is_stmt 0 view .LVU933
 2724 000a 012B     		cmp	r3, #1
 2725 000c 3FD0     		beq	.L192
 2726 000e 0446     		mov	r4, r0
 2727 0010 0D46     		mov	r5, r1
 2728 0012 1746     		mov	r7, r2
 2729              		.loc 1 2424 3 is_stmt 1 discriminator 2 view .LVU934
ARM GAS  C:\Users\admin\AppData\Local\Temp\ccP3nyhx.s 			page 94


 2730 0014 0123     		movs	r3, #1
 2731 0016 80F82030 		strb	r3, [r0, #32]
 2732              		.loc 1 2424 3 discriminator 2 view .LVU935
2425:Drivers/STM32H7xx_HAL_Driver/Src/stm32h7xx_hal_rtc_ex.c **** 
2426:Drivers/STM32H7xx_HAL_Driver/Src/stm32h7xx_hal_rtc_ex.c ****   hrtc->State = HAL_RTC_STATE_BUSY;
 2733              		.loc 1 2426 3 discriminator 2 view .LVU936
 2734              		.loc 1 2426 15 is_stmt 0 discriminator 2 view .LVU937
 2735 001a 0223     		movs	r3, #2
 2736 001c 80F82130 		strb	r3, [r0, #33]
2427:Drivers/STM32H7xx_HAL_Driver/Src/stm32h7xx_hal_rtc_ex.c **** 
2428:Drivers/STM32H7xx_HAL_Driver/Src/stm32h7xx_hal_rtc_ex.c ****   /* Disable the write protection for RTC registers */
2429:Drivers/STM32H7xx_HAL_Driver/Src/stm32h7xx_hal_rtc_ex.c ****   __HAL_RTC_WRITEPROTECTION_DISABLE(hrtc);
 2737              		.loc 1 2429 3 is_stmt 1 discriminator 2 view .LVU938
 2738              		.loc 1 2429 3 discriminator 2 view .LVU939
 2739 0020 0368     		ldr	r3, [r0]
 2740 0022 CA22     		movs	r2, #202
 2741              	.LVL189:
 2742              		.loc 1 2429 3 is_stmt 0 discriminator 2 view .LVU940
 2743 0024 5A62     		str	r2, [r3, #36]
 2744              		.loc 1 2429 3 is_stmt 1 discriminator 2 view .LVU941
 2745 0026 0368     		ldr	r3, [r0]
 2746 0028 5322     		movs	r2, #83
 2747 002a 5A62     		str	r2, [r3, #36]
 2748              		.loc 1 2429 3 discriminator 2 view .LVU942
2430:Drivers/STM32H7xx_HAL_Driver/Src/stm32h7xx_hal_rtc_ex.c **** 
2431:Drivers/STM32H7xx_HAL_Driver/Src/stm32h7xx_hal_rtc_ex.c **** #if defined(TAMP)
2432:Drivers/STM32H7xx_HAL_Driver/Src/stm32h7xx_hal_rtc_ex.c ****   /* check if a calibration operation is pending */
2433:Drivers/STM32H7xx_HAL_Driver/Src/stm32h7xx_hal_rtc_ex.c ****   if ((hrtc->Instance->ICSR & RTC_ICSR_RECALPF) != 0U)
2434:Drivers/STM32H7xx_HAL_Driver/Src/stm32h7xx_hal_rtc_ex.c ****   {
2435:Drivers/STM32H7xx_HAL_Driver/Src/stm32h7xx_hal_rtc_ex.c ****     tickstart = HAL_GetTick();
2436:Drivers/STM32H7xx_HAL_Driver/Src/stm32h7xx_hal_rtc_ex.c **** 
2437:Drivers/STM32H7xx_HAL_Driver/Src/stm32h7xx_hal_rtc_ex.c ****     /* Wait for pending calibration operation to finish */
2438:Drivers/STM32H7xx_HAL_Driver/Src/stm32h7xx_hal_rtc_ex.c ****     while ((hrtc->Instance->ICSR & RTC_ICSR_RECALPF) != 0U)
2439:Drivers/STM32H7xx_HAL_Driver/Src/stm32h7xx_hal_rtc_ex.c **** #else
2440:Drivers/STM32H7xx_HAL_Driver/Src/stm32h7xx_hal_rtc_ex.c ****   /* check if a calibration operation is pending */
2441:Drivers/STM32H7xx_HAL_Driver/Src/stm32h7xx_hal_rtc_ex.c ****   if ((hrtc->Instance->ISR  & RTC_ISR_RECALPF)  != 0U)
 2749              		.loc 1 2441 3 discriminator 2 view .LVU943
 2750              		.loc 1 2441 12 is_stmt 0 discriminator 2 view .LVU944
 2751 002c 0368     		ldr	r3, [r0]
 2752              		.loc 1 2441 22 discriminator 2 view .LVU945
 2753 002e DB68     		ldr	r3, [r3, #12]
 2754              		.loc 1 2441 6 discriminator 2 view .LVU946
 2755 0030 13F4803F 		tst	r3, #65536
 2756 0034 12D1     		bne	.L194
 2757              	.LVL190:
 2758              	.L189:
2442:Drivers/STM32H7xx_HAL_Driver/Src/stm32h7xx_hal_rtc_ex.c ****   {
2443:Drivers/STM32H7xx_HAL_Driver/Src/stm32h7xx_hal_rtc_ex.c ****     tickstart = HAL_GetTick();
2444:Drivers/STM32H7xx_HAL_Driver/Src/stm32h7xx_hal_rtc_ex.c **** 
2445:Drivers/STM32H7xx_HAL_Driver/Src/stm32h7xx_hal_rtc_ex.c ****     /* Wait for pending calibration operation to finish */
2446:Drivers/STM32H7xx_HAL_Driver/Src/stm32h7xx_hal_rtc_ex.c ****     while ((hrtc->Instance->ISR  & RTC_ISR_RECALPF)  != 0U)
2447:Drivers/STM32H7xx_HAL_Driver/Src/stm32h7xx_hal_rtc_ex.c **** #endif /* TAMP */
2448:Drivers/STM32H7xx_HAL_Driver/Src/stm32h7xx_hal_rtc_ex.c ****     {
2449:Drivers/STM32H7xx_HAL_Driver/Src/stm32h7xx_hal_rtc_ex.c ****       if ((HAL_GetTick() - tickstart) > RTC_TIMEOUT_VALUE)
2450:Drivers/STM32H7xx_HAL_Driver/Src/stm32h7xx_hal_rtc_ex.c ****       {
2451:Drivers/STM32H7xx_HAL_Driver/Src/stm32h7xx_hal_rtc_ex.c ****         /* Enable the write protection for RTC registers */
2452:Drivers/STM32H7xx_HAL_Driver/Src/stm32h7xx_hal_rtc_ex.c ****         __HAL_RTC_WRITEPROTECTION_ENABLE(hrtc);
ARM GAS  C:\Users\admin\AppData\Local\Temp\ccP3nyhx.s 			page 95


2453:Drivers/STM32H7xx_HAL_Driver/Src/stm32h7xx_hal_rtc_ex.c **** 
2454:Drivers/STM32H7xx_HAL_Driver/Src/stm32h7xx_hal_rtc_ex.c ****         /* Change RTC state */
2455:Drivers/STM32H7xx_HAL_Driver/Src/stm32h7xx_hal_rtc_ex.c ****         hrtc->State = HAL_RTC_STATE_TIMEOUT;
2456:Drivers/STM32H7xx_HAL_Driver/Src/stm32h7xx_hal_rtc_ex.c **** 
2457:Drivers/STM32H7xx_HAL_Driver/Src/stm32h7xx_hal_rtc_ex.c ****         /* Process Unlocked */
2458:Drivers/STM32H7xx_HAL_Driver/Src/stm32h7xx_hal_rtc_ex.c ****         __HAL_UNLOCK(hrtc);
2459:Drivers/STM32H7xx_HAL_Driver/Src/stm32h7xx_hal_rtc_ex.c **** 
2460:Drivers/STM32H7xx_HAL_Driver/Src/stm32h7xx_hal_rtc_ex.c ****         return HAL_TIMEOUT;
2461:Drivers/STM32H7xx_HAL_Driver/Src/stm32h7xx_hal_rtc_ex.c ****       }
2462:Drivers/STM32H7xx_HAL_Driver/Src/stm32h7xx_hal_rtc_ex.c ****     }
2463:Drivers/STM32H7xx_HAL_Driver/Src/stm32h7xx_hal_rtc_ex.c ****   }
2464:Drivers/STM32H7xx_HAL_Driver/Src/stm32h7xx_hal_rtc_ex.c **** 
2465:Drivers/STM32H7xx_HAL_Driver/Src/stm32h7xx_hal_rtc_ex.c ****   /* Configure the Smooth calibration settings */
2466:Drivers/STM32H7xx_HAL_Driver/Src/stm32h7xx_hal_rtc_ex.c ****   MODIFY_REG(hrtc->Instance->CALR, (RTC_CALR_CALP | RTC_CALR_CALW8 | RTC_CALR_CALW16 | RTC_CALR_CAL
 2759              		.loc 1 2466 3 is_stmt 1 view .LVU947
 2760 0036 2268     		ldr	r2, [r4]
 2761 0038 D16B     		ldr	r1, [r2, #60]
 2762 003a 164B     		ldr	r3, .L195
 2763 003c 0B40     		ands	r3, r3, r1
 2764 003e 3D43     		orrs	r5, r5, r7
 2765              	.LVL191:
 2766              		.loc 1 2466 3 is_stmt 0 view .LVU948
 2767 0040 2E43     		orrs	r6, r6, r5
 2768              	.LVL192:
 2769              		.loc 1 2466 3 view .LVU949
 2770 0042 1E43     		orrs	r6, r6, r3
 2771 0044 D663     		str	r6, [r2, #60]
2467:Drivers/STM32H7xx_HAL_Driver/Src/stm32h7xx_hal_rtc_ex.c **** 
2468:Drivers/STM32H7xx_HAL_Driver/Src/stm32h7xx_hal_rtc_ex.c ****   /* Enable the write protection for RTC registers */
2469:Drivers/STM32H7xx_HAL_Driver/Src/stm32h7xx_hal_rtc_ex.c ****   __HAL_RTC_WRITEPROTECTION_ENABLE(hrtc);
 2772              		.loc 1 2469 3 is_stmt 1 view .LVU950
 2773              		.loc 1 2469 3 view .LVU951
 2774 0046 2368     		ldr	r3, [r4]
 2775 0048 FF22     		movs	r2, #255
 2776 004a 5A62     		str	r2, [r3, #36]
 2777              		.loc 1 2469 3 view .LVU952
2470:Drivers/STM32H7xx_HAL_Driver/Src/stm32h7xx_hal_rtc_ex.c **** 
2471:Drivers/STM32H7xx_HAL_Driver/Src/stm32h7xx_hal_rtc_ex.c ****   /* Change RTC state */
2472:Drivers/STM32H7xx_HAL_Driver/Src/stm32h7xx_hal_rtc_ex.c ****   hrtc->State = HAL_RTC_STATE_READY;
 2778              		.loc 1 2472 3 view .LVU953
 2779              		.loc 1 2472 15 is_stmt 0 view .LVU954
 2780 004c 0123     		movs	r3, #1
 2781 004e 84F82130 		strb	r3, [r4, #33]
2473:Drivers/STM32H7xx_HAL_Driver/Src/stm32h7xx_hal_rtc_ex.c **** 
2474:Drivers/STM32H7xx_HAL_Driver/Src/stm32h7xx_hal_rtc_ex.c ****   /* Process Unlocked */
2475:Drivers/STM32H7xx_HAL_Driver/Src/stm32h7xx_hal_rtc_ex.c ****   __HAL_UNLOCK(hrtc);
 2782              		.loc 1 2475 3 is_stmt 1 view .LVU955
 2783              		.loc 1 2475 3 view .LVU956
 2784 0052 0020     		movs	r0, #0
 2785 0054 84F82000 		strb	r0, [r4, #32]
 2786              		.loc 1 2475 3 view .LVU957
2476:Drivers/STM32H7xx_HAL_Driver/Src/stm32h7xx_hal_rtc_ex.c **** 
2477:Drivers/STM32H7xx_HAL_Driver/Src/stm32h7xx_hal_rtc_ex.c ****   return HAL_OK;
 2787              		.loc 1 2477 3 view .LVU958
 2788              	.LVL193:
 2789              	.L188:
2478:Drivers/STM32H7xx_HAL_Driver/Src/stm32h7xx_hal_rtc_ex.c **** }
ARM GAS  C:\Users\admin\AppData\Local\Temp\ccP3nyhx.s 			page 96


 2790              		.loc 1 2478 1 is_stmt 0 view .LVU959
 2791 0058 BDE8F081 		pop	{r4, r5, r6, r7, r8, pc}
 2792              	.LVL194:
 2793              	.L194:
2443:Drivers/STM32H7xx_HAL_Driver/Src/stm32h7xx_hal_rtc_ex.c **** 
 2794              		.loc 1 2443 5 is_stmt 1 view .LVU960
2443:Drivers/STM32H7xx_HAL_Driver/Src/stm32h7xx_hal_rtc_ex.c **** 
 2795              		.loc 1 2443 17 is_stmt 0 view .LVU961
 2796 005c FFF7FEFF 		bl	HAL_GetTick
 2797              	.LVL195:
2443:Drivers/STM32H7xx_HAL_Driver/Src/stm32h7xx_hal_rtc_ex.c **** 
 2798              		.loc 1 2443 17 view .LVU962
 2799 0060 8046     		mov	r8, r0
 2800              	.LVL196:
2446:Drivers/STM32H7xx_HAL_Driver/Src/stm32h7xx_hal_rtc_ex.c **** #endif /* TAMP */
 2801              		.loc 1 2446 5 is_stmt 1 view .LVU963
 2802              	.L190:
2446:Drivers/STM32H7xx_HAL_Driver/Src/stm32h7xx_hal_rtc_ex.c **** #endif /* TAMP */
 2803              		.loc 1 2446 11 view .LVU964
2446:Drivers/STM32H7xx_HAL_Driver/Src/stm32h7xx_hal_rtc_ex.c **** #endif /* TAMP */
 2804              		.loc 1 2446 17 is_stmt 0 view .LVU965
 2805 0062 2368     		ldr	r3, [r4]
2446:Drivers/STM32H7xx_HAL_Driver/Src/stm32h7xx_hal_rtc_ex.c **** #endif /* TAMP */
 2806              		.loc 1 2446 27 view .LVU966
 2807 0064 D968     		ldr	r1, [r3, #12]
2446:Drivers/STM32H7xx_HAL_Driver/Src/stm32h7xx_hal_rtc_ex.c **** #endif /* TAMP */
 2808              		.loc 1 2446 11 view .LVU967
 2809 0066 11F4803F 		tst	r1, #65536
 2810 006a E4D0     		beq	.L189
2449:Drivers/STM32H7xx_HAL_Driver/Src/stm32h7xx_hal_rtc_ex.c ****       {
 2811              		.loc 1 2449 7 is_stmt 1 view .LVU968
2449:Drivers/STM32H7xx_HAL_Driver/Src/stm32h7xx_hal_rtc_ex.c ****       {
 2812              		.loc 1 2449 12 is_stmt 0 view .LVU969
 2813 006c FFF7FEFF 		bl	HAL_GetTick
 2814              	.LVL197:
2449:Drivers/STM32H7xx_HAL_Driver/Src/stm32h7xx_hal_rtc_ex.c ****       {
 2815              		.loc 1 2449 26 view .LVU970
 2816 0070 A0EB0800 		sub	r0, r0, r8
2449:Drivers/STM32H7xx_HAL_Driver/Src/stm32h7xx_hal_rtc_ex.c ****       {
 2817              		.loc 1 2449 10 view .LVU971
 2818 0074 B0F57A7F 		cmp	r0, #1000
 2819 0078 F3D9     		bls	.L190
2452:Drivers/STM32H7xx_HAL_Driver/Src/stm32h7xx_hal_rtc_ex.c **** 
 2820              		.loc 1 2452 9 is_stmt 1 view .LVU972
2452:Drivers/STM32H7xx_HAL_Driver/Src/stm32h7xx_hal_rtc_ex.c **** 
 2821              		.loc 1 2452 9 view .LVU973
 2822 007a 2368     		ldr	r3, [r4]
 2823 007c FF22     		movs	r2, #255
 2824 007e 5A62     		str	r2, [r3, #36]
2452:Drivers/STM32H7xx_HAL_Driver/Src/stm32h7xx_hal_rtc_ex.c **** 
 2825              		.loc 1 2452 9 view .LVU974
2455:Drivers/STM32H7xx_HAL_Driver/Src/stm32h7xx_hal_rtc_ex.c **** 
 2826              		.loc 1 2455 9 view .LVU975
2455:Drivers/STM32H7xx_HAL_Driver/Src/stm32h7xx_hal_rtc_ex.c **** 
 2827              		.loc 1 2455 21 is_stmt 0 view .LVU976
 2828 0080 0320     		movs	r0, #3
 2829 0082 84F82100 		strb	r0, [r4, #33]
ARM GAS  C:\Users\admin\AppData\Local\Temp\ccP3nyhx.s 			page 97


2458:Drivers/STM32H7xx_HAL_Driver/Src/stm32h7xx_hal_rtc_ex.c **** 
 2830              		.loc 1 2458 9 is_stmt 1 view .LVU977
2458:Drivers/STM32H7xx_HAL_Driver/Src/stm32h7xx_hal_rtc_ex.c **** 
 2831              		.loc 1 2458 9 view .LVU978
 2832 0086 0023     		movs	r3, #0
 2833 0088 84F82030 		strb	r3, [r4, #32]
2458:Drivers/STM32H7xx_HAL_Driver/Src/stm32h7xx_hal_rtc_ex.c **** 
 2834              		.loc 1 2458 9 view .LVU979
2460:Drivers/STM32H7xx_HAL_Driver/Src/stm32h7xx_hal_rtc_ex.c ****       }
 2835              		.loc 1 2460 9 view .LVU980
2460:Drivers/STM32H7xx_HAL_Driver/Src/stm32h7xx_hal_rtc_ex.c ****       }
 2836              		.loc 1 2460 16 is_stmt 0 view .LVU981
 2837 008c E4E7     		b	.L188
 2838              	.LVL198:
 2839              	.L192:
2424:Drivers/STM32H7xx_HAL_Driver/Src/stm32h7xx_hal_rtc_ex.c **** 
 2840              		.loc 1 2424 3 view .LVU982
 2841 008e 0220     		movs	r0, #2
 2842              	.LVL199:
2424:Drivers/STM32H7xx_HAL_Driver/Src/stm32h7xx_hal_rtc_ex.c **** 
 2843              		.loc 1 2424 3 view .LVU983
 2844 0090 E2E7     		b	.L188
 2845              	.L196:
 2846 0092 00BF     		.align	2
 2847              	.L195:
 2848 0094 001EFFFF 		.word	-57856
 2849              		.cfi_endproc
 2850              	.LFE171:
 2852              		.section	.text.HAL_RTCEx_SetSynchroShift,"ax",%progbits
 2853              		.align	1
 2854              		.global	HAL_RTCEx_SetSynchroShift
 2855              		.syntax unified
 2856              		.thumb
 2857              		.thumb_func
 2859              	HAL_RTCEx_SetSynchroShift:
 2860              	.LVL200:
 2861              	.LFB172:
2479:Drivers/STM32H7xx_HAL_Driver/Src/stm32h7xx_hal_rtc_ex.c **** 
2480:Drivers/STM32H7xx_HAL_Driver/Src/stm32h7xx_hal_rtc_ex.c **** /**
2481:Drivers/STM32H7xx_HAL_Driver/Src/stm32h7xx_hal_rtc_ex.c ****   * @brief  Configure the Synchronization Shift Control Settings.
2482:Drivers/STM32H7xx_HAL_Driver/Src/stm32h7xx_hal_rtc_ex.c ****   * @note   When REFCKON is set, firmware must not write to Shift control register.
2483:Drivers/STM32H7xx_HAL_Driver/Src/stm32h7xx_hal_rtc_ex.c ****   * @param  hrtc RTC handle
2484:Drivers/STM32H7xx_HAL_Driver/Src/stm32h7xx_hal_rtc_ex.c ****   * @param  ShiftAdd1S Select to add or not 1 second to the time calendar.
2485:Drivers/STM32H7xx_HAL_Driver/Src/stm32h7xx_hal_rtc_ex.c ****   *          This parameter can be one of the following values:
2486:Drivers/STM32H7xx_HAL_Driver/Src/stm32h7xx_hal_rtc_ex.c ****   *             @arg RTC_SHIFTADD1S_SET: Add one second to the clock calendar.
2487:Drivers/STM32H7xx_HAL_Driver/Src/stm32h7xx_hal_rtc_ex.c ****   *             @arg RTC_SHIFTADD1S_RESET: No effect.
2488:Drivers/STM32H7xx_HAL_Driver/Src/stm32h7xx_hal_rtc_ex.c ****   * @param  ShiftSubFS Select the number of Second Fractions to substitute.
2489:Drivers/STM32H7xx_HAL_Driver/Src/stm32h7xx_hal_rtc_ex.c ****   *          This parameter can be one any value from 0 to 0x7FFF.
2490:Drivers/STM32H7xx_HAL_Driver/Src/stm32h7xx_hal_rtc_ex.c ****   * @retval HAL status
2491:Drivers/STM32H7xx_HAL_Driver/Src/stm32h7xx_hal_rtc_ex.c ****   */
2492:Drivers/STM32H7xx_HAL_Driver/Src/stm32h7xx_hal_rtc_ex.c **** HAL_StatusTypeDef HAL_RTCEx_SetSynchroShift(RTC_HandleTypeDef * hrtc, uint32_t ShiftAdd1S, uint32_t
2493:Drivers/STM32H7xx_HAL_Driver/Src/stm32h7xx_hal_rtc_ex.c **** {
 2862              		.loc 1 2493 1 is_stmt 1 view -0
 2863              		.cfi_startproc
 2864              		@ args = 0, pretend = 0, frame = 0
 2865              		@ frame_needed = 0, uses_anonymous_args = 0
2494:Drivers/STM32H7xx_HAL_Driver/Src/stm32h7xx_hal_rtc_ex.c ****   uint32_t tickstart;
ARM GAS  C:\Users\admin\AppData\Local\Temp\ccP3nyhx.s 			page 98


 2866              		.loc 1 2494 3 view .LVU985
2495:Drivers/STM32H7xx_HAL_Driver/Src/stm32h7xx_hal_rtc_ex.c **** 
2496:Drivers/STM32H7xx_HAL_Driver/Src/stm32h7xx_hal_rtc_ex.c ****   /* Check the parameters */
2497:Drivers/STM32H7xx_HAL_Driver/Src/stm32h7xx_hal_rtc_ex.c ****   assert_param(IS_RTC_SHIFT_ADD1S(ShiftAdd1S));
 2867              		.loc 1 2497 3 view .LVU986
2498:Drivers/STM32H7xx_HAL_Driver/Src/stm32h7xx_hal_rtc_ex.c ****   assert_param(IS_RTC_SHIFT_SUBFS(ShiftSubFS));
 2868              		.loc 1 2498 3 view .LVU987
2499:Drivers/STM32H7xx_HAL_Driver/Src/stm32h7xx_hal_rtc_ex.c **** 
2500:Drivers/STM32H7xx_HAL_Driver/Src/stm32h7xx_hal_rtc_ex.c ****   /* Process Locked */
2501:Drivers/STM32H7xx_HAL_Driver/Src/stm32h7xx_hal_rtc_ex.c ****   __HAL_LOCK(hrtc);
 2869              		.loc 1 2501 3 view .LVU988
 2870              		.loc 1 2501 3 view .LVU989
 2871 0000 90F82030 		ldrb	r3, [r0, #32]	@ zero_extendqisi2
 2872 0004 012B     		cmp	r3, #1
 2873 0006 59D0     		beq	.L203
2493:Drivers/STM32H7xx_HAL_Driver/Src/stm32h7xx_hal_rtc_ex.c ****   uint32_t tickstart;
 2874              		.loc 1 2493 1 is_stmt 0 discriminator 2 view .LVU990
 2875 0008 2DE9F041 		push	{r4, r5, r6, r7, r8, lr}
 2876              	.LCFI28:
 2877              		.cfi_def_cfa_offset 24
 2878              		.cfi_offset 4, -24
 2879              		.cfi_offset 5, -20
 2880              		.cfi_offset 6, -16
 2881              		.cfi_offset 7, -12
 2882              		.cfi_offset 8, -8
 2883              		.cfi_offset 14, -4
 2884 000c 0446     		mov	r4, r0
 2885 000e 8846     		mov	r8, r1
 2886 0010 1746     		mov	r7, r2
 2887              		.loc 1 2501 3 is_stmt 1 discriminator 2 view .LVU991
 2888 0012 0123     		movs	r3, #1
 2889 0014 80F82030 		strb	r3, [r0, #32]
 2890              		.loc 1 2501 3 discriminator 2 view .LVU992
2502:Drivers/STM32H7xx_HAL_Driver/Src/stm32h7xx_hal_rtc_ex.c **** 
2503:Drivers/STM32H7xx_HAL_Driver/Src/stm32h7xx_hal_rtc_ex.c ****   hrtc->State = HAL_RTC_STATE_BUSY;
 2891              		.loc 1 2503 3 discriminator 2 view .LVU993
 2892              		.loc 1 2503 15 is_stmt 0 discriminator 2 view .LVU994
 2893 0018 0223     		movs	r3, #2
 2894 001a 80F82130 		strb	r3, [r0, #33]
2504:Drivers/STM32H7xx_HAL_Driver/Src/stm32h7xx_hal_rtc_ex.c **** 
2505:Drivers/STM32H7xx_HAL_Driver/Src/stm32h7xx_hal_rtc_ex.c ****   /* Disable the write protection for RTC registers */
2506:Drivers/STM32H7xx_HAL_Driver/Src/stm32h7xx_hal_rtc_ex.c ****   __HAL_RTC_WRITEPROTECTION_DISABLE(hrtc);
 2895              		.loc 1 2506 3 is_stmt 1 discriminator 2 view .LVU995
 2896              		.loc 1 2506 3 discriminator 2 view .LVU996
 2897 001e 0368     		ldr	r3, [r0]
 2898 0020 CA22     		movs	r2, #202
 2899              	.LVL201:
 2900              		.loc 1 2506 3 is_stmt 0 discriminator 2 view .LVU997
 2901 0022 5A62     		str	r2, [r3, #36]
 2902              		.loc 1 2506 3 is_stmt 1 discriminator 2 view .LVU998
 2903 0024 0368     		ldr	r3, [r0]
 2904 0026 5322     		movs	r2, #83
 2905 0028 5A62     		str	r2, [r3, #36]
 2906              		.loc 1 2506 3 discriminator 2 view .LVU999
2507:Drivers/STM32H7xx_HAL_Driver/Src/stm32h7xx_hal_rtc_ex.c **** 
2508:Drivers/STM32H7xx_HAL_Driver/Src/stm32h7xx_hal_rtc_ex.c ****   tickstart = HAL_GetTick();
 2907              		.loc 1 2508 3 discriminator 2 view .LVU1000
ARM GAS  C:\Users\admin\AppData\Local\Temp\ccP3nyhx.s 			page 99


 2908              		.loc 1 2508 15 is_stmt 0 discriminator 2 view .LVU1001
 2909 002a FFF7FEFF 		bl	HAL_GetTick
 2910              	.LVL202:
 2911              		.loc 1 2508 15 discriminator 2 view .LVU1002
 2912 002e 0646     		mov	r6, r0
 2913              	.LVL203:
2509:Drivers/STM32H7xx_HAL_Driver/Src/stm32h7xx_hal_rtc_ex.c **** 
2510:Drivers/STM32H7xx_HAL_Driver/Src/stm32h7xx_hal_rtc_ex.c ****   /* Wait until the shift is completed */
2511:Drivers/STM32H7xx_HAL_Driver/Src/stm32h7xx_hal_rtc_ex.c **** #if defined(TAMP)
2512:Drivers/STM32H7xx_HAL_Driver/Src/stm32h7xx_hal_rtc_ex.c ****   while ((hrtc->Instance->ICSR & RTC_ICSR_SHPF) != 0U)
2513:Drivers/STM32H7xx_HAL_Driver/Src/stm32h7xx_hal_rtc_ex.c **** #else
2514:Drivers/STM32H7xx_HAL_Driver/Src/stm32h7xx_hal_rtc_ex.c ****     while ((hrtc->Instance->ISR  & RTC_ISR_SHPF)  != 0U)
 2914              		.loc 1 2514 5 is_stmt 1 discriminator 2 view .LVU1003
 2915              	.L199:
 2916              		.loc 1 2514 11 view .LVU1004
 2917              		.loc 1 2514 17 is_stmt 0 view .LVU1005
 2918 0030 2368     		ldr	r3, [r4]
 2919              		.loc 1 2514 27 view .LVU1006
 2920 0032 DD68     		ldr	r5, [r3, #12]
 2921              		.loc 1 2514 11 view .LVU1007
 2922 0034 15F0080F 		tst	r5, #8
 2923 0038 10D0     		beq	.L208
2515:Drivers/STM32H7xx_HAL_Driver/Src/stm32h7xx_hal_rtc_ex.c **** #endif /* TAMP */
2516:Drivers/STM32H7xx_HAL_Driver/Src/stm32h7xx_hal_rtc_ex.c ****     {
2517:Drivers/STM32H7xx_HAL_Driver/Src/stm32h7xx_hal_rtc_ex.c ****       if ((HAL_GetTick() - tickstart) > RTC_TIMEOUT_VALUE)
 2924              		.loc 1 2517 7 is_stmt 1 view .LVU1008
 2925              		.loc 1 2517 12 is_stmt 0 view .LVU1009
 2926 003a FFF7FEFF 		bl	HAL_GetTick
 2927              	.LVL204:
 2928              		.loc 1 2517 26 view .LVU1010
 2929 003e 831B     		subs	r3, r0, r6
 2930              		.loc 1 2517 10 view .LVU1011
 2931 0040 B3F57A7F 		cmp	r3, #1000
 2932 0044 F4D9     		bls	.L199
2518:Drivers/STM32H7xx_HAL_Driver/Src/stm32h7xx_hal_rtc_ex.c ****       {
2519:Drivers/STM32H7xx_HAL_Driver/Src/stm32h7xx_hal_rtc_ex.c ****         /* Enable the write protection for RTC registers */
2520:Drivers/STM32H7xx_HAL_Driver/Src/stm32h7xx_hal_rtc_ex.c ****         __HAL_RTC_WRITEPROTECTION_ENABLE(hrtc);
 2933              		.loc 1 2520 9 is_stmt 1 view .LVU1012
 2934              		.loc 1 2520 9 view .LVU1013
 2935 0046 2368     		ldr	r3, [r4]
 2936 0048 FF22     		movs	r2, #255
 2937 004a 5A62     		str	r2, [r3, #36]
 2938              		.loc 1 2520 9 view .LVU1014
2521:Drivers/STM32H7xx_HAL_Driver/Src/stm32h7xx_hal_rtc_ex.c **** 
2522:Drivers/STM32H7xx_HAL_Driver/Src/stm32h7xx_hal_rtc_ex.c ****         hrtc->State = HAL_RTC_STATE_TIMEOUT;
 2939              		.loc 1 2522 9 view .LVU1015
 2940              		.loc 1 2522 21 is_stmt 0 view .LVU1016
 2941 004c 0320     		movs	r0, #3
 2942 004e 84F82100 		strb	r0, [r4, #33]
2523:Drivers/STM32H7xx_HAL_Driver/Src/stm32h7xx_hal_rtc_ex.c **** 
2524:Drivers/STM32H7xx_HAL_Driver/Src/stm32h7xx_hal_rtc_ex.c ****         /* Process Unlocked */
2525:Drivers/STM32H7xx_HAL_Driver/Src/stm32h7xx_hal_rtc_ex.c ****         __HAL_UNLOCK(hrtc);
 2943              		.loc 1 2525 9 is_stmt 1 view .LVU1017
 2944              		.loc 1 2525 9 view .LVU1018
 2945 0052 0023     		movs	r3, #0
 2946 0054 84F82030 		strb	r3, [r4, #32]
 2947              		.loc 1 2525 9 view .LVU1019
ARM GAS  C:\Users\admin\AppData\Local\Temp\ccP3nyhx.s 			page 100


2526:Drivers/STM32H7xx_HAL_Driver/Src/stm32h7xx_hal_rtc_ex.c **** 
2527:Drivers/STM32H7xx_HAL_Driver/Src/stm32h7xx_hal_rtc_ex.c ****         return HAL_TIMEOUT;
 2948              		.loc 1 2527 9 view .LVU1020
 2949              	.LVL205:
 2950              	.L198:
2528:Drivers/STM32H7xx_HAL_Driver/Src/stm32h7xx_hal_rtc_ex.c ****       }
2529:Drivers/STM32H7xx_HAL_Driver/Src/stm32h7xx_hal_rtc_ex.c ****     }
2530:Drivers/STM32H7xx_HAL_Driver/Src/stm32h7xx_hal_rtc_ex.c **** 
2531:Drivers/STM32H7xx_HAL_Driver/Src/stm32h7xx_hal_rtc_ex.c ****   /* Check if the reference clock detection is disabled */
2532:Drivers/STM32H7xx_HAL_Driver/Src/stm32h7xx_hal_rtc_ex.c ****   if ((hrtc->Instance->CR & RTC_CR_REFCKON) == 0U)
2533:Drivers/STM32H7xx_HAL_Driver/Src/stm32h7xx_hal_rtc_ex.c ****   {
2534:Drivers/STM32H7xx_HAL_Driver/Src/stm32h7xx_hal_rtc_ex.c ****     /* Configure the Shift settings */
2535:Drivers/STM32H7xx_HAL_Driver/Src/stm32h7xx_hal_rtc_ex.c ****     hrtc->Instance->SHIFTR = (uint32_t)(uint32_t)(ShiftSubFS) | (uint32_t)(ShiftAdd1S);
2536:Drivers/STM32H7xx_HAL_Driver/Src/stm32h7xx_hal_rtc_ex.c **** 
2537:Drivers/STM32H7xx_HAL_Driver/Src/stm32h7xx_hal_rtc_ex.c ****     /* If  RTC_CR_BYPSHAD bit = 0, wait for synchro else this check is not needed */
2538:Drivers/STM32H7xx_HAL_Driver/Src/stm32h7xx_hal_rtc_ex.c ****     if ((hrtc->Instance->CR & RTC_CR_BYPSHAD) == 0U)
2539:Drivers/STM32H7xx_HAL_Driver/Src/stm32h7xx_hal_rtc_ex.c ****     {
2540:Drivers/STM32H7xx_HAL_Driver/Src/stm32h7xx_hal_rtc_ex.c ****       if (HAL_RTC_WaitForSynchro(hrtc) != HAL_OK)
2541:Drivers/STM32H7xx_HAL_Driver/Src/stm32h7xx_hal_rtc_ex.c ****       {
2542:Drivers/STM32H7xx_HAL_Driver/Src/stm32h7xx_hal_rtc_ex.c ****         /* Enable the write protection for RTC registers */
2543:Drivers/STM32H7xx_HAL_Driver/Src/stm32h7xx_hal_rtc_ex.c ****         __HAL_RTC_WRITEPROTECTION_ENABLE(hrtc);
2544:Drivers/STM32H7xx_HAL_Driver/Src/stm32h7xx_hal_rtc_ex.c **** 
2545:Drivers/STM32H7xx_HAL_Driver/Src/stm32h7xx_hal_rtc_ex.c ****         hrtc->State = HAL_RTC_STATE_ERROR;
2546:Drivers/STM32H7xx_HAL_Driver/Src/stm32h7xx_hal_rtc_ex.c **** 
2547:Drivers/STM32H7xx_HAL_Driver/Src/stm32h7xx_hal_rtc_ex.c ****         /* Process Unlocked */
2548:Drivers/STM32H7xx_HAL_Driver/Src/stm32h7xx_hal_rtc_ex.c ****         __HAL_UNLOCK(hrtc);
2549:Drivers/STM32H7xx_HAL_Driver/Src/stm32h7xx_hal_rtc_ex.c **** 
2550:Drivers/STM32H7xx_HAL_Driver/Src/stm32h7xx_hal_rtc_ex.c ****         return HAL_ERROR;
2551:Drivers/STM32H7xx_HAL_Driver/Src/stm32h7xx_hal_rtc_ex.c ****       }
2552:Drivers/STM32H7xx_HAL_Driver/Src/stm32h7xx_hal_rtc_ex.c ****     }
2553:Drivers/STM32H7xx_HAL_Driver/Src/stm32h7xx_hal_rtc_ex.c ****   }
2554:Drivers/STM32H7xx_HAL_Driver/Src/stm32h7xx_hal_rtc_ex.c ****   else
2555:Drivers/STM32H7xx_HAL_Driver/Src/stm32h7xx_hal_rtc_ex.c ****   {
2556:Drivers/STM32H7xx_HAL_Driver/Src/stm32h7xx_hal_rtc_ex.c ****     /* Enable the write protection for RTC registers */
2557:Drivers/STM32H7xx_HAL_Driver/Src/stm32h7xx_hal_rtc_ex.c ****     __HAL_RTC_WRITEPROTECTION_ENABLE(hrtc);
2558:Drivers/STM32H7xx_HAL_Driver/Src/stm32h7xx_hal_rtc_ex.c **** 
2559:Drivers/STM32H7xx_HAL_Driver/Src/stm32h7xx_hal_rtc_ex.c ****     /* Change RTC state */
2560:Drivers/STM32H7xx_HAL_Driver/Src/stm32h7xx_hal_rtc_ex.c ****     hrtc->State = HAL_RTC_STATE_ERROR;
2561:Drivers/STM32H7xx_HAL_Driver/Src/stm32h7xx_hal_rtc_ex.c **** 
2562:Drivers/STM32H7xx_HAL_Driver/Src/stm32h7xx_hal_rtc_ex.c ****     /* Process Unlocked */
2563:Drivers/STM32H7xx_HAL_Driver/Src/stm32h7xx_hal_rtc_ex.c ****     __HAL_UNLOCK(hrtc);
2564:Drivers/STM32H7xx_HAL_Driver/Src/stm32h7xx_hal_rtc_ex.c **** 
2565:Drivers/STM32H7xx_HAL_Driver/Src/stm32h7xx_hal_rtc_ex.c ****     return HAL_ERROR;
2566:Drivers/STM32H7xx_HAL_Driver/Src/stm32h7xx_hal_rtc_ex.c ****   }
2567:Drivers/STM32H7xx_HAL_Driver/Src/stm32h7xx_hal_rtc_ex.c **** 
2568:Drivers/STM32H7xx_HAL_Driver/Src/stm32h7xx_hal_rtc_ex.c ****   /* Enable the write protection for RTC registers */
2569:Drivers/STM32H7xx_HAL_Driver/Src/stm32h7xx_hal_rtc_ex.c ****   __HAL_RTC_WRITEPROTECTION_ENABLE(hrtc);
2570:Drivers/STM32H7xx_HAL_Driver/Src/stm32h7xx_hal_rtc_ex.c **** 
2571:Drivers/STM32H7xx_HAL_Driver/Src/stm32h7xx_hal_rtc_ex.c ****   /* Change RTC state */
2572:Drivers/STM32H7xx_HAL_Driver/Src/stm32h7xx_hal_rtc_ex.c ****   hrtc->State = HAL_RTC_STATE_READY;
2573:Drivers/STM32H7xx_HAL_Driver/Src/stm32h7xx_hal_rtc_ex.c **** 
2574:Drivers/STM32H7xx_HAL_Driver/Src/stm32h7xx_hal_rtc_ex.c ****   /* Process Unlocked */
2575:Drivers/STM32H7xx_HAL_Driver/Src/stm32h7xx_hal_rtc_ex.c ****   __HAL_UNLOCK(hrtc);
2576:Drivers/STM32H7xx_HAL_Driver/Src/stm32h7xx_hal_rtc_ex.c **** 
2577:Drivers/STM32H7xx_HAL_Driver/Src/stm32h7xx_hal_rtc_ex.c ****   return HAL_OK;
2578:Drivers/STM32H7xx_HAL_Driver/Src/stm32h7xx_hal_rtc_ex.c **** }
 2951              		.loc 1 2578 1 is_stmt 0 view .LVU1021
ARM GAS  C:\Users\admin\AppData\Local\Temp\ccP3nyhx.s 			page 101


 2952 0058 BDE8F081 		pop	{r4, r5, r6, r7, r8, pc}
 2953              	.LVL206:
 2954              	.L208:
2532:Drivers/STM32H7xx_HAL_Driver/Src/stm32h7xx_hal_rtc_ex.c ****   {
 2955              		.loc 1 2532 3 is_stmt 1 view .LVU1022
2532:Drivers/STM32H7xx_HAL_Driver/Src/stm32h7xx_hal_rtc_ex.c ****   {
 2956              		.loc 1 2532 22 is_stmt 0 view .LVU1023
 2957 005c 9A68     		ldr	r2, [r3, #8]
2532:Drivers/STM32H7xx_HAL_Driver/Src/stm32h7xx_hal_rtc_ex.c ****   {
 2958              		.loc 1 2532 6 view .LVU1024
 2959 005e 12F0100F 		tst	r2, #16
 2960 0062 21D1     		bne	.L201
2535:Drivers/STM32H7xx_HAL_Driver/Src/stm32h7xx_hal_rtc_ex.c **** 
 2961              		.loc 1 2535 5 is_stmt 1 view .LVU1025
2535:Drivers/STM32H7xx_HAL_Driver/Src/stm32h7xx_hal_rtc_ex.c **** 
 2962              		.loc 1 2535 63 is_stmt 0 view .LVU1026
 2963 0064 47EA0807 		orr	r7, r7, r8
 2964              	.LVL207:
2535:Drivers/STM32H7xx_HAL_Driver/Src/stm32h7xx_hal_rtc_ex.c **** 
 2965              		.loc 1 2535 28 view .LVU1027
 2966 0068 DF62     		str	r7, [r3, #44]
2538:Drivers/STM32H7xx_HAL_Driver/Src/stm32h7xx_hal_rtc_ex.c ****     {
 2967              		.loc 1 2538 5 is_stmt 1 view .LVU1028
2538:Drivers/STM32H7xx_HAL_Driver/Src/stm32h7xx_hal_rtc_ex.c ****     {
 2968              		.loc 1 2538 14 is_stmt 0 view .LVU1029
 2969 006a 2368     		ldr	r3, [r4]
2538:Drivers/STM32H7xx_HAL_Driver/Src/stm32h7xx_hal_rtc_ex.c ****     {
 2970              		.loc 1 2538 24 view .LVU1030
 2971 006c 9B68     		ldr	r3, [r3, #8]
2538:Drivers/STM32H7xx_HAL_Driver/Src/stm32h7xx_hal_rtc_ex.c ****     {
 2972              		.loc 1 2538 8 view .LVU1031
 2973 006e 13F0200F 		tst	r3, #32
 2974 0072 09D0     		beq	.L209
 2975              	.L202:
2569:Drivers/STM32H7xx_HAL_Driver/Src/stm32h7xx_hal_rtc_ex.c **** 
 2976              		.loc 1 2569 3 is_stmt 1 view .LVU1032
2569:Drivers/STM32H7xx_HAL_Driver/Src/stm32h7xx_hal_rtc_ex.c **** 
 2977              		.loc 1 2569 3 view .LVU1033
 2978 0074 2368     		ldr	r3, [r4]
 2979 0076 FF22     		movs	r2, #255
 2980 0078 5A62     		str	r2, [r3, #36]
2569:Drivers/STM32H7xx_HAL_Driver/Src/stm32h7xx_hal_rtc_ex.c **** 
 2981              		.loc 1 2569 3 view .LVU1034
2572:Drivers/STM32H7xx_HAL_Driver/Src/stm32h7xx_hal_rtc_ex.c **** 
 2982              		.loc 1 2572 3 view .LVU1035
2572:Drivers/STM32H7xx_HAL_Driver/Src/stm32h7xx_hal_rtc_ex.c **** 
 2983              		.loc 1 2572 15 is_stmt 0 view .LVU1036
 2984 007a 0123     		movs	r3, #1
 2985 007c 84F82130 		strb	r3, [r4, #33]
2575:Drivers/STM32H7xx_HAL_Driver/Src/stm32h7xx_hal_rtc_ex.c **** 
 2986              		.loc 1 2575 3 is_stmt 1 view .LVU1037
2575:Drivers/STM32H7xx_HAL_Driver/Src/stm32h7xx_hal_rtc_ex.c **** 
 2987              		.loc 1 2575 3 view .LVU1038
 2988 0080 0020     		movs	r0, #0
 2989 0082 84F82000 		strb	r0, [r4, #32]
2575:Drivers/STM32H7xx_HAL_Driver/Src/stm32h7xx_hal_rtc_ex.c **** 
 2990              		.loc 1 2575 3 view .LVU1039
ARM GAS  C:\Users\admin\AppData\Local\Temp\ccP3nyhx.s 			page 102


2577:Drivers/STM32H7xx_HAL_Driver/Src/stm32h7xx_hal_rtc_ex.c **** }
 2991              		.loc 1 2577 3 view .LVU1040
2577:Drivers/STM32H7xx_HAL_Driver/Src/stm32h7xx_hal_rtc_ex.c **** }
 2992              		.loc 1 2577 10 is_stmt 0 view .LVU1041
 2993 0086 E7E7     		b	.L198
 2994              	.L209:
2540:Drivers/STM32H7xx_HAL_Driver/Src/stm32h7xx_hal_rtc_ex.c ****       {
 2995              		.loc 1 2540 7 is_stmt 1 view .LVU1042
2540:Drivers/STM32H7xx_HAL_Driver/Src/stm32h7xx_hal_rtc_ex.c ****       {
 2996              		.loc 1 2540 11 is_stmt 0 view .LVU1043
 2997 0088 2046     		mov	r0, r4
 2998 008a FFF7FEFF 		bl	HAL_RTC_WaitForSynchro
 2999              	.LVL208:
2540:Drivers/STM32H7xx_HAL_Driver/Src/stm32h7xx_hal_rtc_ex.c ****       {
 3000              		.loc 1 2540 10 view .LVU1044
 3001 008e 0028     		cmp	r0, #0
 3002 0090 F0D0     		beq	.L202
2543:Drivers/STM32H7xx_HAL_Driver/Src/stm32h7xx_hal_rtc_ex.c **** 
 3003              		.loc 1 2543 9 is_stmt 1 view .LVU1045
2543:Drivers/STM32H7xx_HAL_Driver/Src/stm32h7xx_hal_rtc_ex.c **** 
 3004              		.loc 1 2543 9 view .LVU1046
 3005 0092 2368     		ldr	r3, [r4]
 3006 0094 FF22     		movs	r2, #255
 3007 0096 5A62     		str	r2, [r3, #36]
2543:Drivers/STM32H7xx_HAL_Driver/Src/stm32h7xx_hal_rtc_ex.c **** 
 3008              		.loc 1 2543 9 view .LVU1047
2545:Drivers/STM32H7xx_HAL_Driver/Src/stm32h7xx_hal_rtc_ex.c **** 
 3009              		.loc 1 2545 9 view .LVU1048
2545:Drivers/STM32H7xx_HAL_Driver/Src/stm32h7xx_hal_rtc_ex.c **** 
 3010              		.loc 1 2545 21 is_stmt 0 view .LVU1049
 3011 0098 0423     		movs	r3, #4
 3012 009a 84F82130 		strb	r3, [r4, #33]
2548:Drivers/STM32H7xx_HAL_Driver/Src/stm32h7xx_hal_rtc_ex.c **** 
 3013              		.loc 1 2548 9 is_stmt 1 view .LVU1050
2548:Drivers/STM32H7xx_HAL_Driver/Src/stm32h7xx_hal_rtc_ex.c **** 
 3014              		.loc 1 2548 9 view .LVU1051
 3015 009e 0023     		movs	r3, #0
 3016 00a0 84F82030 		strb	r3, [r4, #32]
2548:Drivers/STM32H7xx_HAL_Driver/Src/stm32h7xx_hal_rtc_ex.c **** 
 3017              		.loc 1 2548 9 view .LVU1052
2550:Drivers/STM32H7xx_HAL_Driver/Src/stm32h7xx_hal_rtc_ex.c ****       }
 3018              		.loc 1 2550 9 view .LVU1053
2550:Drivers/STM32H7xx_HAL_Driver/Src/stm32h7xx_hal_rtc_ex.c ****       }
 3019              		.loc 1 2550 16 is_stmt 0 view .LVU1054
 3020 00a4 0120     		movs	r0, #1
 3021 00a6 D7E7     		b	.L198
 3022              	.LVL209:
 3023              	.L201:
2557:Drivers/STM32H7xx_HAL_Driver/Src/stm32h7xx_hal_rtc_ex.c **** 
 3024              		.loc 1 2557 5 is_stmt 1 view .LVU1055
2557:Drivers/STM32H7xx_HAL_Driver/Src/stm32h7xx_hal_rtc_ex.c **** 
 3025              		.loc 1 2557 5 view .LVU1056
 3026 00a8 FF22     		movs	r2, #255
 3027 00aa 5A62     		str	r2, [r3, #36]
2557:Drivers/STM32H7xx_HAL_Driver/Src/stm32h7xx_hal_rtc_ex.c **** 
 3028              		.loc 1 2557 5 view .LVU1057
2560:Drivers/STM32H7xx_HAL_Driver/Src/stm32h7xx_hal_rtc_ex.c **** 
ARM GAS  C:\Users\admin\AppData\Local\Temp\ccP3nyhx.s 			page 103


 3029              		.loc 1 2560 5 view .LVU1058
2560:Drivers/STM32H7xx_HAL_Driver/Src/stm32h7xx_hal_rtc_ex.c **** 
 3030              		.loc 1 2560 17 is_stmt 0 view .LVU1059
 3031 00ac 0423     		movs	r3, #4
 3032 00ae 84F82130 		strb	r3, [r4, #33]
2563:Drivers/STM32H7xx_HAL_Driver/Src/stm32h7xx_hal_rtc_ex.c **** 
 3033              		.loc 1 2563 5 is_stmt 1 view .LVU1060
2563:Drivers/STM32H7xx_HAL_Driver/Src/stm32h7xx_hal_rtc_ex.c **** 
 3034              		.loc 1 2563 5 view .LVU1061
 3035 00b2 0023     		movs	r3, #0
 3036 00b4 84F82030 		strb	r3, [r4, #32]
2563:Drivers/STM32H7xx_HAL_Driver/Src/stm32h7xx_hal_rtc_ex.c **** 
 3037              		.loc 1 2563 5 view .LVU1062
2565:Drivers/STM32H7xx_HAL_Driver/Src/stm32h7xx_hal_rtc_ex.c ****   }
 3038              		.loc 1 2565 5 view .LVU1063
2565:Drivers/STM32H7xx_HAL_Driver/Src/stm32h7xx_hal_rtc_ex.c ****   }
 3039              		.loc 1 2565 12 is_stmt 0 view .LVU1064
 3040 00b8 0120     		movs	r0, #1
 3041 00ba CDE7     		b	.L198
 3042              	.LVL210:
 3043              	.L203:
 3044              	.LCFI29:
 3045              		.cfi_def_cfa_offset 0
 3046              		.cfi_restore 4
 3047              		.cfi_restore 5
 3048              		.cfi_restore 6
 3049              		.cfi_restore 7
 3050              		.cfi_restore 8
 3051              		.cfi_restore 14
2501:Drivers/STM32H7xx_HAL_Driver/Src/stm32h7xx_hal_rtc_ex.c **** 
 3052              		.loc 1 2501 3 view .LVU1065
 3053 00bc 0220     		movs	r0, #2
 3054              	.LVL211:
 3055              		.loc 1 2578 1 view .LVU1066
 3056 00be 7047     		bx	lr
 3057              		.cfi_endproc
 3058              	.LFE172:
 3060              		.section	.text.HAL_RTCEx_SetCalibrationOutPut,"ax",%progbits
 3061              		.align	1
 3062              		.global	HAL_RTCEx_SetCalibrationOutPut
 3063              		.syntax unified
 3064              		.thumb
 3065              		.thumb_func
 3067              	HAL_RTCEx_SetCalibrationOutPut:
 3068              	.LVL212:
 3069              	.LFB173:
2579:Drivers/STM32H7xx_HAL_Driver/Src/stm32h7xx_hal_rtc_ex.c **** 
2580:Drivers/STM32H7xx_HAL_Driver/Src/stm32h7xx_hal_rtc_ex.c **** /**
2581:Drivers/STM32H7xx_HAL_Driver/Src/stm32h7xx_hal_rtc_ex.c ****   * @brief  Configure the Calibration Pinout (RTC_CALIB) Selection (1Hz or 512Hz).
2582:Drivers/STM32H7xx_HAL_Driver/Src/stm32h7xx_hal_rtc_ex.c ****   * @param  hrtc RTC handle
2583:Drivers/STM32H7xx_HAL_Driver/Src/stm32h7xx_hal_rtc_ex.c ****   * @param  CalibOutput Select the Calibration output Selection.
2584:Drivers/STM32H7xx_HAL_Driver/Src/stm32h7xx_hal_rtc_ex.c ****   *          This parameter can be one of the following values:
2585:Drivers/STM32H7xx_HAL_Driver/Src/stm32h7xx_hal_rtc_ex.c ****   *             @arg RTC_CALIBOUTPUT_512HZ: A signal has a regular waveform at 512Hz.
2586:Drivers/STM32H7xx_HAL_Driver/Src/stm32h7xx_hal_rtc_ex.c ****   *             @arg RTC_CALIBOUTPUT_1HZ: A signal has a regular waveform at 1Hz.
2587:Drivers/STM32H7xx_HAL_Driver/Src/stm32h7xx_hal_rtc_ex.c ****   * @retval HAL status
2588:Drivers/STM32H7xx_HAL_Driver/Src/stm32h7xx_hal_rtc_ex.c ****   */
2589:Drivers/STM32H7xx_HAL_Driver/Src/stm32h7xx_hal_rtc_ex.c **** HAL_StatusTypeDef HAL_RTCEx_SetCalibrationOutPut(RTC_HandleTypeDef * hrtc, uint32_t CalibOutput)
ARM GAS  C:\Users\admin\AppData\Local\Temp\ccP3nyhx.s 			page 104


2590:Drivers/STM32H7xx_HAL_Driver/Src/stm32h7xx_hal_rtc_ex.c **** {
 3070              		.loc 1 2590 1 is_stmt 1 view -0
 3071              		.cfi_startproc
 3072              		@ args = 0, pretend = 0, frame = 0
 3073              		@ frame_needed = 0, uses_anonymous_args = 0
 3074              		@ link register save eliminated.
2591:Drivers/STM32H7xx_HAL_Driver/Src/stm32h7xx_hal_rtc_ex.c ****   /* Check the parameters */
2592:Drivers/STM32H7xx_HAL_Driver/Src/stm32h7xx_hal_rtc_ex.c ****   assert_param(IS_RTC_CALIB_OUTPUT(CalibOutput));
 3075              		.loc 1 2592 3 view .LVU1068
2593:Drivers/STM32H7xx_HAL_Driver/Src/stm32h7xx_hal_rtc_ex.c **** 
2594:Drivers/STM32H7xx_HAL_Driver/Src/stm32h7xx_hal_rtc_ex.c ****   /* Process Locked */
2595:Drivers/STM32H7xx_HAL_Driver/Src/stm32h7xx_hal_rtc_ex.c ****   __HAL_LOCK(hrtc);
 3076              		.loc 1 2595 3 view .LVU1069
 3077              		.loc 1 2595 3 view .LVU1070
 3078 0000 90F82030 		ldrb	r3, [r0, #32]	@ zero_extendqisi2
 3079 0004 012B     		cmp	r3, #1
 3080 0006 26D0     		beq	.L212
2590:Drivers/STM32H7xx_HAL_Driver/Src/stm32h7xx_hal_rtc_ex.c ****   /* Check the parameters */
 3081              		.loc 1 2590 1 is_stmt 0 discriminator 2 view .LVU1071
 3082 0008 10B4     		push	{r4}
 3083              	.LCFI30:
 3084              		.cfi_def_cfa_offset 4
 3085              		.cfi_offset 4, -4
 3086              		.loc 1 2595 3 is_stmt 1 discriminator 2 view .LVU1072
 3087 000a 0122     		movs	r2, #1
 3088 000c 80F82020 		strb	r2, [r0, #32]
 3089              		.loc 1 2595 3 discriminator 2 view .LVU1073
2596:Drivers/STM32H7xx_HAL_Driver/Src/stm32h7xx_hal_rtc_ex.c **** 
2597:Drivers/STM32H7xx_HAL_Driver/Src/stm32h7xx_hal_rtc_ex.c ****   hrtc->State = HAL_RTC_STATE_BUSY;
 3090              		.loc 1 2597 3 discriminator 2 view .LVU1074
 3091              		.loc 1 2597 15 is_stmt 0 discriminator 2 view .LVU1075
 3092 0010 0223     		movs	r3, #2
 3093 0012 80F82130 		strb	r3, [r0, #33]
2598:Drivers/STM32H7xx_HAL_Driver/Src/stm32h7xx_hal_rtc_ex.c **** 
2599:Drivers/STM32H7xx_HAL_Driver/Src/stm32h7xx_hal_rtc_ex.c ****   /* Disable the write protection for RTC registers */
2600:Drivers/STM32H7xx_HAL_Driver/Src/stm32h7xx_hal_rtc_ex.c ****   __HAL_RTC_WRITEPROTECTION_DISABLE(hrtc);
 3094              		.loc 1 2600 3 is_stmt 1 discriminator 2 view .LVU1076
 3095              		.loc 1 2600 3 discriminator 2 view .LVU1077
 3096 0016 0368     		ldr	r3, [r0]
 3097 0018 CA24     		movs	r4, #202
 3098 001a 5C62     		str	r4, [r3, #36]
 3099              		.loc 1 2600 3 discriminator 2 view .LVU1078
 3100 001c 0368     		ldr	r3, [r0]
 3101 001e 5324     		movs	r4, #83
 3102 0020 5C62     		str	r4, [r3, #36]
 3103              		.loc 1 2600 3 discriminator 2 view .LVU1079
2601:Drivers/STM32H7xx_HAL_Driver/Src/stm32h7xx_hal_rtc_ex.c **** 
2602:Drivers/STM32H7xx_HAL_Driver/Src/stm32h7xx_hal_rtc_ex.c ****   /* Clear flags before config */
2603:Drivers/STM32H7xx_HAL_Driver/Src/stm32h7xx_hal_rtc_ex.c ****   hrtc->Instance->CR &= (uint32_t)~RTC_CR_COSEL;
 3104              		.loc 1 2603 3 discriminator 2 view .LVU1080
 3105              		.loc 1 2603 7 is_stmt 0 discriminator 2 view .LVU1081
 3106 0022 0468     		ldr	r4, [r0]
 3107              		.loc 1 2603 22 discriminator 2 view .LVU1082
 3108 0024 A368     		ldr	r3, [r4, #8]
 3109 0026 23F40023 		bic	r3, r3, #524288
 3110 002a A360     		str	r3, [r4, #8]
2604:Drivers/STM32H7xx_HAL_Driver/Src/stm32h7xx_hal_rtc_ex.c **** 
ARM GAS  C:\Users\admin\AppData\Local\Temp\ccP3nyhx.s 			page 105


2605:Drivers/STM32H7xx_HAL_Driver/Src/stm32h7xx_hal_rtc_ex.c ****   /* Configure the RTC_CR register */
2606:Drivers/STM32H7xx_HAL_Driver/Src/stm32h7xx_hal_rtc_ex.c ****   hrtc->Instance->CR |= (uint32_t)CalibOutput;
 3111              		.loc 1 2606 3 is_stmt 1 discriminator 2 view .LVU1083
 3112              		.loc 1 2606 7 is_stmt 0 discriminator 2 view .LVU1084
 3113 002c 0468     		ldr	r4, [r0]
 3114              		.loc 1 2606 22 discriminator 2 view .LVU1085
 3115 002e A368     		ldr	r3, [r4, #8]
 3116 0030 1943     		orrs	r1, r1, r3
 3117              	.LVL213:
 3118              		.loc 1 2606 22 discriminator 2 view .LVU1086
 3119 0032 A160     		str	r1, [r4, #8]
2607:Drivers/STM32H7xx_HAL_Driver/Src/stm32h7xx_hal_rtc_ex.c **** 
2608:Drivers/STM32H7xx_HAL_Driver/Src/stm32h7xx_hal_rtc_ex.c ****   __HAL_RTC_CALIBRATION_OUTPUT_ENABLE(hrtc);
 3120              		.loc 1 2608 3 is_stmt 1 discriminator 2 view .LVU1087
 3121 0034 0168     		ldr	r1, [r0]
 3122 0036 8B68     		ldr	r3, [r1, #8]
 3123 0038 43F40003 		orr	r3, r3, #8388608
 3124 003c 8B60     		str	r3, [r1, #8]
2609:Drivers/STM32H7xx_HAL_Driver/Src/stm32h7xx_hal_rtc_ex.c **** 
2610:Drivers/STM32H7xx_HAL_Driver/Src/stm32h7xx_hal_rtc_ex.c ****   /* Enable the write protection for RTC registers */
2611:Drivers/STM32H7xx_HAL_Driver/Src/stm32h7xx_hal_rtc_ex.c ****   __HAL_RTC_WRITEPROTECTION_ENABLE(hrtc);
 3125              		.loc 1 2611 3 discriminator 2 view .LVU1088
 3126              		.loc 1 2611 3 discriminator 2 view .LVU1089
 3127 003e 0368     		ldr	r3, [r0]
 3128 0040 FF21     		movs	r1, #255
 3129 0042 5962     		str	r1, [r3, #36]
 3130              		.loc 1 2611 3 discriminator 2 view .LVU1090
2612:Drivers/STM32H7xx_HAL_Driver/Src/stm32h7xx_hal_rtc_ex.c **** 
2613:Drivers/STM32H7xx_HAL_Driver/Src/stm32h7xx_hal_rtc_ex.c ****   /* Change RTC state */
2614:Drivers/STM32H7xx_HAL_Driver/Src/stm32h7xx_hal_rtc_ex.c ****   hrtc->State = HAL_RTC_STATE_READY;
 3131              		.loc 1 2614 3 discriminator 2 view .LVU1091
 3132              		.loc 1 2614 15 is_stmt 0 discriminator 2 view .LVU1092
 3133 0044 80F82120 		strb	r2, [r0, #33]
2615:Drivers/STM32H7xx_HAL_Driver/Src/stm32h7xx_hal_rtc_ex.c **** 
2616:Drivers/STM32H7xx_HAL_Driver/Src/stm32h7xx_hal_rtc_ex.c ****   /* Process Unlocked */
2617:Drivers/STM32H7xx_HAL_Driver/Src/stm32h7xx_hal_rtc_ex.c ****   __HAL_UNLOCK(hrtc);
 3134              		.loc 1 2617 3 is_stmt 1 discriminator 2 view .LVU1093
 3135              		.loc 1 2617 3 discriminator 2 view .LVU1094
 3136 0048 0023     		movs	r3, #0
 3137 004a 80F82030 		strb	r3, [r0, #32]
 3138              		.loc 1 2617 3 discriminator 2 view .LVU1095
2618:Drivers/STM32H7xx_HAL_Driver/Src/stm32h7xx_hal_rtc_ex.c **** 
2619:Drivers/STM32H7xx_HAL_Driver/Src/stm32h7xx_hal_rtc_ex.c ****   return HAL_OK;
 3139              		.loc 1 2619 3 discriminator 2 view .LVU1096
 3140              		.loc 1 2619 10 is_stmt 0 discriminator 2 view .LVU1097
 3141 004e 1846     		mov	r0, r3
 3142              	.LVL214:
2620:Drivers/STM32H7xx_HAL_Driver/Src/stm32h7xx_hal_rtc_ex.c **** }
 3143              		.loc 1 2620 1 discriminator 2 view .LVU1098
 3144 0050 5DF8044B 		ldr	r4, [sp], #4
 3145              	.LCFI31:
 3146              		.cfi_restore 4
 3147              		.cfi_def_cfa_offset 0
 3148 0054 7047     		bx	lr
 3149              	.LVL215:
 3150              	.L212:
2595:Drivers/STM32H7xx_HAL_Driver/Src/stm32h7xx_hal_rtc_ex.c **** 
ARM GAS  C:\Users\admin\AppData\Local\Temp\ccP3nyhx.s 			page 106


 3151              		.loc 1 2595 3 view .LVU1099
 3152 0056 0220     		movs	r0, #2
 3153              	.LVL216:
 3154              		.loc 1 2620 1 view .LVU1100
 3155 0058 7047     		bx	lr
 3156              		.cfi_endproc
 3157              	.LFE173:
 3159              		.section	.text.HAL_RTCEx_DeactivateCalibrationOutPut,"ax",%progbits
 3160              		.align	1
 3161              		.global	HAL_RTCEx_DeactivateCalibrationOutPut
 3162              		.syntax unified
 3163              		.thumb
 3164              		.thumb_func
 3166              	HAL_RTCEx_DeactivateCalibrationOutPut:
 3167              	.LVL217:
 3168              	.LFB174:
2621:Drivers/STM32H7xx_HAL_Driver/Src/stm32h7xx_hal_rtc_ex.c **** 
2622:Drivers/STM32H7xx_HAL_Driver/Src/stm32h7xx_hal_rtc_ex.c **** /**
2623:Drivers/STM32H7xx_HAL_Driver/Src/stm32h7xx_hal_rtc_ex.c ****   * @brief  Deactivate the Calibration Pinout (RTC_CALIB) Selection (1Hz or 512Hz).
2624:Drivers/STM32H7xx_HAL_Driver/Src/stm32h7xx_hal_rtc_ex.c ****   * @param  hrtc RTC handle
2625:Drivers/STM32H7xx_HAL_Driver/Src/stm32h7xx_hal_rtc_ex.c ****   * @retval HAL status
2626:Drivers/STM32H7xx_HAL_Driver/Src/stm32h7xx_hal_rtc_ex.c ****   */
2627:Drivers/STM32H7xx_HAL_Driver/Src/stm32h7xx_hal_rtc_ex.c **** HAL_StatusTypeDef HAL_RTCEx_DeactivateCalibrationOutPut(RTC_HandleTypeDef * hrtc)
2628:Drivers/STM32H7xx_HAL_Driver/Src/stm32h7xx_hal_rtc_ex.c **** {
 3169              		.loc 1 2628 1 is_stmt 1 view -0
 3170              		.cfi_startproc
 3171              		@ args = 0, pretend = 0, frame = 0
 3172              		@ frame_needed = 0, uses_anonymous_args = 0
 3173              		@ link register save eliminated.
2629:Drivers/STM32H7xx_HAL_Driver/Src/stm32h7xx_hal_rtc_ex.c ****   /* Process Locked */
2630:Drivers/STM32H7xx_HAL_Driver/Src/stm32h7xx_hal_rtc_ex.c ****   __HAL_LOCK(hrtc);
 3174              		.loc 1 2630 3 view .LVU1102
 3175              		.loc 1 2630 3 view .LVU1103
 3176 0000 90F82030 		ldrb	r3, [r0, #32]	@ zero_extendqisi2
 3177 0004 012B     		cmp	r3, #1
 3178 0006 1AD0     		beq	.L219
 3179              		.loc 1 2630 3 discriminator 2 view .LVU1104
 3180 0008 0122     		movs	r2, #1
 3181 000a 80F82020 		strb	r2, [r0, #32]
 3182              		.loc 1 2630 3 discriminator 2 view .LVU1105
2631:Drivers/STM32H7xx_HAL_Driver/Src/stm32h7xx_hal_rtc_ex.c **** 
2632:Drivers/STM32H7xx_HAL_Driver/Src/stm32h7xx_hal_rtc_ex.c ****   hrtc->State = HAL_RTC_STATE_BUSY;
 3183              		.loc 1 2632 3 discriminator 2 view .LVU1106
 3184              		.loc 1 2632 15 is_stmt 0 discriminator 2 view .LVU1107
 3185 000e 0223     		movs	r3, #2
 3186 0010 80F82130 		strb	r3, [r0, #33]
2633:Drivers/STM32H7xx_HAL_Driver/Src/stm32h7xx_hal_rtc_ex.c **** 
2634:Drivers/STM32H7xx_HAL_Driver/Src/stm32h7xx_hal_rtc_ex.c ****   /* Disable the write protection for RTC registers */
2635:Drivers/STM32H7xx_HAL_Driver/Src/stm32h7xx_hal_rtc_ex.c ****   __HAL_RTC_WRITEPROTECTION_DISABLE(hrtc);
 3187              		.loc 1 2635 3 is_stmt 1 discriminator 2 view .LVU1108
 3188              		.loc 1 2635 3 discriminator 2 view .LVU1109
 3189 0014 0368     		ldr	r3, [r0]
 3190 0016 CA21     		movs	r1, #202
 3191 0018 5962     		str	r1, [r3, #36]
 3192              		.loc 1 2635 3 discriminator 2 view .LVU1110
 3193 001a 0368     		ldr	r3, [r0]
 3194 001c 5321     		movs	r1, #83
ARM GAS  C:\Users\admin\AppData\Local\Temp\ccP3nyhx.s 			page 107


 3195 001e 5962     		str	r1, [r3, #36]
 3196              		.loc 1 2635 3 discriminator 2 view .LVU1111
2636:Drivers/STM32H7xx_HAL_Driver/Src/stm32h7xx_hal_rtc_ex.c **** 
2637:Drivers/STM32H7xx_HAL_Driver/Src/stm32h7xx_hal_rtc_ex.c ****   __HAL_RTC_CALIBRATION_OUTPUT_DISABLE(hrtc);
 3197              		.loc 1 2637 3 discriminator 2 view .LVU1112
 3198 0020 0168     		ldr	r1, [r0]
 3199 0022 8B68     		ldr	r3, [r1, #8]
 3200 0024 23F40003 		bic	r3, r3, #8388608
 3201 0028 8B60     		str	r3, [r1, #8]
2638:Drivers/STM32H7xx_HAL_Driver/Src/stm32h7xx_hal_rtc_ex.c **** 
2639:Drivers/STM32H7xx_HAL_Driver/Src/stm32h7xx_hal_rtc_ex.c ****   /* Enable the write protection for RTC registers */
2640:Drivers/STM32H7xx_HAL_Driver/Src/stm32h7xx_hal_rtc_ex.c ****   __HAL_RTC_WRITEPROTECTION_ENABLE(hrtc);
 3202              		.loc 1 2640 3 discriminator 2 view .LVU1113
 3203              		.loc 1 2640 3 discriminator 2 view .LVU1114
 3204 002a 0368     		ldr	r3, [r0]
 3205 002c FF21     		movs	r1, #255
 3206 002e 5962     		str	r1, [r3, #36]
 3207              		.loc 1 2640 3 discriminator 2 view .LVU1115
2641:Drivers/STM32H7xx_HAL_Driver/Src/stm32h7xx_hal_rtc_ex.c **** 
2642:Drivers/STM32H7xx_HAL_Driver/Src/stm32h7xx_hal_rtc_ex.c ****   /* Change RTC state */
2643:Drivers/STM32H7xx_HAL_Driver/Src/stm32h7xx_hal_rtc_ex.c ****   hrtc->State = HAL_RTC_STATE_READY;
 3208              		.loc 1 2643 3 discriminator 2 view .LVU1116
 3209              		.loc 1 2643 15 is_stmt 0 discriminator 2 view .LVU1117
 3210 0030 80F82120 		strb	r2, [r0, #33]
2644:Drivers/STM32H7xx_HAL_Driver/Src/stm32h7xx_hal_rtc_ex.c **** 
2645:Drivers/STM32H7xx_HAL_Driver/Src/stm32h7xx_hal_rtc_ex.c ****   /* Process Unlocked */
2646:Drivers/STM32H7xx_HAL_Driver/Src/stm32h7xx_hal_rtc_ex.c ****   __HAL_UNLOCK(hrtc);
 3211              		.loc 1 2646 3 is_stmt 1 discriminator 2 view .LVU1118
 3212              		.loc 1 2646 3 discriminator 2 view .LVU1119
 3213 0034 0023     		movs	r3, #0
 3214 0036 80F82030 		strb	r3, [r0, #32]
 3215              		.loc 1 2646 3 discriminator 2 view .LVU1120
2647:Drivers/STM32H7xx_HAL_Driver/Src/stm32h7xx_hal_rtc_ex.c **** 
2648:Drivers/STM32H7xx_HAL_Driver/Src/stm32h7xx_hal_rtc_ex.c ****   return HAL_OK;
 3216              		.loc 1 2648 3 discriminator 2 view .LVU1121
 3217              		.loc 1 2648 10 is_stmt 0 discriminator 2 view .LVU1122
 3218 003a 1846     		mov	r0, r3
 3219              	.LVL218:
 3220              		.loc 1 2648 10 discriminator 2 view .LVU1123
 3221 003c 7047     		bx	lr
 3222              	.LVL219:
 3223              	.L219:
2630:Drivers/STM32H7xx_HAL_Driver/Src/stm32h7xx_hal_rtc_ex.c **** 
 3224              		.loc 1 2630 3 view .LVU1124
 3225 003e 0220     		movs	r0, #2
 3226              	.LVL220:
2649:Drivers/STM32H7xx_HAL_Driver/Src/stm32h7xx_hal_rtc_ex.c **** }
 3227              		.loc 1 2649 1 view .LVU1125
 3228 0040 7047     		bx	lr
 3229              		.cfi_endproc
 3230              	.LFE174:
 3232              		.section	.text.HAL_RTCEx_SetRefClock,"ax",%progbits
 3233              		.align	1
 3234              		.global	HAL_RTCEx_SetRefClock
 3235              		.syntax unified
 3236              		.thumb
 3237              		.thumb_func
ARM GAS  C:\Users\admin\AppData\Local\Temp\ccP3nyhx.s 			page 108


 3239              	HAL_RTCEx_SetRefClock:
 3240              	.LVL221:
 3241              	.LFB175:
2650:Drivers/STM32H7xx_HAL_Driver/Src/stm32h7xx_hal_rtc_ex.c **** 
2651:Drivers/STM32H7xx_HAL_Driver/Src/stm32h7xx_hal_rtc_ex.c **** /**
2652:Drivers/STM32H7xx_HAL_Driver/Src/stm32h7xx_hal_rtc_ex.c ****   * @brief  Enable the RTC reference clock detection.
2653:Drivers/STM32H7xx_HAL_Driver/Src/stm32h7xx_hal_rtc_ex.c ****   * @param  hrtc RTC handle
2654:Drivers/STM32H7xx_HAL_Driver/Src/stm32h7xx_hal_rtc_ex.c ****   * @retval HAL status
2655:Drivers/STM32H7xx_HAL_Driver/Src/stm32h7xx_hal_rtc_ex.c ****   */
2656:Drivers/STM32H7xx_HAL_Driver/Src/stm32h7xx_hal_rtc_ex.c **** HAL_StatusTypeDef HAL_RTCEx_SetRefClock(RTC_HandleTypeDef * hrtc)
2657:Drivers/STM32H7xx_HAL_Driver/Src/stm32h7xx_hal_rtc_ex.c **** {
 3242              		.loc 1 2657 1 is_stmt 1 view -0
 3243              		.cfi_startproc
 3244              		@ args = 0, pretend = 0, frame = 0
 3245              		@ frame_needed = 0, uses_anonymous_args = 0
2658:Drivers/STM32H7xx_HAL_Driver/Src/stm32h7xx_hal_rtc_ex.c ****   HAL_StatusTypeDef status;
 3246              		.loc 1 2658 3 view .LVU1127
2659:Drivers/STM32H7xx_HAL_Driver/Src/stm32h7xx_hal_rtc_ex.c ****   /* Process Locked */
2660:Drivers/STM32H7xx_HAL_Driver/Src/stm32h7xx_hal_rtc_ex.c ****   __HAL_LOCK(hrtc);
 3247              		.loc 1 2660 3 view .LVU1128
 3248              		.loc 1 2660 3 view .LVU1129
 3249 0000 90F82030 		ldrb	r3, [r0, #32]	@ zero_extendqisi2
 3250 0004 012B     		cmp	r3, #1
 3251 0006 26D0     		beq	.L224
2657:Drivers/STM32H7xx_HAL_Driver/Src/stm32h7xx_hal_rtc_ex.c ****   HAL_StatusTypeDef status;
 3252              		.loc 1 2657 1 is_stmt 0 discriminator 2 view .LVU1130
 3253 0008 10B5     		push	{r4, lr}
 3254              	.LCFI32:
 3255              		.cfi_def_cfa_offset 8
 3256              		.cfi_offset 4, -8
 3257              		.cfi_offset 14, -4
 3258 000a 0446     		mov	r4, r0
 3259              		.loc 1 2660 3 is_stmt 1 discriminator 2 view .LVU1131
 3260 000c 0123     		movs	r3, #1
 3261 000e 80F82030 		strb	r3, [r0, #32]
 3262              		.loc 1 2660 3 discriminator 2 view .LVU1132
2661:Drivers/STM32H7xx_HAL_Driver/Src/stm32h7xx_hal_rtc_ex.c **** 
2662:Drivers/STM32H7xx_HAL_Driver/Src/stm32h7xx_hal_rtc_ex.c ****   hrtc->State = HAL_RTC_STATE_BUSY;
 3263              		.loc 1 2662 3 discriminator 2 view .LVU1133
 3264              		.loc 1 2662 15 is_stmt 0 discriminator 2 view .LVU1134
 3265 0012 0223     		movs	r3, #2
 3266 0014 80F82130 		strb	r3, [r0, #33]
2663:Drivers/STM32H7xx_HAL_Driver/Src/stm32h7xx_hal_rtc_ex.c **** 
2664:Drivers/STM32H7xx_HAL_Driver/Src/stm32h7xx_hal_rtc_ex.c ****   /* Disable the write protection for RTC registers */
2665:Drivers/STM32H7xx_HAL_Driver/Src/stm32h7xx_hal_rtc_ex.c ****   __HAL_RTC_WRITEPROTECTION_DISABLE(hrtc);
 3267              		.loc 1 2665 3 is_stmt 1 discriminator 2 view .LVU1135
 3268              		.loc 1 2665 3 discriminator 2 view .LVU1136
 3269 0018 0368     		ldr	r3, [r0]
 3270 001a CA22     		movs	r2, #202
 3271 001c 5A62     		str	r2, [r3, #36]
 3272              		.loc 1 2665 3 discriminator 2 view .LVU1137
 3273 001e 0368     		ldr	r3, [r0]
 3274 0020 5322     		movs	r2, #83
 3275 0022 5A62     		str	r2, [r3, #36]
 3276              		.loc 1 2665 3 discriminator 2 view .LVU1138
2666:Drivers/STM32H7xx_HAL_Driver/Src/stm32h7xx_hal_rtc_ex.c **** 
2667:Drivers/STM32H7xx_HAL_Driver/Src/stm32h7xx_hal_rtc_ex.c ****   /* Enter Initialization mode */
ARM GAS  C:\Users\admin\AppData\Local\Temp\ccP3nyhx.s 			page 109


2668:Drivers/STM32H7xx_HAL_Driver/Src/stm32h7xx_hal_rtc_ex.c ****   status = RTC_EnterInitMode(hrtc);
 3277              		.loc 1 2668 3 discriminator 2 view .LVU1139
 3278              		.loc 1 2668 12 is_stmt 0 discriminator 2 view .LVU1140
 3279 0024 FFF7FEFF 		bl	RTC_EnterInitMode
 3280              	.LVL222:
2669:Drivers/STM32H7xx_HAL_Driver/Src/stm32h7xx_hal_rtc_ex.c ****   if (status == HAL_OK)
 3281              		.loc 1 2669 3 is_stmt 1 discriminator 2 view .LVU1141
 3282              		.loc 1 2669 6 is_stmt 0 discriminator 2 view .LVU1142
 3283 0028 0346     		mov	r3, r0
 3284 002a 50B1     		cbz	r0, .L229
 3285              	.LVL223:
 3286              	.L222:
2670:Drivers/STM32H7xx_HAL_Driver/Src/stm32h7xx_hal_rtc_ex.c ****   {
2671:Drivers/STM32H7xx_HAL_Driver/Src/stm32h7xx_hal_rtc_ex.c ****     __HAL_RTC_CLOCKREF_DETECTION_ENABLE(hrtc);
2672:Drivers/STM32H7xx_HAL_Driver/Src/stm32h7xx_hal_rtc_ex.c **** 
2673:Drivers/STM32H7xx_HAL_Driver/Src/stm32h7xx_hal_rtc_ex.c ****     /* Exit Initialization mode */
2674:Drivers/STM32H7xx_HAL_Driver/Src/stm32h7xx_hal_rtc_ex.c ****     status = RTC_ExitInitMode(hrtc);
2675:Drivers/STM32H7xx_HAL_Driver/Src/stm32h7xx_hal_rtc_ex.c ****   }
2676:Drivers/STM32H7xx_HAL_Driver/Src/stm32h7xx_hal_rtc_ex.c **** 
2677:Drivers/STM32H7xx_HAL_Driver/Src/stm32h7xx_hal_rtc_ex.c ****   /* Enable the write protection for RTC registers */
2678:Drivers/STM32H7xx_HAL_Driver/Src/stm32h7xx_hal_rtc_ex.c ****   __HAL_RTC_WRITEPROTECTION_ENABLE(hrtc);
 3287              		.loc 1 2678 3 is_stmt 1 view .LVU1143
 3288              		.loc 1 2678 3 view .LVU1144
 3289 002c 2268     		ldr	r2, [r4]
 3290 002e FF21     		movs	r1, #255
 3291 0030 5162     		str	r1, [r2, #36]
 3292              		.loc 1 2678 3 view .LVU1145
2679:Drivers/STM32H7xx_HAL_Driver/Src/stm32h7xx_hal_rtc_ex.c ****   if (status == HAL_OK)
 3293              		.loc 1 2679 3 view .LVU1146
 3294              		.loc 1 2679 6 is_stmt 0 view .LVU1147
 3295 0032 13B9     		cbnz	r3, .L223
2680:Drivers/STM32H7xx_HAL_Driver/Src/stm32h7xx_hal_rtc_ex.c ****   {
2681:Drivers/STM32H7xx_HAL_Driver/Src/stm32h7xx_hal_rtc_ex.c ****     /* Change RTC state */
2682:Drivers/STM32H7xx_HAL_Driver/Src/stm32h7xx_hal_rtc_ex.c ****     hrtc->State = HAL_RTC_STATE_READY;
 3296              		.loc 1 2682 5 is_stmt 1 view .LVU1148
 3297              		.loc 1 2682 17 is_stmt 0 view .LVU1149
 3298 0034 0123     		movs	r3, #1
 3299              	.LVL224:
 3300              		.loc 1 2682 17 view .LVU1150
 3301 0036 84F82130 		strb	r3, [r4, #33]
 3302              	.L223:
2683:Drivers/STM32H7xx_HAL_Driver/Src/stm32h7xx_hal_rtc_ex.c ****   }
2684:Drivers/STM32H7xx_HAL_Driver/Src/stm32h7xx_hal_rtc_ex.c ****   /* Process Unlocked */
2685:Drivers/STM32H7xx_HAL_Driver/Src/stm32h7xx_hal_rtc_ex.c ****   __HAL_UNLOCK(hrtc);
 3303              		.loc 1 2685 3 is_stmt 1 view .LVU1151
 3304              		.loc 1 2685 3 view .LVU1152
 3305 003a 0020     		movs	r0, #0
 3306 003c 84F82000 		strb	r0, [r4, #32]
 3307              		.loc 1 2685 3 view .LVU1153
2686:Drivers/STM32H7xx_HAL_Driver/Src/stm32h7xx_hal_rtc_ex.c **** 
2687:Drivers/STM32H7xx_HAL_Driver/Src/stm32h7xx_hal_rtc_ex.c ****   return HAL_OK;
 3308              		.loc 1 2687 3 view .LVU1154
2688:Drivers/STM32H7xx_HAL_Driver/Src/stm32h7xx_hal_rtc_ex.c **** }
 3309              		.loc 1 2688 1 is_stmt 0 view .LVU1155
 3310 0040 10BD     		pop	{r4, pc}
 3311              	.LVL225:
 3312              	.L229:
ARM GAS  C:\Users\admin\AppData\Local\Temp\ccP3nyhx.s 			page 110


2671:Drivers/STM32H7xx_HAL_Driver/Src/stm32h7xx_hal_rtc_ex.c **** 
 3313              		.loc 1 2671 5 is_stmt 1 view .LVU1156
 3314 0042 2268     		ldr	r2, [r4]
 3315 0044 9368     		ldr	r3, [r2, #8]
 3316 0046 43F01003 		orr	r3, r3, #16
 3317 004a 9360     		str	r3, [r2, #8]
2674:Drivers/STM32H7xx_HAL_Driver/Src/stm32h7xx_hal_rtc_ex.c ****   }
 3318              		.loc 1 2674 5 view .LVU1157
2674:Drivers/STM32H7xx_HAL_Driver/Src/stm32h7xx_hal_rtc_ex.c ****   }
 3319              		.loc 1 2674 14 is_stmt 0 view .LVU1158
 3320 004c 2046     		mov	r0, r4
 3321              	.LVL226:
2674:Drivers/STM32H7xx_HAL_Driver/Src/stm32h7xx_hal_rtc_ex.c ****   }
 3322              		.loc 1 2674 14 view .LVU1159
 3323 004e FFF7FEFF 		bl	RTC_ExitInitMode
 3324              	.LVL227:
 3325 0052 0346     		mov	r3, r0
 3326              	.LVL228:
2674:Drivers/STM32H7xx_HAL_Driver/Src/stm32h7xx_hal_rtc_ex.c ****   }
 3327              		.loc 1 2674 14 view .LVU1160
 3328 0054 EAE7     		b	.L222
 3329              	.LVL229:
 3330              	.L224:
 3331              	.LCFI33:
 3332              		.cfi_def_cfa_offset 0
 3333              		.cfi_restore 4
 3334              		.cfi_restore 14
2660:Drivers/STM32H7xx_HAL_Driver/Src/stm32h7xx_hal_rtc_ex.c **** 
 3335              		.loc 1 2660 3 view .LVU1161
 3336 0056 0220     		movs	r0, #2
 3337              	.LVL230:
 3338              		.loc 1 2688 1 view .LVU1162
 3339 0058 7047     		bx	lr
 3340              		.cfi_endproc
 3341              	.LFE175:
 3343              		.section	.text.HAL_RTCEx_DeactivateRefClock,"ax",%progbits
 3344              		.align	1
 3345              		.global	HAL_RTCEx_DeactivateRefClock
 3346              		.syntax unified
 3347              		.thumb
 3348              		.thumb_func
 3350              	HAL_RTCEx_DeactivateRefClock:
 3351              	.LVL231:
 3352              	.LFB176:
2689:Drivers/STM32H7xx_HAL_Driver/Src/stm32h7xx_hal_rtc_ex.c **** 
2690:Drivers/STM32H7xx_HAL_Driver/Src/stm32h7xx_hal_rtc_ex.c **** /**
2691:Drivers/STM32H7xx_HAL_Driver/Src/stm32h7xx_hal_rtc_ex.c ****   * @brief  Disable the RTC reference clock detection.
2692:Drivers/STM32H7xx_HAL_Driver/Src/stm32h7xx_hal_rtc_ex.c ****   * @param  hrtc RTC handle
2693:Drivers/STM32H7xx_HAL_Driver/Src/stm32h7xx_hal_rtc_ex.c ****   * @retval HAL status
2694:Drivers/STM32H7xx_HAL_Driver/Src/stm32h7xx_hal_rtc_ex.c ****   */
2695:Drivers/STM32H7xx_HAL_Driver/Src/stm32h7xx_hal_rtc_ex.c **** HAL_StatusTypeDef HAL_RTCEx_DeactivateRefClock(RTC_HandleTypeDef * hrtc)
2696:Drivers/STM32H7xx_HAL_Driver/Src/stm32h7xx_hal_rtc_ex.c **** {
 3353              		.loc 1 2696 1 is_stmt 1 view -0
 3354              		.cfi_startproc
 3355              		@ args = 0, pretend = 0, frame = 0
 3356              		@ frame_needed = 0, uses_anonymous_args = 0
2697:Drivers/STM32H7xx_HAL_Driver/Src/stm32h7xx_hal_rtc_ex.c ****   HAL_StatusTypeDef status;
ARM GAS  C:\Users\admin\AppData\Local\Temp\ccP3nyhx.s 			page 111


 3357              		.loc 1 2697 3 view .LVU1164
2698:Drivers/STM32H7xx_HAL_Driver/Src/stm32h7xx_hal_rtc_ex.c ****   /* Process Locked */
2699:Drivers/STM32H7xx_HAL_Driver/Src/stm32h7xx_hal_rtc_ex.c ****   __HAL_LOCK(hrtc);
 3358              		.loc 1 2699 3 view .LVU1165
 3359              		.loc 1 2699 3 view .LVU1166
 3360 0000 90F82030 		ldrb	r3, [r0, #32]	@ zero_extendqisi2
 3361 0004 012B     		cmp	r3, #1
 3362 0006 26D0     		beq	.L234
2696:Drivers/STM32H7xx_HAL_Driver/Src/stm32h7xx_hal_rtc_ex.c ****   HAL_StatusTypeDef status;
 3363              		.loc 1 2696 1 is_stmt 0 discriminator 2 view .LVU1167
 3364 0008 10B5     		push	{r4, lr}
 3365              	.LCFI34:
 3366              		.cfi_def_cfa_offset 8
 3367              		.cfi_offset 4, -8
 3368              		.cfi_offset 14, -4
 3369 000a 0446     		mov	r4, r0
 3370              		.loc 1 2699 3 is_stmt 1 discriminator 2 view .LVU1168
 3371 000c 0123     		movs	r3, #1
 3372 000e 80F82030 		strb	r3, [r0, #32]
 3373              		.loc 1 2699 3 discriminator 2 view .LVU1169
2700:Drivers/STM32H7xx_HAL_Driver/Src/stm32h7xx_hal_rtc_ex.c **** 
2701:Drivers/STM32H7xx_HAL_Driver/Src/stm32h7xx_hal_rtc_ex.c ****   hrtc->State = HAL_RTC_STATE_BUSY;
 3374              		.loc 1 2701 3 discriminator 2 view .LVU1170
 3375              		.loc 1 2701 15 is_stmt 0 discriminator 2 view .LVU1171
 3376 0012 0223     		movs	r3, #2
 3377 0014 80F82130 		strb	r3, [r0, #33]
2702:Drivers/STM32H7xx_HAL_Driver/Src/stm32h7xx_hal_rtc_ex.c **** 
2703:Drivers/STM32H7xx_HAL_Driver/Src/stm32h7xx_hal_rtc_ex.c ****   /* Disable the write protection for RTC registers */
2704:Drivers/STM32H7xx_HAL_Driver/Src/stm32h7xx_hal_rtc_ex.c ****   __HAL_RTC_WRITEPROTECTION_DISABLE(hrtc);
 3378              		.loc 1 2704 3 is_stmt 1 discriminator 2 view .LVU1172
 3379              		.loc 1 2704 3 discriminator 2 view .LVU1173
 3380 0018 0368     		ldr	r3, [r0]
 3381 001a CA22     		movs	r2, #202
 3382 001c 5A62     		str	r2, [r3, #36]
 3383              		.loc 1 2704 3 discriminator 2 view .LVU1174
 3384 001e 0368     		ldr	r3, [r0]
 3385 0020 5322     		movs	r2, #83
 3386 0022 5A62     		str	r2, [r3, #36]
 3387              		.loc 1 2704 3 discriminator 2 view .LVU1175
2705:Drivers/STM32H7xx_HAL_Driver/Src/stm32h7xx_hal_rtc_ex.c **** 
2706:Drivers/STM32H7xx_HAL_Driver/Src/stm32h7xx_hal_rtc_ex.c ****   /* Enter Initialization mode */
2707:Drivers/STM32H7xx_HAL_Driver/Src/stm32h7xx_hal_rtc_ex.c ****   status = RTC_EnterInitMode(hrtc);
 3388              		.loc 1 2707 3 discriminator 2 view .LVU1176
 3389              		.loc 1 2707 12 is_stmt 0 discriminator 2 view .LVU1177
 3390 0024 FFF7FEFF 		bl	RTC_EnterInitMode
 3391              	.LVL232:
2708:Drivers/STM32H7xx_HAL_Driver/Src/stm32h7xx_hal_rtc_ex.c ****   if (status == HAL_OK)
 3392              		.loc 1 2708 3 is_stmt 1 discriminator 2 view .LVU1178
 3393              		.loc 1 2708 6 is_stmt 0 discriminator 2 view .LVU1179
 3394 0028 0346     		mov	r3, r0
 3395 002a 50B1     		cbz	r0, .L239
 3396              	.LVL233:
 3397              	.L232:
2709:Drivers/STM32H7xx_HAL_Driver/Src/stm32h7xx_hal_rtc_ex.c ****   {
2710:Drivers/STM32H7xx_HAL_Driver/Src/stm32h7xx_hal_rtc_ex.c ****     __HAL_RTC_CLOCKREF_DETECTION_DISABLE(hrtc);
2711:Drivers/STM32H7xx_HAL_Driver/Src/stm32h7xx_hal_rtc_ex.c **** 
2712:Drivers/STM32H7xx_HAL_Driver/Src/stm32h7xx_hal_rtc_ex.c ****     /* Exit Initialization mode */
ARM GAS  C:\Users\admin\AppData\Local\Temp\ccP3nyhx.s 			page 112


2713:Drivers/STM32H7xx_HAL_Driver/Src/stm32h7xx_hal_rtc_ex.c ****     status = RTC_ExitInitMode(hrtc);
2714:Drivers/STM32H7xx_HAL_Driver/Src/stm32h7xx_hal_rtc_ex.c ****   }
2715:Drivers/STM32H7xx_HAL_Driver/Src/stm32h7xx_hal_rtc_ex.c **** 
2716:Drivers/STM32H7xx_HAL_Driver/Src/stm32h7xx_hal_rtc_ex.c ****   /* Enable the write protection for RTC registers */
2717:Drivers/STM32H7xx_HAL_Driver/Src/stm32h7xx_hal_rtc_ex.c ****   __HAL_RTC_WRITEPROTECTION_ENABLE(hrtc);
 3398              		.loc 1 2717 3 is_stmt 1 view .LVU1180
 3399              		.loc 1 2717 3 view .LVU1181
 3400 002c 2268     		ldr	r2, [r4]
 3401 002e FF21     		movs	r1, #255
 3402 0030 5162     		str	r1, [r2, #36]
 3403              		.loc 1 2717 3 view .LVU1182
2718:Drivers/STM32H7xx_HAL_Driver/Src/stm32h7xx_hal_rtc_ex.c **** 
2719:Drivers/STM32H7xx_HAL_Driver/Src/stm32h7xx_hal_rtc_ex.c ****   if (status == HAL_OK)
 3404              		.loc 1 2719 3 view .LVU1183
 3405              		.loc 1 2719 6 is_stmt 0 view .LVU1184
 3406 0032 13B9     		cbnz	r3, .L233
2720:Drivers/STM32H7xx_HAL_Driver/Src/stm32h7xx_hal_rtc_ex.c ****   {
2721:Drivers/STM32H7xx_HAL_Driver/Src/stm32h7xx_hal_rtc_ex.c ****     /* Change RTC state */
2722:Drivers/STM32H7xx_HAL_Driver/Src/stm32h7xx_hal_rtc_ex.c ****     hrtc->State = HAL_RTC_STATE_READY;
 3407              		.loc 1 2722 5 is_stmt 1 view .LVU1185
 3408              		.loc 1 2722 17 is_stmt 0 view .LVU1186
 3409 0034 0123     		movs	r3, #1
 3410              	.LVL234:
 3411              		.loc 1 2722 17 view .LVU1187
 3412 0036 84F82130 		strb	r3, [r4, #33]
 3413              	.L233:
2723:Drivers/STM32H7xx_HAL_Driver/Src/stm32h7xx_hal_rtc_ex.c **** 
2724:Drivers/STM32H7xx_HAL_Driver/Src/stm32h7xx_hal_rtc_ex.c ****   }
2725:Drivers/STM32H7xx_HAL_Driver/Src/stm32h7xx_hal_rtc_ex.c **** 
2726:Drivers/STM32H7xx_HAL_Driver/Src/stm32h7xx_hal_rtc_ex.c ****   /* Process Unlocked */
2727:Drivers/STM32H7xx_HAL_Driver/Src/stm32h7xx_hal_rtc_ex.c ****   __HAL_UNLOCK(hrtc);
 3414              		.loc 1 2727 3 is_stmt 1 view .LVU1188
 3415              		.loc 1 2727 3 view .LVU1189
 3416 003a 0020     		movs	r0, #0
 3417 003c 84F82000 		strb	r0, [r4, #32]
 3418              		.loc 1 2727 3 view .LVU1190
2728:Drivers/STM32H7xx_HAL_Driver/Src/stm32h7xx_hal_rtc_ex.c **** 
2729:Drivers/STM32H7xx_HAL_Driver/Src/stm32h7xx_hal_rtc_ex.c ****   return HAL_OK;
 3419              		.loc 1 2729 3 view .LVU1191
2730:Drivers/STM32H7xx_HAL_Driver/Src/stm32h7xx_hal_rtc_ex.c **** }
 3420              		.loc 1 2730 1 is_stmt 0 view .LVU1192
 3421 0040 10BD     		pop	{r4, pc}
 3422              	.LVL235:
 3423              	.L239:
2710:Drivers/STM32H7xx_HAL_Driver/Src/stm32h7xx_hal_rtc_ex.c **** 
 3424              		.loc 1 2710 5 is_stmt 1 view .LVU1193
 3425 0042 2268     		ldr	r2, [r4]
 3426 0044 9368     		ldr	r3, [r2, #8]
 3427 0046 23F01003 		bic	r3, r3, #16
 3428 004a 9360     		str	r3, [r2, #8]
2713:Drivers/STM32H7xx_HAL_Driver/Src/stm32h7xx_hal_rtc_ex.c ****   }
 3429              		.loc 1 2713 5 view .LVU1194
2713:Drivers/STM32H7xx_HAL_Driver/Src/stm32h7xx_hal_rtc_ex.c ****   }
 3430              		.loc 1 2713 14 is_stmt 0 view .LVU1195
 3431 004c 2046     		mov	r0, r4
 3432              	.LVL236:
2713:Drivers/STM32H7xx_HAL_Driver/Src/stm32h7xx_hal_rtc_ex.c ****   }
ARM GAS  C:\Users\admin\AppData\Local\Temp\ccP3nyhx.s 			page 113


 3433              		.loc 1 2713 14 view .LVU1196
 3434 004e FFF7FEFF 		bl	RTC_ExitInitMode
 3435              	.LVL237:
 3436 0052 0346     		mov	r3, r0
 3437              	.LVL238:
2713:Drivers/STM32H7xx_HAL_Driver/Src/stm32h7xx_hal_rtc_ex.c ****   }
 3438              		.loc 1 2713 14 view .LVU1197
 3439 0054 EAE7     		b	.L232
 3440              	.LVL239:
 3441              	.L234:
 3442              	.LCFI35:
 3443              		.cfi_def_cfa_offset 0
 3444              		.cfi_restore 4
 3445              		.cfi_restore 14
2699:Drivers/STM32H7xx_HAL_Driver/Src/stm32h7xx_hal_rtc_ex.c **** 
 3446              		.loc 1 2699 3 view .LVU1198
 3447 0056 0220     		movs	r0, #2
 3448              	.LVL240:
 3449              		.loc 1 2730 1 view .LVU1199
 3450 0058 7047     		bx	lr
 3451              		.cfi_endproc
 3452              	.LFE176:
 3454              		.section	.text.HAL_RTCEx_EnableBypassShadow,"ax",%progbits
 3455              		.align	1
 3456              		.global	HAL_RTCEx_EnableBypassShadow
 3457              		.syntax unified
 3458              		.thumb
 3459              		.thumb_func
 3461              	HAL_RTCEx_EnableBypassShadow:
 3462              	.LVL241:
 3463              	.LFB177:
2731:Drivers/STM32H7xx_HAL_Driver/Src/stm32h7xx_hal_rtc_ex.c **** 
2732:Drivers/STM32H7xx_HAL_Driver/Src/stm32h7xx_hal_rtc_ex.c **** /**
2733:Drivers/STM32H7xx_HAL_Driver/Src/stm32h7xx_hal_rtc_ex.c ****   * @brief  Enable the Bypass Shadow feature.
2734:Drivers/STM32H7xx_HAL_Driver/Src/stm32h7xx_hal_rtc_ex.c ****   * @note   When the Bypass Shadow is enabled the calendar value are taken
2735:Drivers/STM32H7xx_HAL_Driver/Src/stm32h7xx_hal_rtc_ex.c ****   *         directly from the Calendar counter.
2736:Drivers/STM32H7xx_HAL_Driver/Src/stm32h7xx_hal_rtc_ex.c ****   * @param  hrtc RTC handle
2737:Drivers/STM32H7xx_HAL_Driver/Src/stm32h7xx_hal_rtc_ex.c ****   * @retval HAL status
2738:Drivers/STM32H7xx_HAL_Driver/Src/stm32h7xx_hal_rtc_ex.c ****   */
2739:Drivers/STM32H7xx_HAL_Driver/Src/stm32h7xx_hal_rtc_ex.c **** HAL_StatusTypeDef HAL_RTCEx_EnableBypassShadow(RTC_HandleTypeDef * hrtc)
2740:Drivers/STM32H7xx_HAL_Driver/Src/stm32h7xx_hal_rtc_ex.c **** {
 3464              		.loc 1 2740 1 is_stmt 1 view -0
 3465              		.cfi_startproc
 3466              		@ args = 0, pretend = 0, frame = 0
 3467              		@ frame_needed = 0, uses_anonymous_args = 0
 3468              		@ link register save eliminated.
2741:Drivers/STM32H7xx_HAL_Driver/Src/stm32h7xx_hal_rtc_ex.c ****   /* Process Locked */
2742:Drivers/STM32H7xx_HAL_Driver/Src/stm32h7xx_hal_rtc_ex.c ****   __HAL_LOCK(hrtc);
 3469              		.loc 1 2742 3 view .LVU1201
 3470              		.loc 1 2742 3 view .LVU1202
 3471 0000 90F82030 		ldrb	r3, [r0, #32]	@ zero_extendqisi2
 3472 0004 012B     		cmp	r3, #1
 3473 0006 1AD0     		beq	.L242
 3474              		.loc 1 2742 3 discriminator 2 view .LVU1203
 3475 0008 0122     		movs	r2, #1
 3476 000a 80F82020 		strb	r2, [r0, #32]
 3477              		.loc 1 2742 3 discriminator 2 view .LVU1204
ARM GAS  C:\Users\admin\AppData\Local\Temp\ccP3nyhx.s 			page 114


2743:Drivers/STM32H7xx_HAL_Driver/Src/stm32h7xx_hal_rtc_ex.c **** 
2744:Drivers/STM32H7xx_HAL_Driver/Src/stm32h7xx_hal_rtc_ex.c ****   hrtc->State = HAL_RTC_STATE_BUSY;
 3478              		.loc 1 2744 3 discriminator 2 view .LVU1205
 3479              		.loc 1 2744 15 is_stmt 0 discriminator 2 view .LVU1206
 3480 000e 0223     		movs	r3, #2
 3481 0010 80F82130 		strb	r3, [r0, #33]
2745:Drivers/STM32H7xx_HAL_Driver/Src/stm32h7xx_hal_rtc_ex.c **** 
2746:Drivers/STM32H7xx_HAL_Driver/Src/stm32h7xx_hal_rtc_ex.c ****   /* Disable the write protection for RTC registers */
2747:Drivers/STM32H7xx_HAL_Driver/Src/stm32h7xx_hal_rtc_ex.c ****   __HAL_RTC_WRITEPROTECTION_DISABLE(hrtc);
 3482              		.loc 1 2747 3 is_stmt 1 discriminator 2 view .LVU1207
 3483              		.loc 1 2747 3 discriminator 2 view .LVU1208
 3484 0014 0368     		ldr	r3, [r0]
 3485 0016 CA21     		movs	r1, #202
 3486 0018 5962     		str	r1, [r3, #36]
 3487              		.loc 1 2747 3 discriminator 2 view .LVU1209
 3488 001a 0368     		ldr	r3, [r0]
 3489 001c 5321     		movs	r1, #83
 3490 001e 5962     		str	r1, [r3, #36]
 3491              		.loc 1 2747 3 discriminator 2 view .LVU1210
2748:Drivers/STM32H7xx_HAL_Driver/Src/stm32h7xx_hal_rtc_ex.c **** 
2749:Drivers/STM32H7xx_HAL_Driver/Src/stm32h7xx_hal_rtc_ex.c ****   /* Set the BYPSHAD bit */
2750:Drivers/STM32H7xx_HAL_Driver/Src/stm32h7xx_hal_rtc_ex.c ****   hrtc->Instance->CR |= (uint32_t)RTC_CR_BYPSHAD;
 3492              		.loc 1 2750 3 discriminator 2 view .LVU1211
 3493              		.loc 1 2750 7 is_stmt 0 discriminator 2 view .LVU1212
 3494 0020 0168     		ldr	r1, [r0]
 3495              		.loc 1 2750 22 discriminator 2 view .LVU1213
 3496 0022 8B68     		ldr	r3, [r1, #8]
 3497 0024 43F02003 		orr	r3, r3, #32
 3498 0028 8B60     		str	r3, [r1, #8]
2751:Drivers/STM32H7xx_HAL_Driver/Src/stm32h7xx_hal_rtc_ex.c **** 
2752:Drivers/STM32H7xx_HAL_Driver/Src/stm32h7xx_hal_rtc_ex.c ****   /* Enable the write protection for RTC registers */
2753:Drivers/STM32H7xx_HAL_Driver/Src/stm32h7xx_hal_rtc_ex.c ****   __HAL_RTC_WRITEPROTECTION_ENABLE(hrtc);
 3499              		.loc 1 2753 3 is_stmt 1 discriminator 2 view .LVU1214
 3500              		.loc 1 2753 3 discriminator 2 view .LVU1215
 3501 002a 0368     		ldr	r3, [r0]
 3502 002c FF21     		movs	r1, #255
 3503 002e 5962     		str	r1, [r3, #36]
 3504              		.loc 1 2753 3 discriminator 2 view .LVU1216
2754:Drivers/STM32H7xx_HAL_Driver/Src/stm32h7xx_hal_rtc_ex.c **** 
2755:Drivers/STM32H7xx_HAL_Driver/Src/stm32h7xx_hal_rtc_ex.c ****   /* Change RTC state */
2756:Drivers/STM32H7xx_HAL_Driver/Src/stm32h7xx_hal_rtc_ex.c ****   hrtc->State = HAL_RTC_STATE_READY;
 3505              		.loc 1 2756 3 discriminator 2 view .LVU1217
 3506              		.loc 1 2756 15 is_stmt 0 discriminator 2 view .LVU1218
 3507 0030 80F82120 		strb	r2, [r0, #33]
2757:Drivers/STM32H7xx_HAL_Driver/Src/stm32h7xx_hal_rtc_ex.c **** 
2758:Drivers/STM32H7xx_HAL_Driver/Src/stm32h7xx_hal_rtc_ex.c ****   /* Process Unlocked */
2759:Drivers/STM32H7xx_HAL_Driver/Src/stm32h7xx_hal_rtc_ex.c ****   __HAL_UNLOCK(hrtc);
 3508              		.loc 1 2759 3 is_stmt 1 discriminator 2 view .LVU1219
 3509              		.loc 1 2759 3 discriminator 2 view .LVU1220
 3510 0034 0023     		movs	r3, #0
 3511 0036 80F82030 		strb	r3, [r0, #32]
 3512              		.loc 1 2759 3 discriminator 2 view .LVU1221
2760:Drivers/STM32H7xx_HAL_Driver/Src/stm32h7xx_hal_rtc_ex.c **** 
2761:Drivers/STM32H7xx_HAL_Driver/Src/stm32h7xx_hal_rtc_ex.c ****   return HAL_OK;
 3513              		.loc 1 2761 3 discriminator 2 view .LVU1222
 3514              		.loc 1 2761 10 is_stmt 0 discriminator 2 view .LVU1223
 3515 003a 1846     		mov	r0, r3
ARM GAS  C:\Users\admin\AppData\Local\Temp\ccP3nyhx.s 			page 115


 3516              	.LVL242:
 3517              		.loc 1 2761 10 discriminator 2 view .LVU1224
 3518 003c 7047     		bx	lr
 3519              	.LVL243:
 3520              	.L242:
2742:Drivers/STM32H7xx_HAL_Driver/Src/stm32h7xx_hal_rtc_ex.c **** 
 3521              		.loc 1 2742 3 view .LVU1225
 3522 003e 0220     		movs	r0, #2
 3523              	.LVL244:
2762:Drivers/STM32H7xx_HAL_Driver/Src/stm32h7xx_hal_rtc_ex.c **** }
 3524              		.loc 1 2762 1 view .LVU1226
 3525 0040 7047     		bx	lr
 3526              		.cfi_endproc
 3527              	.LFE177:
 3529              		.section	.text.HAL_RTCEx_DisableBypassShadow,"ax",%progbits
 3530              		.align	1
 3531              		.global	HAL_RTCEx_DisableBypassShadow
 3532              		.syntax unified
 3533              		.thumb
 3534              		.thumb_func
 3536              	HAL_RTCEx_DisableBypassShadow:
 3537              	.LVL245:
 3538              	.LFB178:
2763:Drivers/STM32H7xx_HAL_Driver/Src/stm32h7xx_hal_rtc_ex.c **** 
2764:Drivers/STM32H7xx_HAL_Driver/Src/stm32h7xx_hal_rtc_ex.c **** /**
2765:Drivers/STM32H7xx_HAL_Driver/Src/stm32h7xx_hal_rtc_ex.c ****   * @brief  Disable the Bypass Shadow feature.
2766:Drivers/STM32H7xx_HAL_Driver/Src/stm32h7xx_hal_rtc_ex.c ****   * @note   When the Bypass Shadow is enabled the calendar value are taken
2767:Drivers/STM32H7xx_HAL_Driver/Src/stm32h7xx_hal_rtc_ex.c ****   *         directly from the Calendar counter.
2768:Drivers/STM32H7xx_HAL_Driver/Src/stm32h7xx_hal_rtc_ex.c ****   * @param  hrtc RTC handle
2769:Drivers/STM32H7xx_HAL_Driver/Src/stm32h7xx_hal_rtc_ex.c ****   * @retval HAL status
2770:Drivers/STM32H7xx_HAL_Driver/Src/stm32h7xx_hal_rtc_ex.c ****   */
2771:Drivers/STM32H7xx_HAL_Driver/Src/stm32h7xx_hal_rtc_ex.c **** HAL_StatusTypeDef HAL_RTCEx_DisableBypassShadow(RTC_HandleTypeDef * hrtc)
2772:Drivers/STM32H7xx_HAL_Driver/Src/stm32h7xx_hal_rtc_ex.c **** {
 3539              		.loc 1 2772 1 is_stmt 1 view -0
 3540              		.cfi_startproc
 3541              		@ args = 0, pretend = 0, frame = 0
 3542              		@ frame_needed = 0, uses_anonymous_args = 0
 3543              		@ link register save eliminated.
2773:Drivers/STM32H7xx_HAL_Driver/Src/stm32h7xx_hal_rtc_ex.c ****   /* Process Locked */
2774:Drivers/STM32H7xx_HAL_Driver/Src/stm32h7xx_hal_rtc_ex.c ****   __HAL_LOCK(hrtc);
 3544              		.loc 1 2774 3 view .LVU1228
 3545              		.loc 1 2774 3 view .LVU1229
 3546 0000 90F82030 		ldrb	r3, [r0, #32]	@ zero_extendqisi2
 3547 0004 012B     		cmp	r3, #1
 3548 0006 1AD0     		beq	.L245
 3549              		.loc 1 2774 3 discriminator 2 view .LVU1230
 3550 0008 0122     		movs	r2, #1
 3551 000a 80F82020 		strb	r2, [r0, #32]
 3552              		.loc 1 2774 3 discriminator 2 view .LVU1231
2775:Drivers/STM32H7xx_HAL_Driver/Src/stm32h7xx_hal_rtc_ex.c **** 
2776:Drivers/STM32H7xx_HAL_Driver/Src/stm32h7xx_hal_rtc_ex.c ****   hrtc->State = HAL_RTC_STATE_BUSY;
 3553              		.loc 1 2776 3 discriminator 2 view .LVU1232
 3554              		.loc 1 2776 15 is_stmt 0 discriminator 2 view .LVU1233
 3555 000e 0223     		movs	r3, #2
 3556 0010 80F82130 		strb	r3, [r0, #33]
2777:Drivers/STM32H7xx_HAL_Driver/Src/stm32h7xx_hal_rtc_ex.c **** 
2778:Drivers/STM32H7xx_HAL_Driver/Src/stm32h7xx_hal_rtc_ex.c ****   /* Disable the write protection for RTC registers */
ARM GAS  C:\Users\admin\AppData\Local\Temp\ccP3nyhx.s 			page 116


2779:Drivers/STM32H7xx_HAL_Driver/Src/stm32h7xx_hal_rtc_ex.c ****   __HAL_RTC_WRITEPROTECTION_DISABLE(hrtc);
 3557              		.loc 1 2779 3 is_stmt 1 discriminator 2 view .LVU1234
 3558              		.loc 1 2779 3 discriminator 2 view .LVU1235
 3559 0014 0368     		ldr	r3, [r0]
 3560 0016 CA21     		movs	r1, #202
 3561 0018 5962     		str	r1, [r3, #36]
 3562              		.loc 1 2779 3 discriminator 2 view .LVU1236
 3563 001a 0368     		ldr	r3, [r0]
 3564 001c 5321     		movs	r1, #83
 3565 001e 5962     		str	r1, [r3, #36]
 3566              		.loc 1 2779 3 discriminator 2 view .LVU1237
2780:Drivers/STM32H7xx_HAL_Driver/Src/stm32h7xx_hal_rtc_ex.c **** 
2781:Drivers/STM32H7xx_HAL_Driver/Src/stm32h7xx_hal_rtc_ex.c ****   /* Reset the BYPSHAD bit */
2782:Drivers/STM32H7xx_HAL_Driver/Src/stm32h7xx_hal_rtc_ex.c ****   hrtc->Instance->CR &= ((uint32_t)~RTC_CR_BYPSHAD);
 3567              		.loc 1 2782 3 discriminator 2 view .LVU1238
 3568              		.loc 1 2782 7 is_stmt 0 discriminator 2 view .LVU1239
 3569 0020 0168     		ldr	r1, [r0]
 3570              		.loc 1 2782 22 discriminator 2 view .LVU1240
 3571 0022 8B68     		ldr	r3, [r1, #8]
 3572 0024 23F02003 		bic	r3, r3, #32
 3573 0028 8B60     		str	r3, [r1, #8]
2783:Drivers/STM32H7xx_HAL_Driver/Src/stm32h7xx_hal_rtc_ex.c **** 
2784:Drivers/STM32H7xx_HAL_Driver/Src/stm32h7xx_hal_rtc_ex.c ****   /* Enable the write protection for RTC registers */
2785:Drivers/STM32H7xx_HAL_Driver/Src/stm32h7xx_hal_rtc_ex.c ****   __HAL_RTC_WRITEPROTECTION_ENABLE(hrtc);
 3574              		.loc 1 2785 3 is_stmt 1 discriminator 2 view .LVU1241
 3575              		.loc 1 2785 3 discriminator 2 view .LVU1242
 3576 002a 0368     		ldr	r3, [r0]
 3577 002c FF21     		movs	r1, #255
 3578 002e 5962     		str	r1, [r3, #36]
 3579              		.loc 1 2785 3 discriminator 2 view .LVU1243
2786:Drivers/STM32H7xx_HAL_Driver/Src/stm32h7xx_hal_rtc_ex.c **** 
2787:Drivers/STM32H7xx_HAL_Driver/Src/stm32h7xx_hal_rtc_ex.c ****   /* Change RTC state */
2788:Drivers/STM32H7xx_HAL_Driver/Src/stm32h7xx_hal_rtc_ex.c ****   hrtc->State = HAL_RTC_STATE_READY;
 3580              		.loc 1 2788 3 discriminator 2 view .LVU1244
 3581              		.loc 1 2788 15 is_stmt 0 discriminator 2 view .LVU1245
 3582 0030 80F82120 		strb	r2, [r0, #33]
2789:Drivers/STM32H7xx_HAL_Driver/Src/stm32h7xx_hal_rtc_ex.c **** 
2790:Drivers/STM32H7xx_HAL_Driver/Src/stm32h7xx_hal_rtc_ex.c ****   /* Process Unlocked */
2791:Drivers/STM32H7xx_HAL_Driver/Src/stm32h7xx_hal_rtc_ex.c ****   __HAL_UNLOCK(hrtc);
 3583              		.loc 1 2791 3 is_stmt 1 discriminator 2 view .LVU1246
 3584              		.loc 1 2791 3 discriminator 2 view .LVU1247
 3585 0034 0023     		movs	r3, #0
 3586 0036 80F82030 		strb	r3, [r0, #32]
 3587              		.loc 1 2791 3 discriminator 2 view .LVU1248
2792:Drivers/STM32H7xx_HAL_Driver/Src/stm32h7xx_hal_rtc_ex.c **** 
2793:Drivers/STM32H7xx_HAL_Driver/Src/stm32h7xx_hal_rtc_ex.c ****   return HAL_OK;
 3588              		.loc 1 2793 3 discriminator 2 view .LVU1249
 3589              		.loc 1 2793 10 is_stmt 0 discriminator 2 view .LVU1250
 3590 003a 1846     		mov	r0, r3
 3591              	.LVL246:
 3592              		.loc 1 2793 10 discriminator 2 view .LVU1251
 3593 003c 7047     		bx	lr
 3594              	.LVL247:
 3595              	.L245:
2774:Drivers/STM32H7xx_HAL_Driver/Src/stm32h7xx_hal_rtc_ex.c **** 
 3596              		.loc 1 2774 3 view .LVU1252
 3597 003e 0220     		movs	r0, #2
ARM GAS  C:\Users\admin\AppData\Local\Temp\ccP3nyhx.s 			page 117


 3598              	.LVL248:
2794:Drivers/STM32H7xx_HAL_Driver/Src/stm32h7xx_hal_rtc_ex.c **** }
 3599              		.loc 1 2794 1 view .LVU1253
 3600 0040 7047     		bx	lr
 3601              		.cfi_endproc
 3602              	.LFE178:
 3604              		.section	.text.HAL_RTCEx_AlarmBEventCallback,"ax",%progbits
 3605              		.align	1
 3606              		.weak	HAL_RTCEx_AlarmBEventCallback
 3607              		.syntax unified
 3608              		.thumb
 3609              		.thumb_func
 3611              	HAL_RTCEx_AlarmBEventCallback:
 3612              	.LVL249:
 3613              	.LFB179:
2795:Drivers/STM32H7xx_HAL_Driver/Src/stm32h7xx_hal_rtc_ex.c **** 
2796:Drivers/STM32H7xx_HAL_Driver/Src/stm32h7xx_hal_rtc_ex.c **** #if defined(TAMP)
2797:Drivers/STM32H7xx_HAL_Driver/Src/stm32h7xx_hal_rtc_ex.c **** /**
2798:Drivers/STM32H7xx_HAL_Driver/Src/stm32h7xx_hal_rtc_ex.c ****   * @brief  Increment Monotonic counter.
2799:Drivers/STM32H7xx_HAL_Driver/Src/stm32h7xx_hal_rtc_ex.c ****   * @param  hrtc RTC handle
2800:Drivers/STM32H7xx_HAL_Driver/Src/stm32h7xx_hal_rtc_ex.c ****   * @param  Instance  Monotonic counter Instance
2801:Drivers/STM32H7xx_HAL_Driver/Src/stm32h7xx_hal_rtc_ex.c ****   *         This parameter can be can be one of the following values :
2802:Drivers/STM32H7xx_HAL_Driver/Src/stm32h7xx_hal_rtc_ex.c ****   *           @arg RTC_MONOTONIC_COUNTER_1
2803:Drivers/STM32H7xx_HAL_Driver/Src/stm32h7xx_hal_rtc_ex.c ****   * @retval HAL status
2804:Drivers/STM32H7xx_HAL_Driver/Src/stm32h7xx_hal_rtc_ex.c ****   */
2805:Drivers/STM32H7xx_HAL_Driver/Src/stm32h7xx_hal_rtc_ex.c **** HAL_StatusTypeDef HAL_RTCEx_MonotonicCounterIncrement(RTC_HandleTypeDef *hrtc,  uint32_t Instance)
2806:Drivers/STM32H7xx_HAL_Driver/Src/stm32h7xx_hal_rtc_ex.c **** {
2807:Drivers/STM32H7xx_HAL_Driver/Src/stm32h7xx_hal_rtc_ex.c ****   UNUSED(hrtc);
2808:Drivers/STM32H7xx_HAL_Driver/Src/stm32h7xx_hal_rtc_ex.c ****   UNUSED(Instance);
2809:Drivers/STM32H7xx_HAL_Driver/Src/stm32h7xx_hal_rtc_ex.c ****   /* This register is read-only only and is incremented by one when a write access is done to this
2810:Drivers/STM32H7xx_HAL_Driver/Src/stm32h7xx_hal_rtc_ex.c ****      register. This register cannot roll-over and is frozen when reaching the maximum value. */
2811:Drivers/STM32H7xx_HAL_Driver/Src/stm32h7xx_hal_rtc_ex.c ****   CLEAR_REG(TAMP->COUNTR);
2812:Drivers/STM32H7xx_HAL_Driver/Src/stm32h7xx_hal_rtc_ex.c **** 
2813:Drivers/STM32H7xx_HAL_Driver/Src/stm32h7xx_hal_rtc_ex.c ****   return HAL_OK;
2814:Drivers/STM32H7xx_HAL_Driver/Src/stm32h7xx_hal_rtc_ex.c **** }
2815:Drivers/STM32H7xx_HAL_Driver/Src/stm32h7xx_hal_rtc_ex.c **** 
2816:Drivers/STM32H7xx_HAL_Driver/Src/stm32h7xx_hal_rtc_ex.c **** /**
2817:Drivers/STM32H7xx_HAL_Driver/Src/stm32h7xx_hal_rtc_ex.c ****   * @brief  Monotonic counter incrementation.
2818:Drivers/STM32H7xx_HAL_Driver/Src/stm32h7xx_hal_rtc_ex.c ****   * @param  hrtc RTC handle
2819:Drivers/STM32H7xx_HAL_Driver/Src/stm32h7xx_hal_rtc_ex.c ****   * @param  Instance  Monotonic counter Instance
2820:Drivers/STM32H7xx_HAL_Driver/Src/stm32h7xx_hal_rtc_ex.c ****   *         This parameter can be can be one of the following values :
2821:Drivers/STM32H7xx_HAL_Driver/Src/stm32h7xx_hal_rtc_ex.c ****   *           @arg RTC_MONOTONIC_COUNTER_1
2822:Drivers/STM32H7xx_HAL_Driver/Src/stm32h7xx_hal_rtc_ex.c ****   * @param  Counter monotonic counter value
2823:Drivers/STM32H7xx_HAL_Driver/Src/stm32h7xx_hal_rtc_ex.c ****   * @retval HAL status
2824:Drivers/STM32H7xx_HAL_Driver/Src/stm32h7xx_hal_rtc_ex.c ****   */
2825:Drivers/STM32H7xx_HAL_Driver/Src/stm32h7xx_hal_rtc_ex.c **** HAL_StatusTypeDef HAL_RTCEx_MonotonicCounterGet(const RTC_HandleTypeDef *hrtc, uint32_t *Counter,  
2826:Drivers/STM32H7xx_HAL_Driver/Src/stm32h7xx_hal_rtc_ex.c **** {
2827:Drivers/STM32H7xx_HAL_Driver/Src/stm32h7xx_hal_rtc_ex.c ****   UNUSED(hrtc);
2828:Drivers/STM32H7xx_HAL_Driver/Src/stm32h7xx_hal_rtc_ex.c ****   UNUSED(Instance);
2829:Drivers/STM32H7xx_HAL_Driver/Src/stm32h7xx_hal_rtc_ex.c ****   /* This register is read-only only and is incremented by one when a write access is done to this
2830:Drivers/STM32H7xx_HAL_Driver/Src/stm32h7xx_hal_rtc_ex.c ****      register. This register cannot roll-over and is frozen when reaching the maximum value. */
2831:Drivers/STM32H7xx_HAL_Driver/Src/stm32h7xx_hal_rtc_ex.c ****   *Counter = READ_REG(TAMP->COUNTR);
2832:Drivers/STM32H7xx_HAL_Driver/Src/stm32h7xx_hal_rtc_ex.c **** 
2833:Drivers/STM32H7xx_HAL_Driver/Src/stm32h7xx_hal_rtc_ex.c ****   return HAL_OK;
2834:Drivers/STM32H7xx_HAL_Driver/Src/stm32h7xx_hal_rtc_ex.c **** }
2835:Drivers/STM32H7xx_HAL_Driver/Src/stm32h7xx_hal_rtc_ex.c **** #endif /* TAMP */
2836:Drivers/STM32H7xx_HAL_Driver/Src/stm32h7xx_hal_rtc_ex.c **** 
ARM GAS  C:\Users\admin\AppData\Local\Temp\ccP3nyhx.s 			page 118


2837:Drivers/STM32H7xx_HAL_Driver/Src/stm32h7xx_hal_rtc_ex.c **** /**
2838:Drivers/STM32H7xx_HAL_Driver/Src/stm32h7xx_hal_rtc_ex.c ****   * @}
2839:Drivers/STM32H7xx_HAL_Driver/Src/stm32h7xx_hal_rtc_ex.c ****   */
2840:Drivers/STM32H7xx_HAL_Driver/Src/stm32h7xx_hal_rtc_ex.c **** 
2841:Drivers/STM32H7xx_HAL_Driver/Src/stm32h7xx_hal_rtc_ex.c **** /** @addtogroup RTCEx_Exported_Functions_Group4
2842:Drivers/STM32H7xx_HAL_Driver/Src/stm32h7xx_hal_rtc_ex.c ****   * @brief    Extended features functions
2843:Drivers/STM32H7xx_HAL_Driver/Src/stm32h7xx_hal_rtc_ex.c ****   *
2844:Drivers/STM32H7xx_HAL_Driver/Src/stm32h7xx_hal_rtc_ex.c **** @verbatim
2845:Drivers/STM32H7xx_HAL_Driver/Src/stm32h7xx_hal_rtc_ex.c ****  ===============================================================================
2846:Drivers/STM32H7xx_HAL_Driver/Src/stm32h7xx_hal_rtc_ex.c ****                  ##### Extended features functions #####
2847:Drivers/STM32H7xx_HAL_Driver/Src/stm32h7xx_hal_rtc_ex.c ****  ===============================================================================
2848:Drivers/STM32H7xx_HAL_Driver/Src/stm32h7xx_hal_rtc_ex.c ****     [..]  This section provides functions allowing to:
2849:Drivers/STM32H7xx_HAL_Driver/Src/stm32h7xx_hal_rtc_ex.c ****       (+) RTC Alarm B callback
2850:Drivers/STM32H7xx_HAL_Driver/Src/stm32h7xx_hal_rtc_ex.c ****       (+) RTC Poll for Alarm B request
2851:Drivers/STM32H7xx_HAL_Driver/Src/stm32h7xx_hal_rtc_ex.c **** 
2852:Drivers/STM32H7xx_HAL_Driver/Src/stm32h7xx_hal_rtc_ex.c **** @endverbatim
2853:Drivers/STM32H7xx_HAL_Driver/Src/stm32h7xx_hal_rtc_ex.c ****   * @{
2854:Drivers/STM32H7xx_HAL_Driver/Src/stm32h7xx_hal_rtc_ex.c ****   */
2855:Drivers/STM32H7xx_HAL_Driver/Src/stm32h7xx_hal_rtc_ex.c **** 
2856:Drivers/STM32H7xx_HAL_Driver/Src/stm32h7xx_hal_rtc_ex.c **** /**
2857:Drivers/STM32H7xx_HAL_Driver/Src/stm32h7xx_hal_rtc_ex.c ****   * @brief  Alarm B callback.
2858:Drivers/STM32H7xx_HAL_Driver/Src/stm32h7xx_hal_rtc_ex.c ****   * @param  hrtc RTC handle
2859:Drivers/STM32H7xx_HAL_Driver/Src/stm32h7xx_hal_rtc_ex.c ****   * @retval None
2860:Drivers/STM32H7xx_HAL_Driver/Src/stm32h7xx_hal_rtc_ex.c ****   */
2861:Drivers/STM32H7xx_HAL_Driver/Src/stm32h7xx_hal_rtc_ex.c **** __weak void HAL_RTCEx_AlarmBEventCallback(RTC_HandleTypeDef * hrtc)
2862:Drivers/STM32H7xx_HAL_Driver/Src/stm32h7xx_hal_rtc_ex.c **** {
 3614              		.loc 1 2862 1 is_stmt 1 view -0
 3615              		.cfi_startproc
 3616              		@ args = 0, pretend = 0, frame = 0
 3617              		@ frame_needed = 0, uses_anonymous_args = 0
 3618              		@ link register save eliminated.
2863:Drivers/STM32H7xx_HAL_Driver/Src/stm32h7xx_hal_rtc_ex.c ****   /* Prevent unused argument(s) compilation warning */
2864:Drivers/STM32H7xx_HAL_Driver/Src/stm32h7xx_hal_rtc_ex.c ****   UNUSED(hrtc);
 3619              		.loc 1 2864 3 view .LVU1255
2865:Drivers/STM32H7xx_HAL_Driver/Src/stm32h7xx_hal_rtc_ex.c **** 
2866:Drivers/STM32H7xx_HAL_Driver/Src/stm32h7xx_hal_rtc_ex.c ****   /* NOTE : This function should not be modified, when the callback is needed,
2867:Drivers/STM32H7xx_HAL_Driver/Src/stm32h7xx_hal_rtc_ex.c ****             the HAL_RTCEx_AlarmBEventCallback could be implemented in the user file
2868:Drivers/STM32H7xx_HAL_Driver/Src/stm32h7xx_hal_rtc_ex.c ****    */
2869:Drivers/STM32H7xx_HAL_Driver/Src/stm32h7xx_hal_rtc_ex.c **** }
 3620              		.loc 1 2869 1 is_stmt 0 view .LVU1256
 3621 0000 7047     		bx	lr
 3622              		.cfi_endproc
 3623              	.LFE179:
 3625              		.section	.text.HAL_RTCEx_PollForAlarmBEvent,"ax",%progbits
 3626              		.align	1
 3627              		.global	HAL_RTCEx_PollForAlarmBEvent
 3628              		.syntax unified
 3629              		.thumb
 3630              		.thumb_func
 3632              	HAL_RTCEx_PollForAlarmBEvent:
 3633              	.LVL250:
 3634              	.LFB180:
2870:Drivers/STM32H7xx_HAL_Driver/Src/stm32h7xx_hal_rtc_ex.c **** 
2871:Drivers/STM32H7xx_HAL_Driver/Src/stm32h7xx_hal_rtc_ex.c **** /**
2872:Drivers/STM32H7xx_HAL_Driver/Src/stm32h7xx_hal_rtc_ex.c ****   * @brief  Handle Alarm B Polling request.
2873:Drivers/STM32H7xx_HAL_Driver/Src/stm32h7xx_hal_rtc_ex.c ****   * @param  hrtc RTC handle
2874:Drivers/STM32H7xx_HAL_Driver/Src/stm32h7xx_hal_rtc_ex.c ****   * @param  Timeout Timeout duration
ARM GAS  C:\Users\admin\AppData\Local\Temp\ccP3nyhx.s 			page 119


2875:Drivers/STM32H7xx_HAL_Driver/Src/stm32h7xx_hal_rtc_ex.c ****   * @retval HAL status
2876:Drivers/STM32H7xx_HAL_Driver/Src/stm32h7xx_hal_rtc_ex.c ****   */
2877:Drivers/STM32H7xx_HAL_Driver/Src/stm32h7xx_hal_rtc_ex.c **** HAL_StatusTypeDef HAL_RTCEx_PollForAlarmBEvent(RTC_HandleTypeDef * hrtc, uint32_t Timeout)
2878:Drivers/STM32H7xx_HAL_Driver/Src/stm32h7xx_hal_rtc_ex.c **** {
 3635              		.loc 1 2878 1 is_stmt 1 view -0
 3636              		.cfi_startproc
 3637              		@ args = 0, pretend = 0, frame = 0
 3638              		@ frame_needed = 0, uses_anonymous_args = 0
 3639              		.loc 1 2878 1 is_stmt 0 view .LVU1258
 3640 0000 70B5     		push	{r4, r5, r6, lr}
 3641              	.LCFI36:
 3642              		.cfi_def_cfa_offset 16
 3643              		.cfi_offset 4, -16
 3644              		.cfi_offset 5, -12
 3645              		.cfi_offset 6, -8
 3646              		.cfi_offset 14, -4
 3647 0002 0446     		mov	r4, r0
 3648 0004 0D46     		mov	r5, r1
2879:Drivers/STM32H7xx_HAL_Driver/Src/stm32h7xx_hal_rtc_ex.c ****   uint32_t tickstart = HAL_GetTick();
 3649              		.loc 1 2879 3 is_stmt 1 view .LVU1259
 3650              		.loc 1 2879 24 is_stmt 0 view .LVU1260
 3651 0006 FFF7FEFF 		bl	HAL_GetTick
 3652              	.LVL251:
 3653              		.loc 1 2879 24 view .LVU1261
 3654 000a 0646     		mov	r6, r0
 3655              	.LVL252:
2880:Drivers/STM32H7xx_HAL_Driver/Src/stm32h7xx_hal_rtc_ex.c **** 
2881:Drivers/STM32H7xx_HAL_Driver/Src/stm32h7xx_hal_rtc_ex.c ****   while (__HAL_RTC_ALARM_GET_FLAG(hrtc, RTC_FLAG_ALRBF) == 0U)
 3656              		.loc 1 2881 3 is_stmt 1 view .LVU1262
 3657              	.L249:
 3658              		.loc 1 2881 9 view .LVU1263
 3659              		.loc 1 2881 10 is_stmt 0 view .LVU1264
 3660 000c 2368     		ldr	r3, [r4]
 3661 000e DA68     		ldr	r2, [r3, #12]
 3662              		.loc 1 2881 9 view .LVU1265
 3663 0010 12F4007F 		tst	r2, #512
 3664 0014 0DD1     		bne	.L254
2882:Drivers/STM32H7xx_HAL_Driver/Src/stm32h7xx_hal_rtc_ex.c ****   {
2883:Drivers/STM32H7xx_HAL_Driver/Src/stm32h7xx_hal_rtc_ex.c ****     if (Timeout != HAL_MAX_DELAY)
 3665              		.loc 1 2883 5 is_stmt 1 view .LVU1266
 3666              		.loc 1 2883 8 is_stmt 0 view .LVU1267
 3667 0016 B5F1FF3F 		cmp	r5, #-1
 3668 001a F7D0     		beq	.L249
2884:Drivers/STM32H7xx_HAL_Driver/Src/stm32h7xx_hal_rtc_ex.c ****     {
2885:Drivers/STM32H7xx_HAL_Driver/Src/stm32h7xx_hal_rtc_ex.c ****       if (((HAL_GetTick() - tickstart) > Timeout) || (Timeout == 0U))
 3669              		.loc 1 2885 7 is_stmt 1 view .LVU1268
 3670              		.loc 1 2885 13 is_stmt 0 view .LVU1269
 3671 001c FFF7FEFF 		bl	HAL_GetTick
 3672              	.LVL253:
 3673              		.loc 1 2885 27 view .LVU1270
 3674 0020 801B     		subs	r0, r0, r6
 3675              		.loc 1 2885 10 view .LVU1271
 3676 0022 A842     		cmp	r0, r5
 3677 0024 01D8     		bhi	.L250
 3678              		.loc 1 2885 51 discriminator 1 view .LVU1272
 3679 0026 002D     		cmp	r5, #0
 3680 0028 F0D1     		bne	.L249
ARM GAS  C:\Users\admin\AppData\Local\Temp\ccP3nyhx.s 			page 120


 3681              	.L250:
2886:Drivers/STM32H7xx_HAL_Driver/Src/stm32h7xx_hal_rtc_ex.c ****       {
2887:Drivers/STM32H7xx_HAL_Driver/Src/stm32h7xx_hal_rtc_ex.c ****         hrtc->State = HAL_RTC_STATE_TIMEOUT;
 3682              		.loc 1 2887 9 is_stmt 1 view .LVU1273
 3683              		.loc 1 2887 21 is_stmt 0 view .LVU1274
 3684 002a 0320     		movs	r0, #3
 3685 002c 84F82100 		strb	r0, [r4, #33]
2888:Drivers/STM32H7xx_HAL_Driver/Src/stm32h7xx_hal_rtc_ex.c ****         return HAL_TIMEOUT;
 3686              		.loc 1 2888 9 is_stmt 1 view .LVU1275
 3687              		.loc 1 2888 16 is_stmt 0 view .LVU1276
 3688 0030 08E0     		b	.L251
 3689              	.L254:
2889:Drivers/STM32H7xx_HAL_Driver/Src/stm32h7xx_hal_rtc_ex.c ****       }
2890:Drivers/STM32H7xx_HAL_Driver/Src/stm32h7xx_hal_rtc_ex.c ****     }
2891:Drivers/STM32H7xx_HAL_Driver/Src/stm32h7xx_hal_rtc_ex.c ****   }
2892:Drivers/STM32H7xx_HAL_Driver/Src/stm32h7xx_hal_rtc_ex.c **** 
2893:Drivers/STM32H7xx_HAL_Driver/Src/stm32h7xx_hal_rtc_ex.c ****   /* Clear the Alarm Flag */
2894:Drivers/STM32H7xx_HAL_Driver/Src/stm32h7xx_hal_rtc_ex.c ****   __HAL_RTC_ALARM_CLEAR_FLAG(hrtc, RTC_FLAG_ALRBF);
 3690              		.loc 1 2894 3 is_stmt 1 view .LVU1277
 3691 0032 DA68     		ldr	r2, [r3, #12]
 3692 0034 D2B2     		uxtb	r2, r2
 3693 0036 62F42072 		orn	r2, r2, #640
 3694 003a DA60     		str	r2, [r3, #12]
2895:Drivers/STM32H7xx_HAL_Driver/Src/stm32h7xx_hal_rtc_ex.c **** 
2896:Drivers/STM32H7xx_HAL_Driver/Src/stm32h7xx_hal_rtc_ex.c ****   /* Change RTC state */
2897:Drivers/STM32H7xx_HAL_Driver/Src/stm32h7xx_hal_rtc_ex.c ****   hrtc->State = HAL_RTC_STATE_READY;
 3695              		.loc 1 2897 3 view .LVU1278
 3696              		.loc 1 2897 15 is_stmt 0 view .LVU1279
 3697 003c 0123     		movs	r3, #1
 3698 003e 84F82130 		strb	r3, [r4, #33]
2898:Drivers/STM32H7xx_HAL_Driver/Src/stm32h7xx_hal_rtc_ex.c **** 
2899:Drivers/STM32H7xx_HAL_Driver/Src/stm32h7xx_hal_rtc_ex.c ****   return HAL_OK;
 3699              		.loc 1 2899 3 is_stmt 1 view .LVU1280
 3700              		.loc 1 2899 10 is_stmt 0 view .LVU1281
 3701 0042 0020     		movs	r0, #0
 3702              	.L251:
2900:Drivers/STM32H7xx_HAL_Driver/Src/stm32h7xx_hal_rtc_ex.c **** }
 3703              		.loc 1 2900 1 view .LVU1282
 3704 0044 70BD     		pop	{r4, r5, r6, pc}
 3705              		.loc 1 2900 1 view .LVU1283
 3706              		.cfi_endproc
 3707              	.LFE180:
 3709              		.text
 3710              	.Letext0:
 3711              		.file 2 "c:\\program files (x86)\\gnu arm embedded toolchain\\10 2021.10\\arm-none-eabi\\include\\
 3712              		.file 3 "c:\\program files (x86)\\gnu arm embedded toolchain\\10 2021.10\\arm-none-eabi\\include\\
 3713              		.file 4 "Drivers/CMSIS/Device/ST/STM32H7xx/Include/stm32h743xx.h"
 3714              		.file 5 "Drivers/STM32H7xx_HAL_Driver/Inc/stm32h7xx_hal_def.h"
 3715              		.file 6 "Drivers/STM32H7xx_HAL_Driver/Inc/stm32h7xx_hal_rtc.h"
 3716              		.file 7 "Drivers/STM32H7xx_HAL_Driver/Inc/stm32h7xx_hal_rtc_ex.h"
 3717              		.file 8 "Drivers/STM32H7xx_HAL_Driver/Inc/stm32h7xx_hal.h"
ARM GAS  C:\Users\admin\AppData\Local\Temp\ccP3nyhx.s 			page 121


DEFINED SYMBOLS
                            *ABS*:00000000 stm32h7xx_hal_rtc_ex.c
C:\Users\admin\AppData\Local\Temp\ccP3nyhx.s:19     .text.HAL_RTCEx_SetTimeStamp:00000000 $t
C:\Users\admin\AppData\Local\Temp\ccP3nyhx.s:25     .text.HAL_RTCEx_SetTimeStamp:00000000 HAL_RTCEx_SetTimeStamp
C:\Users\admin\AppData\Local\Temp\ccP3nyhx.s:133    .text.HAL_RTCEx_SetTimeStamp_IT:00000000 $t
C:\Users\admin\AppData\Local\Temp\ccP3nyhx.s:139    .text.HAL_RTCEx_SetTimeStamp_IT:00000000 HAL_RTCEx_SetTimeStamp_IT
C:\Users\admin\AppData\Local\Temp\ccP3nyhx.s:257    .text.HAL_RTCEx_DeactivateTimeStamp:00000000 $t
C:\Users\admin\AppData\Local\Temp\ccP3nyhx.s:263    .text.HAL_RTCEx_DeactivateTimeStamp:00000000 HAL_RTCEx_DeactivateTimeStamp
C:\Users\admin\AppData\Local\Temp\ccP3nyhx.s:357    .text.HAL_RTCEx_DeactivateTimeStamp:00000054 $d
C:\Users\admin\AppData\Local\Temp\ccP3nyhx.s:362    .text.HAL_RTCEx_SetInternalTimeStamp:00000000 $t
C:\Users\admin\AppData\Local\Temp\ccP3nyhx.s:368    .text.HAL_RTCEx_SetInternalTimeStamp:00000000 HAL_RTCEx_SetInternalTimeStamp
C:\Users\admin\AppData\Local\Temp\ccP3nyhx.s:435    .text.HAL_RTCEx_DeactivateInternalTimeStamp:00000000 $t
C:\Users\admin\AppData\Local\Temp\ccP3nyhx.s:441    .text.HAL_RTCEx_DeactivateInternalTimeStamp:00000000 HAL_RTCEx_DeactivateInternalTimeStamp
C:\Users\admin\AppData\Local\Temp\ccP3nyhx.s:508    .text.HAL_RTCEx_GetTimeStamp:00000000 $t
C:\Users\admin\AppData\Local\Temp\ccP3nyhx.s:514    .text.HAL_RTCEx_GetTimeStamp:00000000 HAL_RTCEx_GetTimeStamp
C:\Users\admin\AppData\Local\Temp\ccP3nyhx.s:665    .text.HAL_RTCEx_GetTimeStamp:00000094 $d
C:\Users\admin\AppData\Local\Temp\ccP3nyhx.s:670    .text.HAL_RTCEx_SetTamper:00000000 $t
C:\Users\admin\AppData\Local\Temp\ccP3nyhx.s:676    .text.HAL_RTCEx_SetTamper:00000000 HAL_RTCEx_SetTamper
C:\Users\admin\AppData\Local\Temp\ccP3nyhx.s:940    .text.HAL_RTCEx_SetTamper:000000e8 $d
C:\Users\admin\AppData\Local\Temp\ccP3nyhx.s:945    .text.HAL_RTCEx_SetTamper_IT:00000000 $t
C:\Users\admin\AppData\Local\Temp\ccP3nyhx.s:951    .text.HAL_RTCEx_SetTamper_IT:00000000 HAL_RTCEx_SetTamper_IT
C:\Users\admin\AppData\Local\Temp\ccP3nyhx.s:1232   .text.HAL_RTCEx_SetTamper_IT:00000108 $d
C:\Users\admin\AppData\Local\Temp\ccP3nyhx.s:1237   .text.HAL_RTCEx_DeactivateTamper:00000000 $t
C:\Users\admin\AppData\Local\Temp\ccP3nyhx.s:1243   .text.HAL_RTCEx_DeactivateTamper:00000000 HAL_RTCEx_DeactivateTamper
C:\Users\admin\AppData\Local\Temp\ccP3nyhx.s:1347   .text.HAL_RTCEx_DeactivateTamper:00000068 $d
C:\Users\admin\AppData\Local\Temp\ccP3nyhx.s:1354   .text.HAL_RTCEx_TimeStampEventCallback:00000000 $t
C:\Users\admin\AppData\Local\Temp\ccP3nyhx.s:1360   .text.HAL_RTCEx_TimeStampEventCallback:00000000 HAL_RTCEx_TimeStampEventCallback
C:\Users\admin\AppData\Local\Temp\ccP3nyhx.s:1375   .text.HAL_RTCEx_Tamper1EventCallback:00000000 $t
C:\Users\admin\AppData\Local\Temp\ccP3nyhx.s:1381   .text.HAL_RTCEx_Tamper1EventCallback:00000000 HAL_RTCEx_Tamper1EventCallback
C:\Users\admin\AppData\Local\Temp\ccP3nyhx.s:1396   .text.HAL_RTCEx_Tamper2EventCallback:00000000 $t
C:\Users\admin\AppData\Local\Temp\ccP3nyhx.s:1402   .text.HAL_RTCEx_Tamper2EventCallback:00000000 HAL_RTCEx_Tamper2EventCallback
C:\Users\admin\AppData\Local\Temp\ccP3nyhx.s:1417   .text.HAL_RTCEx_Tamper3EventCallback:00000000 $t
C:\Users\admin\AppData\Local\Temp\ccP3nyhx.s:1423   .text.HAL_RTCEx_Tamper3EventCallback:00000000 HAL_RTCEx_Tamper3EventCallback
C:\Users\admin\AppData\Local\Temp\ccP3nyhx.s:1438   .text.HAL_RTCEx_TamperTimeStampIRQHandler:00000000 $t
C:\Users\admin\AppData\Local\Temp\ccP3nyhx.s:1444   .text.HAL_RTCEx_TamperTimeStampIRQHandler:00000000 HAL_RTCEx_TamperTimeStampIRQHandler
C:\Users\admin\AppData\Local\Temp\ccP3nyhx.s:1579   .text.HAL_RTCEx_TamperTimeStampIRQHandler:000000b4 $d
C:\Users\admin\AppData\Local\Temp\ccP3nyhx.s:1586   .text.HAL_RTCEx_PollForTimeStampEvent:00000000 $t
C:\Users\admin\AppData\Local\Temp\ccP3nyhx.s:1592   .text.HAL_RTCEx_PollForTimeStampEvent:00000000 HAL_RTCEx_PollForTimeStampEvent
C:\Users\admin\AppData\Local\Temp\ccP3nyhx.s:1685   .text.HAL_RTCEx_PollForTamper1Event:00000000 $t
C:\Users\admin\AppData\Local\Temp\ccP3nyhx.s:1691   .text.HAL_RTCEx_PollForTamper1Event:00000000 HAL_RTCEx_PollForTamper1Event
C:\Users\admin\AppData\Local\Temp\ccP3nyhx.s:1769   .text.HAL_RTCEx_PollForTamper2Event:00000000 $t
C:\Users\admin\AppData\Local\Temp\ccP3nyhx.s:1775   .text.HAL_RTCEx_PollForTamper2Event:00000000 HAL_RTCEx_PollForTamper2Event
C:\Users\admin\AppData\Local\Temp\ccP3nyhx.s:1853   .text.HAL_RTCEx_PollForTamper3Event:00000000 $t
C:\Users\admin\AppData\Local\Temp\ccP3nyhx.s:1859   .text.HAL_RTCEx_PollForTamper3Event:00000000 HAL_RTCEx_PollForTamper3Event
C:\Users\admin\AppData\Local\Temp\ccP3nyhx.s:1940   .text.HAL_RTCEx_SetWakeUpTimer:00000000 $t
C:\Users\admin\AppData\Local\Temp\ccP3nyhx.s:1946   .text.HAL_RTCEx_SetWakeUpTimer:00000000 HAL_RTCEx_SetWakeUpTimer
C:\Users\admin\AppData\Local\Temp\ccP3nyhx.s:2111   .text.HAL_RTCEx_SetWakeUpTimer:0000009c $d
C:\Users\admin\AppData\Local\Temp\ccP3nyhx.s:2116   .text.HAL_RTCEx_SetWakeUpTimer_IT:00000000 $t
C:\Users\admin\AppData\Local\Temp\ccP3nyhx.s:2122   .text.HAL_RTCEx_SetWakeUpTimer_IT:00000000 HAL_RTCEx_SetWakeUpTimer_IT
C:\Users\admin\AppData\Local\Temp\ccP3nyhx.s:2304   .text.HAL_RTCEx_SetWakeUpTimer_IT:000000c0 $d
C:\Users\admin\AppData\Local\Temp\ccP3nyhx.s:2309   .text.HAL_RTCEx_DeactivateWakeUpTimer:00000000 $t
C:\Users\admin\AppData\Local\Temp\ccP3nyhx.s:2315   .text.HAL_RTCEx_DeactivateWakeUpTimer:00000000 HAL_RTCEx_DeactivateWakeUpTimer
C:\Users\admin\AppData\Local\Temp\ccP3nyhx.s:2439   .text.HAL_RTCEx_GetWakeUpTimer:00000000 $t
C:\Users\admin\AppData\Local\Temp\ccP3nyhx.s:2445   .text.HAL_RTCEx_GetWakeUpTimer:00000000 HAL_RTCEx_GetWakeUpTimer
C:\Users\admin\AppData\Local\Temp\ccP3nyhx.s:2466   .text.HAL_RTCEx_WakeUpTimerEventCallback:00000000 $t
C:\Users\admin\AppData\Local\Temp\ccP3nyhx.s:2472   .text.HAL_RTCEx_WakeUpTimerEventCallback:00000000 HAL_RTCEx_WakeUpTimerEventCallback
C:\Users\admin\AppData\Local\Temp\ccP3nyhx.s:2487   .text.HAL_RTCEx_WakeUpTimerIRQHandler:00000000 $t
ARM GAS  C:\Users\admin\AppData\Local\Temp\ccP3nyhx.s 			page 122


C:\Users\admin\AppData\Local\Temp\ccP3nyhx.s:2493   .text.HAL_RTCEx_WakeUpTimerIRQHandler:00000000 HAL_RTCEx_WakeUpTimerIRQHandler
C:\Users\admin\AppData\Local\Temp\ccP3nyhx.s:2542   .text.HAL_RTCEx_PollForWakeUpTimerEvent:00000000 $t
C:\Users\admin\AppData\Local\Temp\ccP3nyhx.s:2548   .text.HAL_RTCEx_PollForWakeUpTimerEvent:00000000 HAL_RTCEx_PollForWakeUpTimerEvent
C:\Users\admin\AppData\Local\Temp\ccP3nyhx.s:2626   .text.HAL_RTCEx_BKUPWrite:00000000 $t
C:\Users\admin\AppData\Local\Temp\ccP3nyhx.s:2632   .text.HAL_RTCEx_BKUPWrite:00000000 HAL_RTCEx_BKUPWrite
C:\Users\admin\AppData\Local\Temp\ccP3nyhx.s:2658   .text.HAL_RTCEx_BKUPRead:00000000 $t
C:\Users\admin\AppData\Local\Temp\ccP3nyhx.s:2664   .text.HAL_RTCEx_BKUPRead:00000000 HAL_RTCEx_BKUPRead
C:\Users\admin\AppData\Local\Temp\ccP3nyhx.s:2691   .text.HAL_RTCEx_SetSmoothCalib:00000000 $t
C:\Users\admin\AppData\Local\Temp\ccP3nyhx.s:2697   .text.HAL_RTCEx_SetSmoothCalib:00000000 HAL_RTCEx_SetSmoothCalib
C:\Users\admin\AppData\Local\Temp\ccP3nyhx.s:2848   .text.HAL_RTCEx_SetSmoothCalib:00000094 $d
C:\Users\admin\AppData\Local\Temp\ccP3nyhx.s:2853   .text.HAL_RTCEx_SetSynchroShift:00000000 $t
C:\Users\admin\AppData\Local\Temp\ccP3nyhx.s:2859   .text.HAL_RTCEx_SetSynchroShift:00000000 HAL_RTCEx_SetSynchroShift
C:\Users\admin\AppData\Local\Temp\ccP3nyhx.s:3061   .text.HAL_RTCEx_SetCalibrationOutPut:00000000 $t
C:\Users\admin\AppData\Local\Temp\ccP3nyhx.s:3067   .text.HAL_RTCEx_SetCalibrationOutPut:00000000 HAL_RTCEx_SetCalibrationOutPut
C:\Users\admin\AppData\Local\Temp\ccP3nyhx.s:3160   .text.HAL_RTCEx_DeactivateCalibrationOutPut:00000000 $t
C:\Users\admin\AppData\Local\Temp\ccP3nyhx.s:3166   .text.HAL_RTCEx_DeactivateCalibrationOutPut:00000000 HAL_RTCEx_DeactivateCalibrationOutPut
C:\Users\admin\AppData\Local\Temp\ccP3nyhx.s:3233   .text.HAL_RTCEx_SetRefClock:00000000 $t
C:\Users\admin\AppData\Local\Temp\ccP3nyhx.s:3239   .text.HAL_RTCEx_SetRefClock:00000000 HAL_RTCEx_SetRefClock
C:\Users\admin\AppData\Local\Temp\ccP3nyhx.s:3344   .text.HAL_RTCEx_DeactivateRefClock:00000000 $t
C:\Users\admin\AppData\Local\Temp\ccP3nyhx.s:3350   .text.HAL_RTCEx_DeactivateRefClock:00000000 HAL_RTCEx_DeactivateRefClock
C:\Users\admin\AppData\Local\Temp\ccP3nyhx.s:3455   .text.HAL_RTCEx_EnableBypassShadow:00000000 $t
C:\Users\admin\AppData\Local\Temp\ccP3nyhx.s:3461   .text.HAL_RTCEx_EnableBypassShadow:00000000 HAL_RTCEx_EnableBypassShadow
C:\Users\admin\AppData\Local\Temp\ccP3nyhx.s:3530   .text.HAL_RTCEx_DisableBypassShadow:00000000 $t
C:\Users\admin\AppData\Local\Temp\ccP3nyhx.s:3536   .text.HAL_RTCEx_DisableBypassShadow:00000000 HAL_RTCEx_DisableBypassShadow
C:\Users\admin\AppData\Local\Temp\ccP3nyhx.s:3605   .text.HAL_RTCEx_AlarmBEventCallback:00000000 $t
C:\Users\admin\AppData\Local\Temp\ccP3nyhx.s:3611   .text.HAL_RTCEx_AlarmBEventCallback:00000000 HAL_RTCEx_AlarmBEventCallback
C:\Users\admin\AppData\Local\Temp\ccP3nyhx.s:3626   .text.HAL_RTCEx_PollForAlarmBEvent:00000000 $t
C:\Users\admin\AppData\Local\Temp\ccP3nyhx.s:3632   .text.HAL_RTCEx_PollForAlarmBEvent:00000000 HAL_RTCEx_PollForAlarmBEvent

UNDEFINED SYMBOLS
RTC_Bcd2ToByte
HAL_GetTick
HAL_RTC_WaitForSynchro
RTC_EnterInitMode
RTC_ExitInitMode
