ARM GAS  C:\Users\admin\AppData\Local\Temp\ccmcZp0j.s 			page 1


   1              		.cpu cortex-m7
   2              		.arch armv7e-m
   3              		.fpu fpv5-d16
   4              		.eabi_attribute 28, 1
   5              		.eabi_attribute 20, 1
   6              		.eabi_attribute 21, 1
   7              		.eabi_attribute 23, 3
   8              		.eabi_attribute 24, 1
   9              		.eabi_attribute 25, 1
  10              		.eabi_attribute 26, 1
  11              		.eabi_attribute 30, 1
  12              		.eabi_attribute 34, 1
  13              		.eabi_attribute 18, 4
  14              		.file	"stm32h7xx_hal_msp.c"
  15              		.text
  16              	.Ltext0:
  17              		.cfi_sections	.debug_frame
  18              		.section	.text.HAL_MspInit,"ax",%progbits
  19              		.align	1
  20              		.global	HAL_MspInit
  21              		.syntax unified
  22              		.thumb
  23              		.thumb_func
  25              	HAL_MspInit:
  26              	.LFB144:
  27              		.file 1 "Core/Src/stm32h7xx_hal_msp.c"
   1:Core/Src/stm32h7xx_hal_msp.c **** /* USER CODE BEGIN Header */
   2:Core/Src/stm32h7xx_hal_msp.c **** /**
   3:Core/Src/stm32h7xx_hal_msp.c ****   ******************************************************************************
   4:Core/Src/stm32h7xx_hal_msp.c ****   * @file         stm32h7xx_hal_msp.c
   5:Core/Src/stm32h7xx_hal_msp.c ****   * @brief        This file provides code for the MSP Initialization
   6:Core/Src/stm32h7xx_hal_msp.c ****   *               and de-Initialization codes.
   7:Core/Src/stm32h7xx_hal_msp.c ****   ******************************************************************************
   8:Core/Src/stm32h7xx_hal_msp.c ****   * @attention
   9:Core/Src/stm32h7xx_hal_msp.c ****   *
  10:Core/Src/stm32h7xx_hal_msp.c ****   * Copyright (c) 2025 STMicroelectronics.
  11:Core/Src/stm32h7xx_hal_msp.c ****   * All rights reserved.
  12:Core/Src/stm32h7xx_hal_msp.c ****   *
  13:Core/Src/stm32h7xx_hal_msp.c ****   * This software is licensed under terms that can be found in the LICENSE file
  14:Core/Src/stm32h7xx_hal_msp.c ****   * in the root directory of this software component.
  15:Core/Src/stm32h7xx_hal_msp.c ****   * If no LICENSE file comes with this software, it is provided AS-IS.
  16:Core/Src/stm32h7xx_hal_msp.c ****   *
  17:Core/Src/stm32h7xx_hal_msp.c ****   ******************************************************************************
  18:Core/Src/stm32h7xx_hal_msp.c ****   */
  19:Core/Src/stm32h7xx_hal_msp.c **** /* USER CODE END Header */
  20:Core/Src/stm32h7xx_hal_msp.c **** 
  21:Core/Src/stm32h7xx_hal_msp.c **** /* Includes ------------------------------------------------------------------*/
  22:Core/Src/stm32h7xx_hal_msp.c **** #include "main.h"
  23:Core/Src/stm32h7xx_hal_msp.c **** /* USER CODE BEGIN Includes */
  24:Core/Src/stm32h7xx_hal_msp.c **** 
  25:Core/Src/stm32h7xx_hal_msp.c **** /* USER CODE END Includes */
  26:Core/Src/stm32h7xx_hal_msp.c **** extern DMA_HandleTypeDef hdma_dcmi;
  27:Core/Src/stm32h7xx_hal_msp.c **** 
  28:Core/Src/stm32h7xx_hal_msp.c **** /* Private typedef -----------------------------------------------------------*/
  29:Core/Src/stm32h7xx_hal_msp.c **** /* USER CODE BEGIN TD */
  30:Core/Src/stm32h7xx_hal_msp.c **** 
  31:Core/Src/stm32h7xx_hal_msp.c **** /* USER CODE END TD */
ARM GAS  C:\Users\admin\AppData\Local\Temp\ccmcZp0j.s 			page 2


  32:Core/Src/stm32h7xx_hal_msp.c **** 
  33:Core/Src/stm32h7xx_hal_msp.c **** /* Private define ------------------------------------------------------------*/
  34:Core/Src/stm32h7xx_hal_msp.c **** /* USER CODE BEGIN Define */
  35:Core/Src/stm32h7xx_hal_msp.c **** 
  36:Core/Src/stm32h7xx_hal_msp.c **** /* USER CODE END Define */
  37:Core/Src/stm32h7xx_hal_msp.c **** 
  38:Core/Src/stm32h7xx_hal_msp.c **** /* Private macro -------------------------------------------------------------*/
  39:Core/Src/stm32h7xx_hal_msp.c **** /* USER CODE BEGIN Macro */
  40:Core/Src/stm32h7xx_hal_msp.c **** 
  41:Core/Src/stm32h7xx_hal_msp.c **** /* USER CODE END Macro */
  42:Core/Src/stm32h7xx_hal_msp.c **** 
  43:Core/Src/stm32h7xx_hal_msp.c **** /* Private variables ---------------------------------------------------------*/
  44:Core/Src/stm32h7xx_hal_msp.c **** /* USER CODE BEGIN PV */
  45:Core/Src/stm32h7xx_hal_msp.c **** 
  46:Core/Src/stm32h7xx_hal_msp.c **** /* USER CODE END PV */
  47:Core/Src/stm32h7xx_hal_msp.c **** 
  48:Core/Src/stm32h7xx_hal_msp.c **** /* Private function prototypes -----------------------------------------------*/
  49:Core/Src/stm32h7xx_hal_msp.c **** /* USER CODE BEGIN PFP */
  50:Core/Src/stm32h7xx_hal_msp.c **** 
  51:Core/Src/stm32h7xx_hal_msp.c **** /* USER CODE END PFP */
  52:Core/Src/stm32h7xx_hal_msp.c **** 
  53:Core/Src/stm32h7xx_hal_msp.c **** /* External functions --------------------------------------------------------*/
  54:Core/Src/stm32h7xx_hal_msp.c **** /* USER CODE BEGIN ExternalFunctions */
  55:Core/Src/stm32h7xx_hal_msp.c **** 
  56:Core/Src/stm32h7xx_hal_msp.c **** /* USER CODE END ExternalFunctions */
  57:Core/Src/stm32h7xx_hal_msp.c **** 
  58:Core/Src/stm32h7xx_hal_msp.c **** /* USER CODE BEGIN 0 */
  59:Core/Src/stm32h7xx_hal_msp.c **** 
  60:Core/Src/stm32h7xx_hal_msp.c **** /* USER CODE END 0 */
  61:Core/Src/stm32h7xx_hal_msp.c **** /**
  62:Core/Src/stm32h7xx_hal_msp.c ****   * Initializes the Global MSP.
  63:Core/Src/stm32h7xx_hal_msp.c ****   */
  64:Core/Src/stm32h7xx_hal_msp.c **** void HAL_MspInit(void)
  65:Core/Src/stm32h7xx_hal_msp.c **** {
  28              		.loc 1 65 1 view -0
  29              		.cfi_startproc
  30              		@ args = 0, pretend = 0, frame = 8
  31              		@ frame_needed = 0, uses_anonymous_args = 0
  32 0000 00B5     		push	{lr}
  33              	.LCFI0:
  34              		.cfi_def_cfa_offset 4
  35              		.cfi_offset 14, -4
  36 0002 83B0     		sub	sp, sp, #12
  37              	.LCFI1:
  38              		.cfi_def_cfa_offset 16
  66:Core/Src/stm32h7xx_hal_msp.c **** 
  67:Core/Src/stm32h7xx_hal_msp.c ****   /* USER CODE BEGIN MspInit 0 */
  68:Core/Src/stm32h7xx_hal_msp.c **** 
  69:Core/Src/stm32h7xx_hal_msp.c ****   /* USER CODE END MspInit 0 */
  70:Core/Src/stm32h7xx_hal_msp.c **** 
  71:Core/Src/stm32h7xx_hal_msp.c ****   __HAL_RCC_SYSCFG_CLK_ENABLE();
  39              		.loc 1 71 3 view .LVU1
  40              	.LBB2:
  41              		.loc 1 71 3 view .LVU2
  42              		.loc 1 71 3 view .LVU3
  43 0004 0A4B     		ldr	r3, .L3
  44 0006 D3F8F420 		ldr	r2, [r3, #244]
ARM GAS  C:\Users\admin\AppData\Local\Temp\ccmcZp0j.s 			page 3


  45 000a 42F00202 		orr	r2, r2, #2
  46 000e C3F8F420 		str	r2, [r3, #244]
  47              		.loc 1 71 3 view .LVU4
  48 0012 D3F8F430 		ldr	r3, [r3, #244]
  49 0016 03F00203 		and	r3, r3, #2
  50 001a 0193     		str	r3, [sp, #4]
  51              		.loc 1 71 3 view .LVU5
  52 001c 019B     		ldr	r3, [sp, #4]
  53              	.LBE2:
  54              		.loc 1 71 3 view .LVU6
  72:Core/Src/stm32h7xx_hal_msp.c **** 
  73:Core/Src/stm32h7xx_hal_msp.c ****   /* System interrupt init*/
  74:Core/Src/stm32h7xx_hal_msp.c ****   /* PendSV_IRQn interrupt configuration */
  75:Core/Src/stm32h7xx_hal_msp.c ****   HAL_NVIC_SetPriority(PendSV_IRQn, 15, 0);
  55              		.loc 1 75 3 view .LVU7
  56 001e 0022     		movs	r2, #0
  57 0020 0F21     		movs	r1, #15
  58 0022 6FF00100 		mvn	r0, #1
  59 0026 FFF7FEFF 		bl	HAL_NVIC_SetPriority
  60              	.LVL0:
  76:Core/Src/stm32h7xx_hal_msp.c **** 
  77:Core/Src/stm32h7xx_hal_msp.c ****   /* USER CODE BEGIN MspInit 1 */
  78:Core/Src/stm32h7xx_hal_msp.c **** 
  79:Core/Src/stm32h7xx_hal_msp.c ****   /* USER CODE END MspInit 1 */
  80:Core/Src/stm32h7xx_hal_msp.c **** }
  61              		.loc 1 80 1 is_stmt 0 view .LVU8
  62 002a 03B0     		add	sp, sp, #12
  63              	.LCFI2:
  64              		.cfi_def_cfa_offset 4
  65              		@ sp needed
  66 002c 5DF804FB 		ldr	pc, [sp], #4
  67              	.L4:
  68              		.align	2
  69              	.L3:
  70 0030 00440258 		.word	1476543488
  71              		.cfi_endproc
  72              	.LFE144:
  74              		.section	.text.HAL_DCMI_MspInit,"ax",%progbits
  75              		.align	1
  76              		.global	HAL_DCMI_MspInit
  77              		.syntax unified
  78              		.thumb
  79              		.thumb_func
  81              	HAL_DCMI_MspInit:
  82              	.LVL1:
  83              	.LFB145:
  81:Core/Src/stm32h7xx_hal_msp.c **** 
  82:Core/Src/stm32h7xx_hal_msp.c **** /**
  83:Core/Src/stm32h7xx_hal_msp.c ****   * @brief DCMI MSP Initialization
  84:Core/Src/stm32h7xx_hal_msp.c ****   * This function configures the hardware resources used in this example
  85:Core/Src/stm32h7xx_hal_msp.c ****   * @param hdcmi: DCMI handle pointer
  86:Core/Src/stm32h7xx_hal_msp.c ****   * @retval None
  87:Core/Src/stm32h7xx_hal_msp.c ****   */
  88:Core/Src/stm32h7xx_hal_msp.c **** void HAL_DCMI_MspInit(DCMI_HandleTypeDef* hdcmi)
  89:Core/Src/stm32h7xx_hal_msp.c **** {
  84              		.loc 1 89 1 is_stmt 1 view -0
  85              		.cfi_startproc
ARM GAS  C:\Users\admin\AppData\Local\Temp\ccmcZp0j.s 			page 4


  86              		@ args = 0, pretend = 0, frame = 48
  87              		@ frame_needed = 0, uses_anonymous_args = 0
  88              		.loc 1 89 1 is_stmt 0 view .LVU10
  89 0000 2DE9F041 		push	{r4, r5, r6, r7, r8, lr}
  90              	.LCFI3:
  91              		.cfi_def_cfa_offset 24
  92              		.cfi_offset 4, -24
  93              		.cfi_offset 5, -20
  94              		.cfi_offset 6, -16
  95              		.cfi_offset 7, -12
  96              		.cfi_offset 8, -8
  97              		.cfi_offset 14, -4
  98 0004 8CB0     		sub	sp, sp, #48
  99              	.LCFI4:
 100              		.cfi_def_cfa_offset 72
  90:Core/Src/stm32h7xx_hal_msp.c ****   GPIO_InitTypeDef GPIO_InitStruct = {0};
 101              		.loc 1 90 3 is_stmt 1 view .LVU11
 102              		.loc 1 90 20 is_stmt 0 view .LVU12
 103 0006 0023     		movs	r3, #0
 104 0008 0793     		str	r3, [sp, #28]
 105 000a 0893     		str	r3, [sp, #32]
 106 000c 0993     		str	r3, [sp, #36]
 107 000e 0A93     		str	r3, [sp, #40]
 108 0010 0B93     		str	r3, [sp, #44]
  91:Core/Src/stm32h7xx_hal_msp.c ****   if(hdcmi->Instance==DCMI)
 109              		.loc 1 91 3 is_stmt 1 view .LVU13
 110              		.loc 1 91 11 is_stmt 0 view .LVU14
 111 0012 0268     		ldr	r2, [r0]
 112              		.loc 1 91 5 view .LVU15
 113 0014 504B     		ldr	r3, .L11
 114 0016 9A42     		cmp	r2, r3
 115 0018 02D0     		beq	.L9
 116              	.LVL2:
 117              	.L5:
  92:Core/Src/stm32h7xx_hal_msp.c ****   {
  93:Core/Src/stm32h7xx_hal_msp.c ****     /* USER CODE BEGIN DCMI_MspInit 0 */
  94:Core/Src/stm32h7xx_hal_msp.c **** 
  95:Core/Src/stm32h7xx_hal_msp.c ****     /* USER CODE END DCMI_MspInit 0 */
  96:Core/Src/stm32h7xx_hal_msp.c ****     /* Peripheral clock enable */
  97:Core/Src/stm32h7xx_hal_msp.c ****     __HAL_RCC_DCMI_CLK_ENABLE();
  98:Core/Src/stm32h7xx_hal_msp.c **** 
  99:Core/Src/stm32h7xx_hal_msp.c ****     __HAL_RCC_GPIOI_CLK_ENABLE();
 100:Core/Src/stm32h7xx_hal_msp.c ****     __HAL_RCC_GPIOG_CLK_ENABLE();
 101:Core/Src/stm32h7xx_hal_msp.c ****     __HAL_RCC_GPIOE_CLK_ENABLE();
 102:Core/Src/stm32h7xx_hal_msp.c ****     __HAL_RCC_GPIOH_CLK_ENABLE();
 103:Core/Src/stm32h7xx_hal_msp.c ****     __HAL_RCC_GPIOA_CLK_ENABLE();
 104:Core/Src/stm32h7xx_hal_msp.c ****     /**DCMI GPIO Configuration
 105:Core/Src/stm32h7xx_hal_msp.c ****     PI6     ------> DCMI_D6
 106:Core/Src/stm32h7xx_hal_msp.c ****     PI5     ------> DCMI_VSYNC
 107:Core/Src/stm32h7xx_hal_msp.c ****     PI4     ------> DCMI_D5
 108:Core/Src/stm32h7xx_hal_msp.c ****     PG10     ------> DCMI_D2
 109:Core/Src/stm32h7xx_hal_msp.c ****     PI7     ------> DCMI_D7
 110:Core/Src/stm32h7xx_hal_msp.c ****     PE1     ------> DCMI_D3
 111:Core/Src/stm32h7xx_hal_msp.c ****     PH14     ------> DCMI_D4
 112:Core/Src/stm32h7xx_hal_msp.c ****     PA10     ------> DCMI_D1
 113:Core/Src/stm32h7xx_hal_msp.c ****     PA9     ------> DCMI_D0
 114:Core/Src/stm32h7xx_hal_msp.c ****     PA6     ------> DCMI_PIXCLK
ARM GAS  C:\Users\admin\AppData\Local\Temp\ccmcZp0j.s 			page 5


 115:Core/Src/stm32h7xx_hal_msp.c ****     PH8     ------> DCMI_HSYNC
 116:Core/Src/stm32h7xx_hal_msp.c ****     */
 117:Core/Src/stm32h7xx_hal_msp.c ****     GPIO_InitStruct.Pin = CAM_D6_Pin|CAM_VSYNC_Pin|CAM_D5_Pin|CAM_D7_Pin;
 118:Core/Src/stm32h7xx_hal_msp.c ****     GPIO_InitStruct.Mode = GPIO_MODE_AF_PP;
 119:Core/Src/stm32h7xx_hal_msp.c ****     GPIO_InitStruct.Pull = GPIO_NOPULL;
 120:Core/Src/stm32h7xx_hal_msp.c ****     GPIO_InitStruct.Speed = GPIO_SPEED_FREQ_LOW;
 121:Core/Src/stm32h7xx_hal_msp.c ****     GPIO_InitStruct.Alternate = GPIO_AF13_DCMI;
 122:Core/Src/stm32h7xx_hal_msp.c ****     HAL_GPIO_Init(GPIOI, &GPIO_InitStruct);
 123:Core/Src/stm32h7xx_hal_msp.c **** 
 124:Core/Src/stm32h7xx_hal_msp.c ****     GPIO_InitStruct.Pin = CAM_D2_Pin;
 125:Core/Src/stm32h7xx_hal_msp.c ****     GPIO_InitStruct.Mode = GPIO_MODE_AF_PP;
 126:Core/Src/stm32h7xx_hal_msp.c ****     GPIO_InitStruct.Pull = GPIO_NOPULL;
 127:Core/Src/stm32h7xx_hal_msp.c ****     GPIO_InitStruct.Speed = GPIO_SPEED_FREQ_LOW;
 128:Core/Src/stm32h7xx_hal_msp.c ****     GPIO_InitStruct.Alternate = GPIO_AF13_DCMI;
 129:Core/Src/stm32h7xx_hal_msp.c ****     HAL_GPIO_Init(CAM_D2_GPIO_Port, &GPIO_InitStruct);
 130:Core/Src/stm32h7xx_hal_msp.c **** 
 131:Core/Src/stm32h7xx_hal_msp.c ****     GPIO_InitStruct.Pin = CAM_D3_Pin;
 132:Core/Src/stm32h7xx_hal_msp.c ****     GPIO_InitStruct.Mode = GPIO_MODE_AF_PP;
 133:Core/Src/stm32h7xx_hal_msp.c ****     GPIO_InitStruct.Pull = GPIO_NOPULL;
 134:Core/Src/stm32h7xx_hal_msp.c ****     GPIO_InitStruct.Speed = GPIO_SPEED_FREQ_LOW;
 135:Core/Src/stm32h7xx_hal_msp.c ****     GPIO_InitStruct.Alternate = GPIO_AF13_DCMI;
 136:Core/Src/stm32h7xx_hal_msp.c ****     HAL_GPIO_Init(CAM_D3_GPIO_Port, &GPIO_InitStruct);
 137:Core/Src/stm32h7xx_hal_msp.c **** 
 138:Core/Src/stm32h7xx_hal_msp.c ****     GPIO_InitStruct.Pin = GPIO_PIN_14|CQAM_HRFF_Pin;
 139:Core/Src/stm32h7xx_hal_msp.c ****     GPIO_InitStruct.Mode = GPIO_MODE_AF_PP;
 140:Core/Src/stm32h7xx_hal_msp.c ****     GPIO_InitStruct.Pull = GPIO_NOPULL;
 141:Core/Src/stm32h7xx_hal_msp.c ****     GPIO_InitStruct.Speed = GPIO_SPEED_FREQ_LOW;
 142:Core/Src/stm32h7xx_hal_msp.c ****     GPIO_InitStruct.Alternate = GPIO_AF13_DCMI;
 143:Core/Src/stm32h7xx_hal_msp.c ****     HAL_GPIO_Init(GPIOH, &GPIO_InitStruct);
 144:Core/Src/stm32h7xx_hal_msp.c **** 
 145:Core/Src/stm32h7xx_hal_msp.c ****     GPIO_InitStruct.Pin = CAM_D1_Pin|CAM_D0_Pin|CAM_DCLK_Pin;
 146:Core/Src/stm32h7xx_hal_msp.c ****     GPIO_InitStruct.Mode = GPIO_MODE_AF_PP;
 147:Core/Src/stm32h7xx_hal_msp.c ****     GPIO_InitStruct.Pull = GPIO_NOPULL;
 148:Core/Src/stm32h7xx_hal_msp.c ****     GPIO_InitStruct.Speed = GPIO_SPEED_FREQ_LOW;
 149:Core/Src/stm32h7xx_hal_msp.c ****     GPIO_InitStruct.Alternate = GPIO_AF13_DCMI;
 150:Core/Src/stm32h7xx_hal_msp.c ****     HAL_GPIO_Init(GPIOA, &GPIO_InitStruct);
 151:Core/Src/stm32h7xx_hal_msp.c **** 
 152:Core/Src/stm32h7xx_hal_msp.c ****     /* DCMI DMA Init */
 153:Core/Src/stm32h7xx_hal_msp.c ****     /* DCMI Init */
 154:Core/Src/stm32h7xx_hal_msp.c ****     hdma_dcmi.Instance = DMA1_Stream0;
 155:Core/Src/stm32h7xx_hal_msp.c ****     hdma_dcmi.Init.Request = DMA_REQUEST_DCMI;
 156:Core/Src/stm32h7xx_hal_msp.c ****     hdma_dcmi.Init.Direction = DMA_PERIPH_TO_MEMORY;
 157:Core/Src/stm32h7xx_hal_msp.c ****     hdma_dcmi.Init.PeriphInc = DMA_PINC_DISABLE;
 158:Core/Src/stm32h7xx_hal_msp.c ****     hdma_dcmi.Init.MemInc = DMA_MINC_ENABLE;
 159:Core/Src/stm32h7xx_hal_msp.c ****     hdma_dcmi.Init.PeriphDataAlignment = DMA_PDATAALIGN_WORD;
 160:Core/Src/stm32h7xx_hal_msp.c ****     hdma_dcmi.Init.MemDataAlignment = DMA_MDATAALIGN_WORD;
 161:Core/Src/stm32h7xx_hal_msp.c ****     hdma_dcmi.Init.Mode = DMA_NORMAL;
 162:Core/Src/stm32h7xx_hal_msp.c ****     hdma_dcmi.Init.Priority = DMA_PRIORITY_LOW;
 163:Core/Src/stm32h7xx_hal_msp.c ****     hdma_dcmi.Init.FIFOMode = DMA_FIFOMODE_DISABLE;
 164:Core/Src/stm32h7xx_hal_msp.c ****     if (HAL_DMA_Init(&hdma_dcmi) != HAL_OK)
 165:Core/Src/stm32h7xx_hal_msp.c ****     {
 166:Core/Src/stm32h7xx_hal_msp.c ****       Error_Handler();
 167:Core/Src/stm32h7xx_hal_msp.c ****     }
 168:Core/Src/stm32h7xx_hal_msp.c **** 
 169:Core/Src/stm32h7xx_hal_msp.c ****     __HAL_LINKDMA(hdcmi,DMA_Handle,hdma_dcmi);
 170:Core/Src/stm32h7xx_hal_msp.c **** 
 171:Core/Src/stm32h7xx_hal_msp.c ****     /* USER CODE BEGIN DCMI_MspInit 1 */
ARM GAS  C:\Users\admin\AppData\Local\Temp\ccmcZp0j.s 			page 6


 172:Core/Src/stm32h7xx_hal_msp.c **** 
 173:Core/Src/stm32h7xx_hal_msp.c ****     /* USER CODE END DCMI_MspInit 1 */
 174:Core/Src/stm32h7xx_hal_msp.c **** 
 175:Core/Src/stm32h7xx_hal_msp.c ****   }
 176:Core/Src/stm32h7xx_hal_msp.c **** 
 177:Core/Src/stm32h7xx_hal_msp.c **** }
 118              		.loc 1 177 1 view .LVU16
 119 001a 0CB0     		add	sp, sp, #48
 120              	.LCFI5:
 121              		.cfi_remember_state
 122              		.cfi_def_cfa_offset 24
 123              		@ sp needed
 124 001c BDE8F081 		pop	{r4, r5, r6, r7, r8, pc}
 125              	.LVL3:
 126              	.L9:
 127              	.LCFI6:
 128              		.cfi_restore_state
 129              		.loc 1 177 1 view .LVU17
 130 0020 0446     		mov	r4, r0
  97:Core/Src/stm32h7xx_hal_msp.c **** 
 131              		.loc 1 97 5 is_stmt 1 view .LVU18
 132              	.LBB3:
  97:Core/Src/stm32h7xx_hal_msp.c **** 
 133              		.loc 1 97 5 view .LVU19
  97:Core/Src/stm32h7xx_hal_msp.c **** 
 134              		.loc 1 97 5 view .LVU20
 135 0022 4E4B     		ldr	r3, .L11+4
 136 0024 D3F8DC20 		ldr	r2, [r3, #220]
 137 0028 42F00102 		orr	r2, r2, #1
 138 002c C3F8DC20 		str	r2, [r3, #220]
  97:Core/Src/stm32h7xx_hal_msp.c **** 
 139              		.loc 1 97 5 view .LVU21
 140 0030 D3F8DC20 		ldr	r2, [r3, #220]
 141 0034 02F00102 		and	r2, r2, #1
 142 0038 0192     		str	r2, [sp, #4]
  97:Core/Src/stm32h7xx_hal_msp.c **** 
 143              		.loc 1 97 5 view .LVU22
 144 003a 019A     		ldr	r2, [sp, #4]
 145              	.LBE3:
  97:Core/Src/stm32h7xx_hal_msp.c **** 
 146              		.loc 1 97 5 view .LVU23
  99:Core/Src/stm32h7xx_hal_msp.c ****     __HAL_RCC_GPIOG_CLK_ENABLE();
 147              		.loc 1 99 5 view .LVU24
 148              	.LBB4:
  99:Core/Src/stm32h7xx_hal_msp.c ****     __HAL_RCC_GPIOG_CLK_ENABLE();
 149              		.loc 1 99 5 view .LVU25
  99:Core/Src/stm32h7xx_hal_msp.c ****     __HAL_RCC_GPIOG_CLK_ENABLE();
 150              		.loc 1 99 5 view .LVU26
 151 003c D3F8E020 		ldr	r2, [r3, #224]
 152 0040 42F48072 		orr	r2, r2, #256
 153 0044 C3F8E020 		str	r2, [r3, #224]
  99:Core/Src/stm32h7xx_hal_msp.c ****     __HAL_RCC_GPIOG_CLK_ENABLE();
 154              		.loc 1 99 5 view .LVU27
 155 0048 D3F8E020 		ldr	r2, [r3, #224]
 156 004c 02F48072 		and	r2, r2, #256
 157 0050 0292     		str	r2, [sp, #8]
  99:Core/Src/stm32h7xx_hal_msp.c ****     __HAL_RCC_GPIOG_CLK_ENABLE();
ARM GAS  C:\Users\admin\AppData\Local\Temp\ccmcZp0j.s 			page 7


 158              		.loc 1 99 5 view .LVU28
 159 0052 029A     		ldr	r2, [sp, #8]
 160              	.LBE4:
  99:Core/Src/stm32h7xx_hal_msp.c ****     __HAL_RCC_GPIOG_CLK_ENABLE();
 161              		.loc 1 99 5 view .LVU29
 100:Core/Src/stm32h7xx_hal_msp.c ****     __HAL_RCC_GPIOE_CLK_ENABLE();
 162              		.loc 1 100 5 view .LVU30
 163              	.LBB5:
 100:Core/Src/stm32h7xx_hal_msp.c ****     __HAL_RCC_GPIOE_CLK_ENABLE();
 164              		.loc 1 100 5 view .LVU31
 100:Core/Src/stm32h7xx_hal_msp.c ****     __HAL_RCC_GPIOE_CLK_ENABLE();
 165              		.loc 1 100 5 view .LVU32
 166 0054 D3F8E020 		ldr	r2, [r3, #224]
 167 0058 42F04002 		orr	r2, r2, #64
 168 005c C3F8E020 		str	r2, [r3, #224]
 100:Core/Src/stm32h7xx_hal_msp.c ****     __HAL_RCC_GPIOE_CLK_ENABLE();
 169              		.loc 1 100 5 view .LVU33
 170 0060 D3F8E020 		ldr	r2, [r3, #224]
 171 0064 02F04002 		and	r2, r2, #64
 172 0068 0392     		str	r2, [sp, #12]
 100:Core/Src/stm32h7xx_hal_msp.c ****     __HAL_RCC_GPIOE_CLK_ENABLE();
 173              		.loc 1 100 5 view .LVU34
 174 006a 039A     		ldr	r2, [sp, #12]
 175              	.LBE5:
 100:Core/Src/stm32h7xx_hal_msp.c ****     __HAL_RCC_GPIOE_CLK_ENABLE();
 176              		.loc 1 100 5 view .LVU35
 101:Core/Src/stm32h7xx_hal_msp.c ****     __HAL_RCC_GPIOH_CLK_ENABLE();
 177              		.loc 1 101 5 view .LVU36
 178              	.LBB6:
 101:Core/Src/stm32h7xx_hal_msp.c ****     __HAL_RCC_GPIOH_CLK_ENABLE();
 179              		.loc 1 101 5 view .LVU37
 101:Core/Src/stm32h7xx_hal_msp.c ****     __HAL_RCC_GPIOH_CLK_ENABLE();
 180              		.loc 1 101 5 view .LVU38
 181 006c D3F8E020 		ldr	r2, [r3, #224]
 182 0070 42F01002 		orr	r2, r2, #16
 183 0074 C3F8E020 		str	r2, [r3, #224]
 101:Core/Src/stm32h7xx_hal_msp.c ****     __HAL_RCC_GPIOH_CLK_ENABLE();
 184              		.loc 1 101 5 view .LVU39
 185 0078 D3F8E020 		ldr	r2, [r3, #224]
 186 007c 02F01002 		and	r2, r2, #16
 187 0080 0492     		str	r2, [sp, #16]
 101:Core/Src/stm32h7xx_hal_msp.c ****     __HAL_RCC_GPIOH_CLK_ENABLE();
 188              		.loc 1 101 5 view .LVU40
 189 0082 049A     		ldr	r2, [sp, #16]
 190              	.LBE6:
 101:Core/Src/stm32h7xx_hal_msp.c ****     __HAL_RCC_GPIOH_CLK_ENABLE();
 191              		.loc 1 101 5 view .LVU41
 102:Core/Src/stm32h7xx_hal_msp.c ****     __HAL_RCC_GPIOA_CLK_ENABLE();
 192              		.loc 1 102 5 view .LVU42
 193              	.LBB7:
 102:Core/Src/stm32h7xx_hal_msp.c ****     __HAL_RCC_GPIOA_CLK_ENABLE();
 194              		.loc 1 102 5 view .LVU43
 102:Core/Src/stm32h7xx_hal_msp.c ****     __HAL_RCC_GPIOA_CLK_ENABLE();
 195              		.loc 1 102 5 view .LVU44
 196 0084 D3F8E020 		ldr	r2, [r3, #224]
 197 0088 42F08002 		orr	r2, r2, #128
 198 008c C3F8E020 		str	r2, [r3, #224]
ARM GAS  C:\Users\admin\AppData\Local\Temp\ccmcZp0j.s 			page 8


 102:Core/Src/stm32h7xx_hal_msp.c ****     __HAL_RCC_GPIOA_CLK_ENABLE();
 199              		.loc 1 102 5 view .LVU45
 200 0090 D3F8E020 		ldr	r2, [r3, #224]
 201 0094 02F08002 		and	r2, r2, #128
 202 0098 0592     		str	r2, [sp, #20]
 102:Core/Src/stm32h7xx_hal_msp.c ****     __HAL_RCC_GPIOA_CLK_ENABLE();
 203              		.loc 1 102 5 view .LVU46
 204 009a 059A     		ldr	r2, [sp, #20]
 205              	.LBE7:
 102:Core/Src/stm32h7xx_hal_msp.c ****     __HAL_RCC_GPIOA_CLK_ENABLE();
 206              		.loc 1 102 5 view .LVU47
 103:Core/Src/stm32h7xx_hal_msp.c ****     /**DCMI GPIO Configuration
 207              		.loc 1 103 5 view .LVU48
 208              	.LBB8:
 103:Core/Src/stm32h7xx_hal_msp.c ****     /**DCMI GPIO Configuration
 209              		.loc 1 103 5 view .LVU49
 103:Core/Src/stm32h7xx_hal_msp.c ****     /**DCMI GPIO Configuration
 210              		.loc 1 103 5 view .LVU50
 211 009c D3F8E020 		ldr	r2, [r3, #224]
 212 00a0 42F00102 		orr	r2, r2, #1
 213 00a4 C3F8E020 		str	r2, [r3, #224]
 103:Core/Src/stm32h7xx_hal_msp.c ****     /**DCMI GPIO Configuration
 214              		.loc 1 103 5 view .LVU51
 215 00a8 D3F8E030 		ldr	r3, [r3, #224]
 216 00ac 03F00103 		and	r3, r3, #1
 217 00b0 0693     		str	r3, [sp, #24]
 103:Core/Src/stm32h7xx_hal_msp.c ****     /**DCMI GPIO Configuration
 218              		.loc 1 103 5 view .LVU52
 219 00b2 069B     		ldr	r3, [sp, #24]
 220              	.LBE8:
 103:Core/Src/stm32h7xx_hal_msp.c ****     /**DCMI GPIO Configuration
 221              		.loc 1 103 5 view .LVU53
 117:Core/Src/stm32h7xx_hal_msp.c ****     GPIO_InitStruct.Mode = GPIO_MODE_AF_PP;
 222              		.loc 1 117 5 view .LVU54
 117:Core/Src/stm32h7xx_hal_msp.c ****     GPIO_InitStruct.Mode = GPIO_MODE_AF_PP;
 223              		.loc 1 117 25 is_stmt 0 view .LVU55
 224 00b4 F023     		movs	r3, #240
 225 00b6 0793     		str	r3, [sp, #28]
 118:Core/Src/stm32h7xx_hal_msp.c ****     GPIO_InitStruct.Pull = GPIO_NOPULL;
 226              		.loc 1 118 5 is_stmt 1 view .LVU56
 118:Core/Src/stm32h7xx_hal_msp.c ****     GPIO_InitStruct.Pull = GPIO_NOPULL;
 227              		.loc 1 118 26 is_stmt 0 view .LVU57
 228 00b8 0226     		movs	r6, #2
 229 00ba 0896     		str	r6, [sp, #32]
 119:Core/Src/stm32h7xx_hal_msp.c ****     GPIO_InitStruct.Speed = GPIO_SPEED_FREQ_LOW;
 230              		.loc 1 119 5 is_stmt 1 view .LVU58
 120:Core/Src/stm32h7xx_hal_msp.c ****     GPIO_InitStruct.Alternate = GPIO_AF13_DCMI;
 231              		.loc 1 120 5 view .LVU59
 121:Core/Src/stm32h7xx_hal_msp.c ****     HAL_GPIO_Init(GPIOI, &GPIO_InitStruct);
 232              		.loc 1 121 5 view .LVU60
 121:Core/Src/stm32h7xx_hal_msp.c ****     HAL_GPIO_Init(GPIOI, &GPIO_InitStruct);
 233              		.loc 1 121 31 is_stmt 0 view .LVU61
 234 00bc 0D27     		movs	r7, #13
 235 00be 0B97     		str	r7, [sp, #44]
 122:Core/Src/stm32h7xx_hal_msp.c **** 
 236              		.loc 1 122 5 is_stmt 1 view .LVU62
 237 00c0 07A9     		add	r1, sp, #28
ARM GAS  C:\Users\admin\AppData\Local\Temp\ccmcZp0j.s 			page 9


 238 00c2 2748     		ldr	r0, .L11+8
 239              	.LVL4:
 122:Core/Src/stm32h7xx_hal_msp.c **** 
 240              		.loc 1 122 5 is_stmt 0 view .LVU63
 241 00c4 FFF7FEFF 		bl	HAL_GPIO_Init
 242              	.LVL5:
 124:Core/Src/stm32h7xx_hal_msp.c ****     GPIO_InitStruct.Mode = GPIO_MODE_AF_PP;
 243              		.loc 1 124 5 is_stmt 1 view .LVU64
 124:Core/Src/stm32h7xx_hal_msp.c ****     GPIO_InitStruct.Mode = GPIO_MODE_AF_PP;
 244              		.loc 1 124 25 is_stmt 0 view .LVU65
 245 00c8 4FF48068 		mov	r8, #1024
 246 00cc CDF81C80 		str	r8, [sp, #28]
 125:Core/Src/stm32h7xx_hal_msp.c ****     GPIO_InitStruct.Pull = GPIO_NOPULL;
 247              		.loc 1 125 5 is_stmt 1 view .LVU66
 125:Core/Src/stm32h7xx_hal_msp.c ****     GPIO_InitStruct.Pull = GPIO_NOPULL;
 248              		.loc 1 125 26 is_stmt 0 view .LVU67
 249 00d0 0896     		str	r6, [sp, #32]
 126:Core/Src/stm32h7xx_hal_msp.c ****     GPIO_InitStruct.Speed = GPIO_SPEED_FREQ_LOW;
 250              		.loc 1 126 5 is_stmt 1 view .LVU68
 126:Core/Src/stm32h7xx_hal_msp.c ****     GPIO_InitStruct.Speed = GPIO_SPEED_FREQ_LOW;
 251              		.loc 1 126 26 is_stmt 0 view .LVU69
 252 00d2 0025     		movs	r5, #0
 253 00d4 0995     		str	r5, [sp, #36]
 127:Core/Src/stm32h7xx_hal_msp.c ****     GPIO_InitStruct.Alternate = GPIO_AF13_DCMI;
 254              		.loc 1 127 5 is_stmt 1 view .LVU70
 127:Core/Src/stm32h7xx_hal_msp.c ****     GPIO_InitStruct.Alternate = GPIO_AF13_DCMI;
 255              		.loc 1 127 27 is_stmt 0 view .LVU71
 256 00d6 0A95     		str	r5, [sp, #40]
 128:Core/Src/stm32h7xx_hal_msp.c ****     HAL_GPIO_Init(CAM_D2_GPIO_Port, &GPIO_InitStruct);
 257              		.loc 1 128 5 is_stmt 1 view .LVU72
 128:Core/Src/stm32h7xx_hal_msp.c ****     HAL_GPIO_Init(CAM_D2_GPIO_Port, &GPIO_InitStruct);
 258              		.loc 1 128 31 is_stmt 0 view .LVU73
 259 00d8 0B97     		str	r7, [sp, #44]
 129:Core/Src/stm32h7xx_hal_msp.c **** 
 260              		.loc 1 129 5 is_stmt 1 view .LVU74
 261 00da 07A9     		add	r1, sp, #28
 262 00dc 2148     		ldr	r0, .L11+12
 263 00de FFF7FEFF 		bl	HAL_GPIO_Init
 264              	.LVL6:
 131:Core/Src/stm32h7xx_hal_msp.c ****     GPIO_InitStruct.Mode = GPIO_MODE_AF_PP;
 265              		.loc 1 131 5 view .LVU75
 131:Core/Src/stm32h7xx_hal_msp.c ****     GPIO_InitStruct.Mode = GPIO_MODE_AF_PP;
 266              		.loc 1 131 25 is_stmt 0 view .LVU76
 267 00e2 0796     		str	r6, [sp, #28]
 132:Core/Src/stm32h7xx_hal_msp.c ****     GPIO_InitStruct.Pull = GPIO_NOPULL;
 268              		.loc 1 132 5 is_stmt 1 view .LVU77
 132:Core/Src/stm32h7xx_hal_msp.c ****     GPIO_InitStruct.Pull = GPIO_NOPULL;
 269              		.loc 1 132 26 is_stmt 0 view .LVU78
 270 00e4 0896     		str	r6, [sp, #32]
 133:Core/Src/stm32h7xx_hal_msp.c ****     GPIO_InitStruct.Speed = GPIO_SPEED_FREQ_LOW;
 271              		.loc 1 133 5 is_stmt 1 view .LVU79
 133:Core/Src/stm32h7xx_hal_msp.c ****     GPIO_InitStruct.Speed = GPIO_SPEED_FREQ_LOW;
 272              		.loc 1 133 26 is_stmt 0 view .LVU80
 273 00e6 0995     		str	r5, [sp, #36]
 134:Core/Src/stm32h7xx_hal_msp.c ****     GPIO_InitStruct.Alternate = GPIO_AF13_DCMI;
 274              		.loc 1 134 5 is_stmt 1 view .LVU81
 134:Core/Src/stm32h7xx_hal_msp.c ****     GPIO_InitStruct.Alternate = GPIO_AF13_DCMI;
ARM GAS  C:\Users\admin\AppData\Local\Temp\ccmcZp0j.s 			page 10


 275              		.loc 1 134 27 is_stmt 0 view .LVU82
 276 00e8 0A95     		str	r5, [sp, #40]
 135:Core/Src/stm32h7xx_hal_msp.c ****     HAL_GPIO_Init(CAM_D3_GPIO_Port, &GPIO_InitStruct);
 277              		.loc 1 135 5 is_stmt 1 view .LVU83
 135:Core/Src/stm32h7xx_hal_msp.c ****     HAL_GPIO_Init(CAM_D3_GPIO_Port, &GPIO_InitStruct);
 278              		.loc 1 135 31 is_stmt 0 view .LVU84
 279 00ea 0B97     		str	r7, [sp, #44]
 136:Core/Src/stm32h7xx_hal_msp.c **** 
 280              		.loc 1 136 5 is_stmt 1 view .LVU85
 281 00ec 07A9     		add	r1, sp, #28
 282 00ee 1E48     		ldr	r0, .L11+16
 283 00f0 FFF7FEFF 		bl	HAL_GPIO_Init
 284              	.LVL7:
 138:Core/Src/stm32h7xx_hal_msp.c ****     GPIO_InitStruct.Mode = GPIO_MODE_AF_PP;
 285              		.loc 1 138 5 view .LVU86
 138:Core/Src/stm32h7xx_hal_msp.c ****     GPIO_InitStruct.Mode = GPIO_MODE_AF_PP;
 286              		.loc 1 138 25 is_stmt 0 view .LVU87
 287 00f4 4FF48243 		mov	r3, #16640
 288 00f8 0793     		str	r3, [sp, #28]
 139:Core/Src/stm32h7xx_hal_msp.c ****     GPIO_InitStruct.Pull = GPIO_NOPULL;
 289              		.loc 1 139 5 is_stmt 1 view .LVU88
 139:Core/Src/stm32h7xx_hal_msp.c ****     GPIO_InitStruct.Pull = GPIO_NOPULL;
 290              		.loc 1 139 26 is_stmt 0 view .LVU89
 291 00fa 0896     		str	r6, [sp, #32]
 140:Core/Src/stm32h7xx_hal_msp.c ****     GPIO_InitStruct.Speed = GPIO_SPEED_FREQ_LOW;
 292              		.loc 1 140 5 is_stmt 1 view .LVU90
 140:Core/Src/stm32h7xx_hal_msp.c ****     GPIO_InitStruct.Speed = GPIO_SPEED_FREQ_LOW;
 293              		.loc 1 140 26 is_stmt 0 view .LVU91
 294 00fc 0995     		str	r5, [sp, #36]
 141:Core/Src/stm32h7xx_hal_msp.c ****     GPIO_InitStruct.Alternate = GPIO_AF13_DCMI;
 295              		.loc 1 141 5 is_stmt 1 view .LVU92
 141:Core/Src/stm32h7xx_hal_msp.c ****     GPIO_InitStruct.Alternate = GPIO_AF13_DCMI;
 296              		.loc 1 141 27 is_stmt 0 view .LVU93
 297 00fe 0A95     		str	r5, [sp, #40]
 142:Core/Src/stm32h7xx_hal_msp.c ****     HAL_GPIO_Init(GPIOH, &GPIO_InitStruct);
 298              		.loc 1 142 5 is_stmt 1 view .LVU94
 142:Core/Src/stm32h7xx_hal_msp.c ****     HAL_GPIO_Init(GPIOH, &GPIO_InitStruct);
 299              		.loc 1 142 31 is_stmt 0 view .LVU95
 300 0100 0B97     		str	r7, [sp, #44]
 143:Core/Src/stm32h7xx_hal_msp.c **** 
 301              		.loc 1 143 5 is_stmt 1 view .LVU96
 302 0102 07A9     		add	r1, sp, #28
 303 0104 1948     		ldr	r0, .L11+20
 304 0106 FFF7FEFF 		bl	HAL_GPIO_Init
 305              	.LVL8:
 145:Core/Src/stm32h7xx_hal_msp.c ****     GPIO_InitStruct.Mode = GPIO_MODE_AF_PP;
 306              		.loc 1 145 5 view .LVU97
 145:Core/Src/stm32h7xx_hal_msp.c ****     GPIO_InitStruct.Mode = GPIO_MODE_AF_PP;
 307              		.loc 1 145 25 is_stmt 0 view .LVU98
 308 010a 4FF4C863 		mov	r3, #1600
 309 010e 0793     		str	r3, [sp, #28]
 146:Core/Src/stm32h7xx_hal_msp.c ****     GPIO_InitStruct.Pull = GPIO_NOPULL;
 310              		.loc 1 146 5 is_stmt 1 view .LVU99
 146:Core/Src/stm32h7xx_hal_msp.c ****     GPIO_InitStruct.Pull = GPIO_NOPULL;
 311              		.loc 1 146 26 is_stmt 0 view .LVU100
 312 0110 0896     		str	r6, [sp, #32]
 147:Core/Src/stm32h7xx_hal_msp.c ****     GPIO_InitStruct.Speed = GPIO_SPEED_FREQ_LOW;
ARM GAS  C:\Users\admin\AppData\Local\Temp\ccmcZp0j.s 			page 11


 313              		.loc 1 147 5 is_stmt 1 view .LVU101
 147:Core/Src/stm32h7xx_hal_msp.c ****     GPIO_InitStruct.Speed = GPIO_SPEED_FREQ_LOW;
 314              		.loc 1 147 26 is_stmt 0 view .LVU102
 315 0112 0995     		str	r5, [sp, #36]
 148:Core/Src/stm32h7xx_hal_msp.c ****     GPIO_InitStruct.Alternate = GPIO_AF13_DCMI;
 316              		.loc 1 148 5 is_stmt 1 view .LVU103
 148:Core/Src/stm32h7xx_hal_msp.c ****     GPIO_InitStruct.Alternate = GPIO_AF13_DCMI;
 317              		.loc 1 148 27 is_stmt 0 view .LVU104
 318 0114 0A95     		str	r5, [sp, #40]
 149:Core/Src/stm32h7xx_hal_msp.c ****     HAL_GPIO_Init(GPIOA, &GPIO_InitStruct);
 319              		.loc 1 149 5 is_stmt 1 view .LVU105
 149:Core/Src/stm32h7xx_hal_msp.c ****     HAL_GPIO_Init(GPIOA, &GPIO_InitStruct);
 320              		.loc 1 149 31 is_stmt 0 view .LVU106
 321 0116 0B97     		str	r7, [sp, #44]
 150:Core/Src/stm32h7xx_hal_msp.c **** 
 322              		.loc 1 150 5 is_stmt 1 view .LVU107
 323 0118 07A9     		add	r1, sp, #28
 324 011a 1548     		ldr	r0, .L11+24
 325 011c FFF7FEFF 		bl	HAL_GPIO_Init
 326              	.LVL9:
 154:Core/Src/stm32h7xx_hal_msp.c ****     hdma_dcmi.Init.Request = DMA_REQUEST_DCMI;
 327              		.loc 1 154 5 view .LVU108
 154:Core/Src/stm32h7xx_hal_msp.c ****     hdma_dcmi.Init.Request = DMA_REQUEST_DCMI;
 328              		.loc 1 154 24 is_stmt 0 view .LVU109
 329 0120 1448     		ldr	r0, .L11+28
 330 0122 154B     		ldr	r3, .L11+32
 331 0124 0360     		str	r3, [r0]
 155:Core/Src/stm32h7xx_hal_msp.c ****     hdma_dcmi.Init.Direction = DMA_PERIPH_TO_MEMORY;
 332              		.loc 1 155 5 is_stmt 1 view .LVU110
 155:Core/Src/stm32h7xx_hal_msp.c ****     hdma_dcmi.Init.Direction = DMA_PERIPH_TO_MEMORY;
 333              		.loc 1 155 28 is_stmt 0 view .LVU111
 334 0126 4B23     		movs	r3, #75
 335 0128 4360     		str	r3, [r0, #4]
 156:Core/Src/stm32h7xx_hal_msp.c ****     hdma_dcmi.Init.PeriphInc = DMA_PINC_DISABLE;
 336              		.loc 1 156 5 is_stmt 1 view .LVU112
 156:Core/Src/stm32h7xx_hal_msp.c ****     hdma_dcmi.Init.PeriphInc = DMA_PINC_DISABLE;
 337              		.loc 1 156 30 is_stmt 0 view .LVU113
 338 012a 8560     		str	r5, [r0, #8]
 157:Core/Src/stm32h7xx_hal_msp.c ****     hdma_dcmi.Init.MemInc = DMA_MINC_ENABLE;
 339              		.loc 1 157 5 is_stmt 1 view .LVU114
 157:Core/Src/stm32h7xx_hal_msp.c ****     hdma_dcmi.Init.MemInc = DMA_MINC_ENABLE;
 340              		.loc 1 157 30 is_stmt 0 view .LVU115
 341 012c C560     		str	r5, [r0, #12]
 158:Core/Src/stm32h7xx_hal_msp.c ****     hdma_dcmi.Init.PeriphDataAlignment = DMA_PDATAALIGN_WORD;
 342              		.loc 1 158 5 is_stmt 1 view .LVU116
 158:Core/Src/stm32h7xx_hal_msp.c ****     hdma_dcmi.Init.PeriphDataAlignment = DMA_PDATAALIGN_WORD;
 343              		.loc 1 158 27 is_stmt 0 view .LVU117
 344 012e C0F81080 		str	r8, [r0, #16]
 159:Core/Src/stm32h7xx_hal_msp.c ****     hdma_dcmi.Init.MemDataAlignment = DMA_MDATAALIGN_WORD;
 345              		.loc 1 159 5 is_stmt 1 view .LVU118
 159:Core/Src/stm32h7xx_hal_msp.c ****     hdma_dcmi.Init.MemDataAlignment = DMA_MDATAALIGN_WORD;
 346              		.loc 1 159 40 is_stmt 0 view .LVU119
 347 0132 4FF48053 		mov	r3, #4096
 348 0136 4361     		str	r3, [r0, #20]
 160:Core/Src/stm32h7xx_hal_msp.c ****     hdma_dcmi.Init.Mode = DMA_NORMAL;
 349              		.loc 1 160 5 is_stmt 1 view .LVU120
 160:Core/Src/stm32h7xx_hal_msp.c ****     hdma_dcmi.Init.Mode = DMA_NORMAL;
ARM GAS  C:\Users\admin\AppData\Local\Temp\ccmcZp0j.s 			page 12


 350              		.loc 1 160 37 is_stmt 0 view .LVU121
 351 0138 4FF48043 		mov	r3, #16384
 352 013c 8361     		str	r3, [r0, #24]
 161:Core/Src/stm32h7xx_hal_msp.c ****     hdma_dcmi.Init.Priority = DMA_PRIORITY_LOW;
 353              		.loc 1 161 5 is_stmt 1 view .LVU122
 161:Core/Src/stm32h7xx_hal_msp.c ****     hdma_dcmi.Init.Priority = DMA_PRIORITY_LOW;
 354              		.loc 1 161 25 is_stmt 0 view .LVU123
 355 013e C561     		str	r5, [r0, #28]
 162:Core/Src/stm32h7xx_hal_msp.c ****     hdma_dcmi.Init.FIFOMode = DMA_FIFOMODE_DISABLE;
 356              		.loc 1 162 5 is_stmt 1 view .LVU124
 162:Core/Src/stm32h7xx_hal_msp.c ****     hdma_dcmi.Init.FIFOMode = DMA_FIFOMODE_DISABLE;
 357              		.loc 1 162 29 is_stmt 0 view .LVU125
 358 0140 0562     		str	r5, [r0, #32]
 163:Core/Src/stm32h7xx_hal_msp.c ****     if (HAL_DMA_Init(&hdma_dcmi) != HAL_OK)
 359              		.loc 1 163 5 is_stmt 1 view .LVU126
 163:Core/Src/stm32h7xx_hal_msp.c ****     if (HAL_DMA_Init(&hdma_dcmi) != HAL_OK)
 360              		.loc 1 163 29 is_stmt 0 view .LVU127
 361 0142 4562     		str	r5, [r0, #36]
 164:Core/Src/stm32h7xx_hal_msp.c ****     {
 362              		.loc 1 164 5 is_stmt 1 view .LVU128
 164:Core/Src/stm32h7xx_hal_msp.c ****     {
 363              		.loc 1 164 9 is_stmt 0 view .LVU129
 364 0144 FFF7FEFF 		bl	HAL_DMA_Init
 365              	.LVL10:
 164:Core/Src/stm32h7xx_hal_msp.c ****     {
 366              		.loc 1 164 8 view .LVU130
 367 0148 18B9     		cbnz	r0, .L10
 368              	.L7:
 169:Core/Src/stm32h7xx_hal_msp.c **** 
 369              		.loc 1 169 5 is_stmt 1 view .LVU131
 169:Core/Src/stm32h7xx_hal_msp.c **** 
 370              		.loc 1 169 5 view .LVU132
 371 014a 0A4B     		ldr	r3, .L11+28
 372 014c A364     		str	r3, [r4, #72]
 169:Core/Src/stm32h7xx_hal_msp.c **** 
 373              		.loc 1 169 5 view .LVU133
 374 014e 9C63     		str	r4, [r3, #56]
 169:Core/Src/stm32h7xx_hal_msp.c **** 
 375              		.loc 1 169 5 view .LVU134
 376              		.loc 1 177 1 is_stmt 0 view .LVU135
 377 0150 63E7     		b	.L5
 378              	.L10:
 166:Core/Src/stm32h7xx_hal_msp.c ****     }
 379              		.loc 1 166 7 is_stmt 1 view .LVU136
 380 0152 FFF7FEFF 		bl	Error_Handler
 381              	.LVL11:
 382 0156 F8E7     		b	.L7
 383              	.L12:
 384              		.align	2
 385              	.L11:
 386 0158 00000248 		.word	1208090624
 387 015c 00440258 		.word	1476543488
 388 0160 00200258 		.word	1476534272
 389 0164 00180258 		.word	1476532224
 390 0168 00100258 		.word	1476530176
 391 016c 001C0258 		.word	1476533248
 392 0170 00000258 		.word	1476526080
ARM GAS  C:\Users\admin\AppData\Local\Temp\ccmcZp0j.s 			page 13


 393 0174 00000000 		.word	hdma_dcmi
 394 0178 10000240 		.word	1073872912
 395              		.cfi_endproc
 396              	.LFE145:
 398              		.section	.text.HAL_DCMI_MspDeInit,"ax",%progbits
 399              		.align	1
 400              		.global	HAL_DCMI_MspDeInit
 401              		.syntax unified
 402              		.thumb
 403              		.thumb_func
 405              	HAL_DCMI_MspDeInit:
 406              	.LVL12:
 407              	.LFB146:
 178:Core/Src/stm32h7xx_hal_msp.c **** 
 179:Core/Src/stm32h7xx_hal_msp.c **** /**
 180:Core/Src/stm32h7xx_hal_msp.c ****   * @brief DCMI MSP De-Initialization
 181:Core/Src/stm32h7xx_hal_msp.c ****   * This function freeze the hardware resources used in this example
 182:Core/Src/stm32h7xx_hal_msp.c ****   * @param hdcmi: DCMI handle pointer
 183:Core/Src/stm32h7xx_hal_msp.c ****   * @retval None
 184:Core/Src/stm32h7xx_hal_msp.c ****   */
 185:Core/Src/stm32h7xx_hal_msp.c **** void HAL_DCMI_MspDeInit(DCMI_HandleTypeDef* hdcmi)
 186:Core/Src/stm32h7xx_hal_msp.c **** {
 408              		.loc 1 186 1 view -0
 409              		.cfi_startproc
 410              		@ args = 0, pretend = 0, frame = 0
 411              		@ frame_needed = 0, uses_anonymous_args = 0
 187:Core/Src/stm32h7xx_hal_msp.c ****   if(hdcmi->Instance==DCMI)
 412              		.loc 1 187 3 view .LVU138
 413              		.loc 1 187 11 is_stmt 0 view .LVU139
 414 0000 0268     		ldr	r2, [r0]
 415              		.loc 1 187 5 view .LVU140
 416 0002 144B     		ldr	r3, .L20
 417 0004 9A42     		cmp	r2, r3
 418 0006 00D0     		beq	.L19
 419 0008 7047     		bx	lr
 420              	.L19:
 186:Core/Src/stm32h7xx_hal_msp.c ****   if(hdcmi->Instance==DCMI)
 421              		.loc 1 186 1 view .LVU141
 422 000a 10B5     		push	{r4, lr}
 423              	.LCFI7:
 424              		.cfi_def_cfa_offset 8
 425              		.cfi_offset 4, -8
 426              		.cfi_offset 14, -4
 427 000c 0446     		mov	r4, r0
 188:Core/Src/stm32h7xx_hal_msp.c ****   {
 189:Core/Src/stm32h7xx_hal_msp.c ****     /* USER CODE BEGIN DCMI_MspDeInit 0 */
 190:Core/Src/stm32h7xx_hal_msp.c **** 
 191:Core/Src/stm32h7xx_hal_msp.c ****     /* USER CODE END DCMI_MspDeInit 0 */
 192:Core/Src/stm32h7xx_hal_msp.c ****     /* Peripheral clock disable */
 193:Core/Src/stm32h7xx_hal_msp.c ****     __HAL_RCC_DCMI_CLK_DISABLE();
 428              		.loc 1 193 5 is_stmt 1 view .LVU142
 429 000e 124A     		ldr	r2, .L20+4
 430 0010 D2F8DC30 		ldr	r3, [r2, #220]
 431 0014 23F00103 		bic	r3, r3, #1
 432 0018 C2F8DC30 		str	r3, [r2, #220]
 194:Core/Src/stm32h7xx_hal_msp.c **** 
 195:Core/Src/stm32h7xx_hal_msp.c ****     /**DCMI GPIO Configuration
ARM GAS  C:\Users\admin\AppData\Local\Temp\ccmcZp0j.s 			page 14


 196:Core/Src/stm32h7xx_hal_msp.c ****     PI6     ------> DCMI_D6
 197:Core/Src/stm32h7xx_hal_msp.c ****     PI5     ------> DCMI_VSYNC
 198:Core/Src/stm32h7xx_hal_msp.c ****     PI4     ------> DCMI_D5
 199:Core/Src/stm32h7xx_hal_msp.c ****     PG10     ------> DCMI_D2
 200:Core/Src/stm32h7xx_hal_msp.c ****     PI7     ------> DCMI_D7
 201:Core/Src/stm32h7xx_hal_msp.c ****     PE1     ------> DCMI_D3
 202:Core/Src/stm32h7xx_hal_msp.c ****     PH14     ------> DCMI_D4
 203:Core/Src/stm32h7xx_hal_msp.c ****     PA10     ------> DCMI_D1
 204:Core/Src/stm32h7xx_hal_msp.c ****     PA9     ------> DCMI_D0
 205:Core/Src/stm32h7xx_hal_msp.c ****     PA6     ------> DCMI_PIXCLK
 206:Core/Src/stm32h7xx_hal_msp.c ****     PH8     ------> DCMI_HSYNC
 207:Core/Src/stm32h7xx_hal_msp.c ****     */
 208:Core/Src/stm32h7xx_hal_msp.c ****     HAL_GPIO_DeInit(GPIOI, CAM_D6_Pin|CAM_VSYNC_Pin|CAM_D5_Pin|CAM_D7_Pin);
 433              		.loc 1 208 5 view .LVU143
 434 001c F021     		movs	r1, #240
 435 001e 0F48     		ldr	r0, .L20+8
 436              	.LVL13:
 437              		.loc 1 208 5 is_stmt 0 view .LVU144
 438 0020 FFF7FEFF 		bl	HAL_GPIO_DeInit
 439              	.LVL14:
 209:Core/Src/stm32h7xx_hal_msp.c **** 
 210:Core/Src/stm32h7xx_hal_msp.c ****     HAL_GPIO_DeInit(CAM_D2_GPIO_Port, CAM_D2_Pin);
 440              		.loc 1 210 5 is_stmt 1 view .LVU145
 441 0024 4FF48061 		mov	r1, #1024
 442 0028 0D48     		ldr	r0, .L20+12
 443 002a FFF7FEFF 		bl	HAL_GPIO_DeInit
 444              	.LVL15:
 211:Core/Src/stm32h7xx_hal_msp.c **** 
 212:Core/Src/stm32h7xx_hal_msp.c ****     HAL_GPIO_DeInit(CAM_D3_GPIO_Port, CAM_D3_Pin);
 445              		.loc 1 212 5 view .LVU146
 446 002e 0221     		movs	r1, #2
 447 0030 0C48     		ldr	r0, .L20+16
 448 0032 FFF7FEFF 		bl	HAL_GPIO_DeInit
 449              	.LVL16:
 213:Core/Src/stm32h7xx_hal_msp.c **** 
 214:Core/Src/stm32h7xx_hal_msp.c ****     HAL_GPIO_DeInit(GPIOH, GPIO_PIN_14|CQAM_HRFF_Pin);
 450              		.loc 1 214 5 view .LVU147
 451 0036 4FF48241 		mov	r1, #16640
 452 003a 0B48     		ldr	r0, .L20+20
 453 003c FFF7FEFF 		bl	HAL_GPIO_DeInit
 454              	.LVL17:
 215:Core/Src/stm32h7xx_hal_msp.c **** 
 216:Core/Src/stm32h7xx_hal_msp.c ****     HAL_GPIO_DeInit(GPIOA, CAM_D1_Pin|CAM_D0_Pin|CAM_DCLK_Pin);
 455              		.loc 1 216 5 view .LVU148
 456 0040 4FF4C861 		mov	r1, #1600
 457 0044 0948     		ldr	r0, .L20+24
 458 0046 FFF7FEFF 		bl	HAL_GPIO_DeInit
 459              	.LVL18:
 217:Core/Src/stm32h7xx_hal_msp.c **** 
 218:Core/Src/stm32h7xx_hal_msp.c ****     /* DCMI DMA DeInit */
 219:Core/Src/stm32h7xx_hal_msp.c ****     HAL_DMA_DeInit(hdcmi->DMA_Handle);
 460              		.loc 1 219 5 view .LVU149
 461 004a A06C     		ldr	r0, [r4, #72]
 462 004c FFF7FEFF 		bl	HAL_DMA_DeInit
 463              	.LVL19:
 220:Core/Src/stm32h7xx_hal_msp.c ****     /* USER CODE BEGIN DCMI_MspDeInit 1 */
 221:Core/Src/stm32h7xx_hal_msp.c **** 
ARM GAS  C:\Users\admin\AppData\Local\Temp\ccmcZp0j.s 			page 15


 222:Core/Src/stm32h7xx_hal_msp.c ****     /* USER CODE END DCMI_MspDeInit 1 */
 223:Core/Src/stm32h7xx_hal_msp.c ****   }
 224:Core/Src/stm32h7xx_hal_msp.c **** 
 225:Core/Src/stm32h7xx_hal_msp.c **** }
 464              		.loc 1 225 1 is_stmt 0 view .LVU150
 465 0050 10BD     		pop	{r4, pc}
 466              	.LVL20:
 467              	.L21:
 468              		.loc 1 225 1 view .LVU151
 469 0052 00BF     		.align	2
 470              	.L20:
 471 0054 00000248 		.word	1208090624
 472 0058 00440258 		.word	1476543488
 473 005c 00200258 		.word	1476534272
 474 0060 00180258 		.word	1476532224
 475 0064 00100258 		.word	1476530176
 476 0068 001C0258 		.word	1476533248
 477 006c 00000258 		.word	1476526080
 478              		.cfi_endproc
 479              	.LFE146:
 481              		.section	.text.HAL_I2C_MspInit,"ax",%progbits
 482              		.align	1
 483              		.global	HAL_I2C_MspInit
 484              		.syntax unified
 485              		.thumb
 486              		.thumb_func
 488              	HAL_I2C_MspInit:
 489              	.LVL21:
 490              	.LFB147:
 226:Core/Src/stm32h7xx_hal_msp.c **** 
 227:Core/Src/stm32h7xx_hal_msp.c **** /**
 228:Core/Src/stm32h7xx_hal_msp.c ****   * @brief I2C MSP Initialization
 229:Core/Src/stm32h7xx_hal_msp.c ****   * This function configures the hardware resources used in this example
 230:Core/Src/stm32h7xx_hal_msp.c ****   * @param hi2c: I2C handle pointer
 231:Core/Src/stm32h7xx_hal_msp.c ****   * @retval None
 232:Core/Src/stm32h7xx_hal_msp.c ****   */
 233:Core/Src/stm32h7xx_hal_msp.c **** void HAL_I2C_MspInit(I2C_HandleTypeDef* hi2c)
 234:Core/Src/stm32h7xx_hal_msp.c **** {
 491              		.loc 1 234 1 is_stmt 1 view -0
 492              		.cfi_startproc
 493              		@ args = 0, pretend = 0, frame = 232
 494              		@ frame_needed = 0, uses_anonymous_args = 0
 495              		.loc 1 234 1 is_stmt 0 view .LVU153
 496 0000 10B5     		push	{r4, lr}
 497              	.LCFI8:
 498              		.cfi_def_cfa_offset 8
 499              		.cfi_offset 4, -8
 500              		.cfi_offset 14, -4
 501 0002 BAB0     		sub	sp, sp, #232
 502              	.LCFI9:
 503              		.cfi_def_cfa_offset 240
 504 0004 0446     		mov	r4, r0
 235:Core/Src/stm32h7xx_hal_msp.c ****   GPIO_InitTypeDef GPIO_InitStruct = {0};
 505              		.loc 1 235 3 is_stmt 1 view .LVU154
 506              		.loc 1 235 20 is_stmt 0 view .LVU155
 507 0006 0021     		movs	r1, #0
 508 0008 3591     		str	r1, [sp, #212]
ARM GAS  C:\Users\admin\AppData\Local\Temp\ccmcZp0j.s 			page 16


 509 000a 3691     		str	r1, [sp, #216]
 510 000c 3791     		str	r1, [sp, #220]
 511 000e 3891     		str	r1, [sp, #224]
 512 0010 3991     		str	r1, [sp, #228]
 236:Core/Src/stm32h7xx_hal_msp.c ****   RCC_PeriphCLKInitTypeDef PeriphClkInitStruct = {0};
 513              		.loc 1 236 3 is_stmt 1 view .LVU156
 514              		.loc 1 236 28 is_stmt 0 view .LVU157
 515 0012 C022     		movs	r2, #192
 516 0014 04A8     		add	r0, sp, #16
 517              	.LVL22:
 518              		.loc 1 236 28 view .LVU158
 519 0016 FFF7FEFF 		bl	memset
 520              	.LVL23:
 237:Core/Src/stm32h7xx_hal_msp.c ****   if(hi2c->Instance==I2C2)
 521              		.loc 1 237 3 is_stmt 1 view .LVU159
 522              		.loc 1 237 10 is_stmt 0 view .LVU160
 523 001a 2368     		ldr	r3, [r4]
 524              		.loc 1 237 5 view .LVU161
 525 001c 354A     		ldr	r2, .L32
 526 001e 9342     		cmp	r3, r2
 527 0020 04D0     		beq	.L28
 238:Core/Src/stm32h7xx_hal_msp.c ****   {
 239:Core/Src/stm32h7xx_hal_msp.c ****     /* USER CODE BEGIN I2C2_MspInit 0 */
 240:Core/Src/stm32h7xx_hal_msp.c **** 
 241:Core/Src/stm32h7xx_hal_msp.c ****     /* USER CODE END I2C2_MspInit 0 */
 242:Core/Src/stm32h7xx_hal_msp.c **** 
 243:Core/Src/stm32h7xx_hal_msp.c ****   /** Initializes the peripherals clock
 244:Core/Src/stm32h7xx_hal_msp.c ****   */
 245:Core/Src/stm32h7xx_hal_msp.c ****     PeriphClkInitStruct.PeriphClockSelection = RCC_PERIPHCLK_I2C2;
 246:Core/Src/stm32h7xx_hal_msp.c ****     PeriphClkInitStruct.I2c123ClockSelection = RCC_I2C123CLKSOURCE_D2PCLK1;
 247:Core/Src/stm32h7xx_hal_msp.c ****     if (HAL_RCCEx_PeriphCLKConfig(&PeriphClkInitStruct) != HAL_OK)
 248:Core/Src/stm32h7xx_hal_msp.c ****     {
 249:Core/Src/stm32h7xx_hal_msp.c ****       Error_Handler();
 250:Core/Src/stm32h7xx_hal_msp.c ****     }
 251:Core/Src/stm32h7xx_hal_msp.c **** 
 252:Core/Src/stm32h7xx_hal_msp.c ****     __HAL_RCC_GPIOF_CLK_ENABLE();
 253:Core/Src/stm32h7xx_hal_msp.c ****     /**I2C2 GPIO Configuration
 254:Core/Src/stm32h7xx_hal_msp.c ****     PF1     ------> I2C2_SCL
 255:Core/Src/stm32h7xx_hal_msp.c ****     PF0     ------> I2C2_SDA
 256:Core/Src/stm32h7xx_hal_msp.c ****     */
 257:Core/Src/stm32h7xx_hal_msp.c ****     GPIO_InitStruct.Pin = GPIO_PIN_1|GPIO_PIN_0;
 258:Core/Src/stm32h7xx_hal_msp.c ****     GPIO_InitStruct.Mode = GPIO_MODE_AF_OD;
 259:Core/Src/stm32h7xx_hal_msp.c ****     GPIO_InitStruct.Pull = GPIO_NOPULL;
 260:Core/Src/stm32h7xx_hal_msp.c ****     GPIO_InitStruct.Speed = GPIO_SPEED_FREQ_LOW;
 261:Core/Src/stm32h7xx_hal_msp.c ****     GPIO_InitStruct.Alternate = GPIO_AF4_I2C2;
 262:Core/Src/stm32h7xx_hal_msp.c ****     HAL_GPIO_Init(GPIOF, &GPIO_InitStruct);
 263:Core/Src/stm32h7xx_hal_msp.c **** 
 264:Core/Src/stm32h7xx_hal_msp.c ****     /* Peripheral clock enable */
 265:Core/Src/stm32h7xx_hal_msp.c ****     __HAL_RCC_I2C2_CLK_ENABLE();
 266:Core/Src/stm32h7xx_hal_msp.c ****     /* USER CODE BEGIN I2C2_MspInit 1 */
 267:Core/Src/stm32h7xx_hal_msp.c **** 
 268:Core/Src/stm32h7xx_hal_msp.c ****     /* USER CODE END I2C2_MspInit 1 */
 269:Core/Src/stm32h7xx_hal_msp.c ****   }
 270:Core/Src/stm32h7xx_hal_msp.c ****   else if(hi2c->Instance==I2C4)
 528              		.loc 1 270 8 is_stmt 1 view .LVU162
 529              		.loc 1 270 10 is_stmt 0 view .LVU163
 530 0022 354A     		ldr	r2, .L32+4
ARM GAS  C:\Users\admin\AppData\Local\Temp\ccmcZp0j.s 			page 17


 531 0024 9342     		cmp	r3, r2
 532 0026 33D0     		beq	.L29
 533              	.LVL24:
 534              	.L22:
 271:Core/Src/stm32h7xx_hal_msp.c ****   {
 272:Core/Src/stm32h7xx_hal_msp.c ****     /* USER CODE BEGIN I2C4_MspInit 0 */
 273:Core/Src/stm32h7xx_hal_msp.c **** 
 274:Core/Src/stm32h7xx_hal_msp.c ****     /* USER CODE END I2C4_MspInit 0 */
 275:Core/Src/stm32h7xx_hal_msp.c **** 
 276:Core/Src/stm32h7xx_hal_msp.c ****   /** Initializes the peripherals clock
 277:Core/Src/stm32h7xx_hal_msp.c ****   */
 278:Core/Src/stm32h7xx_hal_msp.c ****     PeriphClkInitStruct.PeriphClockSelection = RCC_PERIPHCLK_I2C4;
 279:Core/Src/stm32h7xx_hal_msp.c ****     PeriphClkInitStruct.I2c4ClockSelection = RCC_I2C4CLKSOURCE_D3PCLK1;
 280:Core/Src/stm32h7xx_hal_msp.c ****     if (HAL_RCCEx_PeriphCLKConfig(&PeriphClkInitStruct) != HAL_OK)
 281:Core/Src/stm32h7xx_hal_msp.c ****     {
 282:Core/Src/stm32h7xx_hal_msp.c ****       Error_Handler();
 283:Core/Src/stm32h7xx_hal_msp.c ****     }
 284:Core/Src/stm32h7xx_hal_msp.c **** 
 285:Core/Src/stm32h7xx_hal_msp.c ****     __HAL_RCC_GPIOB_CLK_ENABLE();
 286:Core/Src/stm32h7xx_hal_msp.c ****     /**I2C4 GPIO Configuration
 287:Core/Src/stm32h7xx_hal_msp.c ****     PB6     ------> I2C4_SCL
 288:Core/Src/stm32h7xx_hal_msp.c ****     PB7     ------> I2C4_SDA
 289:Core/Src/stm32h7xx_hal_msp.c ****     */
 290:Core/Src/stm32h7xx_hal_msp.c ****     GPIO_InitStruct.Pin = INA219_SCL_Pin|INA219_SDA_Pin;
 291:Core/Src/stm32h7xx_hal_msp.c ****     GPIO_InitStruct.Mode = GPIO_MODE_AF_OD;
 292:Core/Src/stm32h7xx_hal_msp.c ****     GPIO_InitStruct.Pull = GPIO_NOPULL;
 293:Core/Src/stm32h7xx_hal_msp.c ****     GPIO_InitStruct.Speed = GPIO_SPEED_FREQ_LOW;
 294:Core/Src/stm32h7xx_hal_msp.c ****     GPIO_InitStruct.Alternate = GPIO_AF6_I2C4;
 295:Core/Src/stm32h7xx_hal_msp.c ****     HAL_GPIO_Init(GPIOB, &GPIO_InitStruct);
 296:Core/Src/stm32h7xx_hal_msp.c **** 
 297:Core/Src/stm32h7xx_hal_msp.c ****     /* Peripheral clock enable */
 298:Core/Src/stm32h7xx_hal_msp.c ****     __HAL_RCC_I2C4_CLK_ENABLE();
 299:Core/Src/stm32h7xx_hal_msp.c ****     /* USER CODE BEGIN I2C4_MspInit 1 */
 300:Core/Src/stm32h7xx_hal_msp.c **** 
 301:Core/Src/stm32h7xx_hal_msp.c ****     /* USER CODE END I2C4_MspInit 1 */
 302:Core/Src/stm32h7xx_hal_msp.c ****   }
 303:Core/Src/stm32h7xx_hal_msp.c **** 
 304:Core/Src/stm32h7xx_hal_msp.c **** }
 535              		.loc 1 304 1 view .LVU164
 536 0028 3AB0     		add	sp, sp, #232
 537              	.LCFI10:
 538              		.cfi_remember_state
 539              		.cfi_def_cfa_offset 8
 540              		@ sp needed
 541 002a 10BD     		pop	{r4, pc}
 542              	.LVL25:
 543              	.L28:
 544              	.LCFI11:
 545              		.cfi_restore_state
 245:Core/Src/stm32h7xx_hal_msp.c ****     PeriphClkInitStruct.I2c123ClockSelection = RCC_I2C123CLKSOURCE_D2PCLK1;
 546              		.loc 1 245 5 is_stmt 1 view .LVU165
 245:Core/Src/stm32h7xx_hal_msp.c ****     PeriphClkInitStruct.I2c123ClockSelection = RCC_I2C123CLKSOURCE_D2PCLK1;
 547              		.loc 1 245 46 is_stmt 0 view .LVU166
 548 002c 0822     		movs	r2, #8
 549 002e 0023     		movs	r3, #0
 550 0030 CDE90423 		strd	r2, [sp, #16]
 246:Core/Src/stm32h7xx_hal_msp.c ****     if (HAL_RCCEx_PeriphCLKConfig(&PeriphClkInitStruct) != HAL_OK)
ARM GAS  C:\Users\admin\AppData\Local\Temp\ccmcZp0j.s 			page 18


 551              		.loc 1 246 5 is_stmt 1 view .LVU167
 247:Core/Src/stm32h7xx_hal_msp.c ****     {
 552              		.loc 1 247 5 view .LVU168
 247:Core/Src/stm32h7xx_hal_msp.c ****     {
 553              		.loc 1 247 9 is_stmt 0 view .LVU169
 554 0034 04A8     		add	r0, sp, #16
 555 0036 FFF7FEFF 		bl	HAL_RCCEx_PeriphCLKConfig
 556              	.LVL26:
 247:Core/Src/stm32h7xx_hal_msp.c ****     {
 557              		.loc 1 247 8 view .LVU170
 558 003a 30BB     		cbnz	r0, .L30
 559              	.L24:
 252:Core/Src/stm32h7xx_hal_msp.c ****     /**I2C2 GPIO Configuration
 560              		.loc 1 252 5 is_stmt 1 view .LVU171
 561              	.LBB9:
 252:Core/Src/stm32h7xx_hal_msp.c ****     /**I2C2 GPIO Configuration
 562              		.loc 1 252 5 view .LVU172
 252:Core/Src/stm32h7xx_hal_msp.c ****     /**I2C2 GPIO Configuration
 563              		.loc 1 252 5 view .LVU173
 564 003c 2F4C     		ldr	r4, .L32+8
 565              	.LVL27:
 252:Core/Src/stm32h7xx_hal_msp.c ****     /**I2C2 GPIO Configuration
 566              		.loc 1 252 5 is_stmt 0 view .LVU174
 567 003e D4F8E030 		ldr	r3, [r4, #224]
 568 0042 43F02003 		orr	r3, r3, #32
 569 0046 C4F8E030 		str	r3, [r4, #224]
 252:Core/Src/stm32h7xx_hal_msp.c ****     /**I2C2 GPIO Configuration
 570              		.loc 1 252 5 is_stmt 1 view .LVU175
 571 004a D4F8E030 		ldr	r3, [r4, #224]
 572 004e 03F02003 		and	r3, r3, #32
 573 0052 0093     		str	r3, [sp]
 252:Core/Src/stm32h7xx_hal_msp.c ****     /**I2C2 GPIO Configuration
 574              		.loc 1 252 5 view .LVU176
 575 0054 009B     		ldr	r3, [sp]
 576              	.LBE9:
 252:Core/Src/stm32h7xx_hal_msp.c ****     /**I2C2 GPIO Configuration
 577              		.loc 1 252 5 view .LVU177
 257:Core/Src/stm32h7xx_hal_msp.c ****     GPIO_InitStruct.Mode = GPIO_MODE_AF_OD;
 578              		.loc 1 257 5 view .LVU178
 257:Core/Src/stm32h7xx_hal_msp.c ****     GPIO_InitStruct.Mode = GPIO_MODE_AF_OD;
 579              		.loc 1 257 25 is_stmt 0 view .LVU179
 580 0056 0323     		movs	r3, #3
 581 0058 3593     		str	r3, [sp, #212]
 258:Core/Src/stm32h7xx_hal_msp.c ****     GPIO_InitStruct.Pull = GPIO_NOPULL;
 582              		.loc 1 258 5 is_stmt 1 view .LVU180
 258:Core/Src/stm32h7xx_hal_msp.c ****     GPIO_InitStruct.Pull = GPIO_NOPULL;
 583              		.loc 1 258 26 is_stmt 0 view .LVU181
 584 005a 1223     		movs	r3, #18
 585 005c 3693     		str	r3, [sp, #216]
 259:Core/Src/stm32h7xx_hal_msp.c ****     GPIO_InitStruct.Speed = GPIO_SPEED_FREQ_LOW;
 586              		.loc 1 259 5 is_stmt 1 view .LVU182
 259:Core/Src/stm32h7xx_hal_msp.c ****     GPIO_InitStruct.Speed = GPIO_SPEED_FREQ_LOW;
 587              		.loc 1 259 26 is_stmt 0 view .LVU183
 588 005e 0023     		movs	r3, #0
 589 0060 3793     		str	r3, [sp, #220]
 260:Core/Src/stm32h7xx_hal_msp.c ****     GPIO_InitStruct.Alternate = GPIO_AF4_I2C2;
 590              		.loc 1 260 5 is_stmt 1 view .LVU184
ARM GAS  C:\Users\admin\AppData\Local\Temp\ccmcZp0j.s 			page 19


 260:Core/Src/stm32h7xx_hal_msp.c ****     GPIO_InitStruct.Alternate = GPIO_AF4_I2C2;
 591              		.loc 1 260 27 is_stmt 0 view .LVU185
 592 0062 3893     		str	r3, [sp, #224]
 261:Core/Src/stm32h7xx_hal_msp.c ****     HAL_GPIO_Init(GPIOF, &GPIO_InitStruct);
 593              		.loc 1 261 5 is_stmt 1 view .LVU186
 261:Core/Src/stm32h7xx_hal_msp.c ****     HAL_GPIO_Init(GPIOF, &GPIO_InitStruct);
 594              		.loc 1 261 31 is_stmt 0 view .LVU187
 595 0064 0423     		movs	r3, #4
 596 0066 3993     		str	r3, [sp, #228]
 262:Core/Src/stm32h7xx_hal_msp.c **** 
 597              		.loc 1 262 5 is_stmt 1 view .LVU188
 598 0068 35A9     		add	r1, sp, #212
 599 006a 2548     		ldr	r0, .L32+12
 600 006c FFF7FEFF 		bl	HAL_GPIO_Init
 601              	.LVL28:
 265:Core/Src/stm32h7xx_hal_msp.c ****     /* USER CODE BEGIN I2C2_MspInit 1 */
 602              		.loc 1 265 5 view .LVU189
 603              	.LBB10:
 265:Core/Src/stm32h7xx_hal_msp.c ****     /* USER CODE BEGIN I2C2_MspInit 1 */
 604              		.loc 1 265 5 view .LVU190
 265:Core/Src/stm32h7xx_hal_msp.c ****     /* USER CODE BEGIN I2C2_MspInit 1 */
 605              		.loc 1 265 5 view .LVU191
 606 0070 D4F8E830 		ldr	r3, [r4, #232]
 607 0074 43F48003 		orr	r3, r3, #4194304
 608 0078 C4F8E830 		str	r3, [r4, #232]
 265:Core/Src/stm32h7xx_hal_msp.c ****     /* USER CODE BEGIN I2C2_MspInit 1 */
 609              		.loc 1 265 5 view .LVU192
 610 007c D4F8E830 		ldr	r3, [r4, #232]
 611 0080 03F48003 		and	r3, r3, #4194304
 612 0084 0193     		str	r3, [sp, #4]
 265:Core/Src/stm32h7xx_hal_msp.c ****     /* USER CODE BEGIN I2C2_MspInit 1 */
 613              		.loc 1 265 5 view .LVU193
 614 0086 019B     		ldr	r3, [sp, #4]
 615              	.LBE10:
 265:Core/Src/stm32h7xx_hal_msp.c ****     /* USER CODE BEGIN I2C2_MspInit 1 */
 616              		.loc 1 265 5 view .LVU194
 617 0088 CEE7     		b	.L22
 618              	.LVL29:
 619              	.L30:
 249:Core/Src/stm32h7xx_hal_msp.c ****     }
 620              		.loc 1 249 7 view .LVU195
 621 008a FFF7FEFF 		bl	Error_Handler
 622              	.LVL30:
 623 008e D5E7     		b	.L24
 624              	.L29:
 278:Core/Src/stm32h7xx_hal_msp.c ****     PeriphClkInitStruct.I2c4ClockSelection = RCC_I2C4CLKSOURCE_D3PCLK1;
 625              		.loc 1 278 5 view .LVU196
 278:Core/Src/stm32h7xx_hal_msp.c ****     PeriphClkInitStruct.I2c4ClockSelection = RCC_I2C4CLKSOURCE_D3PCLK1;
 626              		.loc 1 278 46 is_stmt 0 view .LVU197
 627 0090 1022     		movs	r2, #16
 628 0092 0023     		movs	r3, #0
 629 0094 CDE90423 		strd	r2, [sp, #16]
 279:Core/Src/stm32h7xx_hal_msp.c ****     if (HAL_RCCEx_PeriphCLKConfig(&PeriphClkInitStruct) != HAL_OK)
 630              		.loc 1 279 5 is_stmt 1 view .LVU198
 280:Core/Src/stm32h7xx_hal_msp.c ****     {
 631              		.loc 1 280 5 view .LVU199
 280:Core/Src/stm32h7xx_hal_msp.c ****     {
ARM GAS  C:\Users\admin\AppData\Local\Temp\ccmcZp0j.s 			page 20


 632              		.loc 1 280 9 is_stmt 0 view .LVU200
 633 0098 04A8     		add	r0, sp, #16
 634 009a FFF7FEFF 		bl	HAL_RCCEx_PeriphCLKConfig
 635              	.LVL31:
 280:Core/Src/stm32h7xx_hal_msp.c ****     {
 636              		.loc 1 280 8 view .LVU201
 637 009e 30BB     		cbnz	r0, .L31
 638              	.L26:
 285:Core/Src/stm32h7xx_hal_msp.c ****     /**I2C4 GPIO Configuration
 639              		.loc 1 285 5 is_stmt 1 view .LVU202
 640              	.LBB11:
 285:Core/Src/stm32h7xx_hal_msp.c ****     /**I2C4 GPIO Configuration
 641              		.loc 1 285 5 view .LVU203
 285:Core/Src/stm32h7xx_hal_msp.c ****     /**I2C4 GPIO Configuration
 642              		.loc 1 285 5 view .LVU204
 643 00a0 164C     		ldr	r4, .L32+8
 644              	.LVL32:
 285:Core/Src/stm32h7xx_hal_msp.c ****     /**I2C4 GPIO Configuration
 645              		.loc 1 285 5 is_stmt 0 view .LVU205
 646 00a2 D4F8E030 		ldr	r3, [r4, #224]
 647 00a6 43F00203 		orr	r3, r3, #2
 648 00aa C4F8E030 		str	r3, [r4, #224]
 285:Core/Src/stm32h7xx_hal_msp.c ****     /**I2C4 GPIO Configuration
 649              		.loc 1 285 5 is_stmt 1 view .LVU206
 650 00ae D4F8E030 		ldr	r3, [r4, #224]
 651 00b2 03F00203 		and	r3, r3, #2
 652 00b6 0293     		str	r3, [sp, #8]
 285:Core/Src/stm32h7xx_hal_msp.c ****     /**I2C4 GPIO Configuration
 653              		.loc 1 285 5 view .LVU207
 654 00b8 029B     		ldr	r3, [sp, #8]
 655              	.LBE11:
 285:Core/Src/stm32h7xx_hal_msp.c ****     /**I2C4 GPIO Configuration
 656              		.loc 1 285 5 view .LVU208
 290:Core/Src/stm32h7xx_hal_msp.c ****     GPIO_InitStruct.Mode = GPIO_MODE_AF_OD;
 657              		.loc 1 290 5 view .LVU209
 290:Core/Src/stm32h7xx_hal_msp.c ****     GPIO_InitStruct.Mode = GPIO_MODE_AF_OD;
 658              		.loc 1 290 25 is_stmt 0 view .LVU210
 659 00ba C023     		movs	r3, #192
 660 00bc 3593     		str	r3, [sp, #212]
 291:Core/Src/stm32h7xx_hal_msp.c ****     GPIO_InitStruct.Pull = GPIO_NOPULL;
 661              		.loc 1 291 5 is_stmt 1 view .LVU211
 291:Core/Src/stm32h7xx_hal_msp.c ****     GPIO_InitStruct.Pull = GPIO_NOPULL;
 662              		.loc 1 291 26 is_stmt 0 view .LVU212
 663 00be 1223     		movs	r3, #18
 664 00c0 3693     		str	r3, [sp, #216]
 292:Core/Src/stm32h7xx_hal_msp.c ****     GPIO_InitStruct.Speed = GPIO_SPEED_FREQ_LOW;
 665              		.loc 1 292 5 is_stmt 1 view .LVU213
 292:Core/Src/stm32h7xx_hal_msp.c ****     GPIO_InitStruct.Speed = GPIO_SPEED_FREQ_LOW;
 666              		.loc 1 292 26 is_stmt 0 view .LVU214
 667 00c2 0023     		movs	r3, #0
 668 00c4 3793     		str	r3, [sp, #220]
 293:Core/Src/stm32h7xx_hal_msp.c ****     GPIO_InitStruct.Alternate = GPIO_AF6_I2C4;
 669              		.loc 1 293 5 is_stmt 1 view .LVU215
 293:Core/Src/stm32h7xx_hal_msp.c ****     GPIO_InitStruct.Alternate = GPIO_AF6_I2C4;
 670              		.loc 1 293 27 is_stmt 0 view .LVU216
 671 00c6 3893     		str	r3, [sp, #224]
 294:Core/Src/stm32h7xx_hal_msp.c ****     HAL_GPIO_Init(GPIOB, &GPIO_InitStruct);
ARM GAS  C:\Users\admin\AppData\Local\Temp\ccmcZp0j.s 			page 21


 672              		.loc 1 294 5 is_stmt 1 view .LVU217
 294:Core/Src/stm32h7xx_hal_msp.c ****     HAL_GPIO_Init(GPIOB, &GPIO_InitStruct);
 673              		.loc 1 294 31 is_stmt 0 view .LVU218
 674 00c8 0623     		movs	r3, #6
 675 00ca 3993     		str	r3, [sp, #228]
 295:Core/Src/stm32h7xx_hal_msp.c **** 
 676              		.loc 1 295 5 is_stmt 1 view .LVU219
 677 00cc 35A9     		add	r1, sp, #212
 678 00ce 0D48     		ldr	r0, .L32+16
 679 00d0 FFF7FEFF 		bl	HAL_GPIO_Init
 680              	.LVL33:
 298:Core/Src/stm32h7xx_hal_msp.c ****     /* USER CODE BEGIN I2C4_MspInit 1 */
 681              		.loc 1 298 5 view .LVU220
 682              	.LBB12:
 298:Core/Src/stm32h7xx_hal_msp.c ****     /* USER CODE BEGIN I2C4_MspInit 1 */
 683              		.loc 1 298 5 view .LVU221
 298:Core/Src/stm32h7xx_hal_msp.c ****     /* USER CODE BEGIN I2C4_MspInit 1 */
 684              		.loc 1 298 5 view .LVU222
 685 00d4 D4F8F430 		ldr	r3, [r4, #244]
 686 00d8 43F08003 		orr	r3, r3, #128
 687 00dc C4F8F430 		str	r3, [r4, #244]
 298:Core/Src/stm32h7xx_hal_msp.c ****     /* USER CODE BEGIN I2C4_MspInit 1 */
 688              		.loc 1 298 5 view .LVU223
 689 00e0 D4F8F430 		ldr	r3, [r4, #244]
 690 00e4 03F08003 		and	r3, r3, #128
 691 00e8 0393     		str	r3, [sp, #12]
 298:Core/Src/stm32h7xx_hal_msp.c ****     /* USER CODE BEGIN I2C4_MspInit 1 */
 692              		.loc 1 298 5 view .LVU224
 693 00ea 039B     		ldr	r3, [sp, #12]
 694              	.LBE12:
 298:Core/Src/stm32h7xx_hal_msp.c ****     /* USER CODE BEGIN I2C4_MspInit 1 */
 695              		.loc 1 298 5 view .LVU225
 696              		.loc 1 304 1 is_stmt 0 view .LVU226
 697 00ec 9CE7     		b	.L22
 698              	.LVL34:
 699              	.L31:
 282:Core/Src/stm32h7xx_hal_msp.c ****     }
 700              		.loc 1 282 7 is_stmt 1 view .LVU227
 701 00ee FFF7FEFF 		bl	Error_Handler
 702              	.LVL35:
 703 00f2 D5E7     		b	.L26
 704              	.L33:
 705              		.align	2
 706              	.L32:
 707 00f4 00580040 		.word	1073764352
 708 00f8 001C0058 		.word	1476402176
 709 00fc 00440258 		.word	1476543488
 710 0100 00140258 		.word	1476531200
 711 0104 00040258 		.word	1476527104
 712              		.cfi_endproc
 713              	.LFE147:
 715              		.section	.text.HAL_I2C_MspDeInit,"ax",%progbits
 716              		.align	1
 717              		.global	HAL_I2C_MspDeInit
 718              		.syntax unified
 719              		.thumb
 720              		.thumb_func
ARM GAS  C:\Users\admin\AppData\Local\Temp\ccmcZp0j.s 			page 22


 722              	HAL_I2C_MspDeInit:
 723              	.LVL36:
 724              	.LFB148:
 305:Core/Src/stm32h7xx_hal_msp.c **** 
 306:Core/Src/stm32h7xx_hal_msp.c **** /**
 307:Core/Src/stm32h7xx_hal_msp.c ****   * @brief I2C MSP De-Initialization
 308:Core/Src/stm32h7xx_hal_msp.c ****   * This function freeze the hardware resources used in this example
 309:Core/Src/stm32h7xx_hal_msp.c ****   * @param hi2c: I2C handle pointer
 310:Core/Src/stm32h7xx_hal_msp.c ****   * @retval None
 311:Core/Src/stm32h7xx_hal_msp.c ****   */
 312:Core/Src/stm32h7xx_hal_msp.c **** void HAL_I2C_MspDeInit(I2C_HandleTypeDef* hi2c)
 313:Core/Src/stm32h7xx_hal_msp.c **** {
 725              		.loc 1 313 1 view -0
 726              		.cfi_startproc
 727              		@ args = 0, pretend = 0, frame = 0
 728              		@ frame_needed = 0, uses_anonymous_args = 0
 729              		.loc 1 313 1 is_stmt 0 view .LVU229
 730 0000 10B5     		push	{r4, lr}
 731              	.LCFI12:
 732              		.cfi_def_cfa_offset 8
 733              		.cfi_offset 4, -8
 734              		.cfi_offset 14, -4
 314:Core/Src/stm32h7xx_hal_msp.c ****   if(hi2c->Instance==I2C2)
 735              		.loc 1 314 3 is_stmt 1 view .LVU230
 736              		.loc 1 314 10 is_stmt 0 view .LVU231
 737 0002 0368     		ldr	r3, [r0]
 738              		.loc 1 314 5 view .LVU232
 739 0004 144A     		ldr	r2, .L40
 740 0006 9342     		cmp	r3, r2
 741 0008 03D0     		beq	.L38
 315:Core/Src/stm32h7xx_hal_msp.c ****   {
 316:Core/Src/stm32h7xx_hal_msp.c ****     /* USER CODE BEGIN I2C2_MspDeInit 0 */
 317:Core/Src/stm32h7xx_hal_msp.c **** 
 318:Core/Src/stm32h7xx_hal_msp.c ****     /* USER CODE END I2C2_MspDeInit 0 */
 319:Core/Src/stm32h7xx_hal_msp.c ****     /* Peripheral clock disable */
 320:Core/Src/stm32h7xx_hal_msp.c ****     __HAL_RCC_I2C2_CLK_DISABLE();
 321:Core/Src/stm32h7xx_hal_msp.c **** 
 322:Core/Src/stm32h7xx_hal_msp.c ****     /**I2C2 GPIO Configuration
 323:Core/Src/stm32h7xx_hal_msp.c ****     PF1     ------> I2C2_SCL
 324:Core/Src/stm32h7xx_hal_msp.c ****     PF0     ------> I2C2_SDA
 325:Core/Src/stm32h7xx_hal_msp.c ****     */
 326:Core/Src/stm32h7xx_hal_msp.c ****     HAL_GPIO_DeInit(GPIOF, GPIO_PIN_1);
 327:Core/Src/stm32h7xx_hal_msp.c **** 
 328:Core/Src/stm32h7xx_hal_msp.c ****     HAL_GPIO_DeInit(GPIOF, GPIO_PIN_0);
 329:Core/Src/stm32h7xx_hal_msp.c **** 
 330:Core/Src/stm32h7xx_hal_msp.c ****     /* USER CODE BEGIN I2C2_MspDeInit 1 */
 331:Core/Src/stm32h7xx_hal_msp.c **** 
 332:Core/Src/stm32h7xx_hal_msp.c ****     /* USER CODE END I2C2_MspDeInit 1 */
 333:Core/Src/stm32h7xx_hal_msp.c ****   }
 334:Core/Src/stm32h7xx_hal_msp.c ****   else if(hi2c->Instance==I2C4)
 742              		.loc 1 334 8 is_stmt 1 view .LVU233
 743              		.loc 1 334 10 is_stmt 0 view .LVU234
 744 000a 144A     		ldr	r2, .L40+4
 745 000c 9342     		cmp	r3, r2
 746 000e 11D0     		beq	.L39
 747              	.LVL37:
 748              	.L34:
ARM GAS  C:\Users\admin\AppData\Local\Temp\ccmcZp0j.s 			page 23


 335:Core/Src/stm32h7xx_hal_msp.c ****   {
 336:Core/Src/stm32h7xx_hal_msp.c ****     /* USER CODE BEGIN I2C4_MspDeInit 0 */
 337:Core/Src/stm32h7xx_hal_msp.c **** 
 338:Core/Src/stm32h7xx_hal_msp.c ****     /* USER CODE END I2C4_MspDeInit 0 */
 339:Core/Src/stm32h7xx_hal_msp.c ****     /* Peripheral clock disable */
 340:Core/Src/stm32h7xx_hal_msp.c ****     __HAL_RCC_I2C4_CLK_DISABLE();
 341:Core/Src/stm32h7xx_hal_msp.c **** 
 342:Core/Src/stm32h7xx_hal_msp.c ****     /**I2C4 GPIO Configuration
 343:Core/Src/stm32h7xx_hal_msp.c ****     PB6     ------> I2C4_SCL
 344:Core/Src/stm32h7xx_hal_msp.c ****     PB7     ------> I2C4_SDA
 345:Core/Src/stm32h7xx_hal_msp.c ****     */
 346:Core/Src/stm32h7xx_hal_msp.c ****     HAL_GPIO_DeInit(INA219_SCL_GPIO_Port, INA219_SCL_Pin);
 347:Core/Src/stm32h7xx_hal_msp.c **** 
 348:Core/Src/stm32h7xx_hal_msp.c ****     HAL_GPIO_DeInit(INA219_SDA_GPIO_Port, INA219_SDA_Pin);
 349:Core/Src/stm32h7xx_hal_msp.c **** 
 350:Core/Src/stm32h7xx_hal_msp.c ****     /* USER CODE BEGIN I2C4_MspDeInit 1 */
 351:Core/Src/stm32h7xx_hal_msp.c **** 
 352:Core/Src/stm32h7xx_hal_msp.c ****     /* USER CODE END I2C4_MspDeInit 1 */
 353:Core/Src/stm32h7xx_hal_msp.c ****   }
 354:Core/Src/stm32h7xx_hal_msp.c **** 
 355:Core/Src/stm32h7xx_hal_msp.c **** }
 749              		.loc 1 355 1 view .LVU235
 750 0010 10BD     		pop	{r4, pc}
 751              	.LVL38:
 752              	.L38:
 320:Core/Src/stm32h7xx_hal_msp.c **** 
 753              		.loc 1 320 5 is_stmt 1 view .LVU236
 754 0012 134A     		ldr	r2, .L40+8
 755 0014 D2F8E830 		ldr	r3, [r2, #232]
 756 0018 23F48003 		bic	r3, r3, #4194304
 757 001c C2F8E830 		str	r3, [r2, #232]
 326:Core/Src/stm32h7xx_hal_msp.c **** 
 758              		.loc 1 326 5 view .LVU237
 759 0020 104C     		ldr	r4, .L40+12
 760 0022 0221     		movs	r1, #2
 761 0024 2046     		mov	r0, r4
 762              	.LVL39:
 326:Core/Src/stm32h7xx_hal_msp.c **** 
 763              		.loc 1 326 5 is_stmt 0 view .LVU238
 764 0026 FFF7FEFF 		bl	HAL_GPIO_DeInit
 765              	.LVL40:
 328:Core/Src/stm32h7xx_hal_msp.c **** 
 766              		.loc 1 328 5 is_stmt 1 view .LVU239
 767 002a 0121     		movs	r1, #1
 768 002c 2046     		mov	r0, r4
 769 002e FFF7FEFF 		bl	HAL_GPIO_DeInit
 770              	.LVL41:
 771 0032 EDE7     		b	.L34
 772              	.LVL42:
 773              	.L39:
 340:Core/Src/stm32h7xx_hal_msp.c **** 
 774              		.loc 1 340 5 view .LVU240
 775 0034 02F50A32 		add	r2, r2, #141312
 776 0038 D2F8F430 		ldr	r3, [r2, #244]
 777 003c 23F08003 		bic	r3, r3, #128
 778 0040 C2F8F430 		str	r3, [r2, #244]
 346:Core/Src/stm32h7xx_hal_msp.c **** 
ARM GAS  C:\Users\admin\AppData\Local\Temp\ccmcZp0j.s 			page 24


 779              		.loc 1 346 5 view .LVU241
 780 0044 084C     		ldr	r4, .L40+16
 781 0046 4021     		movs	r1, #64
 782 0048 2046     		mov	r0, r4
 783              	.LVL43:
 346:Core/Src/stm32h7xx_hal_msp.c **** 
 784              		.loc 1 346 5 is_stmt 0 view .LVU242
 785 004a FFF7FEFF 		bl	HAL_GPIO_DeInit
 786              	.LVL44:
 348:Core/Src/stm32h7xx_hal_msp.c **** 
 787              		.loc 1 348 5 is_stmt 1 view .LVU243
 788 004e 8021     		movs	r1, #128
 789 0050 2046     		mov	r0, r4
 790 0052 FFF7FEFF 		bl	HAL_GPIO_DeInit
 791              	.LVL45:
 792              		.loc 1 355 1 is_stmt 0 view .LVU244
 793 0056 DBE7     		b	.L34
 794              	.L41:
 795              		.align	2
 796              	.L40:
 797 0058 00580040 		.word	1073764352
 798 005c 001C0058 		.word	1476402176
 799 0060 00440258 		.word	1476543488
 800 0064 00140258 		.word	1476531200
 801 0068 00040258 		.word	1476527104
 802              		.cfi_endproc
 803              	.LFE148:
 805              		.section	.text.HAL_RTC_MspInit,"ax",%progbits
 806              		.align	1
 807              		.global	HAL_RTC_MspInit
 808              		.syntax unified
 809              		.thumb
 810              		.thumb_func
 812              	HAL_RTC_MspInit:
 813              	.LVL46:
 814              	.LFB149:
 356:Core/Src/stm32h7xx_hal_msp.c **** 
 357:Core/Src/stm32h7xx_hal_msp.c **** /**
 358:Core/Src/stm32h7xx_hal_msp.c ****   * @brief RTC MSP Initialization
 359:Core/Src/stm32h7xx_hal_msp.c ****   * This function configures the hardware resources used in this example
 360:Core/Src/stm32h7xx_hal_msp.c ****   * @param hrtc: RTC handle pointer
 361:Core/Src/stm32h7xx_hal_msp.c ****   * @retval None
 362:Core/Src/stm32h7xx_hal_msp.c ****   */
 363:Core/Src/stm32h7xx_hal_msp.c **** void HAL_RTC_MspInit(RTC_HandleTypeDef* hrtc)
 364:Core/Src/stm32h7xx_hal_msp.c **** {
 815              		.loc 1 364 1 is_stmt 1 view -0
 816              		.cfi_startproc
 817              		@ args = 0, pretend = 0, frame = 192
 818              		@ frame_needed = 0, uses_anonymous_args = 0
 819              		.loc 1 364 1 is_stmt 0 view .LVU246
 820 0000 10B5     		push	{r4, lr}
 821              	.LCFI13:
 822              		.cfi_def_cfa_offset 8
 823              		.cfi_offset 4, -8
 824              		.cfi_offset 14, -4
 825 0002 B0B0     		sub	sp, sp, #192
 826              	.LCFI14:
ARM GAS  C:\Users\admin\AppData\Local\Temp\ccmcZp0j.s 			page 25


 827              		.cfi_def_cfa_offset 200
 828 0004 0446     		mov	r4, r0
 365:Core/Src/stm32h7xx_hal_msp.c ****   RCC_PeriphCLKInitTypeDef PeriphClkInitStruct = {0};
 829              		.loc 1 365 3 is_stmt 1 view .LVU247
 830              		.loc 1 365 28 is_stmt 0 view .LVU248
 831 0006 C022     		movs	r2, #192
 832 0008 0021     		movs	r1, #0
 833 000a 6846     		mov	r0, sp
 834              	.LVL47:
 835              		.loc 1 365 28 view .LVU249
 836 000c FFF7FEFF 		bl	memset
 837              	.LVL48:
 366:Core/Src/stm32h7xx_hal_msp.c ****   if(hrtc->Instance==RTC)
 838              		.loc 1 366 3 is_stmt 1 view .LVU250
 839              		.loc 1 366 10 is_stmt 0 view .LVU251
 840 0010 2268     		ldr	r2, [r4]
 841              		.loc 1 366 5 view .LVU252
 842 0012 114B     		ldr	r3, .L48
 843 0014 9A42     		cmp	r2, r3
 844 0016 01D0     		beq	.L46
 845              	.L42:
 367:Core/Src/stm32h7xx_hal_msp.c ****   {
 368:Core/Src/stm32h7xx_hal_msp.c ****     /* USER CODE BEGIN RTC_MspInit 0 */
 369:Core/Src/stm32h7xx_hal_msp.c **** 
 370:Core/Src/stm32h7xx_hal_msp.c ****     /* USER CODE END RTC_MspInit 0 */
 371:Core/Src/stm32h7xx_hal_msp.c **** 
 372:Core/Src/stm32h7xx_hal_msp.c ****   /** Initializes the peripherals clock
 373:Core/Src/stm32h7xx_hal_msp.c ****   */
 374:Core/Src/stm32h7xx_hal_msp.c ****     PeriphClkInitStruct.PeriphClockSelection = RCC_PERIPHCLK_RTC;
 375:Core/Src/stm32h7xx_hal_msp.c ****     PeriphClkInitStruct.RTCClockSelection = RCC_RTCCLKSOURCE_LSI;
 376:Core/Src/stm32h7xx_hal_msp.c ****     if (HAL_RCCEx_PeriphCLKConfig(&PeriphClkInitStruct) != HAL_OK)
 377:Core/Src/stm32h7xx_hal_msp.c ****     {
 378:Core/Src/stm32h7xx_hal_msp.c ****       Error_Handler();
 379:Core/Src/stm32h7xx_hal_msp.c ****     }
 380:Core/Src/stm32h7xx_hal_msp.c **** 
 381:Core/Src/stm32h7xx_hal_msp.c ****     /* Peripheral clock enable */
 382:Core/Src/stm32h7xx_hal_msp.c ****     __HAL_RCC_RTC_ENABLE();
 383:Core/Src/stm32h7xx_hal_msp.c ****     /* RTC interrupt Init */
 384:Core/Src/stm32h7xx_hal_msp.c ****     HAL_NVIC_SetPriority(RTC_WKUP_IRQn, 5, 0);
 385:Core/Src/stm32h7xx_hal_msp.c ****     HAL_NVIC_EnableIRQ(RTC_WKUP_IRQn);
 386:Core/Src/stm32h7xx_hal_msp.c ****     /* USER CODE BEGIN RTC_MspInit 1 */
 387:Core/Src/stm32h7xx_hal_msp.c **** 
 388:Core/Src/stm32h7xx_hal_msp.c ****     /* USER CODE END RTC_MspInit 1 */
 389:Core/Src/stm32h7xx_hal_msp.c **** 
 390:Core/Src/stm32h7xx_hal_msp.c ****   }
 391:Core/Src/stm32h7xx_hal_msp.c **** 
 392:Core/Src/stm32h7xx_hal_msp.c **** }
 846              		.loc 1 392 1 view .LVU253
 847 0018 30B0     		add	sp, sp, #192
 848              	.LCFI15:
 849              		.cfi_remember_state
 850              		.cfi_def_cfa_offset 8
 851              		@ sp needed
 852 001a 10BD     		pop	{r4, pc}
 853              	.LVL49:
 854              	.L46:
 855              	.LCFI16:
ARM GAS  C:\Users\admin\AppData\Local\Temp\ccmcZp0j.s 			page 26


 856              		.cfi_restore_state
 374:Core/Src/stm32h7xx_hal_msp.c ****     PeriphClkInitStruct.RTCClockSelection = RCC_RTCCLKSOURCE_LSI;
 857              		.loc 1 374 5 is_stmt 1 view .LVU254
 374:Core/Src/stm32h7xx_hal_msp.c ****     PeriphClkInitStruct.RTCClockSelection = RCC_RTCCLKSOURCE_LSI;
 858              		.loc 1 374 46 is_stmt 0 view .LVU255
 859 001c 4FF48002 		mov	r2, #4194304
 860 0020 0023     		movs	r3, #0
 861 0022 CDE90023 		strd	r2, [sp]
 375:Core/Src/stm32h7xx_hal_msp.c ****     if (HAL_RCCEx_PeriphCLKConfig(&PeriphClkInitStruct) != HAL_OK)
 862              		.loc 1 375 5 is_stmt 1 view .LVU256
 375:Core/Src/stm32h7xx_hal_msp.c ****     if (HAL_RCCEx_PeriphCLKConfig(&PeriphClkInitStruct) != HAL_OK)
 863              		.loc 1 375 43 is_stmt 0 view .LVU257
 864 0026 4FF40073 		mov	r3, #512
 865 002a 2D93     		str	r3, [sp, #180]
 376:Core/Src/stm32h7xx_hal_msp.c ****     {
 866              		.loc 1 376 5 is_stmt 1 view .LVU258
 376:Core/Src/stm32h7xx_hal_msp.c ****     {
 867              		.loc 1 376 9 is_stmt 0 view .LVU259
 868 002c 6846     		mov	r0, sp
 869 002e FFF7FEFF 		bl	HAL_RCCEx_PeriphCLKConfig
 870              	.LVL50:
 376:Core/Src/stm32h7xx_hal_msp.c ****     {
 871              		.loc 1 376 8 view .LVU260
 872 0032 68B9     		cbnz	r0, .L47
 873              	.L44:
 382:Core/Src/stm32h7xx_hal_msp.c ****     /* RTC interrupt Init */
 874              		.loc 1 382 5 is_stmt 1 view .LVU261
 875 0034 094A     		ldr	r2, .L48+4
 876 0036 136F     		ldr	r3, [r2, #112]
 877 0038 43F40043 		orr	r3, r3, #32768
 878 003c 1367     		str	r3, [r2, #112]
 384:Core/Src/stm32h7xx_hal_msp.c ****     HAL_NVIC_EnableIRQ(RTC_WKUP_IRQn);
 879              		.loc 1 384 5 view .LVU262
 880 003e 0022     		movs	r2, #0
 881 0040 0521     		movs	r1, #5
 882 0042 0320     		movs	r0, #3
 883 0044 FFF7FEFF 		bl	HAL_NVIC_SetPriority
 884              	.LVL51:
 385:Core/Src/stm32h7xx_hal_msp.c ****     /* USER CODE BEGIN RTC_MspInit 1 */
 885              		.loc 1 385 5 view .LVU263
 886 0048 0320     		movs	r0, #3
 887 004a FFF7FEFF 		bl	HAL_NVIC_EnableIRQ
 888              	.LVL52:
 889              		.loc 1 392 1 is_stmt 0 view .LVU264
 890 004e E3E7     		b	.L42
 891              	.L47:
 378:Core/Src/stm32h7xx_hal_msp.c ****     }
 892              		.loc 1 378 7 is_stmt 1 view .LVU265
 893 0050 FFF7FEFF 		bl	Error_Handler
 894              	.LVL53:
 895 0054 EEE7     		b	.L44
 896              	.L49:
 897 0056 00BF     		.align	2
 898              	.L48:
 899 0058 00400058 		.word	1476411392
 900 005c 00440258 		.word	1476543488
 901              		.cfi_endproc
ARM GAS  C:\Users\admin\AppData\Local\Temp\ccmcZp0j.s 			page 27


 902              	.LFE149:
 904              		.section	.text.HAL_RTC_MspDeInit,"ax",%progbits
 905              		.align	1
 906              		.global	HAL_RTC_MspDeInit
 907              		.syntax unified
 908              		.thumb
 909              		.thumb_func
 911              	HAL_RTC_MspDeInit:
 912              	.LVL54:
 913              	.LFB150:
 393:Core/Src/stm32h7xx_hal_msp.c **** 
 394:Core/Src/stm32h7xx_hal_msp.c **** /**
 395:Core/Src/stm32h7xx_hal_msp.c ****   * @brief RTC MSP De-Initialization
 396:Core/Src/stm32h7xx_hal_msp.c ****   * This function freeze the hardware resources used in this example
 397:Core/Src/stm32h7xx_hal_msp.c ****   * @param hrtc: RTC handle pointer
 398:Core/Src/stm32h7xx_hal_msp.c ****   * @retval None
 399:Core/Src/stm32h7xx_hal_msp.c ****   */
 400:Core/Src/stm32h7xx_hal_msp.c **** void HAL_RTC_MspDeInit(RTC_HandleTypeDef* hrtc)
 401:Core/Src/stm32h7xx_hal_msp.c **** {
 914              		.loc 1 401 1 view -0
 915              		.cfi_startproc
 916              		@ args = 0, pretend = 0, frame = 0
 917              		@ frame_needed = 0, uses_anonymous_args = 0
 918              		.loc 1 401 1 is_stmt 0 view .LVU267
 919 0000 08B5     		push	{r3, lr}
 920              	.LCFI17:
 921              		.cfi_def_cfa_offset 8
 922              		.cfi_offset 3, -8
 923              		.cfi_offset 14, -4
 402:Core/Src/stm32h7xx_hal_msp.c ****   if(hrtc->Instance==RTC)
 924              		.loc 1 402 3 is_stmt 1 view .LVU268
 925              		.loc 1 402 10 is_stmt 0 view .LVU269
 926 0002 0268     		ldr	r2, [r0]
 927              		.loc 1 402 5 view .LVU270
 928 0004 064B     		ldr	r3, .L54
 929 0006 9A42     		cmp	r2, r3
 930 0008 00D0     		beq	.L53
 931              	.LVL55:
 932              	.L50:
 403:Core/Src/stm32h7xx_hal_msp.c ****   {
 404:Core/Src/stm32h7xx_hal_msp.c ****     /* USER CODE BEGIN RTC_MspDeInit 0 */
 405:Core/Src/stm32h7xx_hal_msp.c **** 
 406:Core/Src/stm32h7xx_hal_msp.c ****     /* USER CODE END RTC_MspDeInit 0 */
 407:Core/Src/stm32h7xx_hal_msp.c ****     /* Peripheral clock disable */
 408:Core/Src/stm32h7xx_hal_msp.c ****     __HAL_RCC_RTC_DISABLE();
 409:Core/Src/stm32h7xx_hal_msp.c **** 
 410:Core/Src/stm32h7xx_hal_msp.c ****     /* RTC interrupt DeInit */
 411:Core/Src/stm32h7xx_hal_msp.c ****     HAL_NVIC_DisableIRQ(RTC_WKUP_IRQn);
 412:Core/Src/stm32h7xx_hal_msp.c ****     /* USER CODE BEGIN RTC_MspDeInit 1 */
 413:Core/Src/stm32h7xx_hal_msp.c **** 
 414:Core/Src/stm32h7xx_hal_msp.c ****     /* USER CODE END RTC_MspDeInit 1 */
 415:Core/Src/stm32h7xx_hal_msp.c ****   }
 416:Core/Src/stm32h7xx_hal_msp.c **** 
 417:Core/Src/stm32h7xx_hal_msp.c **** }
 933              		.loc 1 417 1 view .LVU271
 934 000a 08BD     		pop	{r3, pc}
 935              	.LVL56:
ARM GAS  C:\Users\admin\AppData\Local\Temp\ccmcZp0j.s 			page 28


 936              	.L53:
 408:Core/Src/stm32h7xx_hal_msp.c **** 
 937              		.loc 1 408 5 is_stmt 1 view .LVU272
 938 000c 054A     		ldr	r2, .L54+4
 939 000e 136F     		ldr	r3, [r2, #112]
 940 0010 23F40043 		bic	r3, r3, #32768
 941 0014 1367     		str	r3, [r2, #112]
 411:Core/Src/stm32h7xx_hal_msp.c ****     /* USER CODE BEGIN RTC_MspDeInit 1 */
 942              		.loc 1 411 5 view .LVU273
 943 0016 0320     		movs	r0, #3
 944              	.LVL57:
 411:Core/Src/stm32h7xx_hal_msp.c ****     /* USER CODE BEGIN RTC_MspDeInit 1 */
 945              		.loc 1 411 5 is_stmt 0 view .LVU274
 946 0018 FFF7FEFF 		bl	HAL_NVIC_DisableIRQ
 947              	.LVL58:
 948              		.loc 1 417 1 view .LVU275
 949 001c F5E7     		b	.L50
 950              	.L55:
 951 001e 00BF     		.align	2
 952              	.L54:
 953 0020 00400058 		.word	1476411392
 954 0024 00440258 		.word	1476543488
 955              		.cfi_endproc
 956              	.LFE150:
 958              		.section	.text.HAL_SD_MspInit,"ax",%progbits
 959              		.align	1
 960              		.global	HAL_SD_MspInit
 961              		.syntax unified
 962              		.thumb
 963              		.thumb_func
 965              	HAL_SD_MspInit:
 966              	.LVL59:
 967              	.LFB151:
 418:Core/Src/stm32h7xx_hal_msp.c **** 
 419:Core/Src/stm32h7xx_hal_msp.c **** /**
 420:Core/Src/stm32h7xx_hal_msp.c ****   * @brief SD MSP Initialization
 421:Core/Src/stm32h7xx_hal_msp.c ****   * This function configures the hardware resources used in this example
 422:Core/Src/stm32h7xx_hal_msp.c ****   * @param hsd: SD handle pointer
 423:Core/Src/stm32h7xx_hal_msp.c ****   * @retval None
 424:Core/Src/stm32h7xx_hal_msp.c ****   */
 425:Core/Src/stm32h7xx_hal_msp.c **** void HAL_SD_MspInit(SD_HandleTypeDef* hsd)
 426:Core/Src/stm32h7xx_hal_msp.c **** {
 968              		.loc 1 426 1 is_stmt 1 view -0
 969              		.cfi_startproc
 970              		@ args = 0, pretend = 0, frame = 232
 971              		@ frame_needed = 0, uses_anonymous_args = 0
 972              		.loc 1 426 1 is_stmt 0 view .LVU277
 973 0000 F0B5     		push	{r4, r5, r6, r7, lr}
 974              	.LCFI18:
 975              		.cfi_def_cfa_offset 20
 976              		.cfi_offset 4, -20
 977              		.cfi_offset 5, -16
 978              		.cfi_offset 6, -12
 979              		.cfi_offset 7, -8
 980              		.cfi_offset 14, -4
 981 0002 BBB0     		sub	sp, sp, #236
 982              	.LCFI19:
ARM GAS  C:\Users\admin\AppData\Local\Temp\ccmcZp0j.s 			page 29


 983              		.cfi_def_cfa_offset 256
 984 0004 0446     		mov	r4, r0
 427:Core/Src/stm32h7xx_hal_msp.c ****   GPIO_InitTypeDef GPIO_InitStruct = {0};
 985              		.loc 1 427 3 is_stmt 1 view .LVU278
 986              		.loc 1 427 20 is_stmt 0 view .LVU279
 987 0006 0021     		movs	r1, #0
 988 0008 3591     		str	r1, [sp, #212]
 989 000a 3691     		str	r1, [sp, #216]
 990 000c 3791     		str	r1, [sp, #220]
 991 000e 3891     		str	r1, [sp, #224]
 992 0010 3991     		str	r1, [sp, #228]
 428:Core/Src/stm32h7xx_hal_msp.c ****   RCC_PeriphCLKInitTypeDef PeriphClkInitStruct = {0};
 993              		.loc 1 428 3 is_stmt 1 view .LVU280
 994              		.loc 1 428 28 is_stmt 0 view .LVU281
 995 0012 C022     		movs	r2, #192
 996 0014 04A8     		add	r0, sp, #16
 997              	.LVL60:
 998              		.loc 1 428 28 view .LVU282
 999 0016 FFF7FEFF 		bl	memset
 1000              	.LVL61:
 429:Core/Src/stm32h7xx_hal_msp.c ****   if(hsd->Instance==SDMMC1)
 1001              		.loc 1 429 3 is_stmt 1 view .LVU283
 1002              		.loc 1 429 9 is_stmt 0 view .LVU284
 1003 001a 2268     		ldr	r2, [r4]
 1004              		.loc 1 429 5 view .LVU285
 1005 001c 284B     		ldr	r3, .L62
 1006 001e 9A42     		cmp	r2, r3
 1007 0020 01D0     		beq	.L60
 1008              	.LVL62:
 1009              	.L56:
 430:Core/Src/stm32h7xx_hal_msp.c ****   {
 431:Core/Src/stm32h7xx_hal_msp.c ****     /* USER CODE BEGIN SDMMC1_MspInit 0 */
 432:Core/Src/stm32h7xx_hal_msp.c **** 
 433:Core/Src/stm32h7xx_hal_msp.c ****     /* USER CODE END SDMMC1_MspInit 0 */
 434:Core/Src/stm32h7xx_hal_msp.c **** 
 435:Core/Src/stm32h7xx_hal_msp.c ****   /** Initializes the peripherals clock
 436:Core/Src/stm32h7xx_hal_msp.c ****   */
 437:Core/Src/stm32h7xx_hal_msp.c ****     PeriphClkInitStruct.PeriphClockSelection = RCC_PERIPHCLK_SDMMC;
 438:Core/Src/stm32h7xx_hal_msp.c ****     PeriphClkInitStruct.SdmmcClockSelection = RCC_SDMMCCLKSOURCE_PLL;
 439:Core/Src/stm32h7xx_hal_msp.c ****     if (HAL_RCCEx_PeriphCLKConfig(&PeriphClkInitStruct) != HAL_OK)
 440:Core/Src/stm32h7xx_hal_msp.c ****     {
 441:Core/Src/stm32h7xx_hal_msp.c ****       Error_Handler();
 442:Core/Src/stm32h7xx_hal_msp.c ****     }
 443:Core/Src/stm32h7xx_hal_msp.c **** 
 444:Core/Src/stm32h7xx_hal_msp.c ****     /* Peripheral clock enable */
 445:Core/Src/stm32h7xx_hal_msp.c ****     __HAL_RCC_SDMMC1_CLK_ENABLE();
 446:Core/Src/stm32h7xx_hal_msp.c **** 
 447:Core/Src/stm32h7xx_hal_msp.c ****     __HAL_RCC_GPIOC_CLK_ENABLE();
 448:Core/Src/stm32h7xx_hal_msp.c ****     __HAL_RCC_GPIOD_CLK_ENABLE();
 449:Core/Src/stm32h7xx_hal_msp.c ****     /**SDMMC1 GPIO Configuration
 450:Core/Src/stm32h7xx_hal_msp.c ****     PC10     ------> SDMMC1_D2
 451:Core/Src/stm32h7xx_hal_msp.c ****     PC11     ------> SDMMC1_D3
 452:Core/Src/stm32h7xx_hal_msp.c ****     PC12     ------> SDMMC1_CK
 453:Core/Src/stm32h7xx_hal_msp.c ****     PD2     ------> SDMMC1_CMD
 454:Core/Src/stm32h7xx_hal_msp.c ****     PC8     ------> SDMMC1_D0
 455:Core/Src/stm32h7xx_hal_msp.c ****     PC9     ------> SDMMC1_D1
 456:Core/Src/stm32h7xx_hal_msp.c ****     */
ARM GAS  C:\Users\admin\AppData\Local\Temp\ccmcZp0j.s 			page 30


 457:Core/Src/stm32h7xx_hal_msp.c ****     GPIO_InitStruct.Pin = SD_D2_Pin|SD_D3_Pin|SD_CK_Pin|SD_D0_Pin
 458:Core/Src/stm32h7xx_hal_msp.c ****                           |SD_D1_Pin;
 459:Core/Src/stm32h7xx_hal_msp.c ****     GPIO_InitStruct.Mode = GPIO_MODE_AF_PP;
 460:Core/Src/stm32h7xx_hal_msp.c ****     GPIO_InitStruct.Pull = GPIO_NOPULL;
 461:Core/Src/stm32h7xx_hal_msp.c ****     GPIO_InitStruct.Speed = GPIO_SPEED_FREQ_VERY_HIGH;
 462:Core/Src/stm32h7xx_hal_msp.c ****     GPIO_InitStruct.Alternate = GPIO_AF12_SDIO1;
 463:Core/Src/stm32h7xx_hal_msp.c ****     HAL_GPIO_Init(GPIOC, &GPIO_InitStruct);
 464:Core/Src/stm32h7xx_hal_msp.c **** 
 465:Core/Src/stm32h7xx_hal_msp.c ****     GPIO_InitStruct.Pin = SC_CMD_Pin;
 466:Core/Src/stm32h7xx_hal_msp.c ****     GPIO_InitStruct.Mode = GPIO_MODE_AF_PP;
 467:Core/Src/stm32h7xx_hal_msp.c ****     GPIO_InitStruct.Pull = GPIO_NOPULL;
 468:Core/Src/stm32h7xx_hal_msp.c ****     GPIO_InitStruct.Speed = GPIO_SPEED_FREQ_VERY_HIGH;
 469:Core/Src/stm32h7xx_hal_msp.c ****     GPIO_InitStruct.Alternate = GPIO_AF12_SDIO1;
 470:Core/Src/stm32h7xx_hal_msp.c ****     HAL_GPIO_Init(SC_CMD_GPIO_Port, &GPIO_InitStruct);
 471:Core/Src/stm32h7xx_hal_msp.c **** 
 472:Core/Src/stm32h7xx_hal_msp.c ****     /* USER CODE BEGIN SDMMC1_MspInit 1 */
 473:Core/Src/stm32h7xx_hal_msp.c **** 
 474:Core/Src/stm32h7xx_hal_msp.c ****     /* USER CODE END SDMMC1_MspInit 1 */
 475:Core/Src/stm32h7xx_hal_msp.c **** 
 476:Core/Src/stm32h7xx_hal_msp.c ****   }
 477:Core/Src/stm32h7xx_hal_msp.c **** 
 478:Core/Src/stm32h7xx_hal_msp.c **** }
 1010              		.loc 1 478 1 view .LVU286
 1011 0022 3BB0     		add	sp, sp, #236
 1012              	.LCFI20:
 1013              		.cfi_remember_state
 1014              		.cfi_def_cfa_offset 20
 1015              		@ sp needed
 1016 0024 F0BD     		pop	{r4, r5, r6, r7, pc}
 1017              	.LVL63:
 1018              	.L60:
 1019              	.LCFI21:
 1020              		.cfi_restore_state
 437:Core/Src/stm32h7xx_hal_msp.c ****     PeriphClkInitStruct.SdmmcClockSelection = RCC_SDMMCCLKSOURCE_PLL;
 1021              		.loc 1 437 5 is_stmt 1 view .LVU287
 437:Core/Src/stm32h7xx_hal_msp.c ****     PeriphClkInitStruct.SdmmcClockSelection = RCC_SDMMCCLKSOURCE_PLL;
 1022              		.loc 1 437 46 is_stmt 0 view .LVU288
 1023 0026 4FF48032 		mov	r2, #65536
 1024 002a 0023     		movs	r3, #0
 1025 002c CDE90423 		strd	r2, [sp, #16]
 438:Core/Src/stm32h7xx_hal_msp.c ****     if (HAL_RCCEx_PeriphCLKConfig(&PeriphClkInitStruct) != HAL_OK)
 1026              		.loc 1 438 5 is_stmt 1 view .LVU289
 439:Core/Src/stm32h7xx_hal_msp.c ****     {
 1027              		.loc 1 439 5 view .LVU290
 439:Core/Src/stm32h7xx_hal_msp.c ****     {
 1028              		.loc 1 439 9 is_stmt 0 view .LVU291
 1029 0030 04A8     		add	r0, sp, #16
 1030 0032 FFF7FEFF 		bl	HAL_RCCEx_PeriphCLKConfig
 1031              	.LVL64:
 439:Core/Src/stm32h7xx_hal_msp.c ****     {
 1032              		.loc 1 439 8 view .LVU292
 1033 0036 0028     		cmp	r0, #0
 1034 0038 3ED1     		bne	.L61
 1035              	.L58:
 445:Core/Src/stm32h7xx_hal_msp.c **** 
 1036              		.loc 1 445 5 is_stmt 1 view .LVU293
 1037              	.LBB13:
ARM GAS  C:\Users\admin\AppData\Local\Temp\ccmcZp0j.s 			page 31


 445:Core/Src/stm32h7xx_hal_msp.c **** 
 1038              		.loc 1 445 5 view .LVU294
 445:Core/Src/stm32h7xx_hal_msp.c **** 
 1039              		.loc 1 445 5 view .LVU295
 1040 003a 224B     		ldr	r3, .L62+4
 1041 003c D3F8D420 		ldr	r2, [r3, #212]
 1042 0040 42F48032 		orr	r2, r2, #65536
 1043 0044 C3F8D420 		str	r2, [r3, #212]
 445:Core/Src/stm32h7xx_hal_msp.c **** 
 1044              		.loc 1 445 5 view .LVU296
 1045 0048 D3F8D420 		ldr	r2, [r3, #212]
 1046 004c 02F48032 		and	r2, r2, #65536
 1047 0050 0192     		str	r2, [sp, #4]
 445:Core/Src/stm32h7xx_hal_msp.c **** 
 1048              		.loc 1 445 5 view .LVU297
 1049 0052 019A     		ldr	r2, [sp, #4]
 1050              	.LBE13:
 445:Core/Src/stm32h7xx_hal_msp.c **** 
 1051              		.loc 1 445 5 view .LVU298
 447:Core/Src/stm32h7xx_hal_msp.c ****     __HAL_RCC_GPIOD_CLK_ENABLE();
 1052              		.loc 1 447 5 view .LVU299
 1053              	.LBB14:
 447:Core/Src/stm32h7xx_hal_msp.c ****     __HAL_RCC_GPIOD_CLK_ENABLE();
 1054              		.loc 1 447 5 view .LVU300
 447:Core/Src/stm32h7xx_hal_msp.c ****     __HAL_RCC_GPIOD_CLK_ENABLE();
 1055              		.loc 1 447 5 view .LVU301
 1056 0054 D3F8E020 		ldr	r2, [r3, #224]
 1057 0058 42F00402 		orr	r2, r2, #4
 1058 005c C3F8E020 		str	r2, [r3, #224]
 447:Core/Src/stm32h7xx_hal_msp.c ****     __HAL_RCC_GPIOD_CLK_ENABLE();
 1059              		.loc 1 447 5 view .LVU302
 1060 0060 D3F8E020 		ldr	r2, [r3, #224]
 1061 0064 02F00402 		and	r2, r2, #4
 1062 0068 0292     		str	r2, [sp, #8]
 447:Core/Src/stm32h7xx_hal_msp.c ****     __HAL_RCC_GPIOD_CLK_ENABLE();
 1063              		.loc 1 447 5 view .LVU303
 1064 006a 029A     		ldr	r2, [sp, #8]
 1065              	.LBE14:
 447:Core/Src/stm32h7xx_hal_msp.c ****     __HAL_RCC_GPIOD_CLK_ENABLE();
 1066              		.loc 1 447 5 view .LVU304
 448:Core/Src/stm32h7xx_hal_msp.c ****     /**SDMMC1 GPIO Configuration
 1067              		.loc 1 448 5 view .LVU305
 1068              	.LBB15:
 448:Core/Src/stm32h7xx_hal_msp.c ****     /**SDMMC1 GPIO Configuration
 1069              		.loc 1 448 5 view .LVU306
 448:Core/Src/stm32h7xx_hal_msp.c ****     /**SDMMC1 GPIO Configuration
 1070              		.loc 1 448 5 view .LVU307
 1071 006c D3F8E020 		ldr	r2, [r3, #224]
 1072 0070 42F00802 		orr	r2, r2, #8
 1073 0074 C3F8E020 		str	r2, [r3, #224]
 448:Core/Src/stm32h7xx_hal_msp.c ****     /**SDMMC1 GPIO Configuration
 1074              		.loc 1 448 5 view .LVU308
 1075 0078 D3F8E030 		ldr	r3, [r3, #224]
 1076 007c 03F00803 		and	r3, r3, #8
 1077 0080 0393     		str	r3, [sp, #12]
 448:Core/Src/stm32h7xx_hal_msp.c ****     /**SDMMC1 GPIO Configuration
 1078              		.loc 1 448 5 view .LVU309
ARM GAS  C:\Users\admin\AppData\Local\Temp\ccmcZp0j.s 			page 32


 1079 0082 039B     		ldr	r3, [sp, #12]
 1080              	.LBE15:
 448:Core/Src/stm32h7xx_hal_msp.c ****     /**SDMMC1 GPIO Configuration
 1081              		.loc 1 448 5 view .LVU310
 457:Core/Src/stm32h7xx_hal_msp.c ****                           |SD_D1_Pin;
 1082              		.loc 1 457 5 view .LVU311
 457:Core/Src/stm32h7xx_hal_msp.c ****                           |SD_D1_Pin;
 1083              		.loc 1 457 25 is_stmt 0 view .LVU312
 1084 0084 4FF4F853 		mov	r3, #7936
 1085 0088 3593     		str	r3, [sp, #212]
 459:Core/Src/stm32h7xx_hal_msp.c ****     GPIO_InitStruct.Pull = GPIO_NOPULL;
 1086              		.loc 1 459 5 is_stmt 1 view .LVU313
 459:Core/Src/stm32h7xx_hal_msp.c ****     GPIO_InitStruct.Pull = GPIO_NOPULL;
 1087              		.loc 1 459 26 is_stmt 0 view .LVU314
 1088 008a 0227     		movs	r7, #2
 1089 008c 3697     		str	r7, [sp, #216]
 460:Core/Src/stm32h7xx_hal_msp.c ****     GPIO_InitStruct.Speed = GPIO_SPEED_FREQ_VERY_HIGH;
 1090              		.loc 1 460 5 is_stmt 1 view .LVU315
 460:Core/Src/stm32h7xx_hal_msp.c ****     GPIO_InitStruct.Speed = GPIO_SPEED_FREQ_VERY_HIGH;
 1091              		.loc 1 460 26 is_stmt 0 view .LVU316
 1092 008e 0026     		movs	r6, #0
 1093 0090 3796     		str	r6, [sp, #220]
 461:Core/Src/stm32h7xx_hal_msp.c ****     GPIO_InitStruct.Alternate = GPIO_AF12_SDIO1;
 1094              		.loc 1 461 5 is_stmt 1 view .LVU317
 461:Core/Src/stm32h7xx_hal_msp.c ****     GPIO_InitStruct.Alternate = GPIO_AF12_SDIO1;
 1095              		.loc 1 461 27 is_stmt 0 view .LVU318
 1096 0092 0325     		movs	r5, #3
 1097 0094 3895     		str	r5, [sp, #224]
 462:Core/Src/stm32h7xx_hal_msp.c ****     HAL_GPIO_Init(GPIOC, &GPIO_InitStruct);
 1098              		.loc 1 462 5 is_stmt 1 view .LVU319
 462:Core/Src/stm32h7xx_hal_msp.c ****     HAL_GPIO_Init(GPIOC, &GPIO_InitStruct);
 1099              		.loc 1 462 31 is_stmt 0 view .LVU320
 1100 0096 0C24     		movs	r4, #12
 1101              	.LVL65:
 462:Core/Src/stm32h7xx_hal_msp.c ****     HAL_GPIO_Init(GPIOC, &GPIO_InitStruct);
 1102              		.loc 1 462 31 view .LVU321
 1103 0098 3994     		str	r4, [sp, #228]
 463:Core/Src/stm32h7xx_hal_msp.c **** 
 1104              		.loc 1 463 5 is_stmt 1 view .LVU322
 1105 009a 35A9     		add	r1, sp, #212
 1106 009c 0A48     		ldr	r0, .L62+8
 1107 009e FFF7FEFF 		bl	HAL_GPIO_Init
 1108              	.LVL66:
 465:Core/Src/stm32h7xx_hal_msp.c ****     GPIO_InitStruct.Mode = GPIO_MODE_AF_PP;
 1109              		.loc 1 465 5 view .LVU323
 465:Core/Src/stm32h7xx_hal_msp.c ****     GPIO_InitStruct.Mode = GPIO_MODE_AF_PP;
 1110              		.loc 1 465 25 is_stmt 0 view .LVU324
 1111 00a2 0423     		movs	r3, #4
 1112 00a4 3593     		str	r3, [sp, #212]
 466:Core/Src/stm32h7xx_hal_msp.c ****     GPIO_InitStruct.Pull = GPIO_NOPULL;
 1113              		.loc 1 466 5 is_stmt 1 view .LVU325
 466:Core/Src/stm32h7xx_hal_msp.c ****     GPIO_InitStruct.Pull = GPIO_NOPULL;
 1114              		.loc 1 466 26 is_stmt 0 view .LVU326
 1115 00a6 3697     		str	r7, [sp, #216]
 467:Core/Src/stm32h7xx_hal_msp.c ****     GPIO_InitStruct.Speed = GPIO_SPEED_FREQ_VERY_HIGH;
 1116              		.loc 1 467 5 is_stmt 1 view .LVU327
 467:Core/Src/stm32h7xx_hal_msp.c ****     GPIO_InitStruct.Speed = GPIO_SPEED_FREQ_VERY_HIGH;
ARM GAS  C:\Users\admin\AppData\Local\Temp\ccmcZp0j.s 			page 33


 1117              		.loc 1 467 26 is_stmt 0 view .LVU328
 1118 00a8 3796     		str	r6, [sp, #220]
 468:Core/Src/stm32h7xx_hal_msp.c ****     GPIO_InitStruct.Alternate = GPIO_AF12_SDIO1;
 1119              		.loc 1 468 5 is_stmt 1 view .LVU329
 468:Core/Src/stm32h7xx_hal_msp.c ****     GPIO_InitStruct.Alternate = GPIO_AF12_SDIO1;
 1120              		.loc 1 468 27 is_stmt 0 view .LVU330
 1121 00aa 3895     		str	r5, [sp, #224]
 469:Core/Src/stm32h7xx_hal_msp.c ****     HAL_GPIO_Init(SC_CMD_GPIO_Port, &GPIO_InitStruct);
 1122              		.loc 1 469 5 is_stmt 1 view .LVU331
 469:Core/Src/stm32h7xx_hal_msp.c ****     HAL_GPIO_Init(SC_CMD_GPIO_Port, &GPIO_InitStruct);
 1123              		.loc 1 469 31 is_stmt 0 view .LVU332
 1124 00ac 3994     		str	r4, [sp, #228]
 470:Core/Src/stm32h7xx_hal_msp.c **** 
 1125              		.loc 1 470 5 is_stmt 1 view .LVU333
 1126 00ae 35A9     		add	r1, sp, #212
 1127 00b0 0648     		ldr	r0, .L62+12
 1128 00b2 FFF7FEFF 		bl	HAL_GPIO_Init
 1129              	.LVL67:
 1130              		.loc 1 478 1 is_stmt 0 view .LVU334
 1131 00b6 B4E7     		b	.L56
 1132              	.LVL68:
 1133              	.L61:
 441:Core/Src/stm32h7xx_hal_msp.c ****     }
 1134              		.loc 1 441 7 is_stmt 1 view .LVU335
 1135 00b8 FFF7FEFF 		bl	Error_Handler
 1136              	.LVL69:
 1137 00bc BDE7     		b	.L58
 1138              	.L63:
 1139 00be 00BF     		.align	2
 1140              	.L62:
 1141 00c0 00700052 		.word	1375760384
 1142 00c4 00440258 		.word	1476543488
 1143 00c8 00080258 		.word	1476528128
 1144 00cc 000C0258 		.word	1476529152
 1145              		.cfi_endproc
 1146              	.LFE151:
 1148              		.section	.text.HAL_SD_MspDeInit,"ax",%progbits
 1149              		.align	1
 1150              		.global	HAL_SD_MspDeInit
 1151              		.syntax unified
 1152              		.thumb
 1153              		.thumb_func
 1155              	HAL_SD_MspDeInit:
 1156              	.LVL70:
 1157              	.LFB152:
 479:Core/Src/stm32h7xx_hal_msp.c **** 
 480:Core/Src/stm32h7xx_hal_msp.c **** /**
 481:Core/Src/stm32h7xx_hal_msp.c ****   * @brief SD MSP De-Initialization
 482:Core/Src/stm32h7xx_hal_msp.c ****   * This function freeze the hardware resources used in this example
 483:Core/Src/stm32h7xx_hal_msp.c ****   * @param hsd: SD handle pointer
 484:Core/Src/stm32h7xx_hal_msp.c ****   * @retval None
 485:Core/Src/stm32h7xx_hal_msp.c ****   */
 486:Core/Src/stm32h7xx_hal_msp.c **** void HAL_SD_MspDeInit(SD_HandleTypeDef* hsd)
 487:Core/Src/stm32h7xx_hal_msp.c **** {
 1158              		.loc 1 487 1 view -0
 1159              		.cfi_startproc
 1160              		@ args = 0, pretend = 0, frame = 0
ARM GAS  C:\Users\admin\AppData\Local\Temp\ccmcZp0j.s 			page 34


 1161              		@ frame_needed = 0, uses_anonymous_args = 0
 1162              		.loc 1 487 1 is_stmt 0 view .LVU337
 1163 0000 08B5     		push	{r3, lr}
 1164              	.LCFI22:
 1165              		.cfi_def_cfa_offset 8
 1166              		.cfi_offset 3, -8
 1167              		.cfi_offset 14, -4
 488:Core/Src/stm32h7xx_hal_msp.c ****   if(hsd->Instance==SDMMC1)
 1168              		.loc 1 488 3 is_stmt 1 view .LVU338
 1169              		.loc 1 488 9 is_stmt 0 view .LVU339
 1170 0002 0268     		ldr	r2, [r0]
 1171              		.loc 1 488 5 view .LVU340
 1172 0004 0A4B     		ldr	r3, .L68
 1173 0006 9A42     		cmp	r2, r3
 1174 0008 00D0     		beq	.L67
 1175              	.LVL71:
 1176              	.L64:
 489:Core/Src/stm32h7xx_hal_msp.c ****   {
 490:Core/Src/stm32h7xx_hal_msp.c ****     /* USER CODE BEGIN SDMMC1_MspDeInit 0 */
 491:Core/Src/stm32h7xx_hal_msp.c **** 
 492:Core/Src/stm32h7xx_hal_msp.c ****     /* USER CODE END SDMMC1_MspDeInit 0 */
 493:Core/Src/stm32h7xx_hal_msp.c ****     /* Peripheral clock disable */
 494:Core/Src/stm32h7xx_hal_msp.c ****     __HAL_RCC_SDMMC1_CLK_DISABLE();
 495:Core/Src/stm32h7xx_hal_msp.c **** 
 496:Core/Src/stm32h7xx_hal_msp.c ****     /**SDMMC1 GPIO Configuration
 497:Core/Src/stm32h7xx_hal_msp.c ****     PC10     ------> SDMMC1_D2
 498:Core/Src/stm32h7xx_hal_msp.c ****     PC11     ------> SDMMC1_D3
 499:Core/Src/stm32h7xx_hal_msp.c ****     PC12     ------> SDMMC1_CK
 500:Core/Src/stm32h7xx_hal_msp.c ****     PD2     ------> SDMMC1_CMD
 501:Core/Src/stm32h7xx_hal_msp.c ****     PC8     ------> SDMMC1_D0
 502:Core/Src/stm32h7xx_hal_msp.c ****     PC9     ------> SDMMC1_D1
 503:Core/Src/stm32h7xx_hal_msp.c ****     */
 504:Core/Src/stm32h7xx_hal_msp.c ****     HAL_GPIO_DeInit(GPIOC, SD_D2_Pin|SD_D3_Pin|SD_CK_Pin|SD_D0_Pin
 505:Core/Src/stm32h7xx_hal_msp.c ****                           |SD_D1_Pin);
 506:Core/Src/stm32h7xx_hal_msp.c **** 
 507:Core/Src/stm32h7xx_hal_msp.c ****     HAL_GPIO_DeInit(SC_CMD_GPIO_Port, SC_CMD_Pin);
 508:Core/Src/stm32h7xx_hal_msp.c **** 
 509:Core/Src/stm32h7xx_hal_msp.c ****     /* USER CODE BEGIN SDMMC1_MspDeInit 1 */
 510:Core/Src/stm32h7xx_hal_msp.c **** 
 511:Core/Src/stm32h7xx_hal_msp.c ****     /* USER CODE END SDMMC1_MspDeInit 1 */
 512:Core/Src/stm32h7xx_hal_msp.c ****   }
 513:Core/Src/stm32h7xx_hal_msp.c **** 
 514:Core/Src/stm32h7xx_hal_msp.c **** }
 1177              		.loc 1 514 1 view .LVU341
 1178 000a 08BD     		pop	{r3, pc}
 1179              	.LVL72:
 1180              	.L67:
 494:Core/Src/stm32h7xx_hal_msp.c **** 
 1181              		.loc 1 494 5 is_stmt 1 view .LVU342
 1182 000c 094A     		ldr	r2, .L68+4
 1183 000e D2F8D430 		ldr	r3, [r2, #212]
 1184 0012 23F48033 		bic	r3, r3, #65536
 1185 0016 C2F8D430 		str	r3, [r2, #212]
 504:Core/Src/stm32h7xx_hal_msp.c ****                           |SD_D1_Pin);
 1186              		.loc 1 504 5 view .LVU343
 1187 001a 4FF4F851 		mov	r1, #7936
 1188 001e 0648     		ldr	r0, .L68+8
ARM GAS  C:\Users\admin\AppData\Local\Temp\ccmcZp0j.s 			page 35


 1189              	.LVL73:
 504:Core/Src/stm32h7xx_hal_msp.c ****                           |SD_D1_Pin);
 1190              		.loc 1 504 5 is_stmt 0 view .LVU344
 1191 0020 FFF7FEFF 		bl	HAL_GPIO_DeInit
 1192              	.LVL74:
 507:Core/Src/stm32h7xx_hal_msp.c **** 
 1193              		.loc 1 507 5 is_stmt 1 view .LVU345
 1194 0024 0421     		movs	r1, #4
 1195 0026 0548     		ldr	r0, .L68+12
 1196 0028 FFF7FEFF 		bl	HAL_GPIO_DeInit
 1197              	.LVL75:
 1198              		.loc 1 514 1 is_stmt 0 view .LVU346
 1199 002c EDE7     		b	.L64
 1200              	.L69:
 1201 002e 00BF     		.align	2
 1202              	.L68:
 1203 0030 00700052 		.word	1375760384
 1204 0034 00440258 		.word	1476543488
 1205 0038 00080258 		.word	1476528128
 1206 003c 000C0258 		.word	1476529152
 1207              		.cfi_endproc
 1208              	.LFE152:
 1210              		.section	.text.HAL_UART_MspInit,"ax",%progbits
 1211              		.align	1
 1212              		.global	HAL_UART_MspInit
 1213              		.syntax unified
 1214              		.thumb
 1215              		.thumb_func
 1217              	HAL_UART_MspInit:
 1218              	.LVL76:
 1219              	.LFB153:
 515:Core/Src/stm32h7xx_hal_msp.c **** 
 516:Core/Src/stm32h7xx_hal_msp.c **** /**
 517:Core/Src/stm32h7xx_hal_msp.c ****   * @brief UART MSP Initialization
 518:Core/Src/stm32h7xx_hal_msp.c ****   * This function configures the hardware resources used in this example
 519:Core/Src/stm32h7xx_hal_msp.c ****   * @param huart: UART handle pointer
 520:Core/Src/stm32h7xx_hal_msp.c ****   * @retval None
 521:Core/Src/stm32h7xx_hal_msp.c ****   */
 522:Core/Src/stm32h7xx_hal_msp.c **** void HAL_UART_MspInit(UART_HandleTypeDef* huart)
 523:Core/Src/stm32h7xx_hal_msp.c **** {
 1220              		.loc 1 523 1 is_stmt 1 view -0
 1221              		.cfi_startproc
 1222              		@ args = 0, pretend = 0, frame = 232
 1223              		@ frame_needed = 0, uses_anonymous_args = 0
 1224              		.loc 1 523 1 is_stmt 0 view .LVU348
 1225 0000 10B5     		push	{r4, lr}
 1226              	.LCFI23:
 1227              		.cfi_def_cfa_offset 8
 1228              		.cfi_offset 4, -8
 1229              		.cfi_offset 14, -4
 1230 0002 BAB0     		sub	sp, sp, #232
 1231              	.LCFI24:
 1232              		.cfi_def_cfa_offset 240
 1233 0004 0446     		mov	r4, r0
 524:Core/Src/stm32h7xx_hal_msp.c ****   GPIO_InitTypeDef GPIO_InitStruct = {0};
 1234              		.loc 1 524 3 is_stmt 1 view .LVU349
 1235              		.loc 1 524 20 is_stmt 0 view .LVU350
ARM GAS  C:\Users\admin\AppData\Local\Temp\ccmcZp0j.s 			page 36


 1236 0006 0021     		movs	r1, #0
 1237 0008 3591     		str	r1, [sp, #212]
 1238 000a 3691     		str	r1, [sp, #216]
 1239 000c 3791     		str	r1, [sp, #220]
 1240 000e 3891     		str	r1, [sp, #224]
 1241 0010 3991     		str	r1, [sp, #228]
 525:Core/Src/stm32h7xx_hal_msp.c ****   RCC_PeriphCLKInitTypeDef PeriphClkInitStruct = {0};
 1242              		.loc 1 525 3 is_stmt 1 view .LVU351
 1243              		.loc 1 525 28 is_stmt 0 view .LVU352
 1244 0012 C022     		movs	r2, #192
 1245 0014 04A8     		add	r0, sp, #16
 1246              	.LVL77:
 1247              		.loc 1 525 28 view .LVU353
 1248 0016 FFF7FEFF 		bl	memset
 1249              	.LVL78:
 526:Core/Src/stm32h7xx_hal_msp.c ****   if(huart->Instance==USART2)
 1250              		.loc 1 526 3 is_stmt 1 view .LVU354
 1251              		.loc 1 526 11 is_stmt 0 view .LVU355
 1252 001a 2368     		ldr	r3, [r4]
 1253              		.loc 1 526 5 view .LVU356
 1254 001c 3A4A     		ldr	r2, .L80
 1255 001e 9342     		cmp	r3, r2
 1256 0020 04D0     		beq	.L76
 527:Core/Src/stm32h7xx_hal_msp.c ****   {
 528:Core/Src/stm32h7xx_hal_msp.c ****     /* USER CODE BEGIN USART2_MspInit 0 */
 529:Core/Src/stm32h7xx_hal_msp.c **** 
 530:Core/Src/stm32h7xx_hal_msp.c ****     /* USER CODE END USART2_MspInit 0 */
 531:Core/Src/stm32h7xx_hal_msp.c **** 
 532:Core/Src/stm32h7xx_hal_msp.c ****   /** Initializes the peripherals clock
 533:Core/Src/stm32h7xx_hal_msp.c ****   */
 534:Core/Src/stm32h7xx_hal_msp.c ****     PeriphClkInitStruct.PeriphClockSelection = RCC_PERIPHCLK_USART2;
 535:Core/Src/stm32h7xx_hal_msp.c ****     PeriphClkInitStruct.Usart234578ClockSelection = RCC_USART234578CLKSOURCE_D2PCLK1;
 536:Core/Src/stm32h7xx_hal_msp.c ****     if (HAL_RCCEx_PeriphCLKConfig(&PeriphClkInitStruct) != HAL_OK)
 537:Core/Src/stm32h7xx_hal_msp.c ****     {
 538:Core/Src/stm32h7xx_hal_msp.c ****       Error_Handler();
 539:Core/Src/stm32h7xx_hal_msp.c ****     }
 540:Core/Src/stm32h7xx_hal_msp.c **** 
 541:Core/Src/stm32h7xx_hal_msp.c ****     /* Peripheral clock enable */
 542:Core/Src/stm32h7xx_hal_msp.c ****     __HAL_RCC_USART2_CLK_ENABLE();
 543:Core/Src/stm32h7xx_hal_msp.c **** 
 544:Core/Src/stm32h7xx_hal_msp.c ****     __HAL_RCC_GPIOD_CLK_ENABLE();
 545:Core/Src/stm32h7xx_hal_msp.c ****     /**USART2 GPIO Configuration
 546:Core/Src/stm32h7xx_hal_msp.c ****     PD5     ------> USART2_TX
 547:Core/Src/stm32h7xx_hal_msp.c ****     PD6     ------> USART2_RX
 548:Core/Src/stm32h7xx_hal_msp.c ****     */
 549:Core/Src/stm32h7xx_hal_msp.c ****     GPIO_InitStruct.Pin = GPS_TX_Pin|GPS_RX_Pin;
 550:Core/Src/stm32h7xx_hal_msp.c ****     GPIO_InitStruct.Mode = GPIO_MODE_AF_PP;
 551:Core/Src/stm32h7xx_hal_msp.c ****     GPIO_InitStruct.Pull = GPIO_NOPULL;
 552:Core/Src/stm32h7xx_hal_msp.c ****     GPIO_InitStruct.Speed = GPIO_SPEED_FREQ_LOW;
 553:Core/Src/stm32h7xx_hal_msp.c ****     GPIO_InitStruct.Alternate = GPIO_AF7_USART2;
 554:Core/Src/stm32h7xx_hal_msp.c ****     HAL_GPIO_Init(GPIOD, &GPIO_InitStruct);
 555:Core/Src/stm32h7xx_hal_msp.c **** 
 556:Core/Src/stm32h7xx_hal_msp.c ****     /* USART2 interrupt Init */
 557:Core/Src/stm32h7xx_hal_msp.c ****     HAL_NVIC_SetPriority(USART2_IRQn, 5, 0);
 558:Core/Src/stm32h7xx_hal_msp.c ****     HAL_NVIC_EnableIRQ(USART2_IRQn);
 559:Core/Src/stm32h7xx_hal_msp.c ****     /* USER CODE BEGIN USART2_MspInit 1 */
 560:Core/Src/stm32h7xx_hal_msp.c **** 
ARM GAS  C:\Users\admin\AppData\Local\Temp\ccmcZp0j.s 			page 37


 561:Core/Src/stm32h7xx_hal_msp.c ****     /* USER CODE END USART2_MspInit 1 */
 562:Core/Src/stm32h7xx_hal_msp.c ****   }
 563:Core/Src/stm32h7xx_hal_msp.c ****   else if(huart->Instance==USART3)
 1257              		.loc 1 563 8 is_stmt 1 view .LVU357
 1258              		.loc 1 563 10 is_stmt 0 view .LVU358
 1259 0022 3A4A     		ldr	r2, .L80+4
 1260 0024 9342     		cmp	r3, r2
 1261 0026 3BD0     		beq	.L77
 1262              	.LVL79:
 1263              	.L70:
 564:Core/Src/stm32h7xx_hal_msp.c ****   {
 565:Core/Src/stm32h7xx_hal_msp.c ****     /* USER CODE BEGIN USART3_MspInit 0 */
 566:Core/Src/stm32h7xx_hal_msp.c **** 
 567:Core/Src/stm32h7xx_hal_msp.c ****     /* USER CODE END USART3_MspInit 0 */
 568:Core/Src/stm32h7xx_hal_msp.c **** 
 569:Core/Src/stm32h7xx_hal_msp.c ****   /** Initializes the peripherals clock
 570:Core/Src/stm32h7xx_hal_msp.c ****   */
 571:Core/Src/stm32h7xx_hal_msp.c ****     PeriphClkInitStruct.PeriphClockSelection = RCC_PERIPHCLK_USART3;
 572:Core/Src/stm32h7xx_hal_msp.c ****     PeriphClkInitStruct.Usart234578ClockSelection = RCC_USART234578CLKSOURCE_D2PCLK1;
 573:Core/Src/stm32h7xx_hal_msp.c ****     if (HAL_RCCEx_PeriphCLKConfig(&PeriphClkInitStruct) != HAL_OK)
 574:Core/Src/stm32h7xx_hal_msp.c ****     {
 575:Core/Src/stm32h7xx_hal_msp.c ****       Error_Handler();
 576:Core/Src/stm32h7xx_hal_msp.c ****     }
 577:Core/Src/stm32h7xx_hal_msp.c **** 
 578:Core/Src/stm32h7xx_hal_msp.c ****     /* Peripheral clock enable */
 579:Core/Src/stm32h7xx_hal_msp.c ****     __HAL_RCC_USART3_CLK_ENABLE();
 580:Core/Src/stm32h7xx_hal_msp.c **** 
 581:Core/Src/stm32h7xx_hal_msp.c ****     __HAL_RCC_GPIOB_CLK_ENABLE();
 582:Core/Src/stm32h7xx_hal_msp.c ****     /**USART3 GPIO Configuration
 583:Core/Src/stm32h7xx_hal_msp.c ****     PB10     ------> USART3_TX
 584:Core/Src/stm32h7xx_hal_msp.c ****     PB11     ------> USART3_RX
 585:Core/Src/stm32h7xx_hal_msp.c ****     */
 586:Core/Src/stm32h7xx_hal_msp.c ****     GPIO_InitStruct.Pin = GPIO_PIN_10|GPIO_PIN_11;
 587:Core/Src/stm32h7xx_hal_msp.c ****     GPIO_InitStruct.Mode = GPIO_MODE_AF_PP;
 588:Core/Src/stm32h7xx_hal_msp.c ****     GPIO_InitStruct.Pull = GPIO_NOPULL;
 589:Core/Src/stm32h7xx_hal_msp.c ****     GPIO_InitStruct.Speed = GPIO_SPEED_FREQ_LOW;
 590:Core/Src/stm32h7xx_hal_msp.c ****     GPIO_InitStruct.Alternate = GPIO_AF7_USART3;
 591:Core/Src/stm32h7xx_hal_msp.c ****     HAL_GPIO_Init(GPIOB, &GPIO_InitStruct);
 592:Core/Src/stm32h7xx_hal_msp.c **** 
 593:Core/Src/stm32h7xx_hal_msp.c ****     /* USER CODE BEGIN USART3_MspInit 1 */
 594:Core/Src/stm32h7xx_hal_msp.c **** 
 595:Core/Src/stm32h7xx_hal_msp.c ****     /* USER CODE END USART3_MspInit 1 */
 596:Core/Src/stm32h7xx_hal_msp.c ****   }
 597:Core/Src/stm32h7xx_hal_msp.c **** 
 598:Core/Src/stm32h7xx_hal_msp.c **** }
 1264              		.loc 1 598 1 view .LVU359
 1265 0028 3AB0     		add	sp, sp, #232
 1266              	.LCFI25:
 1267              		.cfi_remember_state
 1268              		.cfi_def_cfa_offset 8
 1269              		@ sp needed
 1270 002a 10BD     		pop	{r4, pc}
 1271              	.LVL80:
 1272              	.L76:
 1273              	.LCFI26:
 1274              		.cfi_restore_state
 534:Core/Src/stm32h7xx_hal_msp.c ****     PeriphClkInitStruct.Usart234578ClockSelection = RCC_USART234578CLKSOURCE_D2PCLK1;
ARM GAS  C:\Users\admin\AppData\Local\Temp\ccmcZp0j.s 			page 38


 1275              		.loc 1 534 5 is_stmt 1 view .LVU360
 534:Core/Src/stm32h7xx_hal_msp.c ****     PeriphClkInitStruct.Usart234578ClockSelection = RCC_USART234578CLKSOURCE_D2PCLK1;
 1276              		.loc 1 534 46 is_stmt 0 view .LVU361
 1277 002c 0222     		movs	r2, #2
 1278 002e 0023     		movs	r3, #0
 1279 0030 CDE90423 		strd	r2, [sp, #16]
 535:Core/Src/stm32h7xx_hal_msp.c ****     if (HAL_RCCEx_PeriphCLKConfig(&PeriphClkInitStruct) != HAL_OK)
 1280              		.loc 1 535 5 is_stmt 1 view .LVU362
 536:Core/Src/stm32h7xx_hal_msp.c ****     {
 1281              		.loc 1 536 5 view .LVU363
 536:Core/Src/stm32h7xx_hal_msp.c ****     {
 1282              		.loc 1 536 9 is_stmt 0 view .LVU364
 1283 0034 04A8     		add	r0, sp, #16
 1284 0036 FFF7FEFF 		bl	HAL_RCCEx_PeriphCLKConfig
 1285              	.LVL81:
 536:Core/Src/stm32h7xx_hal_msp.c ****     {
 1286              		.loc 1 536 8 view .LVU365
 1287 003a 70BB     		cbnz	r0, .L78
 1288              	.L72:
 542:Core/Src/stm32h7xx_hal_msp.c **** 
 1289              		.loc 1 542 5 is_stmt 1 view .LVU366
 1290              	.LBB16:
 542:Core/Src/stm32h7xx_hal_msp.c **** 
 1291              		.loc 1 542 5 view .LVU367
 542:Core/Src/stm32h7xx_hal_msp.c **** 
 1292              		.loc 1 542 5 view .LVU368
 1293 003c 344B     		ldr	r3, .L80+8
 1294 003e D3F8E820 		ldr	r2, [r3, #232]
 1295 0042 42F40032 		orr	r2, r2, #131072
 1296 0046 C3F8E820 		str	r2, [r3, #232]
 542:Core/Src/stm32h7xx_hal_msp.c **** 
 1297              		.loc 1 542 5 view .LVU369
 1298 004a D3F8E820 		ldr	r2, [r3, #232]
 1299 004e 02F40032 		and	r2, r2, #131072
 1300 0052 0092     		str	r2, [sp]
 542:Core/Src/stm32h7xx_hal_msp.c **** 
 1301              		.loc 1 542 5 view .LVU370
 1302 0054 009A     		ldr	r2, [sp]
 1303              	.LBE16:
 542:Core/Src/stm32h7xx_hal_msp.c **** 
 1304              		.loc 1 542 5 view .LVU371
 544:Core/Src/stm32h7xx_hal_msp.c ****     /**USART2 GPIO Configuration
 1305              		.loc 1 544 5 view .LVU372
 1306              	.LBB17:
 544:Core/Src/stm32h7xx_hal_msp.c ****     /**USART2 GPIO Configuration
 1307              		.loc 1 544 5 view .LVU373
 544:Core/Src/stm32h7xx_hal_msp.c ****     /**USART2 GPIO Configuration
 1308              		.loc 1 544 5 view .LVU374
 1309 0056 D3F8E020 		ldr	r2, [r3, #224]
 1310 005a 42F00802 		orr	r2, r2, #8
 1311 005e C3F8E020 		str	r2, [r3, #224]
 544:Core/Src/stm32h7xx_hal_msp.c ****     /**USART2 GPIO Configuration
 1312              		.loc 1 544 5 view .LVU375
 1313 0062 D3F8E030 		ldr	r3, [r3, #224]
 1314 0066 03F00803 		and	r3, r3, #8
 1315 006a 0193     		str	r3, [sp, #4]
 544:Core/Src/stm32h7xx_hal_msp.c ****     /**USART2 GPIO Configuration
ARM GAS  C:\Users\admin\AppData\Local\Temp\ccmcZp0j.s 			page 39


 1316              		.loc 1 544 5 view .LVU376
 1317 006c 019B     		ldr	r3, [sp, #4]
 1318              	.LBE17:
 544:Core/Src/stm32h7xx_hal_msp.c ****     /**USART2 GPIO Configuration
 1319              		.loc 1 544 5 view .LVU377
 549:Core/Src/stm32h7xx_hal_msp.c ****     GPIO_InitStruct.Mode = GPIO_MODE_AF_PP;
 1320              		.loc 1 549 5 view .LVU378
 549:Core/Src/stm32h7xx_hal_msp.c ****     GPIO_InitStruct.Mode = GPIO_MODE_AF_PP;
 1321              		.loc 1 549 25 is_stmt 0 view .LVU379
 1322 006e 6023     		movs	r3, #96
 1323 0070 3593     		str	r3, [sp, #212]
 550:Core/Src/stm32h7xx_hal_msp.c ****     GPIO_InitStruct.Pull = GPIO_NOPULL;
 1324              		.loc 1 550 5 is_stmt 1 view .LVU380
 550:Core/Src/stm32h7xx_hal_msp.c ****     GPIO_InitStruct.Pull = GPIO_NOPULL;
 1325              		.loc 1 550 26 is_stmt 0 view .LVU381
 1326 0072 0223     		movs	r3, #2
 1327 0074 3693     		str	r3, [sp, #216]
 551:Core/Src/stm32h7xx_hal_msp.c ****     GPIO_InitStruct.Speed = GPIO_SPEED_FREQ_LOW;
 1328              		.loc 1 551 5 is_stmt 1 view .LVU382
 551:Core/Src/stm32h7xx_hal_msp.c ****     GPIO_InitStruct.Speed = GPIO_SPEED_FREQ_LOW;
 1329              		.loc 1 551 26 is_stmt 0 view .LVU383
 1330 0076 0024     		movs	r4, #0
 1331              	.LVL82:
 551:Core/Src/stm32h7xx_hal_msp.c ****     GPIO_InitStruct.Speed = GPIO_SPEED_FREQ_LOW;
 1332              		.loc 1 551 26 view .LVU384
 1333 0078 3794     		str	r4, [sp, #220]
 552:Core/Src/stm32h7xx_hal_msp.c ****     GPIO_InitStruct.Alternate = GPIO_AF7_USART2;
 1334              		.loc 1 552 5 is_stmt 1 view .LVU385
 552:Core/Src/stm32h7xx_hal_msp.c ****     GPIO_InitStruct.Alternate = GPIO_AF7_USART2;
 1335              		.loc 1 552 27 is_stmt 0 view .LVU386
 1336 007a 3894     		str	r4, [sp, #224]
 553:Core/Src/stm32h7xx_hal_msp.c ****     HAL_GPIO_Init(GPIOD, &GPIO_InitStruct);
 1337              		.loc 1 553 5 is_stmt 1 view .LVU387
 553:Core/Src/stm32h7xx_hal_msp.c ****     HAL_GPIO_Init(GPIOD, &GPIO_InitStruct);
 1338              		.loc 1 553 31 is_stmt 0 view .LVU388
 1339 007c 0723     		movs	r3, #7
 1340 007e 3993     		str	r3, [sp, #228]
 554:Core/Src/stm32h7xx_hal_msp.c **** 
 1341              		.loc 1 554 5 is_stmt 1 view .LVU389
 1342 0080 35A9     		add	r1, sp, #212
 1343 0082 2448     		ldr	r0, .L80+12
 1344 0084 FFF7FEFF 		bl	HAL_GPIO_Init
 1345              	.LVL83:
 557:Core/Src/stm32h7xx_hal_msp.c ****     HAL_NVIC_EnableIRQ(USART2_IRQn);
 1346              		.loc 1 557 5 view .LVU390
 1347 0088 2246     		mov	r2, r4
 1348 008a 0521     		movs	r1, #5
 1349 008c 2620     		movs	r0, #38
 1350 008e FFF7FEFF 		bl	HAL_NVIC_SetPriority
 1351              	.LVL84:
 558:Core/Src/stm32h7xx_hal_msp.c ****     /* USER CODE BEGIN USART2_MspInit 1 */
 1352              		.loc 1 558 5 view .LVU391
 1353 0092 2620     		movs	r0, #38
 1354 0094 FFF7FEFF 		bl	HAL_NVIC_EnableIRQ
 1355              	.LVL85:
 1356 0098 C6E7     		b	.L70
 1357              	.LVL86:
ARM GAS  C:\Users\admin\AppData\Local\Temp\ccmcZp0j.s 			page 40


 1358              	.L78:
 538:Core/Src/stm32h7xx_hal_msp.c ****     }
 1359              		.loc 1 538 7 view .LVU392
 1360 009a FFF7FEFF 		bl	Error_Handler
 1361              	.LVL87:
 1362 009e CDE7     		b	.L72
 1363              	.L77:
 571:Core/Src/stm32h7xx_hal_msp.c ****     PeriphClkInitStruct.Usart234578ClockSelection = RCC_USART234578CLKSOURCE_D2PCLK1;
 1364              		.loc 1 571 5 view .LVU393
 571:Core/Src/stm32h7xx_hal_msp.c ****     PeriphClkInitStruct.Usart234578ClockSelection = RCC_USART234578CLKSOURCE_D2PCLK1;
 1365              		.loc 1 571 46 is_stmt 0 view .LVU394
 1366 00a0 0222     		movs	r2, #2
 1367 00a2 0023     		movs	r3, #0
 1368 00a4 CDE90423 		strd	r2, [sp, #16]
 572:Core/Src/stm32h7xx_hal_msp.c ****     if (HAL_RCCEx_PeriphCLKConfig(&PeriphClkInitStruct) != HAL_OK)
 1369              		.loc 1 572 5 is_stmt 1 view .LVU395
 573:Core/Src/stm32h7xx_hal_msp.c ****     {
 1370              		.loc 1 573 5 view .LVU396
 573:Core/Src/stm32h7xx_hal_msp.c ****     {
 1371              		.loc 1 573 9 is_stmt 0 view .LVU397
 1372 00a8 04A8     		add	r0, sp, #16
 1373 00aa FFF7FEFF 		bl	HAL_RCCEx_PeriphCLKConfig
 1374              	.LVL88:
 573:Core/Src/stm32h7xx_hal_msp.c ****     {
 1375              		.loc 1 573 8 view .LVU398
 1376 00ae 38BB     		cbnz	r0, .L79
 1377              	.L74:
 579:Core/Src/stm32h7xx_hal_msp.c **** 
 1378              		.loc 1 579 5 is_stmt 1 view .LVU399
 1379              	.LBB18:
 579:Core/Src/stm32h7xx_hal_msp.c **** 
 1380              		.loc 1 579 5 view .LVU400
 579:Core/Src/stm32h7xx_hal_msp.c **** 
 1381              		.loc 1 579 5 view .LVU401
 1382 00b0 174B     		ldr	r3, .L80+8
 1383 00b2 D3F8E820 		ldr	r2, [r3, #232]
 1384 00b6 42F48022 		orr	r2, r2, #262144
 1385 00ba C3F8E820 		str	r2, [r3, #232]
 579:Core/Src/stm32h7xx_hal_msp.c **** 
 1386              		.loc 1 579 5 view .LVU402
 1387 00be D3F8E820 		ldr	r2, [r3, #232]
 1388 00c2 02F48022 		and	r2, r2, #262144
 1389 00c6 0292     		str	r2, [sp, #8]
 579:Core/Src/stm32h7xx_hal_msp.c **** 
 1390              		.loc 1 579 5 view .LVU403
 1391 00c8 029A     		ldr	r2, [sp, #8]
 1392              	.LBE18:
 579:Core/Src/stm32h7xx_hal_msp.c **** 
 1393              		.loc 1 579 5 view .LVU404
 581:Core/Src/stm32h7xx_hal_msp.c ****     /**USART3 GPIO Configuration
 1394              		.loc 1 581 5 view .LVU405
 1395              	.LBB19:
 581:Core/Src/stm32h7xx_hal_msp.c ****     /**USART3 GPIO Configuration
 1396              		.loc 1 581 5 view .LVU406
 581:Core/Src/stm32h7xx_hal_msp.c ****     /**USART3 GPIO Configuration
 1397              		.loc 1 581 5 view .LVU407
 1398 00ca D3F8E020 		ldr	r2, [r3, #224]
ARM GAS  C:\Users\admin\AppData\Local\Temp\ccmcZp0j.s 			page 41


 1399 00ce 42F00202 		orr	r2, r2, #2
 1400 00d2 C3F8E020 		str	r2, [r3, #224]
 581:Core/Src/stm32h7xx_hal_msp.c ****     /**USART3 GPIO Configuration
 1401              		.loc 1 581 5 view .LVU408
 1402 00d6 D3F8E030 		ldr	r3, [r3, #224]
 1403 00da 03F00203 		and	r3, r3, #2
 1404 00de 0393     		str	r3, [sp, #12]
 581:Core/Src/stm32h7xx_hal_msp.c ****     /**USART3 GPIO Configuration
 1405              		.loc 1 581 5 view .LVU409
 1406 00e0 039B     		ldr	r3, [sp, #12]
 1407              	.LBE19:
 581:Core/Src/stm32h7xx_hal_msp.c ****     /**USART3 GPIO Configuration
 1408              		.loc 1 581 5 view .LVU410
 586:Core/Src/stm32h7xx_hal_msp.c ****     GPIO_InitStruct.Mode = GPIO_MODE_AF_PP;
 1409              		.loc 1 586 5 view .LVU411
 586:Core/Src/stm32h7xx_hal_msp.c ****     GPIO_InitStruct.Mode = GPIO_MODE_AF_PP;
 1410              		.loc 1 586 25 is_stmt 0 view .LVU412
 1411 00e2 4FF44063 		mov	r3, #3072
 1412 00e6 3593     		str	r3, [sp, #212]
 587:Core/Src/stm32h7xx_hal_msp.c ****     GPIO_InitStruct.Pull = GPIO_NOPULL;
 1413              		.loc 1 587 5 is_stmt 1 view .LVU413
 587:Core/Src/stm32h7xx_hal_msp.c ****     GPIO_InitStruct.Pull = GPIO_NOPULL;
 1414              		.loc 1 587 26 is_stmt 0 view .LVU414
 1415 00e8 0223     		movs	r3, #2
 1416 00ea 3693     		str	r3, [sp, #216]
 588:Core/Src/stm32h7xx_hal_msp.c ****     GPIO_InitStruct.Speed = GPIO_SPEED_FREQ_LOW;
 1417              		.loc 1 588 5 is_stmt 1 view .LVU415
 588:Core/Src/stm32h7xx_hal_msp.c ****     GPIO_InitStruct.Speed = GPIO_SPEED_FREQ_LOW;
 1418              		.loc 1 588 26 is_stmt 0 view .LVU416
 1419 00ec 0023     		movs	r3, #0
 1420 00ee 3793     		str	r3, [sp, #220]
 589:Core/Src/stm32h7xx_hal_msp.c ****     GPIO_InitStruct.Alternate = GPIO_AF7_USART3;
 1421              		.loc 1 589 5 is_stmt 1 view .LVU417
 589:Core/Src/stm32h7xx_hal_msp.c ****     GPIO_InitStruct.Alternate = GPIO_AF7_USART3;
 1422              		.loc 1 589 27 is_stmt 0 view .LVU418
 1423 00f0 3893     		str	r3, [sp, #224]
 590:Core/Src/stm32h7xx_hal_msp.c ****     HAL_GPIO_Init(GPIOB, &GPIO_InitStruct);
 1424              		.loc 1 590 5 is_stmt 1 view .LVU419
 590:Core/Src/stm32h7xx_hal_msp.c ****     HAL_GPIO_Init(GPIOB, &GPIO_InitStruct);
 1425              		.loc 1 590 31 is_stmt 0 view .LVU420
 1426 00f2 0723     		movs	r3, #7
 1427 00f4 3993     		str	r3, [sp, #228]
 591:Core/Src/stm32h7xx_hal_msp.c **** 
 1428              		.loc 1 591 5 is_stmt 1 view .LVU421
 1429 00f6 35A9     		add	r1, sp, #212
 1430 00f8 0748     		ldr	r0, .L80+16
 1431 00fa FFF7FEFF 		bl	HAL_GPIO_Init
 1432              	.LVL89:
 1433              		.loc 1 598 1 is_stmt 0 view .LVU422
 1434 00fe 93E7     		b	.L70
 1435              	.L79:
 575:Core/Src/stm32h7xx_hal_msp.c ****     }
 1436              		.loc 1 575 7 is_stmt 1 view .LVU423
 1437 0100 FFF7FEFF 		bl	Error_Handler
 1438              	.LVL90:
 1439 0104 D4E7     		b	.L74
 1440              	.L81:
ARM GAS  C:\Users\admin\AppData\Local\Temp\ccmcZp0j.s 			page 42


 1441 0106 00BF     		.align	2
 1442              	.L80:
 1443 0108 00440040 		.word	1073759232
 1444 010c 00480040 		.word	1073760256
 1445 0110 00440258 		.word	1476543488
 1446 0114 000C0258 		.word	1476529152
 1447 0118 00040258 		.word	1476527104
 1448              		.cfi_endproc
 1449              	.LFE153:
 1451              		.section	.text.HAL_UART_MspDeInit,"ax",%progbits
 1452              		.align	1
 1453              		.global	HAL_UART_MspDeInit
 1454              		.syntax unified
 1455              		.thumb
 1456              		.thumb_func
 1458              	HAL_UART_MspDeInit:
 1459              	.LVL91:
 1460              	.LFB154:
 599:Core/Src/stm32h7xx_hal_msp.c **** 
 600:Core/Src/stm32h7xx_hal_msp.c **** /**
 601:Core/Src/stm32h7xx_hal_msp.c ****   * @brief UART MSP De-Initialization
 602:Core/Src/stm32h7xx_hal_msp.c ****   * This function freeze the hardware resources used in this example
 603:Core/Src/stm32h7xx_hal_msp.c ****   * @param huart: UART handle pointer
 604:Core/Src/stm32h7xx_hal_msp.c ****   * @retval None
 605:Core/Src/stm32h7xx_hal_msp.c ****   */
 606:Core/Src/stm32h7xx_hal_msp.c **** void HAL_UART_MspDeInit(UART_HandleTypeDef* huart)
 607:Core/Src/stm32h7xx_hal_msp.c **** {
 1461              		.loc 1 607 1 view -0
 1462              		.cfi_startproc
 1463              		@ args = 0, pretend = 0, frame = 0
 1464              		@ frame_needed = 0, uses_anonymous_args = 0
 1465              		.loc 1 607 1 is_stmt 0 view .LVU425
 1466 0000 08B5     		push	{r3, lr}
 1467              	.LCFI27:
 1468              		.cfi_def_cfa_offset 8
 1469              		.cfi_offset 3, -8
 1470              		.cfi_offset 14, -4
 608:Core/Src/stm32h7xx_hal_msp.c ****   if(huart->Instance==USART2)
 1471              		.loc 1 608 3 is_stmt 1 view .LVU426
 1472              		.loc 1 608 11 is_stmt 0 view .LVU427
 1473 0002 0368     		ldr	r3, [r0]
 1474              		.loc 1 608 5 view .LVU428
 1475 0004 114A     		ldr	r2, .L88
 1476 0006 9342     		cmp	r3, r2
 1477 0008 03D0     		beq	.L86
 609:Core/Src/stm32h7xx_hal_msp.c ****   {
 610:Core/Src/stm32h7xx_hal_msp.c ****     /* USER CODE BEGIN USART2_MspDeInit 0 */
 611:Core/Src/stm32h7xx_hal_msp.c **** 
 612:Core/Src/stm32h7xx_hal_msp.c ****     /* USER CODE END USART2_MspDeInit 0 */
 613:Core/Src/stm32h7xx_hal_msp.c ****     /* Peripheral clock disable */
 614:Core/Src/stm32h7xx_hal_msp.c ****     __HAL_RCC_USART2_CLK_DISABLE();
 615:Core/Src/stm32h7xx_hal_msp.c **** 
 616:Core/Src/stm32h7xx_hal_msp.c ****     /**USART2 GPIO Configuration
 617:Core/Src/stm32h7xx_hal_msp.c ****     PD5     ------> USART2_TX
 618:Core/Src/stm32h7xx_hal_msp.c ****     PD6     ------> USART2_RX
 619:Core/Src/stm32h7xx_hal_msp.c ****     */
 620:Core/Src/stm32h7xx_hal_msp.c ****     HAL_GPIO_DeInit(GPIOD, GPS_TX_Pin|GPS_RX_Pin);
ARM GAS  C:\Users\admin\AppData\Local\Temp\ccmcZp0j.s 			page 43


 621:Core/Src/stm32h7xx_hal_msp.c **** 
 622:Core/Src/stm32h7xx_hal_msp.c ****     /* USART2 interrupt DeInit */
 623:Core/Src/stm32h7xx_hal_msp.c ****     HAL_NVIC_DisableIRQ(USART2_IRQn);
 624:Core/Src/stm32h7xx_hal_msp.c ****     /* USER CODE BEGIN USART2_MspDeInit 1 */
 625:Core/Src/stm32h7xx_hal_msp.c **** 
 626:Core/Src/stm32h7xx_hal_msp.c ****     /* USER CODE END USART2_MspDeInit 1 */
 627:Core/Src/stm32h7xx_hal_msp.c ****   }
 628:Core/Src/stm32h7xx_hal_msp.c ****   else if(huart->Instance==USART3)
 1478              		.loc 1 628 8 is_stmt 1 view .LVU429
 1479              		.loc 1 628 10 is_stmt 0 view .LVU430
 1480 000a 114A     		ldr	r2, .L88+4
 1481 000c 9342     		cmp	r3, r2
 1482 000e 0FD0     		beq	.L87
 1483              	.LVL92:
 1484              	.L82:
 629:Core/Src/stm32h7xx_hal_msp.c ****   {
 630:Core/Src/stm32h7xx_hal_msp.c ****     /* USER CODE BEGIN USART3_MspDeInit 0 */
 631:Core/Src/stm32h7xx_hal_msp.c **** 
 632:Core/Src/stm32h7xx_hal_msp.c ****     /* USER CODE END USART3_MspDeInit 0 */
 633:Core/Src/stm32h7xx_hal_msp.c ****     /* Peripheral clock disable */
 634:Core/Src/stm32h7xx_hal_msp.c ****     __HAL_RCC_USART3_CLK_DISABLE();
 635:Core/Src/stm32h7xx_hal_msp.c **** 
 636:Core/Src/stm32h7xx_hal_msp.c ****     /**USART3 GPIO Configuration
 637:Core/Src/stm32h7xx_hal_msp.c ****     PB10     ------> USART3_TX
 638:Core/Src/stm32h7xx_hal_msp.c ****     PB11     ------> USART3_RX
 639:Core/Src/stm32h7xx_hal_msp.c ****     */
 640:Core/Src/stm32h7xx_hal_msp.c ****     HAL_GPIO_DeInit(GPIOB, GPIO_PIN_10|GPIO_PIN_11);
 641:Core/Src/stm32h7xx_hal_msp.c **** 
 642:Core/Src/stm32h7xx_hal_msp.c ****     /* USER CODE BEGIN USART3_MspDeInit 1 */
 643:Core/Src/stm32h7xx_hal_msp.c **** 
 644:Core/Src/stm32h7xx_hal_msp.c ****     /* USER CODE END USART3_MspDeInit 1 */
 645:Core/Src/stm32h7xx_hal_msp.c ****   }
 646:Core/Src/stm32h7xx_hal_msp.c **** 
 647:Core/Src/stm32h7xx_hal_msp.c **** }
 1485              		.loc 1 647 1 view .LVU431
 1486 0010 08BD     		pop	{r3, pc}
 1487              	.LVL93:
 1488              	.L86:
 614:Core/Src/stm32h7xx_hal_msp.c **** 
 1489              		.loc 1 614 5 is_stmt 1 view .LVU432
 1490 0012 104A     		ldr	r2, .L88+8
 1491 0014 D2F8E830 		ldr	r3, [r2, #232]
 1492 0018 23F40033 		bic	r3, r3, #131072
 1493 001c C2F8E830 		str	r3, [r2, #232]
 620:Core/Src/stm32h7xx_hal_msp.c **** 
 1494              		.loc 1 620 5 view .LVU433
 1495 0020 6021     		movs	r1, #96
 1496 0022 0D48     		ldr	r0, .L88+12
 1497              	.LVL94:
 620:Core/Src/stm32h7xx_hal_msp.c **** 
 1498              		.loc 1 620 5 is_stmt 0 view .LVU434
 1499 0024 FFF7FEFF 		bl	HAL_GPIO_DeInit
 1500              	.LVL95:
 623:Core/Src/stm32h7xx_hal_msp.c ****     /* USER CODE BEGIN USART2_MspDeInit 1 */
 1501              		.loc 1 623 5 is_stmt 1 view .LVU435
 1502 0028 2620     		movs	r0, #38
 1503 002a FFF7FEFF 		bl	HAL_NVIC_DisableIRQ
ARM GAS  C:\Users\admin\AppData\Local\Temp\ccmcZp0j.s 			page 44


 1504              	.LVL96:
 1505 002e EFE7     		b	.L82
 1506              	.LVL97:
 1507              	.L87:
 634:Core/Src/stm32h7xx_hal_msp.c **** 
 1508              		.loc 1 634 5 view .LVU436
 1509 0030 084A     		ldr	r2, .L88+8
 1510 0032 D2F8E830 		ldr	r3, [r2, #232]
 1511 0036 23F48023 		bic	r3, r3, #262144
 1512 003a C2F8E830 		str	r3, [r2, #232]
 640:Core/Src/stm32h7xx_hal_msp.c **** 
 1513              		.loc 1 640 5 view .LVU437
 1514 003e 4FF44061 		mov	r1, #3072
 1515 0042 0648     		ldr	r0, .L88+16
 1516              	.LVL98:
 640:Core/Src/stm32h7xx_hal_msp.c **** 
 1517              		.loc 1 640 5 is_stmt 0 view .LVU438
 1518 0044 FFF7FEFF 		bl	HAL_GPIO_DeInit
 1519              	.LVL99:
 1520              		.loc 1 647 1 view .LVU439
 1521 0048 E2E7     		b	.L82
 1522              	.L89:
 1523 004a 00BF     		.align	2
 1524              	.L88:
 1525 004c 00440040 		.word	1073759232
 1526 0050 00480040 		.word	1073760256
 1527 0054 00440258 		.word	1476543488
 1528 0058 000C0258 		.word	1476529152
 1529 005c 00040258 		.word	1476527104
 1530              		.cfi_endproc
 1531              	.LFE154:
 1533              		.text
 1534              	.Letext0:
 1535              		.file 2 "c:\\program files (x86)\\gnu arm embedded toolchain\\10 2021.10\\arm-none-eabi\\include\\
 1536              		.file 3 "c:\\program files (x86)\\gnu arm embedded toolchain\\10 2021.10\\arm-none-eabi\\include\\
 1537              		.file 4 "Drivers/CMSIS/Device/ST/STM32H7xx/Include/stm32h743xx.h"
 1538              		.file 5 "Drivers/STM32H7xx_HAL_Driver/Inc/stm32h7xx_hal_def.h"
 1539              		.file 6 "Drivers/STM32H7xx_HAL_Driver/Inc/stm32h7xx_hal_rcc_ex.h"
 1540              		.file 7 "Drivers/STM32H7xx_HAL_Driver/Inc/stm32h7xx_hal_gpio.h"
 1541              		.file 8 "Drivers/STM32H7xx_HAL_Driver/Inc/stm32h7xx_hal_dma.h"
 1542              		.file 9 "Drivers/STM32H7xx_HAL_Driver/Inc/stm32h7xx_hal_dcmi.h"
 1543              		.file 10 "Drivers/STM32H7xx_HAL_Driver/Inc/stm32h7xx_hal_i2c.h"
 1544              		.file 11 "Drivers/STM32H7xx_HAL_Driver/Inc/stm32h7xx_hal_rtc.h"
 1545              		.file 12 "Drivers/STM32H7xx_HAL_Driver/Inc/stm32h7xx_ll_sdmmc.h"
 1546              		.file 13 "Drivers/STM32H7xx_HAL_Driver/Inc/stm32h7xx_hal_sd.h"
 1547              		.file 14 "Drivers/STM32H7xx_HAL_Driver/Inc/stm32h7xx_hal_uart.h"
 1548              		.file 15 "Drivers/STM32H7xx_HAL_Driver/Inc/stm32h7xx_hal_cortex.h"
 1549              		.file 16 "Core/Inc/main.h"
 1550              		.file 17 "<built-in>"
ARM GAS  C:\Users\admin\AppData\Local\Temp\ccmcZp0j.s 			page 45


DEFINED SYMBOLS
                            *ABS*:00000000 stm32h7xx_hal_msp.c
C:\Users\admin\AppData\Local\Temp\ccmcZp0j.s:19     .text.HAL_MspInit:00000000 $t
C:\Users\admin\AppData\Local\Temp\ccmcZp0j.s:25     .text.HAL_MspInit:00000000 HAL_MspInit
C:\Users\admin\AppData\Local\Temp\ccmcZp0j.s:70     .text.HAL_MspInit:00000030 $d
C:\Users\admin\AppData\Local\Temp\ccmcZp0j.s:75     .text.HAL_DCMI_MspInit:00000000 $t
C:\Users\admin\AppData\Local\Temp\ccmcZp0j.s:81     .text.HAL_DCMI_MspInit:00000000 HAL_DCMI_MspInit
C:\Users\admin\AppData\Local\Temp\ccmcZp0j.s:386    .text.HAL_DCMI_MspInit:00000158 $d
C:\Users\admin\AppData\Local\Temp\ccmcZp0j.s:399    .text.HAL_DCMI_MspDeInit:00000000 $t
C:\Users\admin\AppData\Local\Temp\ccmcZp0j.s:405    .text.HAL_DCMI_MspDeInit:00000000 HAL_DCMI_MspDeInit
C:\Users\admin\AppData\Local\Temp\ccmcZp0j.s:471    .text.HAL_DCMI_MspDeInit:00000054 $d
C:\Users\admin\AppData\Local\Temp\ccmcZp0j.s:482    .text.HAL_I2C_MspInit:00000000 $t
C:\Users\admin\AppData\Local\Temp\ccmcZp0j.s:488    .text.HAL_I2C_MspInit:00000000 HAL_I2C_MspInit
C:\Users\admin\AppData\Local\Temp\ccmcZp0j.s:707    .text.HAL_I2C_MspInit:000000f4 $d
C:\Users\admin\AppData\Local\Temp\ccmcZp0j.s:716    .text.HAL_I2C_MspDeInit:00000000 $t
C:\Users\admin\AppData\Local\Temp\ccmcZp0j.s:722    .text.HAL_I2C_MspDeInit:00000000 HAL_I2C_MspDeInit
C:\Users\admin\AppData\Local\Temp\ccmcZp0j.s:797    .text.HAL_I2C_MspDeInit:00000058 $d
C:\Users\admin\AppData\Local\Temp\ccmcZp0j.s:806    .text.HAL_RTC_MspInit:00000000 $t
C:\Users\admin\AppData\Local\Temp\ccmcZp0j.s:812    .text.HAL_RTC_MspInit:00000000 HAL_RTC_MspInit
C:\Users\admin\AppData\Local\Temp\ccmcZp0j.s:899    .text.HAL_RTC_MspInit:00000058 $d
C:\Users\admin\AppData\Local\Temp\ccmcZp0j.s:905    .text.HAL_RTC_MspDeInit:00000000 $t
C:\Users\admin\AppData\Local\Temp\ccmcZp0j.s:911    .text.HAL_RTC_MspDeInit:00000000 HAL_RTC_MspDeInit
C:\Users\admin\AppData\Local\Temp\ccmcZp0j.s:953    .text.HAL_RTC_MspDeInit:00000020 $d
C:\Users\admin\AppData\Local\Temp\ccmcZp0j.s:959    .text.HAL_SD_MspInit:00000000 $t
C:\Users\admin\AppData\Local\Temp\ccmcZp0j.s:965    .text.HAL_SD_MspInit:00000000 HAL_SD_MspInit
C:\Users\admin\AppData\Local\Temp\ccmcZp0j.s:1141   .text.HAL_SD_MspInit:000000c0 $d
C:\Users\admin\AppData\Local\Temp\ccmcZp0j.s:1149   .text.HAL_SD_MspDeInit:00000000 $t
C:\Users\admin\AppData\Local\Temp\ccmcZp0j.s:1155   .text.HAL_SD_MspDeInit:00000000 HAL_SD_MspDeInit
C:\Users\admin\AppData\Local\Temp\ccmcZp0j.s:1203   .text.HAL_SD_MspDeInit:00000030 $d
C:\Users\admin\AppData\Local\Temp\ccmcZp0j.s:1211   .text.HAL_UART_MspInit:00000000 $t
C:\Users\admin\AppData\Local\Temp\ccmcZp0j.s:1217   .text.HAL_UART_MspInit:00000000 HAL_UART_MspInit
C:\Users\admin\AppData\Local\Temp\ccmcZp0j.s:1443   .text.HAL_UART_MspInit:00000108 $d
C:\Users\admin\AppData\Local\Temp\ccmcZp0j.s:1452   .text.HAL_UART_MspDeInit:00000000 $t
C:\Users\admin\AppData\Local\Temp\ccmcZp0j.s:1458   .text.HAL_UART_MspDeInit:00000000 HAL_UART_MspDeInit
C:\Users\admin\AppData\Local\Temp\ccmcZp0j.s:1525   .text.HAL_UART_MspDeInit:0000004c $d

UNDEFINED SYMBOLS
HAL_NVIC_SetPriority
HAL_GPIO_Init
HAL_DMA_Init
Error_Handler
hdma_dcmi
HAL_GPIO_DeInit
HAL_DMA_DeInit
memset
HAL_RCCEx_PeriphCLKConfig
HAL_NVIC_EnableIRQ
HAL_NVIC_DisableIRQ
