ARM GAS  C:\Users\admin\AppData\Local\Temp\ccgKPo3u.s 			page 1


   1              		.cpu cortex-m7
   2              		.arch armv7e-m
   3              		.fpu fpv5-d16
   4              		.eabi_attribute 28, 1
   5              		.eabi_attribute 20, 1
   6              		.eabi_attribute 21, 1
   7              		.eabi_attribute 23, 3
   8              		.eabi_attribute 24, 1
   9              		.eabi_attribute 25, 1
  10              		.eabi_attribute 26, 1
  11              		.eabi_attribute 30, 1
  12              		.eabi_attribute 34, 1
  13              		.eabi_attribute 18, 4
  14              		.file	"stm32h7xx_hal_rtc.c"
  15              		.text
  16              	.Ltext0:
  17              		.cfi_sections	.debug_frame
  18              		.section	.text.HAL_RTC_MspInit,"ax",%progbits
  19              		.align	1
  20              		.weak	HAL_RTC_MspInit
  21              		.syntax unified
  22              		.thumb
  23              		.thumb_func
  25              	HAL_RTC_MspInit:
  26              	.LVL0:
  27              	.LFB146:
  28              		.file 1 "Drivers/STM32H7xx_HAL_Driver/Src/stm32h7xx_hal_rtc.c"
   1:Drivers/STM32H7xx_HAL_Driver/Src/stm32h7xx_hal_rtc.c **** /**
   2:Drivers/STM32H7xx_HAL_Driver/Src/stm32h7xx_hal_rtc.c ****   ******************************************************************************
   3:Drivers/STM32H7xx_HAL_Driver/Src/stm32h7xx_hal_rtc.c ****   * @file    stm32h7xx_hal_rtc.c
   4:Drivers/STM32H7xx_HAL_Driver/Src/stm32h7xx_hal_rtc.c ****   * @author  MCD Application Team
   5:Drivers/STM32H7xx_HAL_Driver/Src/stm32h7xx_hal_rtc.c ****   * @brief   RTC HAL module driver.
   6:Drivers/STM32H7xx_HAL_Driver/Src/stm32h7xx_hal_rtc.c ****   *          This file provides firmware functions to manage the following
   7:Drivers/STM32H7xx_HAL_Driver/Src/stm32h7xx_hal_rtc.c ****   *          functionalities of the Real-Time Clock (RTC) peripheral:
   8:Drivers/STM32H7xx_HAL_Driver/Src/stm32h7xx_hal_rtc.c ****   *           + Initialization/de-initialization
   9:Drivers/STM32H7xx_HAL_Driver/Src/stm32h7xx_hal_rtc.c ****   *           + Calendar (Time and Date) configuration
  10:Drivers/STM32H7xx_HAL_Driver/Src/stm32h7xx_hal_rtc.c ****   *           + Alarms (Alarm A and Alarm B) configuration
  11:Drivers/STM32H7xx_HAL_Driver/Src/stm32h7xx_hal_rtc.c ****   *           + WakeUp Timer configuration
  12:Drivers/STM32H7xx_HAL_Driver/Src/stm32h7xx_hal_rtc.c ****   *           + TimeStamp configuration
  13:Drivers/STM32H7xx_HAL_Driver/Src/stm32h7xx_hal_rtc.c ****   *           + Tampers configuration
  14:Drivers/STM32H7xx_HAL_Driver/Src/stm32h7xx_hal_rtc.c ****   *           + Backup Data Registers configuration
  15:Drivers/STM32H7xx_HAL_Driver/Src/stm32h7xx_hal_rtc.c ****   *           + RTC Tamper and TimeStamp Pins Selection
  16:Drivers/STM32H7xx_HAL_Driver/Src/stm32h7xx_hal_rtc.c ****   *           + Interrupts and flags management
  17:Drivers/STM32H7xx_HAL_Driver/Src/stm32h7xx_hal_rtc.c ****   *
  18:Drivers/STM32H7xx_HAL_Driver/Src/stm32h7xx_hal_rtc.c ****   ******************************************************************************
  19:Drivers/STM32H7xx_HAL_Driver/Src/stm32h7xx_hal_rtc.c ****   * @attention
  20:Drivers/STM32H7xx_HAL_Driver/Src/stm32h7xx_hal_rtc.c ****   *
  21:Drivers/STM32H7xx_HAL_Driver/Src/stm32h7xx_hal_rtc.c ****   * Copyright (c) 2017 STMicroelectronics.
  22:Drivers/STM32H7xx_HAL_Driver/Src/stm32h7xx_hal_rtc.c ****   * All rights reserved.
  23:Drivers/STM32H7xx_HAL_Driver/Src/stm32h7xx_hal_rtc.c ****   *
  24:Drivers/STM32H7xx_HAL_Driver/Src/stm32h7xx_hal_rtc.c ****   * This software is licensed under terms that can be found in the LICENSE file
  25:Drivers/STM32H7xx_HAL_Driver/Src/stm32h7xx_hal_rtc.c ****   * in the root directory of this software component.
  26:Drivers/STM32H7xx_HAL_Driver/Src/stm32h7xx_hal_rtc.c ****   * If no LICENSE file comes with this software, it is provided AS-IS.
  27:Drivers/STM32H7xx_HAL_Driver/Src/stm32h7xx_hal_rtc.c ****   *
  28:Drivers/STM32H7xx_HAL_Driver/Src/stm32h7xx_hal_rtc.c ****   ******************************************************************************
  29:Drivers/STM32H7xx_HAL_Driver/Src/stm32h7xx_hal_rtc.c ****   @verbatim
  30:Drivers/STM32H7xx_HAL_Driver/Src/stm32h7xx_hal_rtc.c ****  ===============================================================================
ARM GAS  C:\Users\admin\AppData\Local\Temp\ccgKPo3u.s 			page 2


  31:Drivers/STM32H7xx_HAL_Driver/Src/stm32h7xx_hal_rtc.c ****                           ##### RTC Operating Condition #####
  32:Drivers/STM32H7xx_HAL_Driver/Src/stm32h7xx_hal_rtc.c ****  ===============================================================================
  33:Drivers/STM32H7xx_HAL_Driver/Src/stm32h7xx_hal_rtc.c ****   [..] The real-time clock (RTC) and the RTC backup registers can be powered
  34:Drivers/STM32H7xx_HAL_Driver/Src/stm32h7xx_hal_rtc.c ****        from the VBAT voltage when the main VDD supply is powered off.
  35:Drivers/STM32H7xx_HAL_Driver/Src/stm32h7xx_hal_rtc.c ****        To retain the content of the RTC backup registers and supply the RTC
  36:Drivers/STM32H7xx_HAL_Driver/Src/stm32h7xx_hal_rtc.c ****        when VDD is turned off, VBAT pin can be connected to an optional
  37:Drivers/STM32H7xx_HAL_Driver/Src/stm32h7xx_hal_rtc.c ****        standby voltage supplied by a battery or by another source.
  38:Drivers/STM32H7xx_HAL_Driver/Src/stm32h7xx_hal_rtc.c **** 
  39:Drivers/STM32H7xx_HAL_Driver/Src/stm32h7xx_hal_rtc.c ****                    ##### Backup Domain Reset #####
  40:Drivers/STM32H7xx_HAL_Driver/Src/stm32h7xx_hal_rtc.c ****  ===============================================================================
  41:Drivers/STM32H7xx_HAL_Driver/Src/stm32h7xx_hal_rtc.c ****   [..] The backup domain reset sets all RTC registers and the RCC_BDCR register
  42:Drivers/STM32H7xx_HAL_Driver/Src/stm32h7xx_hal_rtc.c ****        to their reset values.
  43:Drivers/STM32H7xx_HAL_Driver/Src/stm32h7xx_hal_rtc.c ****        A backup domain reset is generated when one of the following events occurs:
  44:Drivers/STM32H7xx_HAL_Driver/Src/stm32h7xx_hal_rtc.c ****     (#) Software reset, triggered by setting the BDRST bit in the
  45:Drivers/STM32H7xx_HAL_Driver/Src/stm32h7xx_hal_rtc.c ****         RCC Backup domain control register (RCC_BDCR).
  46:Drivers/STM32H7xx_HAL_Driver/Src/stm32h7xx_hal_rtc.c ****     (#) VDD or VBAT power on, if both supplies have previously been powered off.
  47:Drivers/STM32H7xx_HAL_Driver/Src/stm32h7xx_hal_rtc.c ****     (#) Tamper detection event resets all data backup registers.
  48:Drivers/STM32H7xx_HAL_Driver/Src/stm32h7xx_hal_rtc.c **** 
  49:Drivers/STM32H7xx_HAL_Driver/Src/stm32h7xx_hal_rtc.c ****                    ##### Backup Domain Access #####
  50:Drivers/STM32H7xx_HAL_Driver/Src/stm32h7xx_hal_rtc.c ****  ===================================================================
  51:Drivers/STM32H7xx_HAL_Driver/Src/stm32h7xx_hal_rtc.c ****   [..] After reset, the backup domain (RTC registers, RTC backup data
  52:Drivers/STM32H7xx_HAL_Driver/Src/stm32h7xx_hal_rtc.c ****        registers and backup SRAM) is protected against possible unwanted write
  53:Drivers/STM32H7xx_HAL_Driver/Src/stm32h7xx_hal_rtc.c ****        accesses.
  54:Drivers/STM32H7xx_HAL_Driver/Src/stm32h7xx_hal_rtc.c **** 
  55:Drivers/STM32H7xx_HAL_Driver/Src/stm32h7xx_hal_rtc.c ****   [..] To enable access to the RTC Domain and RTC registers, proceed as follows:
  56:Drivers/STM32H7xx_HAL_Driver/Src/stm32h7xx_hal_rtc.c ****     (#) Call the function HAL_RCCEx_PeriphCLKConfig with RCC_PERIPHCLK_RTC for
  57:Drivers/STM32H7xx_HAL_Driver/Src/stm32h7xx_hal_rtc.c ****         PeriphClockSelection and select RTCClockSelection (LSE, LSI or HSEdiv32)
  58:Drivers/STM32H7xx_HAL_Driver/Src/stm32h7xx_hal_rtc.c ****     (#) Enable RTC Clock using the __HAL_RCC_RTC_ENABLE() macro.
  59:Drivers/STM32H7xx_HAL_Driver/Src/stm32h7xx_hal_rtc.c **** 
  60:Drivers/STM32H7xx_HAL_Driver/Src/stm32h7xx_hal_rtc.c ****                   ##### How to use RTC Driver #####
  61:Drivers/STM32H7xx_HAL_Driver/Src/stm32h7xx_hal_rtc.c ****  ===================================================================
  62:Drivers/STM32H7xx_HAL_Driver/Src/stm32h7xx_hal_rtc.c ****   [..]
  63:Drivers/STM32H7xx_HAL_Driver/Src/stm32h7xx_hal_rtc.c ****     (+) Enable the RTC domain access (see description in the section above).
  64:Drivers/STM32H7xx_HAL_Driver/Src/stm32h7xx_hal_rtc.c ****     (+) Configure the RTC Prescaler (Asynchronous and Synchronous) and RTC hour
  65:Drivers/STM32H7xx_HAL_Driver/Src/stm32h7xx_hal_rtc.c ****         format using the HAL_RTC_Init() function.
  66:Drivers/STM32H7xx_HAL_Driver/Src/stm32h7xx_hal_rtc.c **** 
  67:Drivers/STM32H7xx_HAL_Driver/Src/stm32h7xx_hal_rtc.c ****   *** Time and Date configuration ***
  68:Drivers/STM32H7xx_HAL_Driver/Src/stm32h7xx_hal_rtc.c ****   ===================================
  69:Drivers/STM32H7xx_HAL_Driver/Src/stm32h7xx_hal_rtc.c ****   [..]
  70:Drivers/STM32H7xx_HAL_Driver/Src/stm32h7xx_hal_rtc.c ****     (+) To configure the RTC Calendar (Time and Date) use the HAL_RTC_SetTime()
  71:Drivers/STM32H7xx_HAL_Driver/Src/stm32h7xx_hal_rtc.c ****         and HAL_RTC_SetDate() functions.
  72:Drivers/STM32H7xx_HAL_Driver/Src/stm32h7xx_hal_rtc.c ****     (+) To read the RTC Calendar, use the HAL_RTC_GetTime() and HAL_RTC_GetDate() functions.
  73:Drivers/STM32H7xx_HAL_Driver/Src/stm32h7xx_hal_rtc.c **** 
  74:Drivers/STM32H7xx_HAL_Driver/Src/stm32h7xx_hal_rtc.c ****   *** Alarm configuration ***
  75:Drivers/STM32H7xx_HAL_Driver/Src/stm32h7xx_hal_rtc.c ****   ===========================
  76:Drivers/STM32H7xx_HAL_Driver/Src/stm32h7xx_hal_rtc.c ****   [..]
  77:Drivers/STM32H7xx_HAL_Driver/Src/stm32h7xx_hal_rtc.c ****     (+) To configure the RTC Alarm use the HAL_RTC_SetAlarm() function.
  78:Drivers/STM32H7xx_HAL_Driver/Src/stm32h7xx_hal_rtc.c ****             You can also configure the RTC Alarm with interrupt mode using the
  79:Drivers/STM32H7xx_HAL_Driver/Src/stm32h7xx_hal_rtc.c ****             HAL_RTC_SetAlarm_IT() function.
  80:Drivers/STM32H7xx_HAL_Driver/Src/stm32h7xx_hal_rtc.c ****     (+) To read the RTC Alarm, use the HAL_RTC_GetAlarm() function.
  81:Drivers/STM32H7xx_HAL_Driver/Src/stm32h7xx_hal_rtc.c **** 
  82:Drivers/STM32H7xx_HAL_Driver/Src/stm32h7xx_hal_rtc.c ****                   ##### RTC and low power modes #####
  83:Drivers/STM32H7xx_HAL_Driver/Src/stm32h7xx_hal_rtc.c ****  ===================================================================
  84:Drivers/STM32H7xx_HAL_Driver/Src/stm32h7xx_hal_rtc.c ****   [..] The MCU can be woken up from a low power mode by an RTC alternate
  85:Drivers/STM32H7xx_HAL_Driver/Src/stm32h7xx_hal_rtc.c ****        function.
  86:Drivers/STM32H7xx_HAL_Driver/Src/stm32h7xx_hal_rtc.c ****   [..] The RTC alternate functions are the RTC alarms (Alarm A and Alarm B),
  87:Drivers/STM32H7xx_HAL_Driver/Src/stm32h7xx_hal_rtc.c ****        RTC wakeup, RTC tamper event detection and RTC time stamp event detection.
ARM GAS  C:\Users\admin\AppData\Local\Temp\ccgKPo3u.s 			page 3


  88:Drivers/STM32H7xx_HAL_Driver/Src/stm32h7xx_hal_rtc.c ****        These RTC alternate functions can wake up the system from the Stop and
  89:Drivers/STM32H7xx_HAL_Driver/Src/stm32h7xx_hal_rtc.c ****        Standby low power modes.
  90:Drivers/STM32H7xx_HAL_Driver/Src/stm32h7xx_hal_rtc.c ****   [..] The system can also wake up from low power modes without depending
  91:Drivers/STM32H7xx_HAL_Driver/Src/stm32h7xx_hal_rtc.c ****        on an external interrupt (Auto-wakeup mode), by using the RTC alarm
  92:Drivers/STM32H7xx_HAL_Driver/Src/stm32h7xx_hal_rtc.c ****        or the RTC wakeup events.
  93:Drivers/STM32H7xx_HAL_Driver/Src/stm32h7xx_hal_rtc.c ****   [..] The RTC provides a programmable time base for waking up from the
  94:Drivers/STM32H7xx_HAL_Driver/Src/stm32h7xx_hal_rtc.c ****        Stop or Standby mode at regular intervals.
  95:Drivers/STM32H7xx_HAL_Driver/Src/stm32h7xx_hal_rtc.c ****        Wakeup from STOP and STANDBY modes is possible only when the RTC clock source
  96:Drivers/STM32H7xx_HAL_Driver/Src/stm32h7xx_hal_rtc.c ****        is LSE or LSI.
  97:Drivers/STM32H7xx_HAL_Driver/Src/stm32h7xx_hal_rtc.c **** 
  98:Drivers/STM32H7xx_HAL_Driver/Src/stm32h7xx_hal_rtc.c ****   *** Callback registration ***
  99:Drivers/STM32H7xx_HAL_Driver/Src/stm32h7xx_hal_rtc.c ****   =============================================
 100:Drivers/STM32H7xx_HAL_Driver/Src/stm32h7xx_hal_rtc.c ****   When The compilation define USE_HAL_RTC_REGISTER_CALLBACKS is set to 0 or
 101:Drivers/STM32H7xx_HAL_Driver/Src/stm32h7xx_hal_rtc.c ****   not defined, the callback registration feature is not available and all callbacks
 102:Drivers/STM32H7xx_HAL_Driver/Src/stm32h7xx_hal_rtc.c ****   are set to the corresponding weak functions. This is the recommended configuration
 103:Drivers/STM32H7xx_HAL_Driver/Src/stm32h7xx_hal_rtc.c ****   in order to optimize memory/code consumption footprint/performances.
 104:Drivers/STM32H7xx_HAL_Driver/Src/stm32h7xx_hal_rtc.c **** 
 105:Drivers/STM32H7xx_HAL_Driver/Src/stm32h7xx_hal_rtc.c ****   The compilation define  USE_RTC_REGISTER_CALLBACKS when set to 1
 106:Drivers/STM32H7xx_HAL_Driver/Src/stm32h7xx_hal_rtc.c ****   allows the user to configure dynamically the driver callbacks.
 107:Drivers/STM32H7xx_HAL_Driver/Src/stm32h7xx_hal_rtc.c ****   Use Function HAL_RTC_RegisterCallback() to register an interrupt callback.
 108:Drivers/STM32H7xx_HAL_Driver/Src/stm32h7xx_hal_rtc.c **** 
 109:Drivers/STM32H7xx_HAL_Driver/Src/stm32h7xx_hal_rtc.c ****   Function HAL_RTC_RegisterCallback() allows to register following callbacks:
 110:Drivers/STM32H7xx_HAL_Driver/Src/stm32h7xx_hal_rtc.c ****     (+) AlarmAEventCallback          : RTC Alarm A Event callback.
 111:Drivers/STM32H7xx_HAL_Driver/Src/stm32h7xx_hal_rtc.c ****     (+) AlarmBEventCallback          : RTC Alarm B Event callback.
 112:Drivers/STM32H7xx_HAL_Driver/Src/stm32h7xx_hal_rtc.c ****     (+) TimeStampEventCallback       : RTC TimeStamp Event callback.
 113:Drivers/STM32H7xx_HAL_Driver/Src/stm32h7xx_hal_rtc.c ****     (+) WakeUpTimerEventCallback     : RTC WakeUpTimer Event callback.
 114:Drivers/STM32H7xx_HAL_Driver/Src/stm32h7xx_hal_rtc.c ****     (+) Tamper1EventCallback         : RTC Tamper 1 Event callback.
 115:Drivers/STM32H7xx_HAL_Driver/Src/stm32h7xx_hal_rtc.c ****     (+) Tamper2EventCallback         : RTC Tamper 2 Event callback. (*)
 116:Drivers/STM32H7xx_HAL_Driver/Src/stm32h7xx_hal_rtc.c ****     (+) Tamper3EventCallback         : RTC Tamper 3 Event callback.
 117:Drivers/STM32H7xx_HAL_Driver/Src/stm32h7xx_hal_rtc.c ****     (+) InternalTamper1EventCallback : RTC Internal Tamper 1 Callback ID (*)
 118:Drivers/STM32H7xx_HAL_Driver/Src/stm32h7xx_hal_rtc.c ****     (+) InternalTamper2EventCallback : RTC Internal Tamper 2 Callback ID (*)
 119:Drivers/STM32H7xx_HAL_Driver/Src/stm32h7xx_hal_rtc.c ****     (+) InternalTamper3EventCallback : RTC Internal Tamper 3 Callback ID (*)
 120:Drivers/STM32H7xx_HAL_Driver/Src/stm32h7xx_hal_rtc.c ****     (+) InternalTamper4EventCallback : RTC Internal Tamper 4 Callback ID (*)
 121:Drivers/STM32H7xx_HAL_Driver/Src/stm32h7xx_hal_rtc.c ****     (+) InternalTamper5EventCallback : RTC Internal Tamper 5 Callback ID (*)
 122:Drivers/STM32H7xx_HAL_Driver/Src/stm32h7xx_hal_rtc.c ****     (+) InternalTamper6EventCallback : RTC Internal Tamper 6 Callback ID (*)
 123:Drivers/STM32H7xx_HAL_Driver/Src/stm32h7xx_hal_rtc.c ****     (+) InternalTamper8EventCallback : RTC Internal Tamper 8 Callback ID (*)
 124:Drivers/STM32H7xx_HAL_Driver/Src/stm32h7xx_hal_rtc.c ****     (+) MspInitCallback              : RTC MspInit callback.
 125:Drivers/STM32H7xx_HAL_Driver/Src/stm32h7xx_hal_rtc.c ****     (+) MspDeInitCallback            : RTC MspDeInit callback.
 126:Drivers/STM32H7xx_HAL_Driver/Src/stm32h7xx_hal_rtc.c **** 
 127:Drivers/STM32H7xx_HAL_Driver/Src/stm32h7xx_hal_rtc.c ****   (*) Not applicable to all devices.
 128:Drivers/STM32H7xx_HAL_Driver/Src/stm32h7xx_hal_rtc.c **** 
 129:Drivers/STM32H7xx_HAL_Driver/Src/stm32h7xx_hal_rtc.c ****   This function takes as parameters the HAL peripheral handle, the Callback ID
 130:Drivers/STM32H7xx_HAL_Driver/Src/stm32h7xx_hal_rtc.c ****   and a pointer to the user callback function.
 131:Drivers/STM32H7xx_HAL_Driver/Src/stm32h7xx_hal_rtc.c **** 
 132:Drivers/STM32H7xx_HAL_Driver/Src/stm32h7xx_hal_rtc.c ****   Use function HAL_RTC_UnRegisterCallback() to reset a callback to the default
 133:Drivers/STM32H7xx_HAL_Driver/Src/stm32h7xx_hal_rtc.c ****   weak function.
 134:Drivers/STM32H7xx_HAL_Driver/Src/stm32h7xx_hal_rtc.c ****   HAL_RTC_UnRegisterCallback() takes as parameters the HAL peripheral handle,
 135:Drivers/STM32H7xx_HAL_Driver/Src/stm32h7xx_hal_rtc.c ****   and the Callback ID.
 136:Drivers/STM32H7xx_HAL_Driver/Src/stm32h7xx_hal_rtc.c ****   This function allows to reset following callbacks:
 137:Drivers/STM32H7xx_HAL_Driver/Src/stm32h7xx_hal_rtc.c ****     (+) AlarmAEventCallback          : RTC Alarm A Event callback.
 138:Drivers/STM32H7xx_HAL_Driver/Src/stm32h7xx_hal_rtc.c ****     (+) AlarmBEventCallback          : RTC Alarm B Event callback.
 139:Drivers/STM32H7xx_HAL_Driver/Src/stm32h7xx_hal_rtc.c ****     (+) TimeStampEventCallback       : RTC TimeStamp Event callback.
 140:Drivers/STM32H7xx_HAL_Driver/Src/stm32h7xx_hal_rtc.c ****     (+) WakeUpTimerEventCallback     : RTC WakeUpTimer Event callback.
 141:Drivers/STM32H7xx_HAL_Driver/Src/stm32h7xx_hal_rtc.c ****     (+) Tamper1EventCallback         : RTC Tamper 1 Event callback.
 142:Drivers/STM32H7xx_HAL_Driver/Src/stm32h7xx_hal_rtc.c ****     (+) Tamper2EventCallback         : RTC Tamper 2 Event callback. (*)
 143:Drivers/STM32H7xx_HAL_Driver/Src/stm32h7xx_hal_rtc.c ****     (+) Tamper3EventCallback         : RTC Tamper 3 Event callback.
 144:Drivers/STM32H7xx_HAL_Driver/Src/stm32h7xx_hal_rtc.c ****     (+) InternalTamper1EventCallback : RTC Internal Tamper 1 Callback ID (*)
ARM GAS  C:\Users\admin\AppData\Local\Temp\ccgKPo3u.s 			page 4


 145:Drivers/STM32H7xx_HAL_Driver/Src/stm32h7xx_hal_rtc.c ****     (+) InternalTamper2EventCallback : RTC Internal Tamper 2 Callback ID (*)
 146:Drivers/STM32H7xx_HAL_Driver/Src/stm32h7xx_hal_rtc.c ****     (+) InternalTamper3EventCallback : RTC Internal Tamper 3 Callback ID (*)
 147:Drivers/STM32H7xx_HAL_Driver/Src/stm32h7xx_hal_rtc.c ****     (+) InternalTamper4EventCallback : RTC Internal Tamper 4 Callback ID (*)
 148:Drivers/STM32H7xx_HAL_Driver/Src/stm32h7xx_hal_rtc.c ****     (+) InternalTamper5EventCallback : RTC Internal Tamper 5 Callback ID (*)
 149:Drivers/STM32H7xx_HAL_Driver/Src/stm32h7xx_hal_rtc.c ****     (+) InternalTamper6EventCallback : RTC Internal Tamper 6 Callback ID (*)
 150:Drivers/STM32H7xx_HAL_Driver/Src/stm32h7xx_hal_rtc.c ****     (+) InternalTamper8EventCallback : RTC Internal Tamper 8 Callback ID (*)
 151:Drivers/STM32H7xx_HAL_Driver/Src/stm32h7xx_hal_rtc.c ****     (+) MspInitCallback              : RTC MspInit callback.
 152:Drivers/STM32H7xx_HAL_Driver/Src/stm32h7xx_hal_rtc.c ****     (+) MspDeInitCallback            : RTC MspDeInit callback.
 153:Drivers/STM32H7xx_HAL_Driver/Src/stm32h7xx_hal_rtc.c **** 
 154:Drivers/STM32H7xx_HAL_Driver/Src/stm32h7xx_hal_rtc.c ****   (*) Not applicable to all devices.
 155:Drivers/STM32H7xx_HAL_Driver/Src/stm32h7xx_hal_rtc.c **** 
 156:Drivers/STM32H7xx_HAL_Driver/Src/stm32h7xx_hal_rtc.c ****   By default, after the HAL_RTC_Init() and when the state is HAL_RTC_STATE_RESET,
 157:Drivers/STM32H7xx_HAL_Driver/Src/stm32h7xx_hal_rtc.c ****   all callbacks are set to the corresponding weak functions :
 158:Drivers/STM32H7xx_HAL_Driver/Src/stm32h7xx_hal_rtc.c ****   examples AlarmAEventCallback(), WakeUpTimerEventCallback().
 159:Drivers/STM32H7xx_HAL_Driver/Src/stm32h7xx_hal_rtc.c ****   Exception done for MspInit and MspDeInit callbacks that are reset to the legacy weak function
 160:Drivers/STM32H7xx_HAL_Driver/Src/stm32h7xx_hal_rtc.c ****   in the HAL_RTC_Init()/HAL_RTC_DeInit() only when these callbacks are null
 161:Drivers/STM32H7xx_HAL_Driver/Src/stm32h7xx_hal_rtc.c ****   (not registered beforehand).
 162:Drivers/STM32H7xx_HAL_Driver/Src/stm32h7xx_hal_rtc.c ****   If not, MspInit or MspDeInit are not null, HAL_RTC_Init()/HAL_RTC_DeInit()
 163:Drivers/STM32H7xx_HAL_Driver/Src/stm32h7xx_hal_rtc.c ****   keep and use the user MspInit/MspDeInit callbacks (registered beforehand)
 164:Drivers/STM32H7xx_HAL_Driver/Src/stm32h7xx_hal_rtc.c **** 
 165:Drivers/STM32H7xx_HAL_Driver/Src/stm32h7xx_hal_rtc.c ****   Callbacks can be registered/unregistered in HAL_RTC_STATE_READY state only.
 166:Drivers/STM32H7xx_HAL_Driver/Src/stm32h7xx_hal_rtc.c ****   Exception done MspInit/MspDeInit that can be registered/unregistered
 167:Drivers/STM32H7xx_HAL_Driver/Src/stm32h7xx_hal_rtc.c ****   in HAL_RTC_STATE_READY or HAL_RTC_STATE_RESET state,
 168:Drivers/STM32H7xx_HAL_Driver/Src/stm32h7xx_hal_rtc.c ****   thus registered (user) MspInit/DeInit callbacks can be used during the Init/DeInit.
 169:Drivers/STM32H7xx_HAL_Driver/Src/stm32h7xx_hal_rtc.c ****   In that case first register the MspInit/MspDeInit user callbacks
 170:Drivers/STM32H7xx_HAL_Driver/Src/stm32h7xx_hal_rtc.c ****   using HAL_RTC_RegisterCallback() before calling HAL_RTC_DeInit()
 171:Drivers/STM32H7xx_HAL_Driver/Src/stm32h7xx_hal_rtc.c ****   or HAL_RTC_Init() function.
 172:Drivers/STM32H7xx_HAL_Driver/Src/stm32h7xx_hal_rtc.c **** 
 173:Drivers/STM32H7xx_HAL_Driver/Src/stm32h7xx_hal_rtc.c ****   When The compilation define USE_HAL_RTC_REGISTER_CALLBACKS is set to 0 or
 174:Drivers/STM32H7xx_HAL_Driver/Src/stm32h7xx_hal_rtc.c ****   not defined, the callback registration feature is not available and all callbacks
 175:Drivers/STM32H7xx_HAL_Driver/Src/stm32h7xx_hal_rtc.c ****   are set to the corresponding weak functions.
 176:Drivers/STM32H7xx_HAL_Driver/Src/stm32h7xx_hal_rtc.c ****    @endverbatim
 177:Drivers/STM32H7xx_HAL_Driver/Src/stm32h7xx_hal_rtc.c **** 
 178:Drivers/STM32H7xx_HAL_Driver/Src/stm32h7xx_hal_rtc.c ****   */
 179:Drivers/STM32H7xx_HAL_Driver/Src/stm32h7xx_hal_rtc.c **** 
 180:Drivers/STM32H7xx_HAL_Driver/Src/stm32h7xx_hal_rtc.c **** /* Includes ------------------------------------------------------------------*/
 181:Drivers/STM32H7xx_HAL_Driver/Src/stm32h7xx_hal_rtc.c **** #include "stm32h7xx_hal.h"
 182:Drivers/STM32H7xx_HAL_Driver/Src/stm32h7xx_hal_rtc.c **** 
 183:Drivers/STM32H7xx_HAL_Driver/Src/stm32h7xx_hal_rtc.c **** /** @addtogroup STM32H7xx_HAL_Driver
 184:Drivers/STM32H7xx_HAL_Driver/Src/stm32h7xx_hal_rtc.c ****   * @{
 185:Drivers/STM32H7xx_HAL_Driver/Src/stm32h7xx_hal_rtc.c ****   */
 186:Drivers/STM32H7xx_HAL_Driver/Src/stm32h7xx_hal_rtc.c **** 
 187:Drivers/STM32H7xx_HAL_Driver/Src/stm32h7xx_hal_rtc.c **** 
 188:Drivers/STM32H7xx_HAL_Driver/Src/stm32h7xx_hal_rtc.c **** /** @addtogroup RTC
 189:Drivers/STM32H7xx_HAL_Driver/Src/stm32h7xx_hal_rtc.c ****   * @brief RTC HAL module driver
 190:Drivers/STM32H7xx_HAL_Driver/Src/stm32h7xx_hal_rtc.c ****   * @{
 191:Drivers/STM32H7xx_HAL_Driver/Src/stm32h7xx_hal_rtc.c ****   */
 192:Drivers/STM32H7xx_HAL_Driver/Src/stm32h7xx_hal_rtc.c **** 
 193:Drivers/STM32H7xx_HAL_Driver/Src/stm32h7xx_hal_rtc.c **** #ifdef HAL_RTC_MODULE_ENABLED
 194:Drivers/STM32H7xx_HAL_Driver/Src/stm32h7xx_hal_rtc.c **** 
 195:Drivers/STM32H7xx_HAL_Driver/Src/stm32h7xx_hal_rtc.c **** /* Private typedef -----------------------------------------------------------*/
 196:Drivers/STM32H7xx_HAL_Driver/Src/stm32h7xx_hal_rtc.c **** /* Private define ------------------------------------------------------------*/
 197:Drivers/STM32H7xx_HAL_Driver/Src/stm32h7xx_hal_rtc.c **** /* Private macro -------------------------------------------------------------*/
 198:Drivers/STM32H7xx_HAL_Driver/Src/stm32h7xx_hal_rtc.c **** /* Private variables ---------------------------------------------------------*/
 199:Drivers/STM32H7xx_HAL_Driver/Src/stm32h7xx_hal_rtc.c **** /* Private function prototypes -----------------------------------------------*/
 200:Drivers/STM32H7xx_HAL_Driver/Src/stm32h7xx_hal_rtc.c **** /* Exported functions --------------------------------------------------------*/
 201:Drivers/STM32H7xx_HAL_Driver/Src/stm32h7xx_hal_rtc.c **** 
ARM GAS  C:\Users\admin\AppData\Local\Temp\ccgKPo3u.s 			page 5


 202:Drivers/STM32H7xx_HAL_Driver/Src/stm32h7xx_hal_rtc.c **** /** @addtogroup RTC_Exported_Functions
 203:Drivers/STM32H7xx_HAL_Driver/Src/stm32h7xx_hal_rtc.c ****   * @{
 204:Drivers/STM32H7xx_HAL_Driver/Src/stm32h7xx_hal_rtc.c ****   */
 205:Drivers/STM32H7xx_HAL_Driver/Src/stm32h7xx_hal_rtc.c **** 
 206:Drivers/STM32H7xx_HAL_Driver/Src/stm32h7xx_hal_rtc.c **** /** @addtogroup RTC_Exported_Functions_Group1
 207:Drivers/STM32H7xx_HAL_Driver/Src/stm32h7xx_hal_rtc.c ****  *  @brief    Initialization and Configuration functions
 208:Drivers/STM32H7xx_HAL_Driver/Src/stm32h7xx_hal_rtc.c ****  *
 209:Drivers/STM32H7xx_HAL_Driver/Src/stm32h7xx_hal_rtc.c **** @verbatim
 210:Drivers/STM32H7xx_HAL_Driver/Src/stm32h7xx_hal_rtc.c ****  ===============================================================================
 211:Drivers/STM32H7xx_HAL_Driver/Src/stm32h7xx_hal_rtc.c ****               ##### Initialization and de-initialization functions #####
 212:Drivers/STM32H7xx_HAL_Driver/Src/stm32h7xx_hal_rtc.c ****  ===============================================================================
 213:Drivers/STM32H7xx_HAL_Driver/Src/stm32h7xx_hal_rtc.c ****    [..] This section provides functions allowing to initialize and configure the
 214:Drivers/STM32H7xx_HAL_Driver/Src/stm32h7xx_hal_rtc.c ****          RTC Prescaler (Synchronous and Asynchronous), RTC Hour format, disable
 215:Drivers/STM32H7xx_HAL_Driver/Src/stm32h7xx_hal_rtc.c ****          RTC registers Write protection, enter and exit the RTC initialization mode,
 216:Drivers/STM32H7xx_HAL_Driver/Src/stm32h7xx_hal_rtc.c ****          RTC registers synchronization check and reference clock detection enable.
 217:Drivers/STM32H7xx_HAL_Driver/Src/stm32h7xx_hal_rtc.c ****          (#) The RTC Prescaler is programmed to generate the RTC 1Hz time base.
 218:Drivers/STM32H7xx_HAL_Driver/Src/stm32h7xx_hal_rtc.c ****              It is split into 2 programmable prescalers to minimize power consumption.
 219:Drivers/STM32H7xx_HAL_Driver/Src/stm32h7xx_hal_rtc.c ****              (++) A 7-bit asynchronous prescaler and a 15-bit synchronous prescaler.
 220:Drivers/STM32H7xx_HAL_Driver/Src/stm32h7xx_hal_rtc.c ****              (++) When both prescalers are used, it is recommended to configure the
 221:Drivers/STM32H7xx_HAL_Driver/Src/stm32h7xx_hal_rtc.c ****                  asynchronous prescaler to a high value to minimize power consumption.
 222:Drivers/STM32H7xx_HAL_Driver/Src/stm32h7xx_hal_rtc.c ****          (#) All RTC registers are Write protected. Writing to the RTC registers
 223:Drivers/STM32H7xx_HAL_Driver/Src/stm32h7xx_hal_rtc.c ****              is enabled by writing a key into the Write Protection register, RTC_WPR.
 224:Drivers/STM32H7xx_HAL_Driver/Src/stm32h7xx_hal_rtc.c ****          (#) To configure the RTC Calendar, user application should enter
 225:Drivers/STM32H7xx_HAL_Driver/Src/stm32h7xx_hal_rtc.c ****              initialization mode. In this mode, the calendar counter is stopped
 226:Drivers/STM32H7xx_HAL_Driver/Src/stm32h7xx_hal_rtc.c ****              and its value can be updated. When the initialization sequence is
 227:Drivers/STM32H7xx_HAL_Driver/Src/stm32h7xx_hal_rtc.c ****              complete, the calendar restarts counting after 4 RTCCLK cycles.
 228:Drivers/STM32H7xx_HAL_Driver/Src/stm32h7xx_hal_rtc.c ****          (#) To read the calendar through the shadow registers after Calendar
 229:Drivers/STM32H7xx_HAL_Driver/Src/stm32h7xx_hal_rtc.c ****              initialization, calendar update or after wakeup from low power modes
 230:Drivers/STM32H7xx_HAL_Driver/Src/stm32h7xx_hal_rtc.c ****              the software must first clear the RSF flag. The software must then
 231:Drivers/STM32H7xx_HAL_Driver/Src/stm32h7xx_hal_rtc.c ****              wait until it is set again before reading the calendar, which means
 232:Drivers/STM32H7xx_HAL_Driver/Src/stm32h7xx_hal_rtc.c ****              that the calendar registers have been correctly copied into the
 233:Drivers/STM32H7xx_HAL_Driver/Src/stm32h7xx_hal_rtc.c ****              RTC_TR and RTC_DR shadow registers.The HAL_RTC_WaitForSynchro() function
 234:Drivers/STM32H7xx_HAL_Driver/Src/stm32h7xx_hal_rtc.c ****              implements the above software sequence (RSF clear and RSF check).
 235:Drivers/STM32H7xx_HAL_Driver/Src/stm32h7xx_hal_rtc.c **** 
 236:Drivers/STM32H7xx_HAL_Driver/Src/stm32h7xx_hal_rtc.c **** @endverbatim
 237:Drivers/STM32H7xx_HAL_Driver/Src/stm32h7xx_hal_rtc.c ****   * @{
 238:Drivers/STM32H7xx_HAL_Driver/Src/stm32h7xx_hal_rtc.c ****   */
 239:Drivers/STM32H7xx_HAL_Driver/Src/stm32h7xx_hal_rtc.c **** 
 240:Drivers/STM32H7xx_HAL_Driver/Src/stm32h7xx_hal_rtc.c **** /**
 241:Drivers/STM32H7xx_HAL_Driver/Src/stm32h7xx_hal_rtc.c ****   * @brief  Initialize the RTC peripheral
 242:Drivers/STM32H7xx_HAL_Driver/Src/stm32h7xx_hal_rtc.c ****   * @param  hrtc RTC handle
 243:Drivers/STM32H7xx_HAL_Driver/Src/stm32h7xx_hal_rtc.c ****   * @retval HAL status
 244:Drivers/STM32H7xx_HAL_Driver/Src/stm32h7xx_hal_rtc.c ****   */
 245:Drivers/STM32H7xx_HAL_Driver/Src/stm32h7xx_hal_rtc.c **** HAL_StatusTypeDef HAL_RTC_Init(RTC_HandleTypeDef *hrtc)
 246:Drivers/STM32H7xx_HAL_Driver/Src/stm32h7xx_hal_rtc.c **** {
 247:Drivers/STM32H7xx_HAL_Driver/Src/stm32h7xx_hal_rtc.c ****   HAL_StatusTypeDef status = HAL_ERROR;
 248:Drivers/STM32H7xx_HAL_Driver/Src/stm32h7xx_hal_rtc.c **** 
 249:Drivers/STM32H7xx_HAL_Driver/Src/stm32h7xx_hal_rtc.c ****   /* Check RTC handler */
 250:Drivers/STM32H7xx_HAL_Driver/Src/stm32h7xx_hal_rtc.c ****   if(hrtc != NULL)
 251:Drivers/STM32H7xx_HAL_Driver/Src/stm32h7xx_hal_rtc.c ****   {
 252:Drivers/STM32H7xx_HAL_Driver/Src/stm32h7xx_hal_rtc.c ****     /* Check the parameters */
 253:Drivers/STM32H7xx_HAL_Driver/Src/stm32h7xx_hal_rtc.c ****     assert_param(IS_RTC_ALL_INSTANCE(hrtc->Instance));
 254:Drivers/STM32H7xx_HAL_Driver/Src/stm32h7xx_hal_rtc.c ****     assert_param(IS_RTC_HOUR_FORMAT(hrtc->Init.HourFormat));
 255:Drivers/STM32H7xx_HAL_Driver/Src/stm32h7xx_hal_rtc.c ****     assert_param(IS_RTC_ASYNCH_PREDIV(hrtc->Init.AsynchPrediv));
 256:Drivers/STM32H7xx_HAL_Driver/Src/stm32h7xx_hal_rtc.c ****     assert_param(IS_RTC_SYNCH_PREDIV(hrtc->Init.SynchPrediv));
 257:Drivers/STM32H7xx_HAL_Driver/Src/stm32h7xx_hal_rtc.c ****     assert_param(IS_RTC_OUTPUT(hrtc->Init.OutPut));
 258:Drivers/STM32H7xx_HAL_Driver/Src/stm32h7xx_hal_rtc.c ****     assert_param(IS_RTC_OUTPUT_REMAP(hrtc->Init.OutPutRemap));
ARM GAS  C:\Users\admin\AppData\Local\Temp\ccgKPo3u.s 			page 6


 259:Drivers/STM32H7xx_HAL_Driver/Src/stm32h7xx_hal_rtc.c ****     assert_param(IS_RTC_OUTPUT_POL(hrtc->Init.OutPutPolarity));
 260:Drivers/STM32H7xx_HAL_Driver/Src/stm32h7xx_hal_rtc.c ****     assert_param(IS_RTC_OUTPUT_TYPE(hrtc->Init.OutPutType));
 261:Drivers/STM32H7xx_HAL_Driver/Src/stm32h7xx_hal_rtc.c **** #if defined(TAMP)
 262:Drivers/STM32H7xx_HAL_Driver/Src/stm32h7xx_hal_rtc.c ****     assert_param(IS_RTC_OUTPUT_PULLUP(hrtc->Init.OutPutPullUp));
 263:Drivers/STM32H7xx_HAL_Driver/Src/stm32h7xx_hal_rtc.c **** #endif /* TAMP */
 264:Drivers/STM32H7xx_HAL_Driver/Src/stm32h7xx_hal_rtc.c **** 
 265:Drivers/STM32H7xx_HAL_Driver/Src/stm32h7xx_hal_rtc.c **** #if (USE_HAL_RTC_REGISTER_CALLBACKS == 1)
 266:Drivers/STM32H7xx_HAL_Driver/Src/stm32h7xx_hal_rtc.c ****     if(hrtc->State == HAL_RTC_STATE_RESET)
 267:Drivers/STM32H7xx_HAL_Driver/Src/stm32h7xx_hal_rtc.c ****     {
 268:Drivers/STM32H7xx_HAL_Driver/Src/stm32h7xx_hal_rtc.c ****       /* Allocate lock resource and initialize it */
 269:Drivers/STM32H7xx_HAL_Driver/Src/stm32h7xx_hal_rtc.c ****       hrtc->Lock = HAL_UNLOCKED;
 270:Drivers/STM32H7xx_HAL_Driver/Src/stm32h7xx_hal_rtc.c **** 
 271:Drivers/STM32H7xx_HAL_Driver/Src/stm32h7xx_hal_rtc.c ****       hrtc->AlarmAEventCallback          =  HAL_RTC_AlarmAEventCallback;             /* Legacy weak
 272:Drivers/STM32H7xx_HAL_Driver/Src/stm32h7xx_hal_rtc.c ****       hrtc->AlarmBEventCallback          =  HAL_RTCEx_AlarmBEventCallback;           /* Legacy weak
 273:Drivers/STM32H7xx_HAL_Driver/Src/stm32h7xx_hal_rtc.c ****       hrtc->TimeStampEventCallback       =  HAL_RTCEx_TimeStampEventCallback;        /* Legacy weak
 274:Drivers/STM32H7xx_HAL_Driver/Src/stm32h7xx_hal_rtc.c ****       hrtc->WakeUpTimerEventCallback     =  HAL_RTCEx_WakeUpTimerEventCallback;      /* Legacy weak
 275:Drivers/STM32H7xx_HAL_Driver/Src/stm32h7xx_hal_rtc.c ****       hrtc->Tamper1EventCallback         =  HAL_RTCEx_Tamper1EventCallback;          /* Legacy weak
 276:Drivers/STM32H7xx_HAL_Driver/Src/stm32h7xx_hal_rtc.c **** #if defined(RTC_TAMPER2_SUPPORT)
 277:Drivers/STM32H7xx_HAL_Driver/Src/stm32h7xx_hal_rtc.c ****       hrtc->Tamper2EventCallback         =  HAL_RTCEx_Tamper2EventCallback;          /* Legacy weak
 278:Drivers/STM32H7xx_HAL_Driver/Src/stm32h7xx_hal_rtc.c **** #endif /* RTC_TAMPER2_SUPPORT */
 279:Drivers/STM32H7xx_HAL_Driver/Src/stm32h7xx_hal_rtc.c ****       hrtc->Tamper3EventCallback         =  HAL_RTCEx_Tamper3EventCallback;          /* Legacy weak
 280:Drivers/STM32H7xx_HAL_Driver/Src/stm32h7xx_hal_rtc.c **** 
 281:Drivers/STM32H7xx_HAL_Driver/Src/stm32h7xx_hal_rtc.c **** #if defined(TAMP)
 282:Drivers/STM32H7xx_HAL_Driver/Src/stm32h7xx_hal_rtc.c ****       hrtc->InternalTamper1EventCallback =  HAL_RTCEx_InternalTamper1EventCallback;
 283:Drivers/STM32H7xx_HAL_Driver/Src/stm32h7xx_hal_rtc.c ****       hrtc->InternalTamper2EventCallback =  HAL_RTCEx_InternalTamper2EventCallback;
 284:Drivers/STM32H7xx_HAL_Driver/Src/stm32h7xx_hal_rtc.c ****       hrtc->InternalTamper3EventCallback =  HAL_RTCEx_InternalTamper3EventCallback;
 285:Drivers/STM32H7xx_HAL_Driver/Src/stm32h7xx_hal_rtc.c ****       hrtc->InternalTamper4EventCallback =  HAL_RTCEx_InternalTamper4EventCallback;
 286:Drivers/STM32H7xx_HAL_Driver/Src/stm32h7xx_hal_rtc.c ****       hrtc->InternalTamper5EventCallback =  HAL_RTCEx_InternalTamper5EventCallback;
 287:Drivers/STM32H7xx_HAL_Driver/Src/stm32h7xx_hal_rtc.c ****       hrtc->InternalTamper6EventCallback =  HAL_RTCEx_InternalTamper6EventCallback;
 288:Drivers/STM32H7xx_HAL_Driver/Src/stm32h7xx_hal_rtc.c ****       hrtc->InternalTamper8EventCallback =  HAL_RTCEx_InternalTamper8EventCallback;
 289:Drivers/STM32H7xx_HAL_Driver/Src/stm32h7xx_hal_rtc.c **** #endif /* TAMP */
 290:Drivers/STM32H7xx_HAL_Driver/Src/stm32h7xx_hal_rtc.c **** 
 291:Drivers/STM32H7xx_HAL_Driver/Src/stm32h7xx_hal_rtc.c **** 
 292:Drivers/STM32H7xx_HAL_Driver/Src/stm32h7xx_hal_rtc.c ****       if(hrtc->MspInitCallback == NULL)
 293:Drivers/STM32H7xx_HAL_Driver/Src/stm32h7xx_hal_rtc.c ****       {
 294:Drivers/STM32H7xx_HAL_Driver/Src/stm32h7xx_hal_rtc.c ****         hrtc->MspInitCallback = HAL_RTC_MspInit;
 295:Drivers/STM32H7xx_HAL_Driver/Src/stm32h7xx_hal_rtc.c ****       }
 296:Drivers/STM32H7xx_HAL_Driver/Src/stm32h7xx_hal_rtc.c ****       /* Init the low level hardware */
 297:Drivers/STM32H7xx_HAL_Driver/Src/stm32h7xx_hal_rtc.c ****       hrtc->MspInitCallback(hrtc);
 298:Drivers/STM32H7xx_HAL_Driver/Src/stm32h7xx_hal_rtc.c **** 
 299:Drivers/STM32H7xx_HAL_Driver/Src/stm32h7xx_hal_rtc.c ****       if(hrtc->MspDeInitCallback == NULL)
 300:Drivers/STM32H7xx_HAL_Driver/Src/stm32h7xx_hal_rtc.c ****       {
 301:Drivers/STM32H7xx_HAL_Driver/Src/stm32h7xx_hal_rtc.c ****         hrtc->MspDeInitCallback = HAL_RTC_MspDeInit;
 302:Drivers/STM32H7xx_HAL_Driver/Src/stm32h7xx_hal_rtc.c ****       }
 303:Drivers/STM32H7xx_HAL_Driver/Src/stm32h7xx_hal_rtc.c ****     }
 304:Drivers/STM32H7xx_HAL_Driver/Src/stm32h7xx_hal_rtc.c **** #else /*  (USE_HAL_RTC_REGISTER_CALLBACKS == 1) */
 305:Drivers/STM32H7xx_HAL_Driver/Src/stm32h7xx_hal_rtc.c ****     if(hrtc->State == HAL_RTC_STATE_RESET)
 306:Drivers/STM32H7xx_HAL_Driver/Src/stm32h7xx_hal_rtc.c ****     {
 307:Drivers/STM32H7xx_HAL_Driver/Src/stm32h7xx_hal_rtc.c ****       /* Allocate lock resource and initialize it */
 308:Drivers/STM32H7xx_HAL_Driver/Src/stm32h7xx_hal_rtc.c ****       hrtc->Lock = HAL_UNLOCKED;
 309:Drivers/STM32H7xx_HAL_Driver/Src/stm32h7xx_hal_rtc.c **** 
 310:Drivers/STM32H7xx_HAL_Driver/Src/stm32h7xx_hal_rtc.c ****       /* Initialize RTC MSP */
 311:Drivers/STM32H7xx_HAL_Driver/Src/stm32h7xx_hal_rtc.c ****       HAL_RTC_MspInit(hrtc);
 312:Drivers/STM32H7xx_HAL_Driver/Src/stm32h7xx_hal_rtc.c ****     }
 313:Drivers/STM32H7xx_HAL_Driver/Src/stm32h7xx_hal_rtc.c **** #endif /*  (USE_HAL_RTC_REGISTER_CALLBACKS == 1) */
 314:Drivers/STM32H7xx_HAL_Driver/Src/stm32h7xx_hal_rtc.c **** 
 315:Drivers/STM32H7xx_HAL_Driver/Src/stm32h7xx_hal_rtc.c ****     /* Set RTC state */
ARM GAS  C:\Users\admin\AppData\Local\Temp\ccgKPo3u.s 			page 7


 316:Drivers/STM32H7xx_HAL_Driver/Src/stm32h7xx_hal_rtc.c ****     hrtc->State = HAL_RTC_STATE_BUSY;
 317:Drivers/STM32H7xx_HAL_Driver/Src/stm32h7xx_hal_rtc.c **** 
 318:Drivers/STM32H7xx_HAL_Driver/Src/stm32h7xx_hal_rtc.c ****     /* Check whether the calendar needs to be initialized */
 319:Drivers/STM32H7xx_HAL_Driver/Src/stm32h7xx_hal_rtc.c ****     if (__HAL_RTC_IS_CALENDAR_INITIALIZED(hrtc) == 0U)
 320:Drivers/STM32H7xx_HAL_Driver/Src/stm32h7xx_hal_rtc.c ****     {
 321:Drivers/STM32H7xx_HAL_Driver/Src/stm32h7xx_hal_rtc.c ****       /* Disable the write protection for RTC registers */
 322:Drivers/STM32H7xx_HAL_Driver/Src/stm32h7xx_hal_rtc.c ****       __HAL_RTC_WRITEPROTECTION_DISABLE(hrtc);
 323:Drivers/STM32H7xx_HAL_Driver/Src/stm32h7xx_hal_rtc.c **** 
 324:Drivers/STM32H7xx_HAL_Driver/Src/stm32h7xx_hal_rtc.c ****      /* Enter Initialization mode */
 325:Drivers/STM32H7xx_HAL_Driver/Src/stm32h7xx_hal_rtc.c ****       status = RTC_EnterInitMode(hrtc);
 326:Drivers/STM32H7xx_HAL_Driver/Src/stm32h7xx_hal_rtc.c ****       if (status == HAL_OK)
 327:Drivers/STM32H7xx_HAL_Driver/Src/stm32h7xx_hal_rtc.c ****       {
 328:Drivers/STM32H7xx_HAL_Driver/Src/stm32h7xx_hal_rtc.c **** #if defined(TAMP)
 329:Drivers/STM32H7xx_HAL_Driver/Src/stm32h7xx_hal_rtc.c ****         /* Clear RTC_CR FMT, OSEL, POL and TAMPOE Bits */
 330:Drivers/STM32H7xx_HAL_Driver/Src/stm32h7xx_hal_rtc.c ****         hrtc->Instance->CR &= ~(RTC_CR_FMT | RTC_CR_POL | RTC_CR_OSEL | RTC_CR_TAMPOE);
 331:Drivers/STM32H7xx_HAL_Driver/Src/stm32h7xx_hal_rtc.c **** #else
 332:Drivers/STM32H7xx_HAL_Driver/Src/stm32h7xx_hal_rtc.c ****         /* Clear RTC_CR FMT, OSEL and POL Bits */
 333:Drivers/STM32H7xx_HAL_Driver/Src/stm32h7xx_hal_rtc.c ****         hrtc->Instance->CR &= ~(RTC_CR_FMT | RTC_CR_OSEL | RTC_CR_POL);
 334:Drivers/STM32H7xx_HAL_Driver/Src/stm32h7xx_hal_rtc.c **** #endif /* TAMP */
 335:Drivers/STM32H7xx_HAL_Driver/Src/stm32h7xx_hal_rtc.c **** 
 336:Drivers/STM32H7xx_HAL_Driver/Src/stm32h7xx_hal_rtc.c ****         /* Set RTC_CR register */
 337:Drivers/STM32H7xx_HAL_Driver/Src/stm32h7xx_hal_rtc.c ****         hrtc->Instance->CR |= (hrtc->Init.HourFormat | hrtc->Init.OutPut | hrtc->Init.OutPutPolarit
 338:Drivers/STM32H7xx_HAL_Driver/Src/stm32h7xx_hal_rtc.c **** 
 339:Drivers/STM32H7xx_HAL_Driver/Src/stm32h7xx_hal_rtc.c ****         /* Configure the RTC PRER */
 340:Drivers/STM32H7xx_HAL_Driver/Src/stm32h7xx_hal_rtc.c ****         hrtc->Instance->PRER = (hrtc->Init.AsynchPrediv << RTC_PRER_PREDIV_A_Pos) | (hrtc->Init.Syn
 341:Drivers/STM32H7xx_HAL_Driver/Src/stm32h7xx_hal_rtc.c **** 
 342:Drivers/STM32H7xx_HAL_Driver/Src/stm32h7xx_hal_rtc.c ****         /* Exit Initialization mode */
 343:Drivers/STM32H7xx_HAL_Driver/Src/stm32h7xx_hal_rtc.c ****         status = RTC_ExitInitMode(hrtc);
 344:Drivers/STM32H7xx_HAL_Driver/Src/stm32h7xx_hal_rtc.c ****       }
 345:Drivers/STM32H7xx_HAL_Driver/Src/stm32h7xx_hal_rtc.c ****       if(status == HAL_OK)
 346:Drivers/STM32H7xx_HAL_Driver/Src/stm32h7xx_hal_rtc.c ****       {
 347:Drivers/STM32H7xx_HAL_Driver/Src/stm32h7xx_hal_rtc.c **** #if defined(TAMP)
 348:Drivers/STM32H7xx_HAL_Driver/Src/stm32h7xx_hal_rtc.c ****         hrtc->Instance->CR &= ~(RTC_CR_TAMPALRM_PU | RTC_CR_TAMPALRM_TYPE | RTC_CR_OUT2EN);
 349:Drivers/STM32H7xx_HAL_Driver/Src/stm32h7xx_hal_rtc.c ****         hrtc->Instance->CR |= (hrtc->Init.OutPutPullUp | hrtc->Init.OutPutType | hrtc->Init.OutPutR
 350:Drivers/STM32H7xx_HAL_Driver/Src/stm32h7xx_hal_rtc.c **** #else
 351:Drivers/STM32H7xx_HAL_Driver/Src/stm32h7xx_hal_rtc.c ****         hrtc->Instance->OR &= ~(RTC_OR_ALARMOUTTYPE | RTC_OR_OUT_RMP);
 352:Drivers/STM32H7xx_HAL_Driver/Src/stm32h7xx_hal_rtc.c ****         hrtc->Instance->OR |= (hrtc->Init.OutPutType | hrtc->Init.OutPutRemap);
 353:Drivers/STM32H7xx_HAL_Driver/Src/stm32h7xx_hal_rtc.c **** #endif /* TAMP */
 354:Drivers/STM32H7xx_HAL_Driver/Src/stm32h7xx_hal_rtc.c ****       }
 355:Drivers/STM32H7xx_HAL_Driver/Src/stm32h7xx_hal_rtc.c **** 
 356:Drivers/STM32H7xx_HAL_Driver/Src/stm32h7xx_hal_rtc.c ****     /* Enable the write protection for RTC registers */
 357:Drivers/STM32H7xx_HAL_Driver/Src/stm32h7xx_hal_rtc.c ****     __HAL_RTC_WRITEPROTECTION_ENABLE(hrtc);
 358:Drivers/STM32H7xx_HAL_Driver/Src/stm32h7xx_hal_rtc.c ****     }
 359:Drivers/STM32H7xx_HAL_Driver/Src/stm32h7xx_hal_rtc.c ****     else
 360:Drivers/STM32H7xx_HAL_Driver/Src/stm32h7xx_hal_rtc.c ****     {
 361:Drivers/STM32H7xx_HAL_Driver/Src/stm32h7xx_hal_rtc.c ****       /* The calendar is already initialized */
 362:Drivers/STM32H7xx_HAL_Driver/Src/stm32h7xx_hal_rtc.c ****       status = HAL_OK;
 363:Drivers/STM32H7xx_HAL_Driver/Src/stm32h7xx_hal_rtc.c ****     }
 364:Drivers/STM32H7xx_HAL_Driver/Src/stm32h7xx_hal_rtc.c **** 
 365:Drivers/STM32H7xx_HAL_Driver/Src/stm32h7xx_hal_rtc.c ****     if (status == HAL_OK)
 366:Drivers/STM32H7xx_HAL_Driver/Src/stm32h7xx_hal_rtc.c ****     {
 367:Drivers/STM32H7xx_HAL_Driver/Src/stm32h7xx_hal_rtc.c ****       /* Set RTC state */
 368:Drivers/STM32H7xx_HAL_Driver/Src/stm32h7xx_hal_rtc.c ****       hrtc->State = HAL_RTC_STATE_READY;
 369:Drivers/STM32H7xx_HAL_Driver/Src/stm32h7xx_hal_rtc.c ****     }
 370:Drivers/STM32H7xx_HAL_Driver/Src/stm32h7xx_hal_rtc.c ****   }
 371:Drivers/STM32H7xx_HAL_Driver/Src/stm32h7xx_hal_rtc.c **** 
 372:Drivers/STM32H7xx_HAL_Driver/Src/stm32h7xx_hal_rtc.c ****   /* return status */
ARM GAS  C:\Users\admin\AppData\Local\Temp\ccgKPo3u.s 			page 8


 373:Drivers/STM32H7xx_HAL_Driver/Src/stm32h7xx_hal_rtc.c ****   return status;
 374:Drivers/STM32H7xx_HAL_Driver/Src/stm32h7xx_hal_rtc.c **** }
 375:Drivers/STM32H7xx_HAL_Driver/Src/stm32h7xx_hal_rtc.c **** 
 376:Drivers/STM32H7xx_HAL_Driver/Src/stm32h7xx_hal_rtc.c **** /**
 377:Drivers/STM32H7xx_HAL_Driver/Src/stm32h7xx_hal_rtc.c ****   * @brief  DeInitialize the RTC peripheral.
 378:Drivers/STM32H7xx_HAL_Driver/Src/stm32h7xx_hal_rtc.c ****   * @note   This function doesn't reset the RTC Backup Data registers.
 379:Drivers/STM32H7xx_HAL_Driver/Src/stm32h7xx_hal_rtc.c ****   * @param  hrtc RTC handle
 380:Drivers/STM32H7xx_HAL_Driver/Src/stm32h7xx_hal_rtc.c ****   * @retval HAL status
 381:Drivers/STM32H7xx_HAL_Driver/Src/stm32h7xx_hal_rtc.c ****   */
 382:Drivers/STM32H7xx_HAL_Driver/Src/stm32h7xx_hal_rtc.c **** HAL_StatusTypeDef HAL_RTC_DeInit(RTC_HandleTypeDef *hrtc)
 383:Drivers/STM32H7xx_HAL_Driver/Src/stm32h7xx_hal_rtc.c **** {
 384:Drivers/STM32H7xx_HAL_Driver/Src/stm32h7xx_hal_rtc.c ****   HAL_StatusTypeDef status = HAL_ERROR;
 385:Drivers/STM32H7xx_HAL_Driver/Src/stm32h7xx_hal_rtc.c ****   uint32_t          tickstart;
 386:Drivers/STM32H7xx_HAL_Driver/Src/stm32h7xx_hal_rtc.c **** 
 387:Drivers/STM32H7xx_HAL_Driver/Src/stm32h7xx_hal_rtc.c ****   /* Check RTC handler */
 388:Drivers/STM32H7xx_HAL_Driver/Src/stm32h7xx_hal_rtc.c ****   if(hrtc != NULL)
 389:Drivers/STM32H7xx_HAL_Driver/Src/stm32h7xx_hal_rtc.c ****   {
 390:Drivers/STM32H7xx_HAL_Driver/Src/stm32h7xx_hal_rtc.c ****     /* Check the parameters */
 391:Drivers/STM32H7xx_HAL_Driver/Src/stm32h7xx_hal_rtc.c ****     assert_param(IS_RTC_ALL_INSTANCE(hrtc->Instance));
 392:Drivers/STM32H7xx_HAL_Driver/Src/stm32h7xx_hal_rtc.c **** 
 393:Drivers/STM32H7xx_HAL_Driver/Src/stm32h7xx_hal_rtc.c ****     /* Set RTC state */
 394:Drivers/STM32H7xx_HAL_Driver/Src/stm32h7xx_hal_rtc.c ****     hrtc->State = HAL_RTC_STATE_BUSY;
 395:Drivers/STM32H7xx_HAL_Driver/Src/stm32h7xx_hal_rtc.c **** 
 396:Drivers/STM32H7xx_HAL_Driver/Src/stm32h7xx_hal_rtc.c ****     /* Disable the write protection for RTC registers */
 397:Drivers/STM32H7xx_HAL_Driver/Src/stm32h7xx_hal_rtc.c ****     __HAL_RTC_WRITEPROTECTION_DISABLE(hrtc);
 398:Drivers/STM32H7xx_HAL_Driver/Src/stm32h7xx_hal_rtc.c **** 
 399:Drivers/STM32H7xx_HAL_Driver/Src/stm32h7xx_hal_rtc.c ****     /* Enter Initialization mode */
 400:Drivers/STM32H7xx_HAL_Driver/Src/stm32h7xx_hal_rtc.c ****     status = RTC_EnterInitMode(hrtc);
 401:Drivers/STM32H7xx_HAL_Driver/Src/stm32h7xx_hal_rtc.c **** 
 402:Drivers/STM32H7xx_HAL_Driver/Src/stm32h7xx_hal_rtc.c ****     if (status == HAL_OK)
 403:Drivers/STM32H7xx_HAL_Driver/Src/stm32h7xx_hal_rtc.c ****     {
 404:Drivers/STM32H7xx_HAL_Driver/Src/stm32h7xx_hal_rtc.c ****       /* Reset TR, DR and CR registers */
 405:Drivers/STM32H7xx_HAL_Driver/Src/stm32h7xx_hal_rtc.c ****       hrtc->Instance->TR = 0x00000000U;
 406:Drivers/STM32H7xx_HAL_Driver/Src/stm32h7xx_hal_rtc.c ****       hrtc->Instance->DR = ((uint32_t)(RTC_DR_WDU_0 | RTC_DR_MU_0 | RTC_DR_DU_0));
 407:Drivers/STM32H7xx_HAL_Driver/Src/stm32h7xx_hal_rtc.c **** 
 408:Drivers/STM32H7xx_HAL_Driver/Src/stm32h7xx_hal_rtc.c ****       /* Reset All CR bits except CR[2:0] (which cannot be written before bit
 409:Drivers/STM32H7xx_HAL_Driver/Src/stm32h7xx_hal_rtc.c ****            WUTE of CR is cleared) */
 410:Drivers/STM32H7xx_HAL_Driver/Src/stm32h7xx_hal_rtc.c ****       hrtc->Instance->CR = 0x00000000U;
 411:Drivers/STM32H7xx_HAL_Driver/Src/stm32h7xx_hal_rtc.c **** 
 412:Drivers/STM32H7xx_HAL_Driver/Src/stm32h7xx_hal_rtc.c ****       /* Wait till WUTWF is set (to be able to reset CR[2:0] and WUTR) and if
 413:Drivers/STM32H7xx_HAL_Driver/Src/stm32h7xx_hal_rtc.c ****          timeout is reached exit */
 414:Drivers/STM32H7xx_HAL_Driver/Src/stm32h7xx_hal_rtc.c ****       tickstart = HAL_GetTick();
 415:Drivers/STM32H7xx_HAL_Driver/Src/stm32h7xx_hal_rtc.c **** 
 416:Drivers/STM32H7xx_HAL_Driver/Src/stm32h7xx_hal_rtc.c **** #if defined(TAMP)
 417:Drivers/STM32H7xx_HAL_Driver/Src/stm32h7xx_hal_rtc.c ****       while ((((hrtc->Instance->ICSR) & RTC_ICSR_WUTWF) == 0U) && (status != HAL_TIMEOUT))
 418:Drivers/STM32H7xx_HAL_Driver/Src/stm32h7xx_hal_rtc.c **** #else
 419:Drivers/STM32H7xx_HAL_Driver/Src/stm32h7xx_hal_rtc.c ****       while ((((hrtc->Instance->ISR)  & RTC_ISR_WUTWF)  == 0U) && (status != HAL_TIMEOUT))
 420:Drivers/STM32H7xx_HAL_Driver/Src/stm32h7xx_hal_rtc.c **** #endif /* TAMP */
 421:Drivers/STM32H7xx_HAL_Driver/Src/stm32h7xx_hal_rtc.c ****       {
 422:Drivers/STM32H7xx_HAL_Driver/Src/stm32h7xx_hal_rtc.c ****         if((HAL_GetTick() - tickstart) > RTC_TIMEOUT_VALUE)
 423:Drivers/STM32H7xx_HAL_Driver/Src/stm32h7xx_hal_rtc.c ****         {
 424:Drivers/STM32H7xx_HAL_Driver/Src/stm32h7xx_hal_rtc.c ****           /* Enable the write protection for RTC registers */
 425:Drivers/STM32H7xx_HAL_Driver/Src/stm32h7xx_hal_rtc.c ****           __HAL_RTC_WRITEPROTECTION_ENABLE(hrtc);
 426:Drivers/STM32H7xx_HAL_Driver/Src/stm32h7xx_hal_rtc.c **** 
 427:Drivers/STM32H7xx_HAL_Driver/Src/stm32h7xx_hal_rtc.c ****           /* Set RTC state */
 428:Drivers/STM32H7xx_HAL_Driver/Src/stm32h7xx_hal_rtc.c ****           hrtc->State = HAL_RTC_STATE_TIMEOUT;
 429:Drivers/STM32H7xx_HAL_Driver/Src/stm32h7xx_hal_rtc.c ****           status = HAL_TIMEOUT;
ARM GAS  C:\Users\admin\AppData\Local\Temp\ccgKPo3u.s 			page 9


 430:Drivers/STM32H7xx_HAL_Driver/Src/stm32h7xx_hal_rtc.c **** 
 431:Drivers/STM32H7xx_HAL_Driver/Src/stm32h7xx_hal_rtc.c ****         }
 432:Drivers/STM32H7xx_HAL_Driver/Src/stm32h7xx_hal_rtc.c ****       }
 433:Drivers/STM32H7xx_HAL_Driver/Src/stm32h7xx_hal_rtc.c ****     }
 434:Drivers/STM32H7xx_HAL_Driver/Src/stm32h7xx_hal_rtc.c **** 
 435:Drivers/STM32H7xx_HAL_Driver/Src/stm32h7xx_hal_rtc.c ****     if (status == HAL_OK)
 436:Drivers/STM32H7xx_HAL_Driver/Src/stm32h7xx_hal_rtc.c ****     {
 437:Drivers/STM32H7xx_HAL_Driver/Src/stm32h7xx_hal_rtc.c ****       /* Reset RTC CR register bits [2:0] */
 438:Drivers/STM32H7xx_HAL_Driver/Src/stm32h7xx_hal_rtc.c ****       hrtc->Instance->CR = 0x00000000U;
 439:Drivers/STM32H7xx_HAL_Driver/Src/stm32h7xx_hal_rtc.c **** 
 440:Drivers/STM32H7xx_HAL_Driver/Src/stm32h7xx_hal_rtc.c ****       /* Reset other RTC registers */
 441:Drivers/STM32H7xx_HAL_Driver/Src/stm32h7xx_hal_rtc.c ****       hrtc->Instance->WUTR     = RTC_WUTR_WUT;
 442:Drivers/STM32H7xx_HAL_Driver/Src/stm32h7xx_hal_rtc.c ****       hrtc->Instance->PRER     = ((uint32_t)(RTC_PRER_PREDIV_A | 0x000000FFU));
 443:Drivers/STM32H7xx_HAL_Driver/Src/stm32h7xx_hal_rtc.c ****       hrtc->Instance->ALRMAR   = 0x00000000U;
 444:Drivers/STM32H7xx_HAL_Driver/Src/stm32h7xx_hal_rtc.c ****       hrtc->Instance->ALRMBR   = 0x00000000U;
 445:Drivers/STM32H7xx_HAL_Driver/Src/stm32h7xx_hal_rtc.c ****       hrtc->Instance->SHIFTR   = 0x00000000U;
 446:Drivers/STM32H7xx_HAL_Driver/Src/stm32h7xx_hal_rtc.c ****       hrtc->Instance->CALR     = 0x00000000U;
 447:Drivers/STM32H7xx_HAL_Driver/Src/stm32h7xx_hal_rtc.c ****       hrtc->Instance->ALRMASSR = 0x00000000U;
 448:Drivers/STM32H7xx_HAL_Driver/Src/stm32h7xx_hal_rtc.c ****       hrtc->Instance->ALRMBSSR = 0x00000000U;
 449:Drivers/STM32H7xx_HAL_Driver/Src/stm32h7xx_hal_rtc.c **** 
 450:Drivers/STM32H7xx_HAL_Driver/Src/stm32h7xx_hal_rtc.c ****       /* Exit initialization mode */
 451:Drivers/STM32H7xx_HAL_Driver/Src/stm32h7xx_hal_rtc.c ****       status = RTC_ExitInitMode(hrtc);
 452:Drivers/STM32H7xx_HAL_Driver/Src/stm32h7xx_hal_rtc.c ****     }
 453:Drivers/STM32H7xx_HAL_Driver/Src/stm32h7xx_hal_rtc.c **** 
 454:Drivers/STM32H7xx_HAL_Driver/Src/stm32h7xx_hal_rtc.c ****     if(status == HAL_OK)
 455:Drivers/STM32H7xx_HAL_Driver/Src/stm32h7xx_hal_rtc.c ****     {
 456:Drivers/STM32H7xx_HAL_Driver/Src/stm32h7xx_hal_rtc.c **** #if defined(TAMP)
 457:Drivers/STM32H7xx_HAL_Driver/Src/stm32h7xx_hal_rtc.c ****       /* Reset TAMP registers */
 458:Drivers/STM32H7xx_HAL_Driver/Src/stm32h7xx_hal_rtc.c ****       ((TAMP_TypeDef *)((uint32_t)hrtc->Instance + TAMP_OFFSET))->CR1 = 0xFFFF0000U;
 459:Drivers/STM32H7xx_HAL_Driver/Src/stm32h7xx_hal_rtc.c ****       ((TAMP_TypeDef *)((uint32_t)hrtc->Instance + TAMP_OFFSET))->CR2 = 0x00000000U;
 460:Drivers/STM32H7xx_HAL_Driver/Src/stm32h7xx_hal_rtc.c **** #else
 461:Drivers/STM32H7xx_HAL_Driver/Src/stm32h7xx_hal_rtc.c ****       /* Reset Tamper configuration register */
 462:Drivers/STM32H7xx_HAL_Driver/Src/stm32h7xx_hal_rtc.c ****       hrtc->Instance->TAMPCR = 0x00000000U;
 463:Drivers/STM32H7xx_HAL_Driver/Src/stm32h7xx_hal_rtc.c **** 
 464:Drivers/STM32H7xx_HAL_Driver/Src/stm32h7xx_hal_rtc.c ****       /* Reset Option register */
 465:Drivers/STM32H7xx_HAL_Driver/Src/stm32h7xx_hal_rtc.c ****       hrtc->Instance->OR = 0x00000000U;
 466:Drivers/STM32H7xx_HAL_Driver/Src/stm32h7xx_hal_rtc.c **** #endif /* TAMP */
 467:Drivers/STM32H7xx_HAL_Driver/Src/stm32h7xx_hal_rtc.c **** 
 468:Drivers/STM32H7xx_HAL_Driver/Src/stm32h7xx_hal_rtc.c ****       /* Enable the write protection for RTC registers */
 469:Drivers/STM32H7xx_HAL_Driver/Src/stm32h7xx_hal_rtc.c ****       __HAL_RTC_WRITEPROTECTION_ENABLE(hrtc);
 470:Drivers/STM32H7xx_HAL_Driver/Src/stm32h7xx_hal_rtc.c **** 
 471:Drivers/STM32H7xx_HAL_Driver/Src/stm32h7xx_hal_rtc.c **** #if (USE_HAL_RTC_REGISTER_CALLBACKS == 1)
 472:Drivers/STM32H7xx_HAL_Driver/Src/stm32h7xx_hal_rtc.c ****       if(hrtc->MspDeInitCallback == NULL)
 473:Drivers/STM32H7xx_HAL_Driver/Src/stm32h7xx_hal_rtc.c ****       {
 474:Drivers/STM32H7xx_HAL_Driver/Src/stm32h7xx_hal_rtc.c ****         hrtc->MspDeInitCallback = HAL_RTC_MspDeInit;
 475:Drivers/STM32H7xx_HAL_Driver/Src/stm32h7xx_hal_rtc.c ****       }
 476:Drivers/STM32H7xx_HAL_Driver/Src/stm32h7xx_hal_rtc.c **** 
 477:Drivers/STM32H7xx_HAL_Driver/Src/stm32h7xx_hal_rtc.c ****       /* DeInit the low level hardware: CLOCK, NVIC.*/
 478:Drivers/STM32H7xx_HAL_Driver/Src/stm32h7xx_hal_rtc.c ****       hrtc->MspDeInitCallback(hrtc);
 479:Drivers/STM32H7xx_HAL_Driver/Src/stm32h7xx_hal_rtc.c **** #else
 480:Drivers/STM32H7xx_HAL_Driver/Src/stm32h7xx_hal_rtc.c ****       /* De-Initialize RTC MSP */
 481:Drivers/STM32H7xx_HAL_Driver/Src/stm32h7xx_hal_rtc.c ****       HAL_RTC_MspDeInit(hrtc);
 482:Drivers/STM32H7xx_HAL_Driver/Src/stm32h7xx_hal_rtc.c **** #endif /* (USE_HAL_RTC_REGISTER_CALLBACKS) */
 483:Drivers/STM32H7xx_HAL_Driver/Src/stm32h7xx_hal_rtc.c **** 
 484:Drivers/STM32H7xx_HAL_Driver/Src/stm32h7xx_hal_rtc.c ****       hrtc->State = HAL_RTC_STATE_RESET;
 485:Drivers/STM32H7xx_HAL_Driver/Src/stm32h7xx_hal_rtc.c **** 
 486:Drivers/STM32H7xx_HAL_Driver/Src/stm32h7xx_hal_rtc.c ****       /* Release Lock */
ARM GAS  C:\Users\admin\AppData\Local\Temp\ccgKPo3u.s 			page 10


 487:Drivers/STM32H7xx_HAL_Driver/Src/stm32h7xx_hal_rtc.c ****       __HAL_UNLOCK(hrtc);
 488:Drivers/STM32H7xx_HAL_Driver/Src/stm32h7xx_hal_rtc.c ****     }
 489:Drivers/STM32H7xx_HAL_Driver/Src/stm32h7xx_hal_rtc.c ****   }
 490:Drivers/STM32H7xx_HAL_Driver/Src/stm32h7xx_hal_rtc.c **** 
 491:Drivers/STM32H7xx_HAL_Driver/Src/stm32h7xx_hal_rtc.c ****   /* return status */
 492:Drivers/STM32H7xx_HAL_Driver/Src/stm32h7xx_hal_rtc.c ****   return status;
 493:Drivers/STM32H7xx_HAL_Driver/Src/stm32h7xx_hal_rtc.c **** }
 494:Drivers/STM32H7xx_HAL_Driver/Src/stm32h7xx_hal_rtc.c **** 
 495:Drivers/STM32H7xx_HAL_Driver/Src/stm32h7xx_hal_rtc.c **** #if (USE_HAL_RTC_REGISTER_CALLBACKS == 1)
 496:Drivers/STM32H7xx_HAL_Driver/Src/stm32h7xx_hal_rtc.c **** /**
 497:Drivers/STM32H7xx_HAL_Driver/Src/stm32h7xx_hal_rtc.c ****   * @brief  Register a User RTC Callback
 498:Drivers/STM32H7xx_HAL_Driver/Src/stm32h7xx_hal_rtc.c ****   *         To be used instead of the weak predefined callback
 499:Drivers/STM32H7xx_HAL_Driver/Src/stm32h7xx_hal_rtc.c ****   * @param  hrtc RTC handle
 500:Drivers/STM32H7xx_HAL_Driver/Src/stm32h7xx_hal_rtc.c ****   * @param  CallbackID ID of the callback to be registered
 501:Drivers/STM32H7xx_HAL_Driver/Src/stm32h7xx_hal_rtc.c ****   *         This parameter can be one of the following values:
 502:Drivers/STM32H7xx_HAL_Driver/Src/stm32h7xx_hal_rtc.c ****   *          @arg @ref HAL_RTC_ALARM_A_EVENT_CB_ID          Alarm A Event Callback ID
 503:Drivers/STM32H7xx_HAL_Driver/Src/stm32h7xx_hal_rtc.c ****   *          @arg @ref HAL_RTC_ALARM_B_EVENT_CB_ID          Alarm B Event Callback ID
 504:Drivers/STM32H7xx_HAL_Driver/Src/stm32h7xx_hal_rtc.c ****   *          @arg @ref HAL_RTC_TIMESTAMP_EVENT_CB_ID        TimeStamp Event Callback ID
 505:Drivers/STM32H7xx_HAL_Driver/Src/stm32h7xx_hal_rtc.c ****   *          @arg @ref HAL_RTC_WAKEUPTIMER_EVENT_CB_ID      WakeUp Timer Event Callback ID
 506:Drivers/STM32H7xx_HAL_Driver/Src/stm32h7xx_hal_rtc.c ****   *          @arg @ref HAL_RTC_TAMPER1_EVENT_CB_ID          Tamper 1 Callback ID
 507:Drivers/STM32H7xx_HAL_Driver/Src/stm32h7xx_hal_rtc.c ****   *          @arg @ref HAL_RTC_TAMPER2_EVENT_CB_ID          Tamper 2 Callback ID (*)
 508:Drivers/STM32H7xx_HAL_Driver/Src/stm32h7xx_hal_rtc.c ****   *          @arg @ref HAL_RTC_TAMPER3_EVENT_CB_ID          Tamper 3 Callback ID
 509:Drivers/STM32H7xx_HAL_Driver/Src/stm32h7xx_hal_rtc.c ****   *          @arg @ref HAL_RTC_INTERNAL_TAMPER1_EVENT_CB_ID Internal Tamper 1 Callback ID (*)
 510:Drivers/STM32H7xx_HAL_Driver/Src/stm32h7xx_hal_rtc.c ****   *          @arg @ref HAL_RTC_INTERNAL_TAMPER2_EVENT_CB_ID Internal Tamper 2 Callback ID (*)
 511:Drivers/STM32H7xx_HAL_Driver/Src/stm32h7xx_hal_rtc.c ****   *          @arg @ref HAL_RTC_INTERNAL_TAMPER3_EVENT_CB_ID Internal Tamper 3 Callback ID (*)
 512:Drivers/STM32H7xx_HAL_Driver/Src/stm32h7xx_hal_rtc.c ****   *          @arg @ref HAL_RTC_INTERNAL_TAMPER4_EVENT_CB_ID Internal Tamper 4 Callback ID (*)
 513:Drivers/STM32H7xx_HAL_Driver/Src/stm32h7xx_hal_rtc.c ****   *          @arg @ref HAL_RTC_INTERNAL_TAMPER5_EVENT_CB_ID Internal Tamper 5 Callback ID (*)
 514:Drivers/STM32H7xx_HAL_Driver/Src/stm32h7xx_hal_rtc.c ****   *          @arg @ref HAL_RTC_INTERNAL_TAMPER6_EVENT_CB_ID Internal Tamper 6 Callback ID (*)
 515:Drivers/STM32H7xx_HAL_Driver/Src/stm32h7xx_hal_rtc.c ****   *          @arg @ref HAL_RTC_INTERNAL_TAMPER8_EVENT_CB_ID Internal Tamper 8 Callback ID (*)
 516:Drivers/STM32H7xx_HAL_Driver/Src/stm32h7xx_hal_rtc.c ****   *          @arg @ref HAL_RTC_MSPINIT_CB_ID                Msp Init callback ID
 517:Drivers/STM32H7xx_HAL_Driver/Src/stm32h7xx_hal_rtc.c ****   *          @arg @ref HAL_RTC_MSPDEINIT_CB_ID              Msp DeInit callback ID
 518:Drivers/STM32H7xx_HAL_Driver/Src/stm32h7xx_hal_rtc.c ****   *        (*) Not applicable to all devices.
 519:Drivers/STM32H7xx_HAL_Driver/Src/stm32h7xx_hal_rtc.c ****   * @param  pCallback pointer to the Callback function
 520:Drivers/STM32H7xx_HAL_Driver/Src/stm32h7xx_hal_rtc.c ****   * @retval HAL status
 521:Drivers/STM32H7xx_HAL_Driver/Src/stm32h7xx_hal_rtc.c ****   */
 522:Drivers/STM32H7xx_HAL_Driver/Src/stm32h7xx_hal_rtc.c **** HAL_StatusTypeDef HAL_RTC_RegisterCallback(RTC_HandleTypeDef *hrtc, HAL_RTC_CallbackIDTypeDef Callb
 523:Drivers/STM32H7xx_HAL_Driver/Src/stm32h7xx_hal_rtc.c **** {
 524:Drivers/STM32H7xx_HAL_Driver/Src/stm32h7xx_hal_rtc.c ****   HAL_StatusTypeDef status = HAL_OK;
 525:Drivers/STM32H7xx_HAL_Driver/Src/stm32h7xx_hal_rtc.c **** 
 526:Drivers/STM32H7xx_HAL_Driver/Src/stm32h7xx_hal_rtc.c ****   if(pCallback == NULL)
 527:Drivers/STM32H7xx_HAL_Driver/Src/stm32h7xx_hal_rtc.c ****   {
 528:Drivers/STM32H7xx_HAL_Driver/Src/stm32h7xx_hal_rtc.c ****     return HAL_ERROR;
 529:Drivers/STM32H7xx_HAL_Driver/Src/stm32h7xx_hal_rtc.c ****   }
 530:Drivers/STM32H7xx_HAL_Driver/Src/stm32h7xx_hal_rtc.c **** 
 531:Drivers/STM32H7xx_HAL_Driver/Src/stm32h7xx_hal_rtc.c ****   /* Process locked */
 532:Drivers/STM32H7xx_HAL_Driver/Src/stm32h7xx_hal_rtc.c ****   __HAL_LOCK(hrtc);
 533:Drivers/STM32H7xx_HAL_Driver/Src/stm32h7xx_hal_rtc.c **** 
 534:Drivers/STM32H7xx_HAL_Driver/Src/stm32h7xx_hal_rtc.c ****   if(HAL_RTC_STATE_READY == hrtc->State)
 535:Drivers/STM32H7xx_HAL_Driver/Src/stm32h7xx_hal_rtc.c ****   {
 536:Drivers/STM32H7xx_HAL_Driver/Src/stm32h7xx_hal_rtc.c ****     switch (CallbackID)
 537:Drivers/STM32H7xx_HAL_Driver/Src/stm32h7xx_hal_rtc.c ****     {
 538:Drivers/STM32H7xx_HAL_Driver/Src/stm32h7xx_hal_rtc.c ****       case HAL_RTC_ALARM_A_EVENT_CB_ID :
 539:Drivers/STM32H7xx_HAL_Driver/Src/stm32h7xx_hal_rtc.c ****         hrtc->AlarmAEventCallback = pCallback;
 540:Drivers/STM32H7xx_HAL_Driver/Src/stm32h7xx_hal_rtc.c ****         break;
 541:Drivers/STM32H7xx_HAL_Driver/Src/stm32h7xx_hal_rtc.c **** 
 542:Drivers/STM32H7xx_HAL_Driver/Src/stm32h7xx_hal_rtc.c ****       case HAL_RTC_ALARM_B_EVENT_CB_ID :
 543:Drivers/STM32H7xx_HAL_Driver/Src/stm32h7xx_hal_rtc.c ****         hrtc->AlarmBEventCallback = pCallback;
ARM GAS  C:\Users\admin\AppData\Local\Temp\ccgKPo3u.s 			page 11


 544:Drivers/STM32H7xx_HAL_Driver/Src/stm32h7xx_hal_rtc.c ****         break;
 545:Drivers/STM32H7xx_HAL_Driver/Src/stm32h7xx_hal_rtc.c **** 
 546:Drivers/STM32H7xx_HAL_Driver/Src/stm32h7xx_hal_rtc.c ****       case HAL_RTC_TIMESTAMP_EVENT_CB_ID :
 547:Drivers/STM32H7xx_HAL_Driver/Src/stm32h7xx_hal_rtc.c ****         hrtc->TimeStampEventCallback = pCallback;
 548:Drivers/STM32H7xx_HAL_Driver/Src/stm32h7xx_hal_rtc.c ****         break;
 549:Drivers/STM32H7xx_HAL_Driver/Src/stm32h7xx_hal_rtc.c **** 
 550:Drivers/STM32H7xx_HAL_Driver/Src/stm32h7xx_hal_rtc.c ****       case HAL_RTC_WAKEUPTIMER_EVENT_CB_ID :
 551:Drivers/STM32H7xx_HAL_Driver/Src/stm32h7xx_hal_rtc.c ****         hrtc->WakeUpTimerEventCallback = pCallback;
 552:Drivers/STM32H7xx_HAL_Driver/Src/stm32h7xx_hal_rtc.c ****         break;
 553:Drivers/STM32H7xx_HAL_Driver/Src/stm32h7xx_hal_rtc.c **** 
 554:Drivers/STM32H7xx_HAL_Driver/Src/stm32h7xx_hal_rtc.c ****       case HAL_RTC_TAMPER1_EVENT_CB_ID :
 555:Drivers/STM32H7xx_HAL_Driver/Src/stm32h7xx_hal_rtc.c ****         hrtc->Tamper1EventCallback = pCallback;
 556:Drivers/STM32H7xx_HAL_Driver/Src/stm32h7xx_hal_rtc.c ****         break;
 557:Drivers/STM32H7xx_HAL_Driver/Src/stm32h7xx_hal_rtc.c **** 
 558:Drivers/STM32H7xx_HAL_Driver/Src/stm32h7xx_hal_rtc.c **** #if defined(RTC_TAMPER2_SUPPORT)
 559:Drivers/STM32H7xx_HAL_Driver/Src/stm32h7xx_hal_rtc.c ****       case HAL_RTC_TAMPER2_EVENT_CB_ID :
 560:Drivers/STM32H7xx_HAL_Driver/Src/stm32h7xx_hal_rtc.c ****         hrtc->Tamper2EventCallback = pCallback;
 561:Drivers/STM32H7xx_HAL_Driver/Src/stm32h7xx_hal_rtc.c ****         break;
 562:Drivers/STM32H7xx_HAL_Driver/Src/stm32h7xx_hal_rtc.c **** #endif /* RTC_TAMPER2_SUPPORT */
 563:Drivers/STM32H7xx_HAL_Driver/Src/stm32h7xx_hal_rtc.c **** 
 564:Drivers/STM32H7xx_HAL_Driver/Src/stm32h7xx_hal_rtc.c ****       case HAL_RTC_TAMPER3_EVENT_CB_ID :
 565:Drivers/STM32H7xx_HAL_Driver/Src/stm32h7xx_hal_rtc.c ****         hrtc->Tamper3EventCallback = pCallback;
 566:Drivers/STM32H7xx_HAL_Driver/Src/stm32h7xx_hal_rtc.c ****         break;
 567:Drivers/STM32H7xx_HAL_Driver/Src/stm32h7xx_hal_rtc.c **** 
 568:Drivers/STM32H7xx_HAL_Driver/Src/stm32h7xx_hal_rtc.c **** #if defined(TAMP)
 569:Drivers/STM32H7xx_HAL_Driver/Src/stm32h7xx_hal_rtc.c ****       case HAL_RTC_INTERNAL_TAMPER1_EVENT_CB_ID :
 570:Drivers/STM32H7xx_HAL_Driver/Src/stm32h7xx_hal_rtc.c ****         hrtc->InternalTamper1EventCallback =  pCallback;
 571:Drivers/STM32H7xx_HAL_Driver/Src/stm32h7xx_hal_rtc.c ****         break;
 572:Drivers/STM32H7xx_HAL_Driver/Src/stm32h7xx_hal_rtc.c **** 
 573:Drivers/STM32H7xx_HAL_Driver/Src/stm32h7xx_hal_rtc.c ****       case HAL_RTC_INTERNAL_TAMPER2_EVENT_CB_ID :
 574:Drivers/STM32H7xx_HAL_Driver/Src/stm32h7xx_hal_rtc.c ****         hrtc->InternalTamper2EventCallback =  pCallback;
 575:Drivers/STM32H7xx_HAL_Driver/Src/stm32h7xx_hal_rtc.c ****         break;
 576:Drivers/STM32H7xx_HAL_Driver/Src/stm32h7xx_hal_rtc.c **** 
 577:Drivers/STM32H7xx_HAL_Driver/Src/stm32h7xx_hal_rtc.c ****       case HAL_RTC_INTERNAL_TAMPER3_EVENT_CB_ID :
 578:Drivers/STM32H7xx_HAL_Driver/Src/stm32h7xx_hal_rtc.c ****         hrtc->InternalTamper3EventCallback =  pCallback;
 579:Drivers/STM32H7xx_HAL_Driver/Src/stm32h7xx_hal_rtc.c ****         break;
 580:Drivers/STM32H7xx_HAL_Driver/Src/stm32h7xx_hal_rtc.c **** 
 581:Drivers/STM32H7xx_HAL_Driver/Src/stm32h7xx_hal_rtc.c ****       case HAL_RTC_INTERNAL_TAMPER4_EVENT_CB_ID :
 582:Drivers/STM32H7xx_HAL_Driver/Src/stm32h7xx_hal_rtc.c ****         hrtc->InternalTamper4EventCallback =  pCallback;
 583:Drivers/STM32H7xx_HAL_Driver/Src/stm32h7xx_hal_rtc.c ****         break;
 584:Drivers/STM32H7xx_HAL_Driver/Src/stm32h7xx_hal_rtc.c **** 
 585:Drivers/STM32H7xx_HAL_Driver/Src/stm32h7xx_hal_rtc.c ****       case HAL_RTC_INTERNAL_TAMPER5_EVENT_CB_ID :
 586:Drivers/STM32H7xx_HAL_Driver/Src/stm32h7xx_hal_rtc.c ****         hrtc->InternalTamper5EventCallback =  pCallback;
 587:Drivers/STM32H7xx_HAL_Driver/Src/stm32h7xx_hal_rtc.c ****         break;
 588:Drivers/STM32H7xx_HAL_Driver/Src/stm32h7xx_hal_rtc.c **** 
 589:Drivers/STM32H7xx_HAL_Driver/Src/stm32h7xx_hal_rtc.c ****       case HAL_RTC_INTERNAL_TAMPER6_EVENT_CB_ID :
 590:Drivers/STM32H7xx_HAL_Driver/Src/stm32h7xx_hal_rtc.c ****         hrtc->InternalTamper6EventCallback =  pCallback;
 591:Drivers/STM32H7xx_HAL_Driver/Src/stm32h7xx_hal_rtc.c ****         break;
 592:Drivers/STM32H7xx_HAL_Driver/Src/stm32h7xx_hal_rtc.c **** 
 593:Drivers/STM32H7xx_HAL_Driver/Src/stm32h7xx_hal_rtc.c ****       case HAL_RTC_INTERNAL_TAMPER8_EVENT_CB_ID :
 594:Drivers/STM32H7xx_HAL_Driver/Src/stm32h7xx_hal_rtc.c ****         hrtc->InternalTamper8EventCallback =  pCallback;
 595:Drivers/STM32H7xx_HAL_Driver/Src/stm32h7xx_hal_rtc.c ****         break;
 596:Drivers/STM32H7xx_HAL_Driver/Src/stm32h7xx_hal_rtc.c **** #endif /* TAMP */
 597:Drivers/STM32H7xx_HAL_Driver/Src/stm32h7xx_hal_rtc.c **** 
 598:Drivers/STM32H7xx_HAL_Driver/Src/stm32h7xx_hal_rtc.c ****       case HAL_RTC_MSPINIT_CB_ID :
 599:Drivers/STM32H7xx_HAL_Driver/Src/stm32h7xx_hal_rtc.c ****         hrtc->MspInitCallback = pCallback;
 600:Drivers/STM32H7xx_HAL_Driver/Src/stm32h7xx_hal_rtc.c ****         break;
ARM GAS  C:\Users\admin\AppData\Local\Temp\ccgKPo3u.s 			page 12


 601:Drivers/STM32H7xx_HAL_Driver/Src/stm32h7xx_hal_rtc.c **** 
 602:Drivers/STM32H7xx_HAL_Driver/Src/stm32h7xx_hal_rtc.c ****       case HAL_RTC_MSPDEINIT_CB_ID :
 603:Drivers/STM32H7xx_HAL_Driver/Src/stm32h7xx_hal_rtc.c ****         hrtc->MspDeInitCallback = pCallback;
 604:Drivers/STM32H7xx_HAL_Driver/Src/stm32h7xx_hal_rtc.c ****         break;
 605:Drivers/STM32H7xx_HAL_Driver/Src/stm32h7xx_hal_rtc.c **** 
 606:Drivers/STM32H7xx_HAL_Driver/Src/stm32h7xx_hal_rtc.c ****       default :
 607:Drivers/STM32H7xx_HAL_Driver/Src/stm32h7xx_hal_rtc.c ****         /* Return error status */
 608:Drivers/STM32H7xx_HAL_Driver/Src/stm32h7xx_hal_rtc.c ****         status =  HAL_ERROR;
 609:Drivers/STM32H7xx_HAL_Driver/Src/stm32h7xx_hal_rtc.c ****         break;
 610:Drivers/STM32H7xx_HAL_Driver/Src/stm32h7xx_hal_rtc.c ****     }
 611:Drivers/STM32H7xx_HAL_Driver/Src/stm32h7xx_hal_rtc.c ****   }
 612:Drivers/STM32H7xx_HAL_Driver/Src/stm32h7xx_hal_rtc.c ****   else if(HAL_RTC_STATE_RESET == hrtc->State)
 613:Drivers/STM32H7xx_HAL_Driver/Src/stm32h7xx_hal_rtc.c ****   {
 614:Drivers/STM32H7xx_HAL_Driver/Src/stm32h7xx_hal_rtc.c ****     switch (CallbackID)
 615:Drivers/STM32H7xx_HAL_Driver/Src/stm32h7xx_hal_rtc.c ****     {
 616:Drivers/STM32H7xx_HAL_Driver/Src/stm32h7xx_hal_rtc.c ****       case HAL_RTC_MSPINIT_CB_ID :
 617:Drivers/STM32H7xx_HAL_Driver/Src/stm32h7xx_hal_rtc.c ****         hrtc->MspInitCallback = pCallback;
 618:Drivers/STM32H7xx_HAL_Driver/Src/stm32h7xx_hal_rtc.c ****         break;
 619:Drivers/STM32H7xx_HAL_Driver/Src/stm32h7xx_hal_rtc.c **** 
 620:Drivers/STM32H7xx_HAL_Driver/Src/stm32h7xx_hal_rtc.c ****       case HAL_RTC_MSPDEINIT_CB_ID :
 621:Drivers/STM32H7xx_HAL_Driver/Src/stm32h7xx_hal_rtc.c ****         hrtc->MspDeInitCallback = pCallback;
 622:Drivers/STM32H7xx_HAL_Driver/Src/stm32h7xx_hal_rtc.c ****         break;
 623:Drivers/STM32H7xx_HAL_Driver/Src/stm32h7xx_hal_rtc.c **** 
 624:Drivers/STM32H7xx_HAL_Driver/Src/stm32h7xx_hal_rtc.c ****       default :
 625:Drivers/STM32H7xx_HAL_Driver/Src/stm32h7xx_hal_rtc.c ****         /* Return error status */
 626:Drivers/STM32H7xx_HAL_Driver/Src/stm32h7xx_hal_rtc.c ****         status =  HAL_ERROR;
 627:Drivers/STM32H7xx_HAL_Driver/Src/stm32h7xx_hal_rtc.c ****         break;
 628:Drivers/STM32H7xx_HAL_Driver/Src/stm32h7xx_hal_rtc.c ****     }
 629:Drivers/STM32H7xx_HAL_Driver/Src/stm32h7xx_hal_rtc.c ****   }
 630:Drivers/STM32H7xx_HAL_Driver/Src/stm32h7xx_hal_rtc.c ****   else
 631:Drivers/STM32H7xx_HAL_Driver/Src/stm32h7xx_hal_rtc.c ****   {
 632:Drivers/STM32H7xx_HAL_Driver/Src/stm32h7xx_hal_rtc.c ****     /* Return error status */
 633:Drivers/STM32H7xx_HAL_Driver/Src/stm32h7xx_hal_rtc.c ****     status =  HAL_ERROR;
 634:Drivers/STM32H7xx_HAL_Driver/Src/stm32h7xx_hal_rtc.c ****   }
 635:Drivers/STM32H7xx_HAL_Driver/Src/stm32h7xx_hal_rtc.c **** 
 636:Drivers/STM32H7xx_HAL_Driver/Src/stm32h7xx_hal_rtc.c ****   /* Release Lock */
 637:Drivers/STM32H7xx_HAL_Driver/Src/stm32h7xx_hal_rtc.c ****   __HAL_UNLOCK(hrtc);
 638:Drivers/STM32H7xx_HAL_Driver/Src/stm32h7xx_hal_rtc.c **** 
 639:Drivers/STM32H7xx_HAL_Driver/Src/stm32h7xx_hal_rtc.c ****   return status;
 640:Drivers/STM32H7xx_HAL_Driver/Src/stm32h7xx_hal_rtc.c **** }
 641:Drivers/STM32H7xx_HAL_Driver/Src/stm32h7xx_hal_rtc.c **** 
 642:Drivers/STM32H7xx_HAL_Driver/Src/stm32h7xx_hal_rtc.c **** /**
 643:Drivers/STM32H7xx_HAL_Driver/Src/stm32h7xx_hal_rtc.c ****   * @brief  Unregister an RTC Callback
 644:Drivers/STM32H7xx_HAL_Driver/Src/stm32h7xx_hal_rtc.c ****   *         RTC callback is redirected to the weak predefined callback
 645:Drivers/STM32H7xx_HAL_Driver/Src/stm32h7xx_hal_rtc.c ****   * @param  hrtc RTC handle
 646:Drivers/STM32H7xx_HAL_Driver/Src/stm32h7xx_hal_rtc.c ****   * @param  CallbackID ID of the callback to be unregistered
 647:Drivers/STM32H7xx_HAL_Driver/Src/stm32h7xx_hal_rtc.c ****   *         This parameter can be one of the following values:
 648:Drivers/STM32H7xx_HAL_Driver/Src/stm32h7xx_hal_rtc.c ****   *          @arg @ref HAL_RTC_ALARM_A_EVENT_CB_ID          Alarm A Event Callback ID
 649:Drivers/STM32H7xx_HAL_Driver/Src/stm32h7xx_hal_rtc.c ****   *          @arg @ref HAL_RTC_ALARM_B_EVENT_CB_ID          Alarm B Event Callback ID
 650:Drivers/STM32H7xx_HAL_Driver/Src/stm32h7xx_hal_rtc.c ****   *          @arg @ref HAL_RTC_TIMESTAMP_EVENT_CB_ID        TimeStamp Event Callback ID
 651:Drivers/STM32H7xx_HAL_Driver/Src/stm32h7xx_hal_rtc.c ****   *          @arg @ref HAL_RTC_WAKEUPTIMER_EVENT_CB_ID      WakeUp Timer Event Callback ID
 652:Drivers/STM32H7xx_HAL_Driver/Src/stm32h7xx_hal_rtc.c ****   *          @arg @ref HAL_RTC_TAMPER1_EVENT_CB_ID          Tamper 1 Callback ID
 653:Drivers/STM32H7xx_HAL_Driver/Src/stm32h7xx_hal_rtc.c ****   *          @arg @ref HAL_RTC_TAMPER2_EVENT_CB_ID          Tamper 2 Callback ID (*)
 654:Drivers/STM32H7xx_HAL_Driver/Src/stm32h7xx_hal_rtc.c ****   *          @arg @ref HAL_RTC_TAMPER3_EVENT_CB_ID          Tamper 3 Callback ID
 655:Drivers/STM32H7xx_HAL_Driver/Src/stm32h7xx_hal_rtc.c ****   *          @arg @ref HAL_RTC_INTERNAL_TAMPER1_EVENT_CB_ID Internal Tamper 1 Callback ID (*)
 656:Drivers/STM32H7xx_HAL_Driver/Src/stm32h7xx_hal_rtc.c ****   *          @arg @ref HAL_RTC_INTERNAL_TAMPER2_EVENT_CB_ID Internal Tamper 2 Callback ID (*)
 657:Drivers/STM32H7xx_HAL_Driver/Src/stm32h7xx_hal_rtc.c ****   *          @arg @ref HAL_RTC_INTERNAL_TAMPER3_EVENT_CB_ID Internal Tamper 3 Callback ID (*)
ARM GAS  C:\Users\admin\AppData\Local\Temp\ccgKPo3u.s 			page 13


 658:Drivers/STM32H7xx_HAL_Driver/Src/stm32h7xx_hal_rtc.c ****   *          @arg @ref HAL_RTC_INTERNAL_TAMPER4_EVENT_CB_ID Internal Tamper 4 Callback ID (*)
 659:Drivers/STM32H7xx_HAL_Driver/Src/stm32h7xx_hal_rtc.c ****   *          @arg @ref HAL_RTC_INTERNAL_TAMPER5_EVENT_CB_ID Internal Tamper 5 Callback ID (*)
 660:Drivers/STM32H7xx_HAL_Driver/Src/stm32h7xx_hal_rtc.c ****   *          @arg @ref HAL_RTC_INTERNAL_TAMPER6_EVENT_CB_ID Internal Tamper 6 Callback ID (*)
 661:Drivers/STM32H7xx_HAL_Driver/Src/stm32h7xx_hal_rtc.c ****   *          @arg @ref HAL_RTC_INTERNAL_TAMPER8_EVENT_CB_ID Internal Tamper 8 Callback ID (*)
 662:Drivers/STM32H7xx_HAL_Driver/Src/stm32h7xx_hal_rtc.c ****   *          @arg @ref HAL_RTC_MSPINIT_CB_ID Msp Init callback ID
 663:Drivers/STM32H7xx_HAL_Driver/Src/stm32h7xx_hal_rtc.c ****   *          @arg @ref HAL_RTC_MSPDEINIT_CB_ID Msp DeInit callback ID
 664:Drivers/STM32H7xx_HAL_Driver/Src/stm32h7xx_hal_rtc.c ****   *        (*) Not applicable to all devices.
 665:Drivers/STM32H7xx_HAL_Driver/Src/stm32h7xx_hal_rtc.c ****   * @retval HAL status
 666:Drivers/STM32H7xx_HAL_Driver/Src/stm32h7xx_hal_rtc.c ****   */
 667:Drivers/STM32H7xx_HAL_Driver/Src/stm32h7xx_hal_rtc.c **** HAL_StatusTypeDef HAL_RTC_UnRegisterCallback(RTC_HandleTypeDef *hrtc, HAL_RTC_CallbackIDTypeDef Cal
 668:Drivers/STM32H7xx_HAL_Driver/Src/stm32h7xx_hal_rtc.c **** {
 669:Drivers/STM32H7xx_HAL_Driver/Src/stm32h7xx_hal_rtc.c ****   HAL_StatusTypeDef status = HAL_OK;
 670:Drivers/STM32H7xx_HAL_Driver/Src/stm32h7xx_hal_rtc.c **** 
 671:Drivers/STM32H7xx_HAL_Driver/Src/stm32h7xx_hal_rtc.c ****   /* Process locked */
 672:Drivers/STM32H7xx_HAL_Driver/Src/stm32h7xx_hal_rtc.c ****   __HAL_LOCK(hrtc);
 673:Drivers/STM32H7xx_HAL_Driver/Src/stm32h7xx_hal_rtc.c **** 
 674:Drivers/STM32H7xx_HAL_Driver/Src/stm32h7xx_hal_rtc.c ****   if(HAL_RTC_STATE_READY == hrtc->State)
 675:Drivers/STM32H7xx_HAL_Driver/Src/stm32h7xx_hal_rtc.c ****   {
 676:Drivers/STM32H7xx_HAL_Driver/Src/stm32h7xx_hal_rtc.c ****     switch (CallbackID)
 677:Drivers/STM32H7xx_HAL_Driver/Src/stm32h7xx_hal_rtc.c ****     {
 678:Drivers/STM32H7xx_HAL_Driver/Src/stm32h7xx_hal_rtc.c ****       case HAL_RTC_ALARM_A_EVENT_CB_ID :
 679:Drivers/STM32H7xx_HAL_Driver/Src/stm32h7xx_hal_rtc.c ****         hrtc->AlarmAEventCallback = HAL_RTC_AlarmAEventCallback;             /* Legacy weak AlarmAE
 680:Drivers/STM32H7xx_HAL_Driver/Src/stm32h7xx_hal_rtc.c ****         break;
 681:Drivers/STM32H7xx_HAL_Driver/Src/stm32h7xx_hal_rtc.c **** 
 682:Drivers/STM32H7xx_HAL_Driver/Src/stm32h7xx_hal_rtc.c ****       case HAL_RTC_ALARM_B_EVENT_CB_ID :
 683:Drivers/STM32H7xx_HAL_Driver/Src/stm32h7xx_hal_rtc.c ****         hrtc->AlarmBEventCallback = HAL_RTCEx_AlarmBEventCallback;           /* Legacy weak AlarmBE
 684:Drivers/STM32H7xx_HAL_Driver/Src/stm32h7xx_hal_rtc.c ****         break;
 685:Drivers/STM32H7xx_HAL_Driver/Src/stm32h7xx_hal_rtc.c **** 
 686:Drivers/STM32H7xx_HAL_Driver/Src/stm32h7xx_hal_rtc.c ****       case HAL_RTC_TIMESTAMP_EVENT_CB_ID :
 687:Drivers/STM32H7xx_HAL_Driver/Src/stm32h7xx_hal_rtc.c ****         hrtc->TimeStampEventCallback = HAL_RTCEx_TimeStampEventCallback;     /* Legacy weak TimeSta
 688:Drivers/STM32H7xx_HAL_Driver/Src/stm32h7xx_hal_rtc.c ****         break;
 689:Drivers/STM32H7xx_HAL_Driver/Src/stm32h7xx_hal_rtc.c **** 
 690:Drivers/STM32H7xx_HAL_Driver/Src/stm32h7xx_hal_rtc.c ****       case HAL_RTC_WAKEUPTIMER_EVENT_CB_ID :
 691:Drivers/STM32H7xx_HAL_Driver/Src/stm32h7xx_hal_rtc.c ****         hrtc->WakeUpTimerEventCallback = HAL_RTCEx_WakeUpTimerEventCallback; /* Legacy weak WakeUpT
 692:Drivers/STM32H7xx_HAL_Driver/Src/stm32h7xx_hal_rtc.c ****         break;
 693:Drivers/STM32H7xx_HAL_Driver/Src/stm32h7xx_hal_rtc.c **** 
 694:Drivers/STM32H7xx_HAL_Driver/Src/stm32h7xx_hal_rtc.c ****       case HAL_RTC_TAMPER1_EVENT_CB_ID :
 695:Drivers/STM32H7xx_HAL_Driver/Src/stm32h7xx_hal_rtc.c ****         hrtc->Tamper1EventCallback = HAL_RTCEx_Tamper1EventCallback;         /* Legacy weak Tamper1
 696:Drivers/STM32H7xx_HAL_Driver/Src/stm32h7xx_hal_rtc.c ****         break;
 697:Drivers/STM32H7xx_HAL_Driver/Src/stm32h7xx_hal_rtc.c **** 
 698:Drivers/STM32H7xx_HAL_Driver/Src/stm32h7xx_hal_rtc.c **** #if defined(RTC_TAMPER2_SUPPORT)
 699:Drivers/STM32H7xx_HAL_Driver/Src/stm32h7xx_hal_rtc.c ****       case HAL_RTC_TAMPER2_EVENT_CB_ID :
 700:Drivers/STM32H7xx_HAL_Driver/Src/stm32h7xx_hal_rtc.c ****         hrtc->Tamper2EventCallback = HAL_RTCEx_Tamper2EventCallback;         /* Legacy weak Tamper2
 701:Drivers/STM32H7xx_HAL_Driver/Src/stm32h7xx_hal_rtc.c ****         break;
 702:Drivers/STM32H7xx_HAL_Driver/Src/stm32h7xx_hal_rtc.c **** #endif /* RTC_TAMPER2_SUPPORT */
 703:Drivers/STM32H7xx_HAL_Driver/Src/stm32h7xx_hal_rtc.c **** 
 704:Drivers/STM32H7xx_HAL_Driver/Src/stm32h7xx_hal_rtc.c ****       case HAL_RTC_TAMPER3_EVENT_CB_ID :
 705:Drivers/STM32H7xx_HAL_Driver/Src/stm32h7xx_hal_rtc.c ****         hrtc->Tamper3EventCallback = HAL_RTCEx_Tamper3EventCallback;         /* Legacy weak Tamper3
 706:Drivers/STM32H7xx_HAL_Driver/Src/stm32h7xx_hal_rtc.c ****         break;
 707:Drivers/STM32H7xx_HAL_Driver/Src/stm32h7xx_hal_rtc.c **** 
 708:Drivers/STM32H7xx_HAL_Driver/Src/stm32h7xx_hal_rtc.c **** #if defined(TAMP)
 709:Drivers/STM32H7xx_HAL_Driver/Src/stm32h7xx_hal_rtc.c ****       case HAL_RTC_INTERNAL_TAMPER1_EVENT_CB_ID :
 710:Drivers/STM32H7xx_HAL_Driver/Src/stm32h7xx_hal_rtc.c ****         hrtc->InternalTamper1EventCallback =  HAL_RTCEx_InternalTamper1EventCallback;
 711:Drivers/STM32H7xx_HAL_Driver/Src/stm32h7xx_hal_rtc.c ****         break;
 712:Drivers/STM32H7xx_HAL_Driver/Src/stm32h7xx_hal_rtc.c **** 
 713:Drivers/STM32H7xx_HAL_Driver/Src/stm32h7xx_hal_rtc.c ****       case HAL_RTC_INTERNAL_TAMPER2_EVENT_CB_ID :
 714:Drivers/STM32H7xx_HAL_Driver/Src/stm32h7xx_hal_rtc.c ****         hrtc->InternalTamper2EventCallback =  HAL_RTCEx_InternalTamper2EventCallback;
ARM GAS  C:\Users\admin\AppData\Local\Temp\ccgKPo3u.s 			page 14


 715:Drivers/STM32H7xx_HAL_Driver/Src/stm32h7xx_hal_rtc.c ****         break;
 716:Drivers/STM32H7xx_HAL_Driver/Src/stm32h7xx_hal_rtc.c **** 
 717:Drivers/STM32H7xx_HAL_Driver/Src/stm32h7xx_hal_rtc.c ****       case HAL_RTC_INTERNAL_TAMPER3_EVENT_CB_ID :
 718:Drivers/STM32H7xx_HAL_Driver/Src/stm32h7xx_hal_rtc.c ****         hrtc->InternalTamper3EventCallback =  HAL_RTCEx_InternalTamper3EventCallback;
 719:Drivers/STM32H7xx_HAL_Driver/Src/stm32h7xx_hal_rtc.c ****         break;
 720:Drivers/STM32H7xx_HAL_Driver/Src/stm32h7xx_hal_rtc.c **** 
 721:Drivers/STM32H7xx_HAL_Driver/Src/stm32h7xx_hal_rtc.c ****       case HAL_RTC_INTERNAL_TAMPER4_EVENT_CB_ID :
 722:Drivers/STM32H7xx_HAL_Driver/Src/stm32h7xx_hal_rtc.c ****         hrtc->InternalTamper4EventCallback =  HAL_RTCEx_InternalTamper4EventCallback;
 723:Drivers/STM32H7xx_HAL_Driver/Src/stm32h7xx_hal_rtc.c ****         break;
 724:Drivers/STM32H7xx_HAL_Driver/Src/stm32h7xx_hal_rtc.c **** 
 725:Drivers/STM32H7xx_HAL_Driver/Src/stm32h7xx_hal_rtc.c ****       case HAL_RTC_INTERNAL_TAMPER5_EVENT_CB_ID :
 726:Drivers/STM32H7xx_HAL_Driver/Src/stm32h7xx_hal_rtc.c ****         hrtc->InternalTamper5EventCallback =  HAL_RTCEx_InternalTamper5EventCallback;
 727:Drivers/STM32H7xx_HAL_Driver/Src/stm32h7xx_hal_rtc.c ****         break;
 728:Drivers/STM32H7xx_HAL_Driver/Src/stm32h7xx_hal_rtc.c **** 
 729:Drivers/STM32H7xx_HAL_Driver/Src/stm32h7xx_hal_rtc.c ****       case HAL_RTC_INTERNAL_TAMPER6_EVENT_CB_ID :
 730:Drivers/STM32H7xx_HAL_Driver/Src/stm32h7xx_hal_rtc.c ****         hrtc->InternalTamper6EventCallback =  HAL_RTCEx_InternalTamper6EventCallback;
 731:Drivers/STM32H7xx_HAL_Driver/Src/stm32h7xx_hal_rtc.c ****         break;
 732:Drivers/STM32H7xx_HAL_Driver/Src/stm32h7xx_hal_rtc.c **** 
 733:Drivers/STM32H7xx_HAL_Driver/Src/stm32h7xx_hal_rtc.c ****       case HAL_RTC_INTERNAL_TAMPER8_EVENT_CB_ID :
 734:Drivers/STM32H7xx_HAL_Driver/Src/stm32h7xx_hal_rtc.c ****         hrtc->InternalTamper8EventCallback =  HAL_RTCEx_InternalTamper8EventCallback;
 735:Drivers/STM32H7xx_HAL_Driver/Src/stm32h7xx_hal_rtc.c ****         break;
 736:Drivers/STM32H7xx_HAL_Driver/Src/stm32h7xx_hal_rtc.c **** #endif /* TAMP */
 737:Drivers/STM32H7xx_HAL_Driver/Src/stm32h7xx_hal_rtc.c **** 
 738:Drivers/STM32H7xx_HAL_Driver/Src/stm32h7xx_hal_rtc.c ****       case HAL_RTC_MSPINIT_CB_ID :
 739:Drivers/STM32H7xx_HAL_Driver/Src/stm32h7xx_hal_rtc.c ****         hrtc->MspInitCallback = HAL_RTC_MspInit;
 740:Drivers/STM32H7xx_HAL_Driver/Src/stm32h7xx_hal_rtc.c ****         break;
 741:Drivers/STM32H7xx_HAL_Driver/Src/stm32h7xx_hal_rtc.c **** 
 742:Drivers/STM32H7xx_HAL_Driver/Src/stm32h7xx_hal_rtc.c ****       case HAL_RTC_MSPDEINIT_CB_ID :
 743:Drivers/STM32H7xx_HAL_Driver/Src/stm32h7xx_hal_rtc.c ****         hrtc->MspDeInitCallback = HAL_RTC_MspDeInit;
 744:Drivers/STM32H7xx_HAL_Driver/Src/stm32h7xx_hal_rtc.c ****         break;
 745:Drivers/STM32H7xx_HAL_Driver/Src/stm32h7xx_hal_rtc.c **** 
 746:Drivers/STM32H7xx_HAL_Driver/Src/stm32h7xx_hal_rtc.c ****       default :
 747:Drivers/STM32H7xx_HAL_Driver/Src/stm32h7xx_hal_rtc.c ****         /* Return error status */
 748:Drivers/STM32H7xx_HAL_Driver/Src/stm32h7xx_hal_rtc.c ****         status =  HAL_ERROR;
 749:Drivers/STM32H7xx_HAL_Driver/Src/stm32h7xx_hal_rtc.c ****         break;
 750:Drivers/STM32H7xx_HAL_Driver/Src/stm32h7xx_hal_rtc.c ****     }
 751:Drivers/STM32H7xx_HAL_Driver/Src/stm32h7xx_hal_rtc.c ****   }
 752:Drivers/STM32H7xx_HAL_Driver/Src/stm32h7xx_hal_rtc.c ****   else if(HAL_RTC_STATE_RESET == hrtc->State)
 753:Drivers/STM32H7xx_HAL_Driver/Src/stm32h7xx_hal_rtc.c ****   {
 754:Drivers/STM32H7xx_HAL_Driver/Src/stm32h7xx_hal_rtc.c ****     switch (CallbackID)
 755:Drivers/STM32H7xx_HAL_Driver/Src/stm32h7xx_hal_rtc.c ****     {
 756:Drivers/STM32H7xx_HAL_Driver/Src/stm32h7xx_hal_rtc.c ****       case HAL_RTC_MSPINIT_CB_ID :
 757:Drivers/STM32H7xx_HAL_Driver/Src/stm32h7xx_hal_rtc.c ****         hrtc->MspInitCallback = HAL_RTC_MspInit;
 758:Drivers/STM32H7xx_HAL_Driver/Src/stm32h7xx_hal_rtc.c ****         break;
 759:Drivers/STM32H7xx_HAL_Driver/Src/stm32h7xx_hal_rtc.c **** 
 760:Drivers/STM32H7xx_HAL_Driver/Src/stm32h7xx_hal_rtc.c ****       case HAL_RTC_MSPDEINIT_CB_ID :
 761:Drivers/STM32H7xx_HAL_Driver/Src/stm32h7xx_hal_rtc.c ****         hrtc->MspDeInitCallback = HAL_RTC_MspDeInit;
 762:Drivers/STM32H7xx_HAL_Driver/Src/stm32h7xx_hal_rtc.c ****         break;
 763:Drivers/STM32H7xx_HAL_Driver/Src/stm32h7xx_hal_rtc.c **** 
 764:Drivers/STM32H7xx_HAL_Driver/Src/stm32h7xx_hal_rtc.c ****       default :
 765:Drivers/STM32H7xx_HAL_Driver/Src/stm32h7xx_hal_rtc.c ****         /* Return error status */
 766:Drivers/STM32H7xx_HAL_Driver/Src/stm32h7xx_hal_rtc.c ****         status =  HAL_ERROR;
 767:Drivers/STM32H7xx_HAL_Driver/Src/stm32h7xx_hal_rtc.c ****         break;
 768:Drivers/STM32H7xx_HAL_Driver/Src/stm32h7xx_hal_rtc.c ****     }
 769:Drivers/STM32H7xx_HAL_Driver/Src/stm32h7xx_hal_rtc.c ****   }
 770:Drivers/STM32H7xx_HAL_Driver/Src/stm32h7xx_hal_rtc.c ****   else
 771:Drivers/STM32H7xx_HAL_Driver/Src/stm32h7xx_hal_rtc.c ****   {
ARM GAS  C:\Users\admin\AppData\Local\Temp\ccgKPo3u.s 			page 15


 772:Drivers/STM32H7xx_HAL_Driver/Src/stm32h7xx_hal_rtc.c ****     /* Return error status */
 773:Drivers/STM32H7xx_HAL_Driver/Src/stm32h7xx_hal_rtc.c ****     status =  HAL_ERROR;
 774:Drivers/STM32H7xx_HAL_Driver/Src/stm32h7xx_hal_rtc.c ****   }
 775:Drivers/STM32H7xx_HAL_Driver/Src/stm32h7xx_hal_rtc.c **** 
 776:Drivers/STM32H7xx_HAL_Driver/Src/stm32h7xx_hal_rtc.c ****   /* Release Lock */
 777:Drivers/STM32H7xx_HAL_Driver/Src/stm32h7xx_hal_rtc.c ****   __HAL_UNLOCK(hrtc);
 778:Drivers/STM32H7xx_HAL_Driver/Src/stm32h7xx_hal_rtc.c **** 
 779:Drivers/STM32H7xx_HAL_Driver/Src/stm32h7xx_hal_rtc.c ****   return status;
 780:Drivers/STM32H7xx_HAL_Driver/Src/stm32h7xx_hal_rtc.c **** }
 781:Drivers/STM32H7xx_HAL_Driver/Src/stm32h7xx_hal_rtc.c **** #endif /* USE_HAL_RTC_REGISTER_CALLBACKS */
 782:Drivers/STM32H7xx_HAL_Driver/Src/stm32h7xx_hal_rtc.c **** 
 783:Drivers/STM32H7xx_HAL_Driver/Src/stm32h7xx_hal_rtc.c **** /**
 784:Drivers/STM32H7xx_HAL_Driver/Src/stm32h7xx_hal_rtc.c ****   * @brief  Initialize the RTC MSP.
 785:Drivers/STM32H7xx_HAL_Driver/Src/stm32h7xx_hal_rtc.c ****   * @param  hrtc RTC handle
 786:Drivers/STM32H7xx_HAL_Driver/Src/stm32h7xx_hal_rtc.c ****   * @retval None
 787:Drivers/STM32H7xx_HAL_Driver/Src/stm32h7xx_hal_rtc.c ****   */
 788:Drivers/STM32H7xx_HAL_Driver/Src/stm32h7xx_hal_rtc.c **** __weak void HAL_RTC_MspInit(RTC_HandleTypeDef *hrtc)
 789:Drivers/STM32H7xx_HAL_Driver/Src/stm32h7xx_hal_rtc.c **** {
  29              		.loc 1 789 1 view -0
  30              		.cfi_startproc
  31              		@ args = 0, pretend = 0, frame = 0
  32              		@ frame_needed = 0, uses_anonymous_args = 0
  33              		@ link register save eliminated.
 790:Drivers/STM32H7xx_HAL_Driver/Src/stm32h7xx_hal_rtc.c ****   /* Prevent unused argument(s) compilation warning */
 791:Drivers/STM32H7xx_HAL_Driver/Src/stm32h7xx_hal_rtc.c ****   UNUSED(hrtc);
  34              		.loc 1 791 3 view .LVU1
 792:Drivers/STM32H7xx_HAL_Driver/Src/stm32h7xx_hal_rtc.c **** 
 793:Drivers/STM32H7xx_HAL_Driver/Src/stm32h7xx_hal_rtc.c ****   /* NOTE : This function should not be modified, when the callback is needed,
 794:Drivers/STM32H7xx_HAL_Driver/Src/stm32h7xx_hal_rtc.c ****             the HAL_RTC_MspInit could be implemented in the user file
 795:Drivers/STM32H7xx_HAL_Driver/Src/stm32h7xx_hal_rtc.c ****    */
 796:Drivers/STM32H7xx_HAL_Driver/Src/stm32h7xx_hal_rtc.c **** }
  35              		.loc 1 796 1 is_stmt 0 view .LVU2
  36 0000 7047     		bx	lr
  37              		.cfi_endproc
  38              	.LFE146:
  40              		.section	.text.HAL_RTC_MspDeInit,"ax",%progbits
  41              		.align	1
  42              		.weak	HAL_RTC_MspDeInit
  43              		.syntax unified
  44              		.thumb
  45              		.thumb_func
  47              	HAL_RTC_MspDeInit:
  48              	.LVL1:
  49              	.LFB147:
 797:Drivers/STM32H7xx_HAL_Driver/Src/stm32h7xx_hal_rtc.c **** 
 798:Drivers/STM32H7xx_HAL_Driver/Src/stm32h7xx_hal_rtc.c **** /**
 799:Drivers/STM32H7xx_HAL_Driver/Src/stm32h7xx_hal_rtc.c ****   * @brief  DeInitialize the RTC MSP.
 800:Drivers/STM32H7xx_HAL_Driver/Src/stm32h7xx_hal_rtc.c ****   * @param  hrtc RTC handle
 801:Drivers/STM32H7xx_HAL_Driver/Src/stm32h7xx_hal_rtc.c ****   * @retval None
 802:Drivers/STM32H7xx_HAL_Driver/Src/stm32h7xx_hal_rtc.c ****   */
 803:Drivers/STM32H7xx_HAL_Driver/Src/stm32h7xx_hal_rtc.c **** __weak void HAL_RTC_MspDeInit(RTC_HandleTypeDef *hrtc)
 804:Drivers/STM32H7xx_HAL_Driver/Src/stm32h7xx_hal_rtc.c **** {
  50              		.loc 1 804 1 is_stmt 1 view -0
  51              		.cfi_startproc
  52              		@ args = 0, pretend = 0, frame = 0
  53              		@ frame_needed = 0, uses_anonymous_args = 0
  54              		@ link register save eliminated.
ARM GAS  C:\Users\admin\AppData\Local\Temp\ccgKPo3u.s 			page 16


 805:Drivers/STM32H7xx_HAL_Driver/Src/stm32h7xx_hal_rtc.c ****   /* Prevent unused argument(s) compilation warning */
 806:Drivers/STM32H7xx_HAL_Driver/Src/stm32h7xx_hal_rtc.c ****   UNUSED(hrtc);
  55              		.loc 1 806 3 view .LVU4
 807:Drivers/STM32H7xx_HAL_Driver/Src/stm32h7xx_hal_rtc.c **** 
 808:Drivers/STM32H7xx_HAL_Driver/Src/stm32h7xx_hal_rtc.c ****   /* NOTE : This function should not be modified, when the callback is needed,
 809:Drivers/STM32H7xx_HAL_Driver/Src/stm32h7xx_hal_rtc.c ****             the HAL_RTC_MspDeInit could be implemented in the user file
 810:Drivers/STM32H7xx_HAL_Driver/Src/stm32h7xx_hal_rtc.c ****    */
 811:Drivers/STM32H7xx_HAL_Driver/Src/stm32h7xx_hal_rtc.c **** }
  56              		.loc 1 811 1 is_stmt 0 view .LVU5
  57 0000 7047     		bx	lr
  58              		.cfi_endproc
  59              	.LFE147:
  61              		.section	.text.HAL_RTC_DeactivateAlarm,"ax",%progbits
  62              		.align	1
  63              		.global	HAL_RTC_DeactivateAlarm
  64              		.syntax unified
  65              		.thumb
  66              		.thumb_func
  68              	HAL_RTC_DeactivateAlarm:
  69              	.LVL2:
  70              	.LFB154:
 812:Drivers/STM32H7xx_HAL_Driver/Src/stm32h7xx_hal_rtc.c **** 
 813:Drivers/STM32H7xx_HAL_Driver/Src/stm32h7xx_hal_rtc.c **** /**
 814:Drivers/STM32H7xx_HAL_Driver/Src/stm32h7xx_hal_rtc.c ****   * @}
 815:Drivers/STM32H7xx_HAL_Driver/Src/stm32h7xx_hal_rtc.c ****   */
 816:Drivers/STM32H7xx_HAL_Driver/Src/stm32h7xx_hal_rtc.c **** 
 817:Drivers/STM32H7xx_HAL_Driver/Src/stm32h7xx_hal_rtc.c **** /** @addtogroup RTC_Exported_Functions_Group2
 818:Drivers/STM32H7xx_HAL_Driver/Src/stm32h7xx_hal_rtc.c ****  *  @brief   RTC Time and Date functions
 819:Drivers/STM32H7xx_HAL_Driver/Src/stm32h7xx_hal_rtc.c ****  *
 820:Drivers/STM32H7xx_HAL_Driver/Src/stm32h7xx_hal_rtc.c **** @verbatim
 821:Drivers/STM32H7xx_HAL_Driver/Src/stm32h7xx_hal_rtc.c ****  ===============================================================================
 822:Drivers/STM32H7xx_HAL_Driver/Src/stm32h7xx_hal_rtc.c ****                  ##### RTC Time and Date functions #####
 823:Drivers/STM32H7xx_HAL_Driver/Src/stm32h7xx_hal_rtc.c ****  ===============================================================================
 824:Drivers/STM32H7xx_HAL_Driver/Src/stm32h7xx_hal_rtc.c **** 
 825:Drivers/STM32H7xx_HAL_Driver/Src/stm32h7xx_hal_rtc.c ****  [..] This section provides functions allowing to configure Time and Date features
 826:Drivers/STM32H7xx_HAL_Driver/Src/stm32h7xx_hal_rtc.c **** 
 827:Drivers/STM32H7xx_HAL_Driver/Src/stm32h7xx_hal_rtc.c **** @endverbatim
 828:Drivers/STM32H7xx_HAL_Driver/Src/stm32h7xx_hal_rtc.c ****   * @{
 829:Drivers/STM32H7xx_HAL_Driver/Src/stm32h7xx_hal_rtc.c ****   */
 830:Drivers/STM32H7xx_HAL_Driver/Src/stm32h7xx_hal_rtc.c **** 
 831:Drivers/STM32H7xx_HAL_Driver/Src/stm32h7xx_hal_rtc.c **** /**
 832:Drivers/STM32H7xx_HAL_Driver/Src/stm32h7xx_hal_rtc.c ****   * @brief  Set RTC current time.
 833:Drivers/STM32H7xx_HAL_Driver/Src/stm32h7xx_hal_rtc.c ****   * @param  hrtc RTC handle
 834:Drivers/STM32H7xx_HAL_Driver/Src/stm32h7xx_hal_rtc.c ****   * @param  sTime Pointer to Time structure
 835:Drivers/STM32H7xx_HAL_Driver/Src/stm32h7xx_hal_rtc.c ****   * @param  Format Specifies the format of the entered parameters.
 836:Drivers/STM32H7xx_HAL_Driver/Src/stm32h7xx_hal_rtc.c ****   *          This parameter can be one of the following values:
 837:Drivers/STM32H7xx_HAL_Driver/Src/stm32h7xx_hal_rtc.c ****   *            @arg RTC_FORMAT_BIN: Binary data format
 838:Drivers/STM32H7xx_HAL_Driver/Src/stm32h7xx_hal_rtc.c ****   *            @arg RTC_FORMAT_BCD: BCD data format
 839:Drivers/STM32H7xx_HAL_Driver/Src/stm32h7xx_hal_rtc.c ****   * @retval HAL status
 840:Drivers/STM32H7xx_HAL_Driver/Src/stm32h7xx_hal_rtc.c ****   */
 841:Drivers/STM32H7xx_HAL_Driver/Src/stm32h7xx_hal_rtc.c **** HAL_StatusTypeDef HAL_RTC_SetTime(RTC_HandleTypeDef *hrtc, RTC_TimeTypeDef *sTime, uint32_t Format)
 842:Drivers/STM32H7xx_HAL_Driver/Src/stm32h7xx_hal_rtc.c **** {
 843:Drivers/STM32H7xx_HAL_Driver/Src/stm32h7xx_hal_rtc.c ****   uint32_t tmpreg;
 844:Drivers/STM32H7xx_HAL_Driver/Src/stm32h7xx_hal_rtc.c **** HAL_StatusTypeDef status;
 845:Drivers/STM32H7xx_HAL_Driver/Src/stm32h7xx_hal_rtc.c **** 
 846:Drivers/STM32H7xx_HAL_Driver/Src/stm32h7xx_hal_rtc.c ****   /* Check the parameters */
 847:Drivers/STM32H7xx_HAL_Driver/Src/stm32h7xx_hal_rtc.c ****   assert_param(IS_RTC_FORMAT(Format));
ARM GAS  C:\Users\admin\AppData\Local\Temp\ccgKPo3u.s 			page 17


 848:Drivers/STM32H7xx_HAL_Driver/Src/stm32h7xx_hal_rtc.c ****   assert_param(IS_RTC_DAYLIGHT_SAVING(sTime->DayLightSaving));
 849:Drivers/STM32H7xx_HAL_Driver/Src/stm32h7xx_hal_rtc.c ****   assert_param(IS_RTC_STORE_OPERATION(sTime->StoreOperation));
 850:Drivers/STM32H7xx_HAL_Driver/Src/stm32h7xx_hal_rtc.c **** 
 851:Drivers/STM32H7xx_HAL_Driver/Src/stm32h7xx_hal_rtc.c ****   /* Process Locked */
 852:Drivers/STM32H7xx_HAL_Driver/Src/stm32h7xx_hal_rtc.c ****   __HAL_LOCK(hrtc);
 853:Drivers/STM32H7xx_HAL_Driver/Src/stm32h7xx_hal_rtc.c **** 
 854:Drivers/STM32H7xx_HAL_Driver/Src/stm32h7xx_hal_rtc.c ****   hrtc->State = HAL_RTC_STATE_BUSY;
 855:Drivers/STM32H7xx_HAL_Driver/Src/stm32h7xx_hal_rtc.c **** 
 856:Drivers/STM32H7xx_HAL_Driver/Src/stm32h7xx_hal_rtc.c ****   /* Disable the write protection for RTC registers */
 857:Drivers/STM32H7xx_HAL_Driver/Src/stm32h7xx_hal_rtc.c ****   __HAL_RTC_WRITEPROTECTION_DISABLE(hrtc);
 858:Drivers/STM32H7xx_HAL_Driver/Src/stm32h7xx_hal_rtc.c ****  /* Enter Initialization mode */
 859:Drivers/STM32H7xx_HAL_Driver/Src/stm32h7xx_hal_rtc.c ****   status = RTC_EnterInitMode(hrtc);
 860:Drivers/STM32H7xx_HAL_Driver/Src/stm32h7xx_hal_rtc.c ****   if (status == HAL_OK)
 861:Drivers/STM32H7xx_HAL_Driver/Src/stm32h7xx_hal_rtc.c ****   {
 862:Drivers/STM32H7xx_HAL_Driver/Src/stm32h7xx_hal_rtc.c ****     if(Format == RTC_FORMAT_BIN)
 863:Drivers/STM32H7xx_HAL_Driver/Src/stm32h7xx_hal_rtc.c ****     {
 864:Drivers/STM32H7xx_HAL_Driver/Src/stm32h7xx_hal_rtc.c ****       if((hrtc->Instance->CR & RTC_CR_FMT) != 0U)
 865:Drivers/STM32H7xx_HAL_Driver/Src/stm32h7xx_hal_rtc.c ****       {
 866:Drivers/STM32H7xx_HAL_Driver/Src/stm32h7xx_hal_rtc.c ****         assert_param(IS_RTC_HOUR12(sTime->Hours));
 867:Drivers/STM32H7xx_HAL_Driver/Src/stm32h7xx_hal_rtc.c ****         assert_param(IS_RTC_HOURFORMAT12(sTime->TimeFormat));
 868:Drivers/STM32H7xx_HAL_Driver/Src/stm32h7xx_hal_rtc.c ****       }
 869:Drivers/STM32H7xx_HAL_Driver/Src/stm32h7xx_hal_rtc.c ****       else
 870:Drivers/STM32H7xx_HAL_Driver/Src/stm32h7xx_hal_rtc.c ****       {
 871:Drivers/STM32H7xx_HAL_Driver/Src/stm32h7xx_hal_rtc.c ****         sTime->TimeFormat = 0x00U;
 872:Drivers/STM32H7xx_HAL_Driver/Src/stm32h7xx_hal_rtc.c ****         assert_param(IS_RTC_HOUR24(sTime->Hours));
 873:Drivers/STM32H7xx_HAL_Driver/Src/stm32h7xx_hal_rtc.c ****       }
 874:Drivers/STM32H7xx_HAL_Driver/Src/stm32h7xx_hal_rtc.c ****       assert_param(IS_RTC_MINUTES(sTime->Minutes));
 875:Drivers/STM32H7xx_HAL_Driver/Src/stm32h7xx_hal_rtc.c ****       assert_param(IS_RTC_SECONDS(sTime->Seconds));
 876:Drivers/STM32H7xx_HAL_Driver/Src/stm32h7xx_hal_rtc.c **** 
 877:Drivers/STM32H7xx_HAL_Driver/Src/stm32h7xx_hal_rtc.c ****       tmpreg = (uint32_t)(((uint32_t)RTC_ByteToBcd2(sTime->Hours)   << RTC_TR_HU_Pos)  | \
 878:Drivers/STM32H7xx_HAL_Driver/Src/stm32h7xx_hal_rtc.c ****                           ((uint32_t)RTC_ByteToBcd2(sTime->Minutes) << RTC_TR_MNU_Pos) | \
 879:Drivers/STM32H7xx_HAL_Driver/Src/stm32h7xx_hal_rtc.c ****                           ((uint32_t)RTC_ByteToBcd2(sTime->Seconds) << RTC_TR_SU_Pos)  | \
 880:Drivers/STM32H7xx_HAL_Driver/Src/stm32h7xx_hal_rtc.c ****                           (((uint32_t)sTime->TimeFormat) << RTC_TR_PM_Pos));
 881:Drivers/STM32H7xx_HAL_Driver/Src/stm32h7xx_hal_rtc.c ****     }
 882:Drivers/STM32H7xx_HAL_Driver/Src/stm32h7xx_hal_rtc.c ****     else
 883:Drivers/STM32H7xx_HAL_Driver/Src/stm32h7xx_hal_rtc.c ****     {
 884:Drivers/STM32H7xx_HAL_Driver/Src/stm32h7xx_hal_rtc.c ****       if((hrtc->Instance->CR & RTC_CR_FMT) != 0U)
 885:Drivers/STM32H7xx_HAL_Driver/Src/stm32h7xx_hal_rtc.c ****       {
 886:Drivers/STM32H7xx_HAL_Driver/Src/stm32h7xx_hal_rtc.c ****         assert_param(IS_RTC_HOUR12(RTC_Bcd2ToByte(sTime->Hours)));
 887:Drivers/STM32H7xx_HAL_Driver/Src/stm32h7xx_hal_rtc.c ****         assert_param(IS_RTC_HOURFORMAT12(sTime->TimeFormat));
 888:Drivers/STM32H7xx_HAL_Driver/Src/stm32h7xx_hal_rtc.c ****       }
 889:Drivers/STM32H7xx_HAL_Driver/Src/stm32h7xx_hal_rtc.c ****       else
 890:Drivers/STM32H7xx_HAL_Driver/Src/stm32h7xx_hal_rtc.c ****       {
 891:Drivers/STM32H7xx_HAL_Driver/Src/stm32h7xx_hal_rtc.c ****         sTime->TimeFormat = 0x00U;
 892:Drivers/STM32H7xx_HAL_Driver/Src/stm32h7xx_hal_rtc.c ****         assert_param(IS_RTC_HOUR24(RTC_Bcd2ToByte(sTime->Hours)));
 893:Drivers/STM32H7xx_HAL_Driver/Src/stm32h7xx_hal_rtc.c ****       }
 894:Drivers/STM32H7xx_HAL_Driver/Src/stm32h7xx_hal_rtc.c ****       assert_param(IS_RTC_MINUTES(RTC_Bcd2ToByte(sTime->Minutes)));
 895:Drivers/STM32H7xx_HAL_Driver/Src/stm32h7xx_hal_rtc.c ****       assert_param(IS_RTC_SECONDS(RTC_Bcd2ToByte(sTime->Seconds)));
 896:Drivers/STM32H7xx_HAL_Driver/Src/stm32h7xx_hal_rtc.c ****       tmpreg = (((uint32_t)(sTime->Hours)   << RTC_TR_HU_Pos)  | \
 897:Drivers/STM32H7xx_HAL_Driver/Src/stm32h7xx_hal_rtc.c ****                 ((uint32_t)(sTime->Minutes) << RTC_TR_MNU_Pos) | \
 898:Drivers/STM32H7xx_HAL_Driver/Src/stm32h7xx_hal_rtc.c ****                 ((uint32_t)(sTime->Seconds) << RTC_TR_SU_Pos)  | \
 899:Drivers/STM32H7xx_HAL_Driver/Src/stm32h7xx_hal_rtc.c ****                 ((uint32_t)(sTime->TimeFormat) << RTC_TR_PM_Pos));
 900:Drivers/STM32H7xx_HAL_Driver/Src/stm32h7xx_hal_rtc.c ****     }
 901:Drivers/STM32H7xx_HAL_Driver/Src/stm32h7xx_hal_rtc.c **** 
 902:Drivers/STM32H7xx_HAL_Driver/Src/stm32h7xx_hal_rtc.c ****     /* Set the RTC_TR register */
 903:Drivers/STM32H7xx_HAL_Driver/Src/stm32h7xx_hal_rtc.c ****     hrtc->Instance->TR = (uint32_t)(tmpreg & RTC_TR_RESERVED_MASK);
 904:Drivers/STM32H7xx_HAL_Driver/Src/stm32h7xx_hal_rtc.c **** 
ARM GAS  C:\Users\admin\AppData\Local\Temp\ccgKPo3u.s 			page 18


 905:Drivers/STM32H7xx_HAL_Driver/Src/stm32h7xx_hal_rtc.c ****     /* Clear the bits to be configured */
 906:Drivers/STM32H7xx_HAL_Driver/Src/stm32h7xx_hal_rtc.c ****     hrtc->Instance->CR &= ((uint32_t)~RTC_CR_BKP);
 907:Drivers/STM32H7xx_HAL_Driver/Src/stm32h7xx_hal_rtc.c **** 
 908:Drivers/STM32H7xx_HAL_Driver/Src/stm32h7xx_hal_rtc.c ****     /* Configure the RTC_CR register */
 909:Drivers/STM32H7xx_HAL_Driver/Src/stm32h7xx_hal_rtc.c ****     hrtc->Instance->CR |= (uint32_t)(sTime->DayLightSaving | sTime->StoreOperation);
 910:Drivers/STM32H7xx_HAL_Driver/Src/stm32h7xx_hal_rtc.c **** 
 911:Drivers/STM32H7xx_HAL_Driver/Src/stm32h7xx_hal_rtc.c ****     /* Exit Initialization mode */
 912:Drivers/STM32H7xx_HAL_Driver/Src/stm32h7xx_hal_rtc.c ****     status = RTC_ExitInitMode(hrtc);
 913:Drivers/STM32H7xx_HAL_Driver/Src/stm32h7xx_hal_rtc.c ****   }
 914:Drivers/STM32H7xx_HAL_Driver/Src/stm32h7xx_hal_rtc.c **** 
 915:Drivers/STM32H7xx_HAL_Driver/Src/stm32h7xx_hal_rtc.c ****   /* Enable the write protection for RTC registers */
 916:Drivers/STM32H7xx_HAL_Driver/Src/stm32h7xx_hal_rtc.c ****   __HAL_RTC_WRITEPROTECTION_ENABLE(hrtc);
 917:Drivers/STM32H7xx_HAL_Driver/Src/stm32h7xx_hal_rtc.c **** 
 918:Drivers/STM32H7xx_HAL_Driver/Src/stm32h7xx_hal_rtc.c ****   if (status == HAL_OK)
 919:Drivers/STM32H7xx_HAL_Driver/Src/stm32h7xx_hal_rtc.c ****   {
 920:Drivers/STM32H7xx_HAL_Driver/Src/stm32h7xx_hal_rtc.c ****     hrtc->State = HAL_RTC_STATE_READY;
 921:Drivers/STM32H7xx_HAL_Driver/Src/stm32h7xx_hal_rtc.c ****   }
 922:Drivers/STM32H7xx_HAL_Driver/Src/stm32h7xx_hal_rtc.c **** 
 923:Drivers/STM32H7xx_HAL_Driver/Src/stm32h7xx_hal_rtc.c ****   /* Process Unlocked */
 924:Drivers/STM32H7xx_HAL_Driver/Src/stm32h7xx_hal_rtc.c ****   __HAL_UNLOCK(hrtc);
 925:Drivers/STM32H7xx_HAL_Driver/Src/stm32h7xx_hal_rtc.c **** 
 926:Drivers/STM32H7xx_HAL_Driver/Src/stm32h7xx_hal_rtc.c ****   return status;
 927:Drivers/STM32H7xx_HAL_Driver/Src/stm32h7xx_hal_rtc.c **** }
 928:Drivers/STM32H7xx_HAL_Driver/Src/stm32h7xx_hal_rtc.c **** 
 929:Drivers/STM32H7xx_HAL_Driver/Src/stm32h7xx_hal_rtc.c **** /**
 930:Drivers/STM32H7xx_HAL_Driver/Src/stm32h7xx_hal_rtc.c ****   * @brief  Get RTC current time.
 931:Drivers/STM32H7xx_HAL_Driver/Src/stm32h7xx_hal_rtc.c ****   * @param  hrtc RTC handle
 932:Drivers/STM32H7xx_HAL_Driver/Src/stm32h7xx_hal_rtc.c ****   * @param  sTime Pointer to Time structure with Hours, Minutes and Seconds fields returned
 933:Drivers/STM32H7xx_HAL_Driver/Src/stm32h7xx_hal_rtc.c ****   *                with input format (BIN or BCD), also SubSeconds field returning the
 934:Drivers/STM32H7xx_HAL_Driver/Src/stm32h7xx_hal_rtc.c ****   *                RTC_SSR register content and SecondFraction field the Synchronous pre-scaler
 935:Drivers/STM32H7xx_HAL_Driver/Src/stm32h7xx_hal_rtc.c ****   *                factor to be used for second fraction ratio computation.
 936:Drivers/STM32H7xx_HAL_Driver/Src/stm32h7xx_hal_rtc.c ****   * @param  Format Specifies the format of the entered parameters.
 937:Drivers/STM32H7xx_HAL_Driver/Src/stm32h7xx_hal_rtc.c ****   *          This parameter can be one of the following values:
 938:Drivers/STM32H7xx_HAL_Driver/Src/stm32h7xx_hal_rtc.c ****   *            @arg RTC_FORMAT_BIN: Binary data format
 939:Drivers/STM32H7xx_HAL_Driver/Src/stm32h7xx_hal_rtc.c ****   *            @arg RTC_FORMAT_BCD: BCD data format
 940:Drivers/STM32H7xx_HAL_Driver/Src/stm32h7xx_hal_rtc.c ****   * @note  You can use SubSeconds and SecondFraction (sTime structure fields returned) to convert S
 941:Drivers/STM32H7xx_HAL_Driver/Src/stm32h7xx_hal_rtc.c ****   *        value in second fraction ratio with time unit following generic formula:
 942:Drivers/STM32H7xx_HAL_Driver/Src/stm32h7xx_hal_rtc.c ****   *        Second fraction ratio * time_unit= [(SecondFraction-SubSeconds)/(SecondFraction+1)] * ti
 943:Drivers/STM32H7xx_HAL_Driver/Src/stm32h7xx_hal_rtc.c ****   *        This conversion can be performed only if no shift operation is pending (ie. SHFP=0) when
 944:Drivers/STM32H7xx_HAL_Driver/Src/stm32h7xx_hal_rtc.c ****   * @note  You must call HAL_RTC_GetDate() after HAL_RTC_GetTime() to unlock the values
 945:Drivers/STM32H7xx_HAL_Driver/Src/stm32h7xx_hal_rtc.c ****   *        in the higher-order calendar shadow registers to ensure consistency between the time and
 946:Drivers/STM32H7xx_HAL_Driver/Src/stm32h7xx_hal_rtc.c ****   *        Reading RTC current time locks the values in calendar shadow registers until Current dat
 947:Drivers/STM32H7xx_HAL_Driver/Src/stm32h7xx_hal_rtc.c ****   *        to ensure consistency between the time and date values.
 948:Drivers/STM32H7xx_HAL_Driver/Src/stm32h7xx_hal_rtc.c ****   * @retval HAL status
 949:Drivers/STM32H7xx_HAL_Driver/Src/stm32h7xx_hal_rtc.c ****   */
 950:Drivers/STM32H7xx_HAL_Driver/Src/stm32h7xx_hal_rtc.c **** HAL_StatusTypeDef HAL_RTC_GetTime(const RTC_HandleTypeDef *hrtc, RTC_TimeTypeDef *sTime, uint32_t F
 951:Drivers/STM32H7xx_HAL_Driver/Src/stm32h7xx_hal_rtc.c **** {
 952:Drivers/STM32H7xx_HAL_Driver/Src/stm32h7xx_hal_rtc.c ****   uint32_t tmpreg;
 953:Drivers/STM32H7xx_HAL_Driver/Src/stm32h7xx_hal_rtc.c **** 
 954:Drivers/STM32H7xx_HAL_Driver/Src/stm32h7xx_hal_rtc.c ****   /* Check the parameters */
 955:Drivers/STM32H7xx_HAL_Driver/Src/stm32h7xx_hal_rtc.c ****   assert_param(IS_RTC_FORMAT(Format));
 956:Drivers/STM32H7xx_HAL_Driver/Src/stm32h7xx_hal_rtc.c **** 
 957:Drivers/STM32H7xx_HAL_Driver/Src/stm32h7xx_hal_rtc.c ****   /* Get subseconds structure field from the corresponding register*/
 958:Drivers/STM32H7xx_HAL_Driver/Src/stm32h7xx_hal_rtc.c ****   sTime->SubSeconds = (uint32_t)(hrtc->Instance->SSR);
 959:Drivers/STM32H7xx_HAL_Driver/Src/stm32h7xx_hal_rtc.c **** 
 960:Drivers/STM32H7xx_HAL_Driver/Src/stm32h7xx_hal_rtc.c ****   /* Get SecondFraction structure field from the corresponding register field*/
 961:Drivers/STM32H7xx_HAL_Driver/Src/stm32h7xx_hal_rtc.c ****   sTime->SecondFraction = (uint32_t)(hrtc->Instance->PRER & RTC_PRER_PREDIV_S);
ARM GAS  C:\Users\admin\AppData\Local\Temp\ccgKPo3u.s 			page 19


 962:Drivers/STM32H7xx_HAL_Driver/Src/stm32h7xx_hal_rtc.c **** 
 963:Drivers/STM32H7xx_HAL_Driver/Src/stm32h7xx_hal_rtc.c ****   /* Get the TR register */
 964:Drivers/STM32H7xx_HAL_Driver/Src/stm32h7xx_hal_rtc.c ****   tmpreg = (uint32_t)(hrtc->Instance->TR & RTC_TR_RESERVED_MASK);
 965:Drivers/STM32H7xx_HAL_Driver/Src/stm32h7xx_hal_rtc.c **** 
 966:Drivers/STM32H7xx_HAL_Driver/Src/stm32h7xx_hal_rtc.c ****   /* Fill the structure fields with the read parameters */
 967:Drivers/STM32H7xx_HAL_Driver/Src/stm32h7xx_hal_rtc.c ****   sTime->Hours      = (uint8_t)((tmpreg & (RTC_TR_HT  | RTC_TR_HU))  >> RTC_TR_HU_Pos);
 968:Drivers/STM32H7xx_HAL_Driver/Src/stm32h7xx_hal_rtc.c ****   sTime->Minutes    = (uint8_t)((tmpreg & (RTC_TR_MNT | RTC_TR_MNU)) >> RTC_TR_MNU_Pos);
 969:Drivers/STM32H7xx_HAL_Driver/Src/stm32h7xx_hal_rtc.c ****   sTime->Seconds    = (uint8_t)((tmpreg & (RTC_TR_ST  | RTC_TR_SU))  >> RTC_TR_SU_Pos);
 970:Drivers/STM32H7xx_HAL_Driver/Src/stm32h7xx_hal_rtc.c ****   sTime->TimeFormat = (uint8_t)((tmpreg & (RTC_TR_PM))               >> RTC_TR_PM_Pos);
 971:Drivers/STM32H7xx_HAL_Driver/Src/stm32h7xx_hal_rtc.c **** 
 972:Drivers/STM32H7xx_HAL_Driver/Src/stm32h7xx_hal_rtc.c ****   /* Check the input parameters format */
 973:Drivers/STM32H7xx_HAL_Driver/Src/stm32h7xx_hal_rtc.c ****   if(Format == RTC_FORMAT_BIN)
 974:Drivers/STM32H7xx_HAL_Driver/Src/stm32h7xx_hal_rtc.c ****   {
 975:Drivers/STM32H7xx_HAL_Driver/Src/stm32h7xx_hal_rtc.c ****     /* Convert the time structure parameters to Binary format */
 976:Drivers/STM32H7xx_HAL_Driver/Src/stm32h7xx_hal_rtc.c ****     sTime->Hours   = (uint8_t)RTC_Bcd2ToByte(sTime->Hours);
 977:Drivers/STM32H7xx_HAL_Driver/Src/stm32h7xx_hal_rtc.c ****     sTime->Minutes = (uint8_t)RTC_Bcd2ToByte(sTime->Minutes);
 978:Drivers/STM32H7xx_HAL_Driver/Src/stm32h7xx_hal_rtc.c ****     sTime->Seconds = (uint8_t)RTC_Bcd2ToByte(sTime->Seconds);
 979:Drivers/STM32H7xx_HAL_Driver/Src/stm32h7xx_hal_rtc.c ****   }
 980:Drivers/STM32H7xx_HAL_Driver/Src/stm32h7xx_hal_rtc.c **** 
 981:Drivers/STM32H7xx_HAL_Driver/Src/stm32h7xx_hal_rtc.c ****   return HAL_OK;
 982:Drivers/STM32H7xx_HAL_Driver/Src/stm32h7xx_hal_rtc.c **** }
 983:Drivers/STM32H7xx_HAL_Driver/Src/stm32h7xx_hal_rtc.c **** 
 984:Drivers/STM32H7xx_HAL_Driver/Src/stm32h7xx_hal_rtc.c **** /**
 985:Drivers/STM32H7xx_HAL_Driver/Src/stm32h7xx_hal_rtc.c ****   * @brief  Set RTC current date.
 986:Drivers/STM32H7xx_HAL_Driver/Src/stm32h7xx_hal_rtc.c ****   * @param  hrtc RTC handle
 987:Drivers/STM32H7xx_HAL_Driver/Src/stm32h7xx_hal_rtc.c ****   * @param  sDate Pointer to date structure
 988:Drivers/STM32H7xx_HAL_Driver/Src/stm32h7xx_hal_rtc.c ****   * @param  Format specifies the format of the entered parameters.
 989:Drivers/STM32H7xx_HAL_Driver/Src/stm32h7xx_hal_rtc.c ****   *          This parameter can be one of the following values:
 990:Drivers/STM32H7xx_HAL_Driver/Src/stm32h7xx_hal_rtc.c ****   *            @arg RTC_FORMAT_BIN: Binary data format
 991:Drivers/STM32H7xx_HAL_Driver/Src/stm32h7xx_hal_rtc.c ****   *            @arg RTC_FORMAT_BCD: BCD data format
 992:Drivers/STM32H7xx_HAL_Driver/Src/stm32h7xx_hal_rtc.c ****   * @retval HAL status
 993:Drivers/STM32H7xx_HAL_Driver/Src/stm32h7xx_hal_rtc.c ****   */
 994:Drivers/STM32H7xx_HAL_Driver/Src/stm32h7xx_hal_rtc.c **** HAL_StatusTypeDef HAL_RTC_SetDate(RTC_HandleTypeDef *hrtc, RTC_DateTypeDef *sDate, uint32_t Format)
 995:Drivers/STM32H7xx_HAL_Driver/Src/stm32h7xx_hal_rtc.c **** {
 996:Drivers/STM32H7xx_HAL_Driver/Src/stm32h7xx_hal_rtc.c ****   uint32_t datetmpreg;
 997:Drivers/STM32H7xx_HAL_Driver/Src/stm32h7xx_hal_rtc.c ****   HAL_StatusTypeDef status;
 998:Drivers/STM32H7xx_HAL_Driver/Src/stm32h7xx_hal_rtc.c **** 
 999:Drivers/STM32H7xx_HAL_Driver/Src/stm32h7xx_hal_rtc.c ****   /* Check the parameters */
1000:Drivers/STM32H7xx_HAL_Driver/Src/stm32h7xx_hal_rtc.c ****   assert_param(IS_RTC_FORMAT(Format));
1001:Drivers/STM32H7xx_HAL_Driver/Src/stm32h7xx_hal_rtc.c **** 
1002:Drivers/STM32H7xx_HAL_Driver/Src/stm32h7xx_hal_rtc.c ****   /* Process Locked */
1003:Drivers/STM32H7xx_HAL_Driver/Src/stm32h7xx_hal_rtc.c ****   __HAL_LOCK(hrtc);
1004:Drivers/STM32H7xx_HAL_Driver/Src/stm32h7xx_hal_rtc.c **** 
1005:Drivers/STM32H7xx_HAL_Driver/Src/stm32h7xx_hal_rtc.c ****   hrtc->State = HAL_RTC_STATE_BUSY;
1006:Drivers/STM32H7xx_HAL_Driver/Src/stm32h7xx_hal_rtc.c **** 
1007:Drivers/STM32H7xx_HAL_Driver/Src/stm32h7xx_hal_rtc.c ****   if((Format == RTC_FORMAT_BIN) && ((sDate->Month & 0x10U) == 0x10U))
1008:Drivers/STM32H7xx_HAL_Driver/Src/stm32h7xx_hal_rtc.c ****   {
1009:Drivers/STM32H7xx_HAL_Driver/Src/stm32h7xx_hal_rtc.c ****     sDate->Month = (uint8_t)((sDate->Month & (uint8_t)~(0x10U)) + (uint8_t)0x0AU);
1010:Drivers/STM32H7xx_HAL_Driver/Src/stm32h7xx_hal_rtc.c ****   }
1011:Drivers/STM32H7xx_HAL_Driver/Src/stm32h7xx_hal_rtc.c **** 
1012:Drivers/STM32H7xx_HAL_Driver/Src/stm32h7xx_hal_rtc.c ****   assert_param(IS_RTC_WEEKDAY(sDate->WeekDay));
1013:Drivers/STM32H7xx_HAL_Driver/Src/stm32h7xx_hal_rtc.c **** 
1014:Drivers/STM32H7xx_HAL_Driver/Src/stm32h7xx_hal_rtc.c ****   if(Format == RTC_FORMAT_BIN)
1015:Drivers/STM32H7xx_HAL_Driver/Src/stm32h7xx_hal_rtc.c ****   {
1016:Drivers/STM32H7xx_HAL_Driver/Src/stm32h7xx_hal_rtc.c ****     assert_param(IS_RTC_YEAR(sDate->Year));
1017:Drivers/STM32H7xx_HAL_Driver/Src/stm32h7xx_hal_rtc.c ****     assert_param(IS_RTC_MONTH(sDate->Month));
1018:Drivers/STM32H7xx_HAL_Driver/Src/stm32h7xx_hal_rtc.c ****     assert_param(IS_RTC_DATE(sDate->Date));
ARM GAS  C:\Users\admin\AppData\Local\Temp\ccgKPo3u.s 			page 20


1019:Drivers/STM32H7xx_HAL_Driver/Src/stm32h7xx_hal_rtc.c **** 
1020:Drivers/STM32H7xx_HAL_Driver/Src/stm32h7xx_hal_rtc.c ****     datetmpreg = (((uint32_t)RTC_ByteToBcd2(sDate->Year)  << RTC_DR_YU_Pos) | \
1021:Drivers/STM32H7xx_HAL_Driver/Src/stm32h7xx_hal_rtc.c ****                   ((uint32_t)RTC_ByteToBcd2(sDate->Month) << RTC_DR_MU_Pos) | \
1022:Drivers/STM32H7xx_HAL_Driver/Src/stm32h7xx_hal_rtc.c ****                   ((uint32_t)RTC_ByteToBcd2(sDate->Date)  << RTC_DR_DU_Pos) | \
1023:Drivers/STM32H7xx_HAL_Driver/Src/stm32h7xx_hal_rtc.c ****                   ((uint32_t)sDate->WeekDay               << RTC_DR_WDU_Pos));
1024:Drivers/STM32H7xx_HAL_Driver/Src/stm32h7xx_hal_rtc.c ****   }
1025:Drivers/STM32H7xx_HAL_Driver/Src/stm32h7xx_hal_rtc.c ****   else
1026:Drivers/STM32H7xx_HAL_Driver/Src/stm32h7xx_hal_rtc.c ****   {
1027:Drivers/STM32H7xx_HAL_Driver/Src/stm32h7xx_hal_rtc.c ****     assert_param(IS_RTC_YEAR(RTC_Bcd2ToByte(sDate->Year)));
1028:Drivers/STM32H7xx_HAL_Driver/Src/stm32h7xx_hal_rtc.c ****     assert_param(IS_RTC_MONTH(RTC_Bcd2ToByte(sDate->Month)));
1029:Drivers/STM32H7xx_HAL_Driver/Src/stm32h7xx_hal_rtc.c ****     assert_param(IS_RTC_DATE(RTC_Bcd2ToByte(sDate->Date)));
1030:Drivers/STM32H7xx_HAL_Driver/Src/stm32h7xx_hal_rtc.c **** 
1031:Drivers/STM32H7xx_HAL_Driver/Src/stm32h7xx_hal_rtc.c ****     datetmpreg = ((((uint32_t)sDate->Year)    << RTC_DR_YU_Pos) | \
1032:Drivers/STM32H7xx_HAL_Driver/Src/stm32h7xx_hal_rtc.c ****                   (((uint32_t)sDate->Month)   << RTC_DR_MU_Pos) | \
1033:Drivers/STM32H7xx_HAL_Driver/Src/stm32h7xx_hal_rtc.c ****                   (((uint32_t)sDate->Date)    << RTC_DR_DU_Pos) | \
1034:Drivers/STM32H7xx_HAL_Driver/Src/stm32h7xx_hal_rtc.c ****                   (((uint32_t)sDate->WeekDay) << RTC_DR_WDU_Pos));
1035:Drivers/STM32H7xx_HAL_Driver/Src/stm32h7xx_hal_rtc.c ****   }
1036:Drivers/STM32H7xx_HAL_Driver/Src/stm32h7xx_hal_rtc.c **** 
1037:Drivers/STM32H7xx_HAL_Driver/Src/stm32h7xx_hal_rtc.c ****   /* Disable the write protection for RTC registers */
1038:Drivers/STM32H7xx_HAL_Driver/Src/stm32h7xx_hal_rtc.c ****   __HAL_RTC_WRITEPROTECTION_DISABLE(hrtc);
1039:Drivers/STM32H7xx_HAL_Driver/Src/stm32h7xx_hal_rtc.c **** 
1040:Drivers/STM32H7xx_HAL_Driver/Src/stm32h7xx_hal_rtc.c **** 
1041:Drivers/STM32H7xx_HAL_Driver/Src/stm32h7xx_hal_rtc.c ****   /* Enter Initialization mode */
1042:Drivers/STM32H7xx_HAL_Driver/Src/stm32h7xx_hal_rtc.c ****   status = RTC_EnterInitMode(hrtc);
1043:Drivers/STM32H7xx_HAL_Driver/Src/stm32h7xx_hal_rtc.c ****   if (status == HAL_OK)
1044:Drivers/STM32H7xx_HAL_Driver/Src/stm32h7xx_hal_rtc.c ****   {
1045:Drivers/STM32H7xx_HAL_Driver/Src/stm32h7xx_hal_rtc.c ****     /* Set the RTC_DR register */
1046:Drivers/STM32H7xx_HAL_Driver/Src/stm32h7xx_hal_rtc.c ****     hrtc->Instance->DR = (uint32_t)(datetmpreg & RTC_DR_RESERVED_MASK);
1047:Drivers/STM32H7xx_HAL_Driver/Src/stm32h7xx_hal_rtc.c **** 
1048:Drivers/STM32H7xx_HAL_Driver/Src/stm32h7xx_hal_rtc.c **** 
1049:Drivers/STM32H7xx_HAL_Driver/Src/stm32h7xx_hal_rtc.c ****     /* Exit Initialization mode */
1050:Drivers/STM32H7xx_HAL_Driver/Src/stm32h7xx_hal_rtc.c ****     status = RTC_ExitInitMode(hrtc);
1051:Drivers/STM32H7xx_HAL_Driver/Src/stm32h7xx_hal_rtc.c ****   }
1052:Drivers/STM32H7xx_HAL_Driver/Src/stm32h7xx_hal_rtc.c **** 
1053:Drivers/STM32H7xx_HAL_Driver/Src/stm32h7xx_hal_rtc.c ****   /* Enable the write protection for RTC registers */
1054:Drivers/STM32H7xx_HAL_Driver/Src/stm32h7xx_hal_rtc.c ****   __HAL_RTC_WRITEPROTECTION_ENABLE(hrtc);
1055:Drivers/STM32H7xx_HAL_Driver/Src/stm32h7xx_hal_rtc.c **** 
1056:Drivers/STM32H7xx_HAL_Driver/Src/stm32h7xx_hal_rtc.c ****   if (status == HAL_OK)
1057:Drivers/STM32H7xx_HAL_Driver/Src/stm32h7xx_hal_rtc.c ****   {
1058:Drivers/STM32H7xx_HAL_Driver/Src/stm32h7xx_hal_rtc.c ****     hrtc->State = HAL_RTC_STATE_READY;
1059:Drivers/STM32H7xx_HAL_Driver/Src/stm32h7xx_hal_rtc.c ****   }
1060:Drivers/STM32H7xx_HAL_Driver/Src/stm32h7xx_hal_rtc.c **** 
1061:Drivers/STM32H7xx_HAL_Driver/Src/stm32h7xx_hal_rtc.c ****   /* Process Unlocked */
1062:Drivers/STM32H7xx_HAL_Driver/Src/stm32h7xx_hal_rtc.c ****   __HAL_UNLOCK(hrtc);
1063:Drivers/STM32H7xx_HAL_Driver/Src/stm32h7xx_hal_rtc.c **** 
1064:Drivers/STM32H7xx_HAL_Driver/Src/stm32h7xx_hal_rtc.c ****   return status;
1065:Drivers/STM32H7xx_HAL_Driver/Src/stm32h7xx_hal_rtc.c **** 
1066:Drivers/STM32H7xx_HAL_Driver/Src/stm32h7xx_hal_rtc.c **** 
1067:Drivers/STM32H7xx_HAL_Driver/Src/stm32h7xx_hal_rtc.c **** }
1068:Drivers/STM32H7xx_HAL_Driver/Src/stm32h7xx_hal_rtc.c **** 
1069:Drivers/STM32H7xx_HAL_Driver/Src/stm32h7xx_hal_rtc.c **** /**
1070:Drivers/STM32H7xx_HAL_Driver/Src/stm32h7xx_hal_rtc.c ****   * @brief  Get RTC current date.
1071:Drivers/STM32H7xx_HAL_Driver/Src/stm32h7xx_hal_rtc.c ****   * @param  hrtc RTC handle
1072:Drivers/STM32H7xx_HAL_Driver/Src/stm32h7xx_hal_rtc.c ****   * @param  sDate Pointer to Date structure
1073:Drivers/STM32H7xx_HAL_Driver/Src/stm32h7xx_hal_rtc.c ****   * @param  Format Specifies the format of the entered parameters.
1074:Drivers/STM32H7xx_HAL_Driver/Src/stm32h7xx_hal_rtc.c ****   *          This parameter can be one of the following values:
1075:Drivers/STM32H7xx_HAL_Driver/Src/stm32h7xx_hal_rtc.c ****   *            @arg RTC_FORMAT_BIN:  Binary data format
ARM GAS  C:\Users\admin\AppData\Local\Temp\ccgKPo3u.s 			page 21


1076:Drivers/STM32H7xx_HAL_Driver/Src/stm32h7xx_hal_rtc.c ****   *            @arg RTC_FORMAT_BCD:  BCD data format
1077:Drivers/STM32H7xx_HAL_Driver/Src/stm32h7xx_hal_rtc.c ****   * @note  You must call HAL_RTC_GetDate() after HAL_RTC_GetTime() to unlock the values
1078:Drivers/STM32H7xx_HAL_Driver/Src/stm32h7xx_hal_rtc.c ****   *        in the higher-order calendar shadow registers to ensure consistency between the time and
1079:Drivers/STM32H7xx_HAL_Driver/Src/stm32h7xx_hal_rtc.c ****   *        Reading RTC current time locks the values in calendar shadow registers until Current dat
1080:Drivers/STM32H7xx_HAL_Driver/Src/stm32h7xx_hal_rtc.c ****   * @retval HAL status
1081:Drivers/STM32H7xx_HAL_Driver/Src/stm32h7xx_hal_rtc.c ****   */
1082:Drivers/STM32H7xx_HAL_Driver/Src/stm32h7xx_hal_rtc.c **** HAL_StatusTypeDef HAL_RTC_GetDate(const RTC_HandleTypeDef *hrtc, RTC_DateTypeDef *sDate, uint32_t F
1083:Drivers/STM32H7xx_HAL_Driver/Src/stm32h7xx_hal_rtc.c **** {
1084:Drivers/STM32H7xx_HAL_Driver/Src/stm32h7xx_hal_rtc.c ****   uint32_t datetmpreg;
1085:Drivers/STM32H7xx_HAL_Driver/Src/stm32h7xx_hal_rtc.c **** 
1086:Drivers/STM32H7xx_HAL_Driver/Src/stm32h7xx_hal_rtc.c ****   /* Check the parameters */
1087:Drivers/STM32H7xx_HAL_Driver/Src/stm32h7xx_hal_rtc.c ****   assert_param(IS_RTC_FORMAT(Format));
1088:Drivers/STM32H7xx_HAL_Driver/Src/stm32h7xx_hal_rtc.c **** 
1089:Drivers/STM32H7xx_HAL_Driver/Src/stm32h7xx_hal_rtc.c ****   /* Get the DR register */
1090:Drivers/STM32H7xx_HAL_Driver/Src/stm32h7xx_hal_rtc.c ****   datetmpreg = (uint32_t)(hrtc->Instance->DR & RTC_DR_RESERVED_MASK);
1091:Drivers/STM32H7xx_HAL_Driver/Src/stm32h7xx_hal_rtc.c **** 
1092:Drivers/STM32H7xx_HAL_Driver/Src/stm32h7xx_hal_rtc.c ****   /* Fill the structure fields with the read parameters */
1093:Drivers/STM32H7xx_HAL_Driver/Src/stm32h7xx_hal_rtc.c ****   sDate->Year    = (uint8_t)((datetmpreg & (RTC_DR_YT | RTC_DR_YU)) >> RTC_DR_YU_Pos);
1094:Drivers/STM32H7xx_HAL_Driver/Src/stm32h7xx_hal_rtc.c ****   sDate->Month   = (uint8_t)((datetmpreg & (RTC_DR_MT | RTC_DR_MU)) >> RTC_DR_MU_Pos);
1095:Drivers/STM32H7xx_HAL_Driver/Src/stm32h7xx_hal_rtc.c ****   sDate->Date    = (uint8_t)((datetmpreg & (RTC_DR_DT | RTC_DR_DU)) >> RTC_DR_DU_Pos);
1096:Drivers/STM32H7xx_HAL_Driver/Src/stm32h7xx_hal_rtc.c ****   sDate->WeekDay = (uint8_t)((datetmpreg & (RTC_DR_WDU))            >> RTC_DR_WDU_Pos);
1097:Drivers/STM32H7xx_HAL_Driver/Src/stm32h7xx_hal_rtc.c **** 
1098:Drivers/STM32H7xx_HAL_Driver/Src/stm32h7xx_hal_rtc.c ****   /* Check the input parameters format */
1099:Drivers/STM32H7xx_HAL_Driver/Src/stm32h7xx_hal_rtc.c ****   if(Format == RTC_FORMAT_BIN)
1100:Drivers/STM32H7xx_HAL_Driver/Src/stm32h7xx_hal_rtc.c ****   {
1101:Drivers/STM32H7xx_HAL_Driver/Src/stm32h7xx_hal_rtc.c ****     /* Convert the date structure parameters to Binary format */
1102:Drivers/STM32H7xx_HAL_Driver/Src/stm32h7xx_hal_rtc.c ****     sDate->Year = (uint8_t)RTC_Bcd2ToByte(sDate->Year);
1103:Drivers/STM32H7xx_HAL_Driver/Src/stm32h7xx_hal_rtc.c ****     sDate->Month = (uint8_t)RTC_Bcd2ToByte(sDate->Month);
1104:Drivers/STM32H7xx_HAL_Driver/Src/stm32h7xx_hal_rtc.c ****     sDate->Date = (uint8_t)RTC_Bcd2ToByte(sDate->Date);
1105:Drivers/STM32H7xx_HAL_Driver/Src/stm32h7xx_hal_rtc.c ****   }
1106:Drivers/STM32H7xx_HAL_Driver/Src/stm32h7xx_hal_rtc.c ****   return HAL_OK;
1107:Drivers/STM32H7xx_HAL_Driver/Src/stm32h7xx_hal_rtc.c **** }
1108:Drivers/STM32H7xx_HAL_Driver/Src/stm32h7xx_hal_rtc.c **** 
1109:Drivers/STM32H7xx_HAL_Driver/Src/stm32h7xx_hal_rtc.c **** /**
1110:Drivers/STM32H7xx_HAL_Driver/Src/stm32h7xx_hal_rtc.c ****   * @}
1111:Drivers/STM32H7xx_HAL_Driver/Src/stm32h7xx_hal_rtc.c ****   */
1112:Drivers/STM32H7xx_HAL_Driver/Src/stm32h7xx_hal_rtc.c **** 
1113:Drivers/STM32H7xx_HAL_Driver/Src/stm32h7xx_hal_rtc.c **** /** @addtogroup RTC_Exported_Functions_Group3
1114:Drivers/STM32H7xx_HAL_Driver/Src/stm32h7xx_hal_rtc.c ****  *  @brief   RTC Alarm functions
1115:Drivers/STM32H7xx_HAL_Driver/Src/stm32h7xx_hal_rtc.c ****  *
1116:Drivers/STM32H7xx_HAL_Driver/Src/stm32h7xx_hal_rtc.c **** @verbatim
1117:Drivers/STM32H7xx_HAL_Driver/Src/stm32h7xx_hal_rtc.c ****  ===============================================================================
1118:Drivers/STM32H7xx_HAL_Driver/Src/stm32h7xx_hal_rtc.c ****                  ##### RTC Alarm functions #####
1119:Drivers/STM32H7xx_HAL_Driver/Src/stm32h7xx_hal_rtc.c ****  ===============================================================================
1120:Drivers/STM32H7xx_HAL_Driver/Src/stm32h7xx_hal_rtc.c **** 
1121:Drivers/STM32H7xx_HAL_Driver/Src/stm32h7xx_hal_rtc.c ****  [..] This section provides functions allowing to configure Alarm feature
1122:Drivers/STM32H7xx_HAL_Driver/Src/stm32h7xx_hal_rtc.c **** 
1123:Drivers/STM32H7xx_HAL_Driver/Src/stm32h7xx_hal_rtc.c **** @endverbatim
1124:Drivers/STM32H7xx_HAL_Driver/Src/stm32h7xx_hal_rtc.c ****   * @{
1125:Drivers/STM32H7xx_HAL_Driver/Src/stm32h7xx_hal_rtc.c ****   */
1126:Drivers/STM32H7xx_HAL_Driver/Src/stm32h7xx_hal_rtc.c **** /**
1127:Drivers/STM32H7xx_HAL_Driver/Src/stm32h7xx_hal_rtc.c ****   * @brief  Set the specified RTC Alarm.
1128:Drivers/STM32H7xx_HAL_Driver/Src/stm32h7xx_hal_rtc.c ****   * @param  hrtc RTC handle
1129:Drivers/STM32H7xx_HAL_Driver/Src/stm32h7xx_hal_rtc.c ****   * @param  sAlarm Pointer to Alarm structure
1130:Drivers/STM32H7xx_HAL_Driver/Src/stm32h7xx_hal_rtc.c ****   * @param  Format Specifies the format of the entered parameters.
1131:Drivers/STM32H7xx_HAL_Driver/Src/stm32h7xx_hal_rtc.c ****   *          This parameter can be one of the following values:
1132:Drivers/STM32H7xx_HAL_Driver/Src/stm32h7xx_hal_rtc.c ****   *             @arg RTC_FORMAT_BIN: Binary data format
ARM GAS  C:\Users\admin\AppData\Local\Temp\ccgKPo3u.s 			page 22


1133:Drivers/STM32H7xx_HAL_Driver/Src/stm32h7xx_hal_rtc.c ****   *             @arg RTC_FORMAT_BCD: BCD data format
1134:Drivers/STM32H7xx_HAL_Driver/Src/stm32h7xx_hal_rtc.c ****   * @retval HAL status
1135:Drivers/STM32H7xx_HAL_Driver/Src/stm32h7xx_hal_rtc.c ****   */
1136:Drivers/STM32H7xx_HAL_Driver/Src/stm32h7xx_hal_rtc.c **** HAL_StatusTypeDef HAL_RTC_SetAlarm(RTC_HandleTypeDef *hrtc, RTC_AlarmTypeDef *sAlarm, uint32_t Form
1137:Drivers/STM32H7xx_HAL_Driver/Src/stm32h7xx_hal_rtc.c **** {
1138:Drivers/STM32H7xx_HAL_Driver/Src/stm32h7xx_hal_rtc.c ****   uint32_t tickstart;
1139:Drivers/STM32H7xx_HAL_Driver/Src/stm32h7xx_hal_rtc.c ****   uint32_t tmpreg;
1140:Drivers/STM32H7xx_HAL_Driver/Src/stm32h7xx_hal_rtc.c ****   uint32_t subsecondtmpreg;
1141:Drivers/STM32H7xx_HAL_Driver/Src/stm32h7xx_hal_rtc.c **** 
1142:Drivers/STM32H7xx_HAL_Driver/Src/stm32h7xx_hal_rtc.c ****   /* Check the parameters */
1143:Drivers/STM32H7xx_HAL_Driver/Src/stm32h7xx_hal_rtc.c ****   assert_param(IS_RTC_FORMAT(Format));
1144:Drivers/STM32H7xx_HAL_Driver/Src/stm32h7xx_hal_rtc.c ****   assert_param(IS_RTC_ALARM(sAlarm->Alarm));
1145:Drivers/STM32H7xx_HAL_Driver/Src/stm32h7xx_hal_rtc.c ****   assert_param(IS_RTC_ALARM_MASK(sAlarm->AlarmMask));
1146:Drivers/STM32H7xx_HAL_Driver/Src/stm32h7xx_hal_rtc.c ****   assert_param(IS_RTC_ALARM_DATE_WEEKDAY_SEL(sAlarm->AlarmDateWeekDaySel));
1147:Drivers/STM32H7xx_HAL_Driver/Src/stm32h7xx_hal_rtc.c ****   assert_param(IS_RTC_ALARM_SUB_SECOND_VALUE(sAlarm->AlarmTime.SubSeconds));
1148:Drivers/STM32H7xx_HAL_Driver/Src/stm32h7xx_hal_rtc.c ****   assert_param(IS_RTC_ALARM_SUB_SECOND_MASK(sAlarm->AlarmSubSecondMask));
1149:Drivers/STM32H7xx_HAL_Driver/Src/stm32h7xx_hal_rtc.c **** 
1150:Drivers/STM32H7xx_HAL_Driver/Src/stm32h7xx_hal_rtc.c ****   /* Process Locked */
1151:Drivers/STM32H7xx_HAL_Driver/Src/stm32h7xx_hal_rtc.c ****   __HAL_LOCK(hrtc);
1152:Drivers/STM32H7xx_HAL_Driver/Src/stm32h7xx_hal_rtc.c **** 
1153:Drivers/STM32H7xx_HAL_Driver/Src/stm32h7xx_hal_rtc.c ****   hrtc->State = HAL_RTC_STATE_BUSY;
1154:Drivers/STM32H7xx_HAL_Driver/Src/stm32h7xx_hal_rtc.c **** 
1155:Drivers/STM32H7xx_HAL_Driver/Src/stm32h7xx_hal_rtc.c ****   if(Format == RTC_FORMAT_BIN)
1156:Drivers/STM32H7xx_HAL_Driver/Src/stm32h7xx_hal_rtc.c ****   {
1157:Drivers/STM32H7xx_HAL_Driver/Src/stm32h7xx_hal_rtc.c ****     if((hrtc->Instance->CR & RTC_CR_FMT) != 0U)
1158:Drivers/STM32H7xx_HAL_Driver/Src/stm32h7xx_hal_rtc.c ****     {
1159:Drivers/STM32H7xx_HAL_Driver/Src/stm32h7xx_hal_rtc.c ****       assert_param(IS_RTC_HOUR12(sAlarm->AlarmTime.Hours));
1160:Drivers/STM32H7xx_HAL_Driver/Src/stm32h7xx_hal_rtc.c ****       assert_param(IS_RTC_HOURFORMAT12(sAlarm->AlarmTime.TimeFormat));
1161:Drivers/STM32H7xx_HAL_Driver/Src/stm32h7xx_hal_rtc.c ****     }
1162:Drivers/STM32H7xx_HAL_Driver/Src/stm32h7xx_hal_rtc.c ****     else
1163:Drivers/STM32H7xx_HAL_Driver/Src/stm32h7xx_hal_rtc.c ****     {
1164:Drivers/STM32H7xx_HAL_Driver/Src/stm32h7xx_hal_rtc.c ****       sAlarm->AlarmTime.TimeFormat = 0x00U;
1165:Drivers/STM32H7xx_HAL_Driver/Src/stm32h7xx_hal_rtc.c ****       assert_param(IS_RTC_HOUR24(sAlarm->AlarmTime.Hours));
1166:Drivers/STM32H7xx_HAL_Driver/Src/stm32h7xx_hal_rtc.c ****     }
1167:Drivers/STM32H7xx_HAL_Driver/Src/stm32h7xx_hal_rtc.c ****     assert_param(IS_RTC_MINUTES(sAlarm->AlarmTime.Minutes));
1168:Drivers/STM32H7xx_HAL_Driver/Src/stm32h7xx_hal_rtc.c ****     assert_param(IS_RTC_SECONDS(sAlarm->AlarmTime.Seconds));
1169:Drivers/STM32H7xx_HAL_Driver/Src/stm32h7xx_hal_rtc.c **** 
1170:Drivers/STM32H7xx_HAL_Driver/Src/stm32h7xx_hal_rtc.c ****     if(sAlarm->AlarmDateWeekDaySel == RTC_ALARMDATEWEEKDAYSEL_DATE)
1171:Drivers/STM32H7xx_HAL_Driver/Src/stm32h7xx_hal_rtc.c ****     {
1172:Drivers/STM32H7xx_HAL_Driver/Src/stm32h7xx_hal_rtc.c ****       assert_param(IS_RTC_ALARM_DATE_WEEKDAY_DATE(sAlarm->AlarmDateWeekDay));
1173:Drivers/STM32H7xx_HAL_Driver/Src/stm32h7xx_hal_rtc.c ****     }
1174:Drivers/STM32H7xx_HAL_Driver/Src/stm32h7xx_hal_rtc.c ****     else
1175:Drivers/STM32H7xx_HAL_Driver/Src/stm32h7xx_hal_rtc.c ****     {
1176:Drivers/STM32H7xx_HAL_Driver/Src/stm32h7xx_hal_rtc.c ****       assert_param(IS_RTC_ALARM_DATE_WEEKDAY_WEEKDAY(sAlarm->AlarmDateWeekDay));
1177:Drivers/STM32H7xx_HAL_Driver/Src/stm32h7xx_hal_rtc.c ****     }
1178:Drivers/STM32H7xx_HAL_Driver/Src/stm32h7xx_hal_rtc.c **** 
1179:Drivers/STM32H7xx_HAL_Driver/Src/stm32h7xx_hal_rtc.c ****     tmpreg = (((uint32_t)RTC_ByteToBcd2(sAlarm->AlarmTime.Hours)   << RTC_ALRMAR_HU_Pos)  | \
1180:Drivers/STM32H7xx_HAL_Driver/Src/stm32h7xx_hal_rtc.c ****               ((uint32_t)RTC_ByteToBcd2(sAlarm->AlarmTime.Minutes) << RTC_ALRMAR_MNU_Pos) | \
1181:Drivers/STM32H7xx_HAL_Driver/Src/stm32h7xx_hal_rtc.c ****               ((uint32_t)RTC_ByteToBcd2(sAlarm->AlarmTime.Seconds) << RTC_ALRMAR_SU_Pos)  | \
1182:Drivers/STM32H7xx_HAL_Driver/Src/stm32h7xx_hal_rtc.c ****               ((uint32_t)sAlarm->AlarmTime.TimeFormat              << RTC_ALRMAR_PM_Pos)  | \
1183:Drivers/STM32H7xx_HAL_Driver/Src/stm32h7xx_hal_rtc.c ****               ((uint32_t)RTC_ByteToBcd2(sAlarm->AlarmDateWeekDay)  << RTC_ALRMAR_DU_Pos)  | \
1184:Drivers/STM32H7xx_HAL_Driver/Src/stm32h7xx_hal_rtc.c ****               ((uint32_t)sAlarm->AlarmDateWeekDaySel)                                     | \
1185:Drivers/STM32H7xx_HAL_Driver/Src/stm32h7xx_hal_rtc.c ****               ((uint32_t)sAlarm->AlarmMask));
1186:Drivers/STM32H7xx_HAL_Driver/Src/stm32h7xx_hal_rtc.c ****   }
1187:Drivers/STM32H7xx_HAL_Driver/Src/stm32h7xx_hal_rtc.c ****   else
1188:Drivers/STM32H7xx_HAL_Driver/Src/stm32h7xx_hal_rtc.c ****   {
1189:Drivers/STM32H7xx_HAL_Driver/Src/stm32h7xx_hal_rtc.c ****     if((hrtc->Instance->CR & RTC_CR_FMT) != 0U)
ARM GAS  C:\Users\admin\AppData\Local\Temp\ccgKPo3u.s 			page 23


1190:Drivers/STM32H7xx_HAL_Driver/Src/stm32h7xx_hal_rtc.c ****     {
1191:Drivers/STM32H7xx_HAL_Driver/Src/stm32h7xx_hal_rtc.c ****       assert_param(IS_RTC_HOUR12(RTC_Bcd2ToByte(sAlarm->AlarmTime.Hours)));
1192:Drivers/STM32H7xx_HAL_Driver/Src/stm32h7xx_hal_rtc.c ****       assert_param(IS_RTC_HOURFORMAT12(sAlarm->AlarmTime.TimeFormat));
1193:Drivers/STM32H7xx_HAL_Driver/Src/stm32h7xx_hal_rtc.c ****     }
1194:Drivers/STM32H7xx_HAL_Driver/Src/stm32h7xx_hal_rtc.c ****     else
1195:Drivers/STM32H7xx_HAL_Driver/Src/stm32h7xx_hal_rtc.c ****     {
1196:Drivers/STM32H7xx_HAL_Driver/Src/stm32h7xx_hal_rtc.c ****       sAlarm->AlarmTime.TimeFormat = 0x00U;
1197:Drivers/STM32H7xx_HAL_Driver/Src/stm32h7xx_hal_rtc.c ****       assert_param(IS_RTC_HOUR24(RTC_Bcd2ToByte(sAlarm->AlarmTime.Hours)));
1198:Drivers/STM32H7xx_HAL_Driver/Src/stm32h7xx_hal_rtc.c ****     }
1199:Drivers/STM32H7xx_HAL_Driver/Src/stm32h7xx_hal_rtc.c **** 
1200:Drivers/STM32H7xx_HAL_Driver/Src/stm32h7xx_hal_rtc.c ****     assert_param(IS_RTC_MINUTES(RTC_Bcd2ToByte(sAlarm->AlarmTime.Minutes)));
1201:Drivers/STM32H7xx_HAL_Driver/Src/stm32h7xx_hal_rtc.c ****     assert_param(IS_RTC_SECONDS(RTC_Bcd2ToByte(sAlarm->AlarmTime.Seconds)));
1202:Drivers/STM32H7xx_HAL_Driver/Src/stm32h7xx_hal_rtc.c **** 
1203:Drivers/STM32H7xx_HAL_Driver/Src/stm32h7xx_hal_rtc.c ****     if(sAlarm->AlarmDateWeekDaySel == RTC_ALARMDATEWEEKDAYSEL_DATE)
1204:Drivers/STM32H7xx_HAL_Driver/Src/stm32h7xx_hal_rtc.c ****     {
1205:Drivers/STM32H7xx_HAL_Driver/Src/stm32h7xx_hal_rtc.c ****       assert_param(IS_RTC_ALARM_DATE_WEEKDAY_DATE(RTC_Bcd2ToByte(sAlarm->AlarmDateWeekDay)));
1206:Drivers/STM32H7xx_HAL_Driver/Src/stm32h7xx_hal_rtc.c ****     }
1207:Drivers/STM32H7xx_HAL_Driver/Src/stm32h7xx_hal_rtc.c ****     else
1208:Drivers/STM32H7xx_HAL_Driver/Src/stm32h7xx_hal_rtc.c ****     {
1209:Drivers/STM32H7xx_HAL_Driver/Src/stm32h7xx_hal_rtc.c ****       assert_param(IS_RTC_ALARM_DATE_WEEKDAY_WEEKDAY(RTC_Bcd2ToByte(sAlarm->AlarmDateWeekDay)));
1210:Drivers/STM32H7xx_HAL_Driver/Src/stm32h7xx_hal_rtc.c ****     }
1211:Drivers/STM32H7xx_HAL_Driver/Src/stm32h7xx_hal_rtc.c **** 
1212:Drivers/STM32H7xx_HAL_Driver/Src/stm32h7xx_hal_rtc.c ****     tmpreg = (((uint32_t)sAlarm->AlarmTime.Hours       << RTC_ALRMAR_HU_Pos)  | \
1213:Drivers/STM32H7xx_HAL_Driver/Src/stm32h7xx_hal_rtc.c ****               ((uint32_t)sAlarm->AlarmTime.Minutes     << RTC_ALRMAR_MNU_Pos) | \
1214:Drivers/STM32H7xx_HAL_Driver/Src/stm32h7xx_hal_rtc.c ****               ((uint32_t)sAlarm->AlarmTime.Seconds     << RTC_ALRMAR_SU_Pos)  | \
1215:Drivers/STM32H7xx_HAL_Driver/Src/stm32h7xx_hal_rtc.c ****               ((uint32_t)sAlarm->AlarmTime.TimeFormat  << RTC_ALRMAR_PM_Pos)  | \
1216:Drivers/STM32H7xx_HAL_Driver/Src/stm32h7xx_hal_rtc.c ****               ((uint32_t)sAlarm->AlarmDateWeekDay      << RTC_ALRMAR_DU_Pos)  | \
1217:Drivers/STM32H7xx_HAL_Driver/Src/stm32h7xx_hal_rtc.c ****               ((uint32_t)sAlarm->AlarmDateWeekDaySel)                         | \
1218:Drivers/STM32H7xx_HAL_Driver/Src/stm32h7xx_hal_rtc.c ****               ((uint32_t)sAlarm->AlarmMask));
1219:Drivers/STM32H7xx_HAL_Driver/Src/stm32h7xx_hal_rtc.c ****   }
1220:Drivers/STM32H7xx_HAL_Driver/Src/stm32h7xx_hal_rtc.c **** 
1221:Drivers/STM32H7xx_HAL_Driver/Src/stm32h7xx_hal_rtc.c ****   /* Configure the Alarm A or Alarm B Sub Second registers */
1222:Drivers/STM32H7xx_HAL_Driver/Src/stm32h7xx_hal_rtc.c ****   subsecondtmpreg = (uint32_t)((uint32_t)(sAlarm->AlarmTime.SubSeconds) | (uint32_t)(sAlarm->AlarmS
1223:Drivers/STM32H7xx_HAL_Driver/Src/stm32h7xx_hal_rtc.c **** 
1224:Drivers/STM32H7xx_HAL_Driver/Src/stm32h7xx_hal_rtc.c ****   /* Disable the write protection for RTC registers */
1225:Drivers/STM32H7xx_HAL_Driver/Src/stm32h7xx_hal_rtc.c ****   __HAL_RTC_WRITEPROTECTION_DISABLE(hrtc);
1226:Drivers/STM32H7xx_HAL_Driver/Src/stm32h7xx_hal_rtc.c **** 
1227:Drivers/STM32H7xx_HAL_Driver/Src/stm32h7xx_hal_rtc.c ****   /* Configure the Alarm register */
1228:Drivers/STM32H7xx_HAL_Driver/Src/stm32h7xx_hal_rtc.c ****   if(sAlarm->Alarm == RTC_ALARM_A)
1229:Drivers/STM32H7xx_HAL_Driver/Src/stm32h7xx_hal_rtc.c ****   {
1230:Drivers/STM32H7xx_HAL_Driver/Src/stm32h7xx_hal_rtc.c ****     /* Disable the Alarm A interrupt */
1231:Drivers/STM32H7xx_HAL_Driver/Src/stm32h7xx_hal_rtc.c ****     __HAL_RTC_ALARMA_DISABLE(hrtc);
1232:Drivers/STM32H7xx_HAL_Driver/Src/stm32h7xx_hal_rtc.c ****     /* Clear flag alarm A */
1233:Drivers/STM32H7xx_HAL_Driver/Src/stm32h7xx_hal_rtc.c ****     __HAL_RTC_ALARM_CLEAR_FLAG(hrtc, RTC_FLAG_ALRAF);
1234:Drivers/STM32H7xx_HAL_Driver/Src/stm32h7xx_hal_rtc.c ****     /* In case of interrupt mode is used, the interrupt source must disabled */
1235:Drivers/STM32H7xx_HAL_Driver/Src/stm32h7xx_hal_rtc.c ****     __HAL_RTC_ALARM_DISABLE_IT(hrtc, RTC_IT_ALRA);
1236:Drivers/STM32H7xx_HAL_Driver/Src/stm32h7xx_hal_rtc.c **** 
1237:Drivers/STM32H7xx_HAL_Driver/Src/stm32h7xx_hal_rtc.c ****     tickstart = HAL_GetTick();
1238:Drivers/STM32H7xx_HAL_Driver/Src/stm32h7xx_hal_rtc.c ****     /* Wait till RTC ALRAWF flag is set and if timeout is reached exit */
1239:Drivers/STM32H7xx_HAL_Driver/Src/stm32h7xx_hal_rtc.c **** #if defined(TAMP)
1240:Drivers/STM32H7xx_HAL_Driver/Src/stm32h7xx_hal_rtc.c ****     while (READ_BIT(hrtc->Instance->ICSR, RTC_FLAG_ALRAWF) == 0U)
1241:Drivers/STM32H7xx_HAL_Driver/Src/stm32h7xx_hal_rtc.c **** #else
1242:Drivers/STM32H7xx_HAL_Driver/Src/stm32h7xx_hal_rtc.c ****     while (__HAL_RTC_ALARM_GET_FLAG(hrtc, RTC_FLAG_ALRAWF) == 0U)
1243:Drivers/STM32H7xx_HAL_Driver/Src/stm32h7xx_hal_rtc.c **** #endif /* TAMP */
1244:Drivers/STM32H7xx_HAL_Driver/Src/stm32h7xx_hal_rtc.c ****     {
1245:Drivers/STM32H7xx_HAL_Driver/Src/stm32h7xx_hal_rtc.c ****       if((HAL_GetTick() - tickstart) > RTC_TIMEOUT_VALUE)
1246:Drivers/STM32H7xx_HAL_Driver/Src/stm32h7xx_hal_rtc.c ****       {
ARM GAS  C:\Users\admin\AppData\Local\Temp\ccgKPo3u.s 			page 24


1247:Drivers/STM32H7xx_HAL_Driver/Src/stm32h7xx_hal_rtc.c ****         /* Enable the write protection for RTC registers */
1248:Drivers/STM32H7xx_HAL_Driver/Src/stm32h7xx_hal_rtc.c ****         __HAL_RTC_WRITEPROTECTION_ENABLE(hrtc);
1249:Drivers/STM32H7xx_HAL_Driver/Src/stm32h7xx_hal_rtc.c **** 
1250:Drivers/STM32H7xx_HAL_Driver/Src/stm32h7xx_hal_rtc.c ****         hrtc->State = HAL_RTC_STATE_TIMEOUT;
1251:Drivers/STM32H7xx_HAL_Driver/Src/stm32h7xx_hal_rtc.c **** 
1252:Drivers/STM32H7xx_HAL_Driver/Src/stm32h7xx_hal_rtc.c ****         /* Process Unlocked */
1253:Drivers/STM32H7xx_HAL_Driver/Src/stm32h7xx_hal_rtc.c ****         __HAL_UNLOCK(hrtc);
1254:Drivers/STM32H7xx_HAL_Driver/Src/stm32h7xx_hal_rtc.c **** 
1255:Drivers/STM32H7xx_HAL_Driver/Src/stm32h7xx_hal_rtc.c ****         return HAL_TIMEOUT;
1256:Drivers/STM32H7xx_HAL_Driver/Src/stm32h7xx_hal_rtc.c ****       }
1257:Drivers/STM32H7xx_HAL_Driver/Src/stm32h7xx_hal_rtc.c ****     }
1258:Drivers/STM32H7xx_HAL_Driver/Src/stm32h7xx_hal_rtc.c **** 
1259:Drivers/STM32H7xx_HAL_Driver/Src/stm32h7xx_hal_rtc.c ****     hrtc->Instance->ALRMAR = (uint32_t)tmpreg;
1260:Drivers/STM32H7xx_HAL_Driver/Src/stm32h7xx_hal_rtc.c ****     /* Configure the Alarm A Sub Second register */
1261:Drivers/STM32H7xx_HAL_Driver/Src/stm32h7xx_hal_rtc.c ****     hrtc->Instance->ALRMASSR = subsecondtmpreg;
1262:Drivers/STM32H7xx_HAL_Driver/Src/stm32h7xx_hal_rtc.c ****     /* Configure the Alarm state: Enable Alarm */
1263:Drivers/STM32H7xx_HAL_Driver/Src/stm32h7xx_hal_rtc.c ****     __HAL_RTC_ALARMA_ENABLE(hrtc);
1264:Drivers/STM32H7xx_HAL_Driver/Src/stm32h7xx_hal_rtc.c ****   }
1265:Drivers/STM32H7xx_HAL_Driver/Src/stm32h7xx_hal_rtc.c ****   else
1266:Drivers/STM32H7xx_HAL_Driver/Src/stm32h7xx_hal_rtc.c ****   {
1267:Drivers/STM32H7xx_HAL_Driver/Src/stm32h7xx_hal_rtc.c ****     /* Disable the Alarm B interrupt */
1268:Drivers/STM32H7xx_HAL_Driver/Src/stm32h7xx_hal_rtc.c ****     __HAL_RTC_ALARMB_DISABLE(hrtc);
1269:Drivers/STM32H7xx_HAL_Driver/Src/stm32h7xx_hal_rtc.c ****     /* Clear flag alarm B */
1270:Drivers/STM32H7xx_HAL_Driver/Src/stm32h7xx_hal_rtc.c ****     __HAL_RTC_ALARM_CLEAR_FLAG(hrtc, RTC_FLAG_ALRBF);
1271:Drivers/STM32H7xx_HAL_Driver/Src/stm32h7xx_hal_rtc.c ****     /* In case of interrupt mode is used, the interrupt source must disabled */
1272:Drivers/STM32H7xx_HAL_Driver/Src/stm32h7xx_hal_rtc.c ****     __HAL_RTC_ALARM_DISABLE_IT(hrtc, RTC_IT_ALRB);
1273:Drivers/STM32H7xx_HAL_Driver/Src/stm32h7xx_hal_rtc.c **** 
1274:Drivers/STM32H7xx_HAL_Driver/Src/stm32h7xx_hal_rtc.c ****     tickstart = HAL_GetTick();
1275:Drivers/STM32H7xx_HAL_Driver/Src/stm32h7xx_hal_rtc.c ****     /* Wait till RTC ALRBWF flag is set and if timeout is reached exit */
1276:Drivers/STM32H7xx_HAL_Driver/Src/stm32h7xx_hal_rtc.c **** #if defined(TAMP)
1277:Drivers/STM32H7xx_HAL_Driver/Src/stm32h7xx_hal_rtc.c ****     while (READ_BIT(hrtc->Instance->ICSR, RTC_FLAG_ALRBWF) == 0U)
1278:Drivers/STM32H7xx_HAL_Driver/Src/stm32h7xx_hal_rtc.c **** #else
1279:Drivers/STM32H7xx_HAL_Driver/Src/stm32h7xx_hal_rtc.c ****     while (__HAL_RTC_ALARM_GET_FLAG(hrtc, RTC_FLAG_ALRBWF) == 0U)
1280:Drivers/STM32H7xx_HAL_Driver/Src/stm32h7xx_hal_rtc.c **** #endif /* TAMP */
1281:Drivers/STM32H7xx_HAL_Driver/Src/stm32h7xx_hal_rtc.c ****     {
1282:Drivers/STM32H7xx_HAL_Driver/Src/stm32h7xx_hal_rtc.c ****       if((HAL_GetTick() - tickstart) > RTC_TIMEOUT_VALUE)
1283:Drivers/STM32H7xx_HAL_Driver/Src/stm32h7xx_hal_rtc.c ****       {
1284:Drivers/STM32H7xx_HAL_Driver/Src/stm32h7xx_hal_rtc.c ****         /* Enable the write protection for RTC registers */
1285:Drivers/STM32H7xx_HAL_Driver/Src/stm32h7xx_hal_rtc.c ****         __HAL_RTC_WRITEPROTECTION_ENABLE(hrtc);
1286:Drivers/STM32H7xx_HAL_Driver/Src/stm32h7xx_hal_rtc.c **** 
1287:Drivers/STM32H7xx_HAL_Driver/Src/stm32h7xx_hal_rtc.c ****         hrtc->State = HAL_RTC_STATE_TIMEOUT;
1288:Drivers/STM32H7xx_HAL_Driver/Src/stm32h7xx_hal_rtc.c **** 
1289:Drivers/STM32H7xx_HAL_Driver/Src/stm32h7xx_hal_rtc.c ****         /* Process Unlocked */
1290:Drivers/STM32H7xx_HAL_Driver/Src/stm32h7xx_hal_rtc.c ****         __HAL_UNLOCK(hrtc);
1291:Drivers/STM32H7xx_HAL_Driver/Src/stm32h7xx_hal_rtc.c **** 
1292:Drivers/STM32H7xx_HAL_Driver/Src/stm32h7xx_hal_rtc.c ****         return HAL_TIMEOUT;
1293:Drivers/STM32H7xx_HAL_Driver/Src/stm32h7xx_hal_rtc.c ****       }
1294:Drivers/STM32H7xx_HAL_Driver/Src/stm32h7xx_hal_rtc.c ****     }
1295:Drivers/STM32H7xx_HAL_Driver/Src/stm32h7xx_hal_rtc.c **** 
1296:Drivers/STM32H7xx_HAL_Driver/Src/stm32h7xx_hal_rtc.c ****     hrtc->Instance->ALRMBR = (uint32_t)tmpreg;
1297:Drivers/STM32H7xx_HAL_Driver/Src/stm32h7xx_hal_rtc.c ****     /* Configure the Alarm B Sub Second register */
1298:Drivers/STM32H7xx_HAL_Driver/Src/stm32h7xx_hal_rtc.c ****     hrtc->Instance->ALRMBSSR = subsecondtmpreg;
1299:Drivers/STM32H7xx_HAL_Driver/Src/stm32h7xx_hal_rtc.c ****     /* Configure the Alarm state: Enable Alarm */
1300:Drivers/STM32H7xx_HAL_Driver/Src/stm32h7xx_hal_rtc.c ****     __HAL_RTC_ALARMB_ENABLE(hrtc);
1301:Drivers/STM32H7xx_HAL_Driver/Src/stm32h7xx_hal_rtc.c ****   }
1302:Drivers/STM32H7xx_HAL_Driver/Src/stm32h7xx_hal_rtc.c **** 
1303:Drivers/STM32H7xx_HAL_Driver/Src/stm32h7xx_hal_rtc.c ****   /* Enable the write protection for RTC registers */
ARM GAS  C:\Users\admin\AppData\Local\Temp\ccgKPo3u.s 			page 25


1304:Drivers/STM32H7xx_HAL_Driver/Src/stm32h7xx_hal_rtc.c ****   __HAL_RTC_WRITEPROTECTION_ENABLE(hrtc);
1305:Drivers/STM32H7xx_HAL_Driver/Src/stm32h7xx_hal_rtc.c **** 
1306:Drivers/STM32H7xx_HAL_Driver/Src/stm32h7xx_hal_rtc.c ****   /* Change RTC state */
1307:Drivers/STM32H7xx_HAL_Driver/Src/stm32h7xx_hal_rtc.c ****   hrtc->State = HAL_RTC_STATE_READY;
1308:Drivers/STM32H7xx_HAL_Driver/Src/stm32h7xx_hal_rtc.c **** 
1309:Drivers/STM32H7xx_HAL_Driver/Src/stm32h7xx_hal_rtc.c ****   /* Process Unlocked */
1310:Drivers/STM32H7xx_HAL_Driver/Src/stm32h7xx_hal_rtc.c ****   __HAL_UNLOCK(hrtc);
1311:Drivers/STM32H7xx_HAL_Driver/Src/stm32h7xx_hal_rtc.c **** 
1312:Drivers/STM32H7xx_HAL_Driver/Src/stm32h7xx_hal_rtc.c ****   return HAL_OK;
1313:Drivers/STM32H7xx_HAL_Driver/Src/stm32h7xx_hal_rtc.c **** }
1314:Drivers/STM32H7xx_HAL_Driver/Src/stm32h7xx_hal_rtc.c **** 
1315:Drivers/STM32H7xx_HAL_Driver/Src/stm32h7xx_hal_rtc.c **** /**
1316:Drivers/STM32H7xx_HAL_Driver/Src/stm32h7xx_hal_rtc.c ****   * @brief  Set the specified RTC Alarm with Interrupt.
1317:Drivers/STM32H7xx_HAL_Driver/Src/stm32h7xx_hal_rtc.c ****   * @param  hrtc RTC handle
1318:Drivers/STM32H7xx_HAL_Driver/Src/stm32h7xx_hal_rtc.c ****   * @param  sAlarm Pointer to Alarm structure
1319:Drivers/STM32H7xx_HAL_Driver/Src/stm32h7xx_hal_rtc.c ****   * @param  Format Specifies the format of the entered parameters.
1320:Drivers/STM32H7xx_HAL_Driver/Src/stm32h7xx_hal_rtc.c ****   *          This parameter can be one of the following values:
1321:Drivers/STM32H7xx_HAL_Driver/Src/stm32h7xx_hal_rtc.c ****   *             @arg RTC_FORMAT_BIN: Binary data format
1322:Drivers/STM32H7xx_HAL_Driver/Src/stm32h7xx_hal_rtc.c ****   *             @arg RTC_FORMAT_BCD: BCD data format
1323:Drivers/STM32H7xx_HAL_Driver/Src/stm32h7xx_hal_rtc.c ****   * @note   The Alarm register can only be written when the corresponding Alarm
1324:Drivers/STM32H7xx_HAL_Driver/Src/stm32h7xx_hal_rtc.c ****   *         is disabled (Use the HAL_RTC_DeactivateAlarm()).
1325:Drivers/STM32H7xx_HAL_Driver/Src/stm32h7xx_hal_rtc.c ****   * @note   The HAL_RTC_SetTime() must be called before enabling the Alarm feature.
1326:Drivers/STM32H7xx_HAL_Driver/Src/stm32h7xx_hal_rtc.c ****   * @retval HAL status
1327:Drivers/STM32H7xx_HAL_Driver/Src/stm32h7xx_hal_rtc.c ****   */
1328:Drivers/STM32H7xx_HAL_Driver/Src/stm32h7xx_hal_rtc.c **** HAL_StatusTypeDef HAL_RTC_SetAlarm_IT(RTC_HandleTypeDef *hrtc, RTC_AlarmTypeDef *sAlarm, uint32_t F
1329:Drivers/STM32H7xx_HAL_Driver/Src/stm32h7xx_hal_rtc.c **** {
1330:Drivers/STM32H7xx_HAL_Driver/Src/stm32h7xx_hal_rtc.c ****   uint32_t tickstart;
1331:Drivers/STM32H7xx_HAL_Driver/Src/stm32h7xx_hal_rtc.c ****   uint32_t tmpreg;
1332:Drivers/STM32H7xx_HAL_Driver/Src/stm32h7xx_hal_rtc.c ****   uint32_t subsecondtmpreg;
1333:Drivers/STM32H7xx_HAL_Driver/Src/stm32h7xx_hal_rtc.c **** 
1334:Drivers/STM32H7xx_HAL_Driver/Src/stm32h7xx_hal_rtc.c ****   /* Check the parameters */
1335:Drivers/STM32H7xx_HAL_Driver/Src/stm32h7xx_hal_rtc.c ****   assert_param(IS_RTC_FORMAT(Format));
1336:Drivers/STM32H7xx_HAL_Driver/Src/stm32h7xx_hal_rtc.c ****   assert_param(IS_RTC_ALARM(sAlarm->Alarm));
1337:Drivers/STM32H7xx_HAL_Driver/Src/stm32h7xx_hal_rtc.c ****   assert_param(IS_RTC_ALARM_MASK(sAlarm->AlarmMask));
1338:Drivers/STM32H7xx_HAL_Driver/Src/stm32h7xx_hal_rtc.c ****   assert_param(IS_RTC_ALARM_DATE_WEEKDAY_SEL(sAlarm->AlarmDateWeekDaySel));
1339:Drivers/STM32H7xx_HAL_Driver/Src/stm32h7xx_hal_rtc.c ****   assert_param(IS_RTC_ALARM_SUB_SECOND_VALUE(sAlarm->AlarmTime.SubSeconds));
1340:Drivers/STM32H7xx_HAL_Driver/Src/stm32h7xx_hal_rtc.c ****   assert_param(IS_RTC_ALARM_SUB_SECOND_MASK(sAlarm->AlarmSubSecondMask));
1341:Drivers/STM32H7xx_HAL_Driver/Src/stm32h7xx_hal_rtc.c **** 
1342:Drivers/STM32H7xx_HAL_Driver/Src/stm32h7xx_hal_rtc.c ****   /* Process Locked */
1343:Drivers/STM32H7xx_HAL_Driver/Src/stm32h7xx_hal_rtc.c ****   __HAL_LOCK(hrtc);
1344:Drivers/STM32H7xx_HAL_Driver/Src/stm32h7xx_hal_rtc.c **** 
1345:Drivers/STM32H7xx_HAL_Driver/Src/stm32h7xx_hal_rtc.c ****   hrtc->State = HAL_RTC_STATE_BUSY;
1346:Drivers/STM32H7xx_HAL_Driver/Src/stm32h7xx_hal_rtc.c **** 
1347:Drivers/STM32H7xx_HAL_Driver/Src/stm32h7xx_hal_rtc.c ****   if(Format == RTC_FORMAT_BIN)
1348:Drivers/STM32H7xx_HAL_Driver/Src/stm32h7xx_hal_rtc.c ****   {
1349:Drivers/STM32H7xx_HAL_Driver/Src/stm32h7xx_hal_rtc.c ****     if((hrtc->Instance->CR & RTC_CR_FMT) != 0U)
1350:Drivers/STM32H7xx_HAL_Driver/Src/stm32h7xx_hal_rtc.c ****     {
1351:Drivers/STM32H7xx_HAL_Driver/Src/stm32h7xx_hal_rtc.c ****       assert_param(IS_RTC_HOUR12(sAlarm->AlarmTime.Hours));
1352:Drivers/STM32H7xx_HAL_Driver/Src/stm32h7xx_hal_rtc.c ****       assert_param(IS_RTC_HOURFORMAT12(sAlarm->AlarmTime.TimeFormat));
1353:Drivers/STM32H7xx_HAL_Driver/Src/stm32h7xx_hal_rtc.c ****     }
1354:Drivers/STM32H7xx_HAL_Driver/Src/stm32h7xx_hal_rtc.c ****     else
1355:Drivers/STM32H7xx_HAL_Driver/Src/stm32h7xx_hal_rtc.c ****     {
1356:Drivers/STM32H7xx_HAL_Driver/Src/stm32h7xx_hal_rtc.c ****       sAlarm->AlarmTime.TimeFormat = 0x00U;
1357:Drivers/STM32H7xx_HAL_Driver/Src/stm32h7xx_hal_rtc.c ****       assert_param(IS_RTC_HOUR24(sAlarm->AlarmTime.Hours));
1358:Drivers/STM32H7xx_HAL_Driver/Src/stm32h7xx_hal_rtc.c ****     }
1359:Drivers/STM32H7xx_HAL_Driver/Src/stm32h7xx_hal_rtc.c ****     assert_param(IS_RTC_MINUTES(sAlarm->AlarmTime.Minutes));
1360:Drivers/STM32H7xx_HAL_Driver/Src/stm32h7xx_hal_rtc.c ****     assert_param(IS_RTC_SECONDS(sAlarm->AlarmTime.Seconds));
ARM GAS  C:\Users\admin\AppData\Local\Temp\ccgKPo3u.s 			page 26


1361:Drivers/STM32H7xx_HAL_Driver/Src/stm32h7xx_hal_rtc.c **** 
1362:Drivers/STM32H7xx_HAL_Driver/Src/stm32h7xx_hal_rtc.c ****     if(sAlarm->AlarmDateWeekDaySel == RTC_ALARMDATEWEEKDAYSEL_DATE)
1363:Drivers/STM32H7xx_HAL_Driver/Src/stm32h7xx_hal_rtc.c ****     {
1364:Drivers/STM32H7xx_HAL_Driver/Src/stm32h7xx_hal_rtc.c ****       assert_param(IS_RTC_ALARM_DATE_WEEKDAY_DATE(sAlarm->AlarmDateWeekDay));
1365:Drivers/STM32H7xx_HAL_Driver/Src/stm32h7xx_hal_rtc.c ****     }
1366:Drivers/STM32H7xx_HAL_Driver/Src/stm32h7xx_hal_rtc.c ****     else
1367:Drivers/STM32H7xx_HAL_Driver/Src/stm32h7xx_hal_rtc.c ****     {
1368:Drivers/STM32H7xx_HAL_Driver/Src/stm32h7xx_hal_rtc.c ****       assert_param(IS_RTC_ALARM_DATE_WEEKDAY_WEEKDAY(sAlarm->AlarmDateWeekDay));
1369:Drivers/STM32H7xx_HAL_Driver/Src/stm32h7xx_hal_rtc.c ****     }
1370:Drivers/STM32H7xx_HAL_Driver/Src/stm32h7xx_hal_rtc.c **** 
1371:Drivers/STM32H7xx_HAL_Driver/Src/stm32h7xx_hal_rtc.c ****     tmpreg = (((uint32_t)RTC_ByteToBcd2(sAlarm->AlarmTime.Hours)   << RTC_ALRMAR_HU_Pos)  | \
1372:Drivers/STM32H7xx_HAL_Driver/Src/stm32h7xx_hal_rtc.c ****               ((uint32_t)RTC_ByteToBcd2(sAlarm->AlarmTime.Minutes) << RTC_ALRMAR_MNU_Pos) | \
1373:Drivers/STM32H7xx_HAL_Driver/Src/stm32h7xx_hal_rtc.c ****               ((uint32_t)RTC_ByteToBcd2(sAlarm->AlarmTime.Seconds) << RTC_ALRMAR_SU_Pos)  | \
1374:Drivers/STM32H7xx_HAL_Driver/Src/stm32h7xx_hal_rtc.c ****               ((uint32_t)sAlarm->AlarmTime.TimeFormat              << RTC_ALRMAR_PM_Pos)  | \
1375:Drivers/STM32H7xx_HAL_Driver/Src/stm32h7xx_hal_rtc.c ****               ((uint32_t)RTC_ByteToBcd2(sAlarm->AlarmDateWeekDay)  << RTC_ALRMAR_DU_Pos)  | \
1376:Drivers/STM32H7xx_HAL_Driver/Src/stm32h7xx_hal_rtc.c ****               ((uint32_t)sAlarm->AlarmDateWeekDaySel)                                     | \
1377:Drivers/STM32H7xx_HAL_Driver/Src/stm32h7xx_hal_rtc.c ****               ((uint32_t)sAlarm->AlarmMask));
1378:Drivers/STM32H7xx_HAL_Driver/Src/stm32h7xx_hal_rtc.c ****   }
1379:Drivers/STM32H7xx_HAL_Driver/Src/stm32h7xx_hal_rtc.c ****   else
1380:Drivers/STM32H7xx_HAL_Driver/Src/stm32h7xx_hal_rtc.c ****   {
1381:Drivers/STM32H7xx_HAL_Driver/Src/stm32h7xx_hal_rtc.c ****     if((hrtc->Instance->CR & RTC_CR_FMT) != 0U)
1382:Drivers/STM32H7xx_HAL_Driver/Src/stm32h7xx_hal_rtc.c ****     {
1383:Drivers/STM32H7xx_HAL_Driver/Src/stm32h7xx_hal_rtc.c ****       assert_param(IS_RTC_HOUR12(RTC_Bcd2ToByte(sAlarm->AlarmTime.Hours)));
1384:Drivers/STM32H7xx_HAL_Driver/Src/stm32h7xx_hal_rtc.c ****       assert_param(IS_RTC_HOURFORMAT12(sAlarm->AlarmTime.TimeFormat));
1385:Drivers/STM32H7xx_HAL_Driver/Src/stm32h7xx_hal_rtc.c ****     }
1386:Drivers/STM32H7xx_HAL_Driver/Src/stm32h7xx_hal_rtc.c ****     else
1387:Drivers/STM32H7xx_HAL_Driver/Src/stm32h7xx_hal_rtc.c ****     {
1388:Drivers/STM32H7xx_HAL_Driver/Src/stm32h7xx_hal_rtc.c ****       sAlarm->AlarmTime.TimeFormat = 0x00U;
1389:Drivers/STM32H7xx_HAL_Driver/Src/stm32h7xx_hal_rtc.c ****       assert_param(IS_RTC_HOUR24(RTC_Bcd2ToByte(sAlarm->AlarmTime.Hours)));
1390:Drivers/STM32H7xx_HAL_Driver/Src/stm32h7xx_hal_rtc.c ****     }
1391:Drivers/STM32H7xx_HAL_Driver/Src/stm32h7xx_hal_rtc.c **** 
1392:Drivers/STM32H7xx_HAL_Driver/Src/stm32h7xx_hal_rtc.c ****     assert_param(IS_RTC_MINUTES(RTC_Bcd2ToByte(sAlarm->AlarmTime.Minutes)));
1393:Drivers/STM32H7xx_HAL_Driver/Src/stm32h7xx_hal_rtc.c ****     assert_param(IS_RTC_SECONDS(RTC_Bcd2ToByte(sAlarm->AlarmTime.Seconds)));
1394:Drivers/STM32H7xx_HAL_Driver/Src/stm32h7xx_hal_rtc.c **** 
1395:Drivers/STM32H7xx_HAL_Driver/Src/stm32h7xx_hal_rtc.c ****     if(sAlarm->AlarmDateWeekDaySel == RTC_ALARMDATEWEEKDAYSEL_DATE)
1396:Drivers/STM32H7xx_HAL_Driver/Src/stm32h7xx_hal_rtc.c ****     {
1397:Drivers/STM32H7xx_HAL_Driver/Src/stm32h7xx_hal_rtc.c ****       assert_param(IS_RTC_ALARM_DATE_WEEKDAY_DATE(RTC_Bcd2ToByte(sAlarm->AlarmDateWeekDay)));
1398:Drivers/STM32H7xx_HAL_Driver/Src/stm32h7xx_hal_rtc.c ****     }
1399:Drivers/STM32H7xx_HAL_Driver/Src/stm32h7xx_hal_rtc.c ****     else
1400:Drivers/STM32H7xx_HAL_Driver/Src/stm32h7xx_hal_rtc.c ****     {
1401:Drivers/STM32H7xx_HAL_Driver/Src/stm32h7xx_hal_rtc.c ****       assert_param(IS_RTC_ALARM_DATE_WEEKDAY_WEEKDAY(RTC_Bcd2ToByte(sAlarm->AlarmDateWeekDay)));
1402:Drivers/STM32H7xx_HAL_Driver/Src/stm32h7xx_hal_rtc.c ****     }
1403:Drivers/STM32H7xx_HAL_Driver/Src/stm32h7xx_hal_rtc.c **** 
1404:Drivers/STM32H7xx_HAL_Driver/Src/stm32h7xx_hal_rtc.c ****     tmpreg = (((uint32_t)sAlarm->AlarmTime.Hours       << RTC_ALRMAR_HU_Pos)  | \
1405:Drivers/STM32H7xx_HAL_Driver/Src/stm32h7xx_hal_rtc.c ****               ((uint32_t)sAlarm->AlarmTime.Minutes     << RTC_ALRMAR_MNU_Pos) | \
1406:Drivers/STM32H7xx_HAL_Driver/Src/stm32h7xx_hal_rtc.c ****               ((uint32_t)sAlarm->AlarmTime.Seconds     << RTC_ALRMAR_SU_Pos)  | \
1407:Drivers/STM32H7xx_HAL_Driver/Src/stm32h7xx_hal_rtc.c ****               ((uint32_t)sAlarm->AlarmTime.TimeFormat  << RTC_ALRMAR_PM_Pos)  | \
1408:Drivers/STM32H7xx_HAL_Driver/Src/stm32h7xx_hal_rtc.c ****               ((uint32_t)sAlarm->AlarmDateWeekDay      << RTC_ALRMAR_DU_Pos)  | \
1409:Drivers/STM32H7xx_HAL_Driver/Src/stm32h7xx_hal_rtc.c ****               ((uint32_t)sAlarm->AlarmDateWeekDaySel)                         | \
1410:Drivers/STM32H7xx_HAL_Driver/Src/stm32h7xx_hal_rtc.c ****               ((uint32_t)sAlarm->AlarmMask));
1411:Drivers/STM32H7xx_HAL_Driver/Src/stm32h7xx_hal_rtc.c ****   }
1412:Drivers/STM32H7xx_HAL_Driver/Src/stm32h7xx_hal_rtc.c ****   /* Configure the Alarm A or Alarm B Sub Second registers */
1413:Drivers/STM32H7xx_HAL_Driver/Src/stm32h7xx_hal_rtc.c ****   subsecondtmpreg = (uint32_t)((uint32_t)(sAlarm->AlarmTime.SubSeconds) | (uint32_t)(sAlarm->AlarmS
1414:Drivers/STM32H7xx_HAL_Driver/Src/stm32h7xx_hal_rtc.c **** 
1415:Drivers/STM32H7xx_HAL_Driver/Src/stm32h7xx_hal_rtc.c ****   /* Disable the write protection for RTC registers */
1416:Drivers/STM32H7xx_HAL_Driver/Src/stm32h7xx_hal_rtc.c ****   __HAL_RTC_WRITEPROTECTION_DISABLE(hrtc);
1417:Drivers/STM32H7xx_HAL_Driver/Src/stm32h7xx_hal_rtc.c **** 
ARM GAS  C:\Users\admin\AppData\Local\Temp\ccgKPo3u.s 			page 27


1418:Drivers/STM32H7xx_HAL_Driver/Src/stm32h7xx_hal_rtc.c ****   /* Configure the Alarm register */
1419:Drivers/STM32H7xx_HAL_Driver/Src/stm32h7xx_hal_rtc.c ****   if(sAlarm->Alarm == RTC_ALARM_A)
1420:Drivers/STM32H7xx_HAL_Driver/Src/stm32h7xx_hal_rtc.c ****   {
1421:Drivers/STM32H7xx_HAL_Driver/Src/stm32h7xx_hal_rtc.c ****     /* Disable the Alarm A interrupt */
1422:Drivers/STM32H7xx_HAL_Driver/Src/stm32h7xx_hal_rtc.c ****     __HAL_RTC_ALARMA_DISABLE(hrtc);
1423:Drivers/STM32H7xx_HAL_Driver/Src/stm32h7xx_hal_rtc.c **** 
1424:Drivers/STM32H7xx_HAL_Driver/Src/stm32h7xx_hal_rtc.c ****     /* Clear flag alarm A */
1425:Drivers/STM32H7xx_HAL_Driver/Src/stm32h7xx_hal_rtc.c ****     __HAL_RTC_ALARM_CLEAR_FLAG(hrtc, RTC_FLAG_ALRAF);
1426:Drivers/STM32H7xx_HAL_Driver/Src/stm32h7xx_hal_rtc.c **** 
1427:Drivers/STM32H7xx_HAL_Driver/Src/stm32h7xx_hal_rtc.c ****     tickstart = HAL_GetTick();
1428:Drivers/STM32H7xx_HAL_Driver/Src/stm32h7xx_hal_rtc.c ****     /* Wait till RTC ALRAWF flag is set and if timeout is reached exit */
1429:Drivers/STM32H7xx_HAL_Driver/Src/stm32h7xx_hal_rtc.c **** #if defined(TAMP)
1430:Drivers/STM32H7xx_HAL_Driver/Src/stm32h7xx_hal_rtc.c ****     while (READ_BIT(hrtc->Instance->ICSR, RTC_FLAG_ALRAWF) == 0U)
1431:Drivers/STM32H7xx_HAL_Driver/Src/stm32h7xx_hal_rtc.c **** #else
1432:Drivers/STM32H7xx_HAL_Driver/Src/stm32h7xx_hal_rtc.c ****     while (__HAL_RTC_ALARM_GET_FLAG(hrtc, RTC_FLAG_ALRAWF) == 0U)
1433:Drivers/STM32H7xx_HAL_Driver/Src/stm32h7xx_hal_rtc.c **** #endif /* TAMP */
1434:Drivers/STM32H7xx_HAL_Driver/Src/stm32h7xx_hal_rtc.c ****     {
1435:Drivers/STM32H7xx_HAL_Driver/Src/stm32h7xx_hal_rtc.c ****       if((HAL_GetTick() - tickstart) > RTC_TIMEOUT_VALUE)
1436:Drivers/STM32H7xx_HAL_Driver/Src/stm32h7xx_hal_rtc.c ****       {
1437:Drivers/STM32H7xx_HAL_Driver/Src/stm32h7xx_hal_rtc.c ****         /* Enable the write protection for RTC registers */
1438:Drivers/STM32H7xx_HAL_Driver/Src/stm32h7xx_hal_rtc.c ****         __HAL_RTC_WRITEPROTECTION_ENABLE(hrtc);
1439:Drivers/STM32H7xx_HAL_Driver/Src/stm32h7xx_hal_rtc.c **** 
1440:Drivers/STM32H7xx_HAL_Driver/Src/stm32h7xx_hal_rtc.c ****         hrtc->State = HAL_RTC_STATE_TIMEOUT;
1441:Drivers/STM32H7xx_HAL_Driver/Src/stm32h7xx_hal_rtc.c **** 
1442:Drivers/STM32H7xx_HAL_Driver/Src/stm32h7xx_hal_rtc.c ****         /* Process Unlocked */
1443:Drivers/STM32H7xx_HAL_Driver/Src/stm32h7xx_hal_rtc.c ****         __HAL_UNLOCK(hrtc);
1444:Drivers/STM32H7xx_HAL_Driver/Src/stm32h7xx_hal_rtc.c **** 
1445:Drivers/STM32H7xx_HAL_Driver/Src/stm32h7xx_hal_rtc.c ****         return HAL_TIMEOUT;
1446:Drivers/STM32H7xx_HAL_Driver/Src/stm32h7xx_hal_rtc.c ****       }
1447:Drivers/STM32H7xx_HAL_Driver/Src/stm32h7xx_hal_rtc.c ****     }
1448:Drivers/STM32H7xx_HAL_Driver/Src/stm32h7xx_hal_rtc.c **** 
1449:Drivers/STM32H7xx_HAL_Driver/Src/stm32h7xx_hal_rtc.c ****     hrtc->Instance->ALRMAR = (uint32_t)tmpreg;
1450:Drivers/STM32H7xx_HAL_Driver/Src/stm32h7xx_hal_rtc.c ****     /* Configure the Alarm A Sub Second register */
1451:Drivers/STM32H7xx_HAL_Driver/Src/stm32h7xx_hal_rtc.c ****     hrtc->Instance->ALRMASSR = subsecondtmpreg;
1452:Drivers/STM32H7xx_HAL_Driver/Src/stm32h7xx_hal_rtc.c ****     /* Configure the Alarm state: Enable Alarm */
1453:Drivers/STM32H7xx_HAL_Driver/Src/stm32h7xx_hal_rtc.c ****     __HAL_RTC_ALARMA_ENABLE(hrtc);
1454:Drivers/STM32H7xx_HAL_Driver/Src/stm32h7xx_hal_rtc.c ****     /* Configure the Alarm interrupt */
1455:Drivers/STM32H7xx_HAL_Driver/Src/stm32h7xx_hal_rtc.c ****     __HAL_RTC_ALARM_ENABLE_IT(hrtc, RTC_IT_ALRA);
1456:Drivers/STM32H7xx_HAL_Driver/Src/stm32h7xx_hal_rtc.c ****   }
1457:Drivers/STM32H7xx_HAL_Driver/Src/stm32h7xx_hal_rtc.c ****   else
1458:Drivers/STM32H7xx_HAL_Driver/Src/stm32h7xx_hal_rtc.c ****   {
1459:Drivers/STM32H7xx_HAL_Driver/Src/stm32h7xx_hal_rtc.c ****     /* Disable the Alarm B interrupt */
1460:Drivers/STM32H7xx_HAL_Driver/Src/stm32h7xx_hal_rtc.c ****     __HAL_RTC_ALARMB_DISABLE(hrtc);
1461:Drivers/STM32H7xx_HAL_Driver/Src/stm32h7xx_hal_rtc.c **** 
1462:Drivers/STM32H7xx_HAL_Driver/Src/stm32h7xx_hal_rtc.c ****     /* Clear flag alarm B */
1463:Drivers/STM32H7xx_HAL_Driver/Src/stm32h7xx_hal_rtc.c ****     __HAL_RTC_ALARM_CLEAR_FLAG(hrtc, RTC_FLAG_ALRBF);
1464:Drivers/STM32H7xx_HAL_Driver/Src/stm32h7xx_hal_rtc.c **** 
1465:Drivers/STM32H7xx_HAL_Driver/Src/stm32h7xx_hal_rtc.c ****     tickstart = HAL_GetTick();
1466:Drivers/STM32H7xx_HAL_Driver/Src/stm32h7xx_hal_rtc.c ****     /* Wait till RTC ALRBWF flag is set and if timeout is reached exit */
1467:Drivers/STM32H7xx_HAL_Driver/Src/stm32h7xx_hal_rtc.c **** #if defined(TAMP)
1468:Drivers/STM32H7xx_HAL_Driver/Src/stm32h7xx_hal_rtc.c ****     while (READ_BIT(hrtc->Instance->ICSR, RTC_FLAG_ALRBWF) == 0U)
1469:Drivers/STM32H7xx_HAL_Driver/Src/stm32h7xx_hal_rtc.c **** #else
1470:Drivers/STM32H7xx_HAL_Driver/Src/stm32h7xx_hal_rtc.c ****     while (__HAL_RTC_ALARM_GET_FLAG(hrtc, RTC_FLAG_ALRBWF) == 0U)
1471:Drivers/STM32H7xx_HAL_Driver/Src/stm32h7xx_hal_rtc.c **** #endif /* TAMP */
1472:Drivers/STM32H7xx_HAL_Driver/Src/stm32h7xx_hal_rtc.c ****     {
1473:Drivers/STM32H7xx_HAL_Driver/Src/stm32h7xx_hal_rtc.c ****       if((HAL_GetTick() - tickstart) > RTC_TIMEOUT_VALUE)
1474:Drivers/STM32H7xx_HAL_Driver/Src/stm32h7xx_hal_rtc.c ****       {
ARM GAS  C:\Users\admin\AppData\Local\Temp\ccgKPo3u.s 			page 28


1475:Drivers/STM32H7xx_HAL_Driver/Src/stm32h7xx_hal_rtc.c ****         /* Enable the write protection for RTC registers */
1476:Drivers/STM32H7xx_HAL_Driver/Src/stm32h7xx_hal_rtc.c ****         __HAL_RTC_WRITEPROTECTION_ENABLE(hrtc);
1477:Drivers/STM32H7xx_HAL_Driver/Src/stm32h7xx_hal_rtc.c **** 
1478:Drivers/STM32H7xx_HAL_Driver/Src/stm32h7xx_hal_rtc.c ****         hrtc->State = HAL_RTC_STATE_TIMEOUT;
1479:Drivers/STM32H7xx_HAL_Driver/Src/stm32h7xx_hal_rtc.c **** 
1480:Drivers/STM32H7xx_HAL_Driver/Src/stm32h7xx_hal_rtc.c ****         /* Process Unlocked */
1481:Drivers/STM32H7xx_HAL_Driver/Src/stm32h7xx_hal_rtc.c ****         __HAL_UNLOCK(hrtc);
1482:Drivers/STM32H7xx_HAL_Driver/Src/stm32h7xx_hal_rtc.c **** 
1483:Drivers/STM32H7xx_HAL_Driver/Src/stm32h7xx_hal_rtc.c ****         return HAL_TIMEOUT;
1484:Drivers/STM32H7xx_HAL_Driver/Src/stm32h7xx_hal_rtc.c ****       }
1485:Drivers/STM32H7xx_HAL_Driver/Src/stm32h7xx_hal_rtc.c ****     }
1486:Drivers/STM32H7xx_HAL_Driver/Src/stm32h7xx_hal_rtc.c **** 
1487:Drivers/STM32H7xx_HAL_Driver/Src/stm32h7xx_hal_rtc.c ****     hrtc->Instance->ALRMBR = (uint32_t)tmpreg;
1488:Drivers/STM32H7xx_HAL_Driver/Src/stm32h7xx_hal_rtc.c ****     /* Configure the Alarm B Sub Second register */
1489:Drivers/STM32H7xx_HAL_Driver/Src/stm32h7xx_hal_rtc.c ****     hrtc->Instance->ALRMBSSR = subsecondtmpreg;
1490:Drivers/STM32H7xx_HAL_Driver/Src/stm32h7xx_hal_rtc.c ****     /* Configure the Alarm state: Enable Alarm */
1491:Drivers/STM32H7xx_HAL_Driver/Src/stm32h7xx_hal_rtc.c ****     __HAL_RTC_ALARMB_ENABLE(hrtc);
1492:Drivers/STM32H7xx_HAL_Driver/Src/stm32h7xx_hal_rtc.c ****     /* Configure the Alarm interrupt */
1493:Drivers/STM32H7xx_HAL_Driver/Src/stm32h7xx_hal_rtc.c ****     __HAL_RTC_ALARM_ENABLE_IT(hrtc, RTC_IT_ALRB);
1494:Drivers/STM32H7xx_HAL_Driver/Src/stm32h7xx_hal_rtc.c ****   }
1495:Drivers/STM32H7xx_HAL_Driver/Src/stm32h7xx_hal_rtc.c **** 
1496:Drivers/STM32H7xx_HAL_Driver/Src/stm32h7xx_hal_rtc.c ****   /* RTC Alarm Interrupt Configuration: EXTI configuration */
1497:Drivers/STM32H7xx_HAL_Driver/Src/stm32h7xx_hal_rtc.c **** #if defined(DUAL_CORE)
1498:Drivers/STM32H7xx_HAL_Driver/Src/stm32h7xx_hal_rtc.c ****   if (HAL_GetCurrentCPUID() == CM7_CPUID)
1499:Drivers/STM32H7xx_HAL_Driver/Src/stm32h7xx_hal_rtc.c ****   {
1500:Drivers/STM32H7xx_HAL_Driver/Src/stm32h7xx_hal_rtc.c ****     __HAL_RTC_ALARM_EXTI_ENABLE_IT();
1501:Drivers/STM32H7xx_HAL_Driver/Src/stm32h7xx_hal_rtc.c ****   }
1502:Drivers/STM32H7xx_HAL_Driver/Src/stm32h7xx_hal_rtc.c ****   else
1503:Drivers/STM32H7xx_HAL_Driver/Src/stm32h7xx_hal_rtc.c ****   {
1504:Drivers/STM32H7xx_HAL_Driver/Src/stm32h7xx_hal_rtc.c ****     __HAL_RTC_ALARM_EXTID2_ENABLE_IT();
1505:Drivers/STM32H7xx_HAL_Driver/Src/stm32h7xx_hal_rtc.c ****   }
1506:Drivers/STM32H7xx_HAL_Driver/Src/stm32h7xx_hal_rtc.c **** #else  /* SINGLE_CORE */
1507:Drivers/STM32H7xx_HAL_Driver/Src/stm32h7xx_hal_rtc.c ****   __HAL_RTC_ALARM_EXTI_ENABLE_IT();
1508:Drivers/STM32H7xx_HAL_Driver/Src/stm32h7xx_hal_rtc.c **** #endif
1509:Drivers/STM32H7xx_HAL_Driver/Src/stm32h7xx_hal_rtc.c **** 
1510:Drivers/STM32H7xx_HAL_Driver/Src/stm32h7xx_hal_rtc.c ****   __HAL_RTC_ALARM_EXTI_ENABLE_RISING_EDGE();
1511:Drivers/STM32H7xx_HAL_Driver/Src/stm32h7xx_hal_rtc.c **** 
1512:Drivers/STM32H7xx_HAL_Driver/Src/stm32h7xx_hal_rtc.c ****   /* Enable the write protection for RTC registers */
1513:Drivers/STM32H7xx_HAL_Driver/Src/stm32h7xx_hal_rtc.c ****   __HAL_RTC_WRITEPROTECTION_ENABLE(hrtc);
1514:Drivers/STM32H7xx_HAL_Driver/Src/stm32h7xx_hal_rtc.c **** 
1515:Drivers/STM32H7xx_HAL_Driver/Src/stm32h7xx_hal_rtc.c ****   hrtc->State = HAL_RTC_STATE_READY;
1516:Drivers/STM32H7xx_HAL_Driver/Src/stm32h7xx_hal_rtc.c **** 
1517:Drivers/STM32H7xx_HAL_Driver/Src/stm32h7xx_hal_rtc.c ****   /* Process Unlocked */
1518:Drivers/STM32H7xx_HAL_Driver/Src/stm32h7xx_hal_rtc.c ****   __HAL_UNLOCK(hrtc);
1519:Drivers/STM32H7xx_HAL_Driver/Src/stm32h7xx_hal_rtc.c **** 
1520:Drivers/STM32H7xx_HAL_Driver/Src/stm32h7xx_hal_rtc.c ****   return HAL_OK;
1521:Drivers/STM32H7xx_HAL_Driver/Src/stm32h7xx_hal_rtc.c **** }
1522:Drivers/STM32H7xx_HAL_Driver/Src/stm32h7xx_hal_rtc.c **** 
1523:Drivers/STM32H7xx_HAL_Driver/Src/stm32h7xx_hal_rtc.c **** /**
1524:Drivers/STM32H7xx_HAL_Driver/Src/stm32h7xx_hal_rtc.c ****   * @brief  Deactivate the specified RTC Alarm.
1525:Drivers/STM32H7xx_HAL_Driver/Src/stm32h7xx_hal_rtc.c ****   * @param  hrtc RTC handle
1526:Drivers/STM32H7xx_HAL_Driver/Src/stm32h7xx_hal_rtc.c ****   * @param  Alarm Specifies the Alarm.
1527:Drivers/STM32H7xx_HAL_Driver/Src/stm32h7xx_hal_rtc.c ****   *          This parameter can be one of the following values:
1528:Drivers/STM32H7xx_HAL_Driver/Src/stm32h7xx_hal_rtc.c ****   *            @arg RTC_ALARM_A:  AlarmA
1529:Drivers/STM32H7xx_HAL_Driver/Src/stm32h7xx_hal_rtc.c ****   *            @arg RTC_ALARM_B:  AlarmB
1530:Drivers/STM32H7xx_HAL_Driver/Src/stm32h7xx_hal_rtc.c ****   * @retval HAL status
1531:Drivers/STM32H7xx_HAL_Driver/Src/stm32h7xx_hal_rtc.c ****   */
ARM GAS  C:\Users\admin\AppData\Local\Temp\ccgKPo3u.s 			page 29


1532:Drivers/STM32H7xx_HAL_Driver/Src/stm32h7xx_hal_rtc.c **** HAL_StatusTypeDef HAL_RTC_DeactivateAlarm(RTC_HandleTypeDef *hrtc, uint32_t Alarm)
1533:Drivers/STM32H7xx_HAL_Driver/Src/stm32h7xx_hal_rtc.c **** {
  71              		.loc 1 1533 1 is_stmt 1 view -0
  72              		.cfi_startproc
  73              		@ args = 0, pretend = 0, frame = 0
  74              		@ frame_needed = 0, uses_anonymous_args = 0
  75              		.loc 1 1533 1 is_stmt 0 view .LVU7
  76 0000 38B5     		push	{r3, r4, r5, lr}
  77              	.LCFI0:
  78              		.cfi_def_cfa_offset 16
  79              		.cfi_offset 3, -16
  80              		.cfi_offset 4, -12
  81              		.cfi_offset 5, -8
  82              		.cfi_offset 14, -4
1534:Drivers/STM32H7xx_HAL_Driver/Src/stm32h7xx_hal_rtc.c ****   uint32_t tickstart;
  83              		.loc 1 1534 3 is_stmt 1 view .LVU8
1535:Drivers/STM32H7xx_HAL_Driver/Src/stm32h7xx_hal_rtc.c **** 
1536:Drivers/STM32H7xx_HAL_Driver/Src/stm32h7xx_hal_rtc.c ****   /* Check the parameters */
1537:Drivers/STM32H7xx_HAL_Driver/Src/stm32h7xx_hal_rtc.c ****   assert_param(IS_RTC_ALARM(Alarm));
  84              		.loc 1 1537 3 view .LVU9
1538:Drivers/STM32H7xx_HAL_Driver/Src/stm32h7xx_hal_rtc.c **** 
1539:Drivers/STM32H7xx_HAL_Driver/Src/stm32h7xx_hal_rtc.c ****   /* Process Locked */
1540:Drivers/STM32H7xx_HAL_Driver/Src/stm32h7xx_hal_rtc.c ****   __HAL_LOCK(hrtc);
  85              		.loc 1 1540 3 view .LVU10
  86              		.loc 1 1540 3 view .LVU11
  87 0002 90F82030 		ldrb	r3, [r0, #32]	@ zero_extendqisi2
  88 0006 012B     		cmp	r3, #1
  89 0008 5DD0     		beq	.L11
  90 000a 0446     		mov	r4, r0
  91              		.loc 1 1540 3 discriminator 2 view .LVU12
  92 000c 0123     		movs	r3, #1
  93 000e 80F82030 		strb	r3, [r0, #32]
  94              		.loc 1 1540 3 discriminator 2 view .LVU13
1541:Drivers/STM32H7xx_HAL_Driver/Src/stm32h7xx_hal_rtc.c **** 
1542:Drivers/STM32H7xx_HAL_Driver/Src/stm32h7xx_hal_rtc.c ****   hrtc->State = HAL_RTC_STATE_BUSY;
  95              		.loc 1 1542 3 discriminator 2 view .LVU14
  96              		.loc 1 1542 15 is_stmt 0 discriminator 2 view .LVU15
  97 0012 0223     		movs	r3, #2
  98 0014 80F82130 		strb	r3, [r0, #33]
1543:Drivers/STM32H7xx_HAL_Driver/Src/stm32h7xx_hal_rtc.c **** 
1544:Drivers/STM32H7xx_HAL_Driver/Src/stm32h7xx_hal_rtc.c ****   /* Disable the write protection for RTC registers */
1545:Drivers/STM32H7xx_HAL_Driver/Src/stm32h7xx_hal_rtc.c ****   __HAL_RTC_WRITEPROTECTION_DISABLE(hrtc);
  99              		.loc 1 1545 3 is_stmt 1 discriminator 2 view .LVU16
 100              		.loc 1 1545 3 discriminator 2 view .LVU17
 101 0018 0368     		ldr	r3, [r0]
 102 001a CA22     		movs	r2, #202
 103 001c 5A62     		str	r2, [r3, #36]
 104              		.loc 1 1545 3 discriminator 2 view .LVU18
 105 001e 0368     		ldr	r3, [r0]
 106 0020 5322     		movs	r2, #83
 107 0022 5A62     		str	r2, [r3, #36]
 108              		.loc 1 1545 3 discriminator 2 view .LVU19
1546:Drivers/STM32H7xx_HAL_Driver/Src/stm32h7xx_hal_rtc.c **** 
1547:Drivers/STM32H7xx_HAL_Driver/Src/stm32h7xx_hal_rtc.c ****   if(Alarm == RTC_ALARM_A)
 109              		.loc 1 1547 3 discriminator 2 view .LVU20
 110              		.loc 1 1547 5 is_stmt 0 discriminator 2 view .LVU21
 111 0024 B1F5807F 		cmp	r1, #256
ARM GAS  C:\Users\admin\AppData\Local\Temp\ccgKPo3u.s 			page 30


 112 0028 21D0     		beq	.L13
1548:Drivers/STM32H7xx_HAL_Driver/Src/stm32h7xx_hal_rtc.c ****   {
1549:Drivers/STM32H7xx_HAL_Driver/Src/stm32h7xx_hal_rtc.c ****     /* AlarmA */
1550:Drivers/STM32H7xx_HAL_Driver/Src/stm32h7xx_hal_rtc.c ****     __HAL_RTC_ALARMA_DISABLE(hrtc);
1551:Drivers/STM32H7xx_HAL_Driver/Src/stm32h7xx_hal_rtc.c **** 
1552:Drivers/STM32H7xx_HAL_Driver/Src/stm32h7xx_hal_rtc.c ****     /* In case of interrupt mode is used, the interrupt source must disabled */
1553:Drivers/STM32H7xx_HAL_Driver/Src/stm32h7xx_hal_rtc.c ****     __HAL_RTC_ALARM_DISABLE_IT(hrtc, RTC_IT_ALRA);
1554:Drivers/STM32H7xx_HAL_Driver/Src/stm32h7xx_hal_rtc.c **** 
1555:Drivers/STM32H7xx_HAL_Driver/Src/stm32h7xx_hal_rtc.c ****     tickstart = HAL_GetTick();
1556:Drivers/STM32H7xx_HAL_Driver/Src/stm32h7xx_hal_rtc.c **** 
1557:Drivers/STM32H7xx_HAL_Driver/Src/stm32h7xx_hal_rtc.c ****     /* Wait till RTC ALRxWF flag is set and if timeout is reached exit */
1558:Drivers/STM32H7xx_HAL_Driver/Src/stm32h7xx_hal_rtc.c **** #if defined(TAMP)
1559:Drivers/STM32H7xx_HAL_Driver/Src/stm32h7xx_hal_rtc.c ****     while (READ_BIT(hrtc->Instance->ICSR, RTC_FLAG_ALRAWF) == 0U)
1560:Drivers/STM32H7xx_HAL_Driver/Src/stm32h7xx_hal_rtc.c **** #else
1561:Drivers/STM32H7xx_HAL_Driver/Src/stm32h7xx_hal_rtc.c ****     while (__HAL_RTC_ALARM_GET_FLAG(hrtc, RTC_FLAG_ALRAWF) == 0U)
1562:Drivers/STM32H7xx_HAL_Driver/Src/stm32h7xx_hal_rtc.c **** #endif /* TAMP */
1563:Drivers/STM32H7xx_HAL_Driver/Src/stm32h7xx_hal_rtc.c ****     {
1564:Drivers/STM32H7xx_HAL_Driver/Src/stm32h7xx_hal_rtc.c ****       if((HAL_GetTick()  - tickstart) > RTC_TIMEOUT_VALUE)
1565:Drivers/STM32H7xx_HAL_Driver/Src/stm32h7xx_hal_rtc.c ****       {
1566:Drivers/STM32H7xx_HAL_Driver/Src/stm32h7xx_hal_rtc.c ****         /* Enable the write protection for RTC registers */
1567:Drivers/STM32H7xx_HAL_Driver/Src/stm32h7xx_hal_rtc.c ****         __HAL_RTC_WRITEPROTECTION_ENABLE(hrtc);
1568:Drivers/STM32H7xx_HAL_Driver/Src/stm32h7xx_hal_rtc.c **** 
1569:Drivers/STM32H7xx_HAL_Driver/Src/stm32h7xx_hal_rtc.c ****         hrtc->State = HAL_RTC_STATE_TIMEOUT;
1570:Drivers/STM32H7xx_HAL_Driver/Src/stm32h7xx_hal_rtc.c **** 
1571:Drivers/STM32H7xx_HAL_Driver/Src/stm32h7xx_hal_rtc.c ****         /* Process Unlocked */
1572:Drivers/STM32H7xx_HAL_Driver/Src/stm32h7xx_hal_rtc.c ****         __HAL_UNLOCK(hrtc);
1573:Drivers/STM32H7xx_HAL_Driver/Src/stm32h7xx_hal_rtc.c **** 
1574:Drivers/STM32H7xx_HAL_Driver/Src/stm32h7xx_hal_rtc.c ****         return HAL_TIMEOUT;
1575:Drivers/STM32H7xx_HAL_Driver/Src/stm32h7xx_hal_rtc.c ****       }
1576:Drivers/STM32H7xx_HAL_Driver/Src/stm32h7xx_hal_rtc.c ****     }
1577:Drivers/STM32H7xx_HAL_Driver/Src/stm32h7xx_hal_rtc.c ****   }
1578:Drivers/STM32H7xx_HAL_Driver/Src/stm32h7xx_hal_rtc.c ****   else
1579:Drivers/STM32H7xx_HAL_Driver/Src/stm32h7xx_hal_rtc.c ****   {
1580:Drivers/STM32H7xx_HAL_Driver/Src/stm32h7xx_hal_rtc.c ****     /* AlarmB */
1581:Drivers/STM32H7xx_HAL_Driver/Src/stm32h7xx_hal_rtc.c ****     __HAL_RTC_ALARMB_DISABLE(hrtc);
 113              		.loc 1 1581 5 is_stmt 1 view .LVU22
 114 002a 0268     		ldr	r2, [r0]
 115 002c 9368     		ldr	r3, [r2, #8]
 116 002e 23F40073 		bic	r3, r3, #512
 117 0032 9360     		str	r3, [r2, #8]
1582:Drivers/STM32H7xx_HAL_Driver/Src/stm32h7xx_hal_rtc.c **** 
1583:Drivers/STM32H7xx_HAL_Driver/Src/stm32h7xx_hal_rtc.c ****     /* In case of interrupt mode is used, the interrupt source must disabled */
1584:Drivers/STM32H7xx_HAL_Driver/Src/stm32h7xx_hal_rtc.c ****     __HAL_RTC_ALARM_DISABLE_IT(hrtc, RTC_IT_ALRB);
 118              		.loc 1 1584 5 view .LVU23
 119 0034 0268     		ldr	r2, [r0]
 120 0036 9368     		ldr	r3, [r2, #8]
 121 0038 23F40053 		bic	r3, r3, #8192
 122 003c 9360     		str	r3, [r2, #8]
1585:Drivers/STM32H7xx_HAL_Driver/Src/stm32h7xx_hal_rtc.c **** 
1586:Drivers/STM32H7xx_HAL_Driver/Src/stm32h7xx_hal_rtc.c ****     tickstart = HAL_GetTick();
 123              		.loc 1 1586 5 view .LVU24
 124              		.loc 1 1586 17 is_stmt 0 view .LVU25
 125 003e FFF7FEFF 		bl	HAL_GetTick
 126              	.LVL3:
 127              		.loc 1 1586 17 view .LVU26
 128 0042 0546     		mov	r5, r0
 129              	.LVL4:
ARM GAS  C:\Users\admin\AppData\Local\Temp\ccgKPo3u.s 			page 31


1587:Drivers/STM32H7xx_HAL_Driver/Src/stm32h7xx_hal_rtc.c **** 
1588:Drivers/STM32H7xx_HAL_Driver/Src/stm32h7xx_hal_rtc.c ****     /* Wait till RTC ALRxWF flag is set and if timeout is reached exit */
1589:Drivers/STM32H7xx_HAL_Driver/Src/stm32h7xx_hal_rtc.c **** #if defined(TAMP)
1590:Drivers/STM32H7xx_HAL_Driver/Src/stm32h7xx_hal_rtc.c ****     while (READ_BIT(hrtc->Instance->ICSR, RTC_FLAG_ALRBWF) == 0U)
1591:Drivers/STM32H7xx_HAL_Driver/Src/stm32h7xx_hal_rtc.c **** #else
1592:Drivers/STM32H7xx_HAL_Driver/Src/stm32h7xx_hal_rtc.c ****     while (__HAL_RTC_ALARM_GET_FLAG(hrtc, RTC_FLAG_ALRBWF) == 0U)
 130              		.loc 1 1592 5 is_stmt 1 view .LVU27
 131              	.L9:
 132              		.loc 1 1592 11 view .LVU28
 133              		.loc 1 1592 12 is_stmt 0 view .LVU29
 134 0044 2368     		ldr	r3, [r4]
 135 0046 DB68     		ldr	r3, [r3, #12]
 136              		.loc 1 1592 11 view .LVU30
 137 0048 13F0020F 		tst	r3, #2
 138 004c 31D1     		bne	.L8
1593:Drivers/STM32H7xx_HAL_Driver/Src/stm32h7xx_hal_rtc.c **** #endif /* TAMP */
1594:Drivers/STM32H7xx_HAL_Driver/Src/stm32h7xx_hal_rtc.c ****     {
1595:Drivers/STM32H7xx_HAL_Driver/Src/stm32h7xx_hal_rtc.c ****       if((HAL_GetTick() - tickstart) > RTC_TIMEOUT_VALUE)
 139              		.loc 1 1595 7 is_stmt 1 view .LVU31
 140              		.loc 1 1595 11 is_stmt 0 view .LVU32
 141 004e FFF7FEFF 		bl	HAL_GetTick
 142              	.LVL5:
 143              		.loc 1 1595 25 view .LVU33
 144 0052 431B     		subs	r3, r0, r5
 145              		.loc 1 1595 9 view .LVU34
 146 0054 B3F57A7F 		cmp	r3, #1000
 147 0058 F4D9     		bls	.L9
1596:Drivers/STM32H7xx_HAL_Driver/Src/stm32h7xx_hal_rtc.c ****       {
1597:Drivers/STM32H7xx_HAL_Driver/Src/stm32h7xx_hal_rtc.c ****         /* Enable the write protection for RTC registers */
1598:Drivers/STM32H7xx_HAL_Driver/Src/stm32h7xx_hal_rtc.c ****         __HAL_RTC_WRITEPROTECTION_ENABLE(hrtc);
 148              		.loc 1 1598 9 is_stmt 1 view .LVU35
 149              		.loc 1 1598 9 view .LVU36
 150 005a 2368     		ldr	r3, [r4]
 151 005c FF22     		movs	r2, #255
 152 005e 5A62     		str	r2, [r3, #36]
 153              		.loc 1 1598 9 view .LVU37
1599:Drivers/STM32H7xx_HAL_Driver/Src/stm32h7xx_hal_rtc.c **** 
1600:Drivers/STM32H7xx_HAL_Driver/Src/stm32h7xx_hal_rtc.c ****         hrtc->State = HAL_RTC_STATE_TIMEOUT;
 154              		.loc 1 1600 9 view .LVU38
 155              		.loc 1 1600 21 is_stmt 0 view .LVU39
 156 0060 0320     		movs	r0, #3
 157 0062 84F82100 		strb	r0, [r4, #33]
1601:Drivers/STM32H7xx_HAL_Driver/Src/stm32h7xx_hal_rtc.c **** 
1602:Drivers/STM32H7xx_HAL_Driver/Src/stm32h7xx_hal_rtc.c ****         /* Process Unlocked */
1603:Drivers/STM32H7xx_HAL_Driver/Src/stm32h7xx_hal_rtc.c ****         __HAL_UNLOCK(hrtc);
 158              		.loc 1 1603 9 is_stmt 1 view .LVU40
 159              		.loc 1 1603 9 view .LVU41
 160 0066 0023     		movs	r3, #0
 161 0068 84F82030 		strb	r3, [r4, #32]
 162              		.loc 1 1603 9 view .LVU42
1604:Drivers/STM32H7xx_HAL_Driver/Src/stm32h7xx_hal_rtc.c **** 
1605:Drivers/STM32H7xx_HAL_Driver/Src/stm32h7xx_hal_rtc.c ****         return HAL_TIMEOUT;
 163              		.loc 1 1605 9 view .LVU43
 164              		.loc 1 1605 16 is_stmt 0 view .LVU44
 165 006c 2AE0     		b	.L4
 166              	.LVL6:
 167              	.L13:
ARM GAS  C:\Users\admin\AppData\Local\Temp\ccgKPo3u.s 			page 32


1550:Drivers/STM32H7xx_HAL_Driver/Src/stm32h7xx_hal_rtc.c **** 
 168              		.loc 1 1550 5 is_stmt 1 view .LVU45
 169 006e 0268     		ldr	r2, [r0]
 170 0070 9368     		ldr	r3, [r2, #8]
 171 0072 23F48073 		bic	r3, r3, #256
 172 0076 9360     		str	r3, [r2, #8]
1553:Drivers/STM32H7xx_HAL_Driver/Src/stm32h7xx_hal_rtc.c **** 
 173              		.loc 1 1553 5 view .LVU46
 174 0078 0268     		ldr	r2, [r0]
 175 007a 9368     		ldr	r3, [r2, #8]
 176 007c 23F48053 		bic	r3, r3, #4096
 177 0080 9360     		str	r3, [r2, #8]
1555:Drivers/STM32H7xx_HAL_Driver/Src/stm32h7xx_hal_rtc.c **** 
 178              		.loc 1 1555 5 view .LVU47
1555:Drivers/STM32H7xx_HAL_Driver/Src/stm32h7xx_hal_rtc.c **** 
 179              		.loc 1 1555 17 is_stmt 0 view .LVU48
 180 0082 FFF7FEFF 		bl	HAL_GetTick
 181              	.LVL7:
1555:Drivers/STM32H7xx_HAL_Driver/Src/stm32h7xx_hal_rtc.c **** 
 182              		.loc 1 1555 17 view .LVU49
 183 0086 0546     		mov	r5, r0
 184              	.LVL8:
1561:Drivers/STM32H7xx_HAL_Driver/Src/stm32h7xx_hal_rtc.c **** #endif /* TAMP */
 185              		.loc 1 1561 5 is_stmt 1 view .LVU50
 186              	.L6:
1561:Drivers/STM32H7xx_HAL_Driver/Src/stm32h7xx_hal_rtc.c **** #endif /* TAMP */
 187              		.loc 1 1561 11 view .LVU51
1561:Drivers/STM32H7xx_HAL_Driver/Src/stm32h7xx_hal_rtc.c **** #endif /* TAMP */
 188              		.loc 1 1561 12 is_stmt 0 view .LVU52
 189 0088 2368     		ldr	r3, [r4]
 190 008a DB68     		ldr	r3, [r3, #12]
1561:Drivers/STM32H7xx_HAL_Driver/Src/stm32h7xx_hal_rtc.c **** #endif /* TAMP */
 191              		.loc 1 1561 11 view .LVU53
 192 008c 13F0010F 		tst	r3, #1
 193 0090 0FD1     		bne	.L8
1564:Drivers/STM32H7xx_HAL_Driver/Src/stm32h7xx_hal_rtc.c ****       {
 194              		.loc 1 1564 7 is_stmt 1 view .LVU54
1564:Drivers/STM32H7xx_HAL_Driver/Src/stm32h7xx_hal_rtc.c ****       {
 195              		.loc 1 1564 11 is_stmt 0 view .LVU55
 196 0092 FFF7FEFF 		bl	HAL_GetTick
 197              	.LVL9:
1564:Drivers/STM32H7xx_HAL_Driver/Src/stm32h7xx_hal_rtc.c ****       {
 198              		.loc 1 1564 26 view .LVU56
 199 0096 401B     		subs	r0, r0, r5
1564:Drivers/STM32H7xx_HAL_Driver/Src/stm32h7xx_hal_rtc.c ****       {
 200              		.loc 1 1564 9 view .LVU57
 201 0098 B0F57A7F 		cmp	r0, #1000
 202 009c F4D9     		bls	.L6
1567:Drivers/STM32H7xx_HAL_Driver/Src/stm32h7xx_hal_rtc.c **** 
 203              		.loc 1 1567 9 is_stmt 1 view .LVU58
1567:Drivers/STM32H7xx_HAL_Driver/Src/stm32h7xx_hal_rtc.c **** 
 204              		.loc 1 1567 9 view .LVU59
 205 009e 2368     		ldr	r3, [r4]
 206 00a0 FF22     		movs	r2, #255
 207 00a2 5A62     		str	r2, [r3, #36]
1567:Drivers/STM32H7xx_HAL_Driver/Src/stm32h7xx_hal_rtc.c **** 
 208              		.loc 1 1567 9 view .LVU60
ARM GAS  C:\Users\admin\AppData\Local\Temp\ccgKPo3u.s 			page 33


1569:Drivers/STM32H7xx_HAL_Driver/Src/stm32h7xx_hal_rtc.c **** 
 209              		.loc 1 1569 9 view .LVU61
1569:Drivers/STM32H7xx_HAL_Driver/Src/stm32h7xx_hal_rtc.c **** 
 210              		.loc 1 1569 21 is_stmt 0 view .LVU62
 211 00a4 0320     		movs	r0, #3
 212 00a6 84F82100 		strb	r0, [r4, #33]
1572:Drivers/STM32H7xx_HAL_Driver/Src/stm32h7xx_hal_rtc.c **** 
 213              		.loc 1 1572 9 is_stmt 1 view .LVU63
1572:Drivers/STM32H7xx_HAL_Driver/Src/stm32h7xx_hal_rtc.c **** 
 214              		.loc 1 1572 9 view .LVU64
 215 00aa 0023     		movs	r3, #0
 216 00ac 84F82030 		strb	r3, [r4, #32]
1572:Drivers/STM32H7xx_HAL_Driver/Src/stm32h7xx_hal_rtc.c **** 
 217              		.loc 1 1572 9 view .LVU65
1574:Drivers/STM32H7xx_HAL_Driver/Src/stm32h7xx_hal_rtc.c ****       }
 218              		.loc 1 1574 9 view .LVU66
1574:Drivers/STM32H7xx_HAL_Driver/Src/stm32h7xx_hal_rtc.c ****       }
 219              		.loc 1 1574 16 is_stmt 0 view .LVU67
 220 00b0 08E0     		b	.L4
 221              	.L8:
1606:Drivers/STM32H7xx_HAL_Driver/Src/stm32h7xx_hal_rtc.c ****       }
1607:Drivers/STM32H7xx_HAL_Driver/Src/stm32h7xx_hal_rtc.c ****     }
1608:Drivers/STM32H7xx_HAL_Driver/Src/stm32h7xx_hal_rtc.c ****   }
1609:Drivers/STM32H7xx_HAL_Driver/Src/stm32h7xx_hal_rtc.c ****   /* Enable the write protection for RTC registers */
1610:Drivers/STM32H7xx_HAL_Driver/Src/stm32h7xx_hal_rtc.c ****   __HAL_RTC_WRITEPROTECTION_ENABLE(hrtc);
 222              		.loc 1 1610 3 is_stmt 1 view .LVU68
 223              		.loc 1 1610 3 view .LVU69
 224 00b2 2368     		ldr	r3, [r4]
 225 00b4 FF22     		movs	r2, #255
 226 00b6 5A62     		str	r2, [r3, #36]
 227              		.loc 1 1610 3 view .LVU70
1611:Drivers/STM32H7xx_HAL_Driver/Src/stm32h7xx_hal_rtc.c **** 
1612:Drivers/STM32H7xx_HAL_Driver/Src/stm32h7xx_hal_rtc.c ****   hrtc->State = HAL_RTC_STATE_READY;
 228              		.loc 1 1612 3 view .LVU71
 229              		.loc 1 1612 15 is_stmt 0 view .LVU72
 230 00b8 0123     		movs	r3, #1
 231 00ba 84F82130 		strb	r3, [r4, #33]
1613:Drivers/STM32H7xx_HAL_Driver/Src/stm32h7xx_hal_rtc.c **** 
1614:Drivers/STM32H7xx_HAL_Driver/Src/stm32h7xx_hal_rtc.c ****   /* Process Unlocked */
1615:Drivers/STM32H7xx_HAL_Driver/Src/stm32h7xx_hal_rtc.c ****   __HAL_UNLOCK(hrtc);
 232              		.loc 1 1615 3 is_stmt 1 view .LVU73
 233              		.loc 1 1615 3 view .LVU74
 234 00be 0020     		movs	r0, #0
 235 00c0 84F82000 		strb	r0, [r4, #32]
 236              		.loc 1 1615 3 view .LVU75
1616:Drivers/STM32H7xx_HAL_Driver/Src/stm32h7xx_hal_rtc.c **** 
1617:Drivers/STM32H7xx_HAL_Driver/Src/stm32h7xx_hal_rtc.c ****   return HAL_OK;
 237              		.loc 1 1617 3 view .LVU76
 238              	.LVL10:
 239              	.L4:
1618:Drivers/STM32H7xx_HAL_Driver/Src/stm32h7xx_hal_rtc.c **** }
 240              		.loc 1 1618 1 is_stmt 0 view .LVU77
 241 00c4 38BD     		pop	{r3, r4, r5, pc}
 242              	.LVL11:
 243              	.L11:
1540:Drivers/STM32H7xx_HAL_Driver/Src/stm32h7xx_hal_rtc.c **** 
 244              		.loc 1 1540 3 view .LVU78
ARM GAS  C:\Users\admin\AppData\Local\Temp\ccgKPo3u.s 			page 34


 245 00c6 0220     		movs	r0, #2
 246              	.LVL12:
1540:Drivers/STM32H7xx_HAL_Driver/Src/stm32h7xx_hal_rtc.c **** 
 247              		.loc 1 1540 3 view .LVU79
 248 00c8 FCE7     		b	.L4
 249              		.cfi_endproc
 250              	.LFE154:
 252              		.section	.text.HAL_RTC_AlarmAEventCallback,"ax",%progbits
 253              		.align	1
 254              		.weak	HAL_RTC_AlarmAEventCallback
 255              		.syntax unified
 256              		.thumb
 257              		.thumb_func
 259              	HAL_RTC_AlarmAEventCallback:
 260              	.LVL13:
 261              	.LFB157:
1619:Drivers/STM32H7xx_HAL_Driver/Src/stm32h7xx_hal_rtc.c **** 
1620:Drivers/STM32H7xx_HAL_Driver/Src/stm32h7xx_hal_rtc.c **** /**
1621:Drivers/STM32H7xx_HAL_Driver/Src/stm32h7xx_hal_rtc.c ****   * @brief  Get the RTC Alarm value and masks.
1622:Drivers/STM32H7xx_HAL_Driver/Src/stm32h7xx_hal_rtc.c ****   * @param  hrtc RTC handle
1623:Drivers/STM32H7xx_HAL_Driver/Src/stm32h7xx_hal_rtc.c ****   * @param  sAlarm Pointer to Date structure
1624:Drivers/STM32H7xx_HAL_Driver/Src/stm32h7xx_hal_rtc.c ****   * @param  Alarm Specifies the Alarm.
1625:Drivers/STM32H7xx_HAL_Driver/Src/stm32h7xx_hal_rtc.c ****   *          This parameter can be one of the following values:
1626:Drivers/STM32H7xx_HAL_Driver/Src/stm32h7xx_hal_rtc.c ****   *             @arg RTC_ALARM_A: AlarmA
1627:Drivers/STM32H7xx_HAL_Driver/Src/stm32h7xx_hal_rtc.c ****   *             @arg RTC_ALARM_B: AlarmB
1628:Drivers/STM32H7xx_HAL_Driver/Src/stm32h7xx_hal_rtc.c ****   * @param  Format Specifies the format of the entered parameters.
1629:Drivers/STM32H7xx_HAL_Driver/Src/stm32h7xx_hal_rtc.c ****   *          This parameter can be one of the following values:
1630:Drivers/STM32H7xx_HAL_Driver/Src/stm32h7xx_hal_rtc.c ****   *             @arg RTC_FORMAT_BIN: Binary data format
1631:Drivers/STM32H7xx_HAL_Driver/Src/stm32h7xx_hal_rtc.c ****   *             @arg RTC_FORMAT_BCD: BCD data format
1632:Drivers/STM32H7xx_HAL_Driver/Src/stm32h7xx_hal_rtc.c ****   * @retval HAL status
1633:Drivers/STM32H7xx_HAL_Driver/Src/stm32h7xx_hal_rtc.c ****   */
1634:Drivers/STM32H7xx_HAL_Driver/Src/stm32h7xx_hal_rtc.c **** HAL_StatusTypeDef HAL_RTC_GetAlarm(const RTC_HandleTypeDef *hrtc, RTC_AlarmTypeDef *sAlarm, uint32_
1635:Drivers/STM32H7xx_HAL_Driver/Src/stm32h7xx_hal_rtc.c **** {
1636:Drivers/STM32H7xx_HAL_Driver/Src/stm32h7xx_hal_rtc.c ****   uint32_t tmpreg;
1637:Drivers/STM32H7xx_HAL_Driver/Src/stm32h7xx_hal_rtc.c ****   uint32_t subsecondtmpreg;
1638:Drivers/STM32H7xx_HAL_Driver/Src/stm32h7xx_hal_rtc.c **** 
1639:Drivers/STM32H7xx_HAL_Driver/Src/stm32h7xx_hal_rtc.c ****   /* Check the parameters */
1640:Drivers/STM32H7xx_HAL_Driver/Src/stm32h7xx_hal_rtc.c ****   assert_param(IS_RTC_FORMAT(Format));
1641:Drivers/STM32H7xx_HAL_Driver/Src/stm32h7xx_hal_rtc.c ****   assert_param(IS_RTC_ALARM(Alarm));
1642:Drivers/STM32H7xx_HAL_Driver/Src/stm32h7xx_hal_rtc.c **** 
1643:Drivers/STM32H7xx_HAL_Driver/Src/stm32h7xx_hal_rtc.c ****   if(Alarm == RTC_ALARM_A)
1644:Drivers/STM32H7xx_HAL_Driver/Src/stm32h7xx_hal_rtc.c ****   {
1645:Drivers/STM32H7xx_HAL_Driver/Src/stm32h7xx_hal_rtc.c ****     /* AlarmA */
1646:Drivers/STM32H7xx_HAL_Driver/Src/stm32h7xx_hal_rtc.c ****     sAlarm->Alarm = RTC_ALARM_A;
1647:Drivers/STM32H7xx_HAL_Driver/Src/stm32h7xx_hal_rtc.c **** 
1648:Drivers/STM32H7xx_HAL_Driver/Src/stm32h7xx_hal_rtc.c ****     tmpreg = (uint32_t)(hrtc->Instance->ALRMAR);
1649:Drivers/STM32H7xx_HAL_Driver/Src/stm32h7xx_hal_rtc.c ****     subsecondtmpreg = (uint32_t)((hrtc->Instance->ALRMASSR) & RTC_ALRMASSR_SS);
1650:Drivers/STM32H7xx_HAL_Driver/Src/stm32h7xx_hal_rtc.c **** 
1651:Drivers/STM32H7xx_HAL_Driver/Src/stm32h7xx_hal_rtc.c ****     /* Fill the structure with the read parameters */
1652:Drivers/STM32H7xx_HAL_Driver/Src/stm32h7xx_hal_rtc.c ****     sAlarm->AlarmTime.Hours      = (uint8_t)((tmpreg & (RTC_ALRMAR_HT  | RTC_ALRMAR_HU))  >> RTC_AL
1653:Drivers/STM32H7xx_HAL_Driver/Src/stm32h7xx_hal_rtc.c ****     sAlarm->AlarmTime.Minutes    = (uint8_t)((tmpreg & (RTC_ALRMAR_MNT | RTC_ALRMAR_MNU)) >> RTC_AL
1654:Drivers/STM32H7xx_HAL_Driver/Src/stm32h7xx_hal_rtc.c ****     sAlarm->AlarmTime.Seconds    = (uint8_t)((tmpreg & (RTC_ALRMAR_ST  | RTC_ALRMAR_SU))  >> RTC_AL
1655:Drivers/STM32H7xx_HAL_Driver/Src/stm32h7xx_hal_rtc.c ****     sAlarm->AlarmTime.TimeFormat = (uint8_t)((tmpreg &  RTC_ALRMAR_PM)                    >> RTC_AL
1656:Drivers/STM32H7xx_HAL_Driver/Src/stm32h7xx_hal_rtc.c ****     sAlarm->AlarmTime.SubSeconds = (uint32_t) subsecondtmpreg;
1657:Drivers/STM32H7xx_HAL_Driver/Src/stm32h7xx_hal_rtc.c ****     sAlarm->AlarmDateWeekDay     = (uint8_t)((tmpreg & (RTC_ALRMAR_DT  | RTC_ALRMAR_DU))  >> RTC_AL
1658:Drivers/STM32H7xx_HAL_Driver/Src/stm32h7xx_hal_rtc.c ****     sAlarm->AlarmDateWeekDaySel  = (uint32_t)(tmpreg &  RTC_ALRMAR_WDSEL);
1659:Drivers/STM32H7xx_HAL_Driver/Src/stm32h7xx_hal_rtc.c ****     sAlarm->AlarmMask            = (uint32_t)(tmpreg &  RTC_ALARMMASK_ALL);
ARM GAS  C:\Users\admin\AppData\Local\Temp\ccgKPo3u.s 			page 35


1660:Drivers/STM32H7xx_HAL_Driver/Src/stm32h7xx_hal_rtc.c ****   }
1661:Drivers/STM32H7xx_HAL_Driver/Src/stm32h7xx_hal_rtc.c ****   else
1662:Drivers/STM32H7xx_HAL_Driver/Src/stm32h7xx_hal_rtc.c ****   {
1663:Drivers/STM32H7xx_HAL_Driver/Src/stm32h7xx_hal_rtc.c ****     sAlarm->Alarm = RTC_ALARM_B;
1664:Drivers/STM32H7xx_HAL_Driver/Src/stm32h7xx_hal_rtc.c **** 
1665:Drivers/STM32H7xx_HAL_Driver/Src/stm32h7xx_hal_rtc.c ****     tmpreg = (uint32_t)(hrtc->Instance->ALRMBR);
1666:Drivers/STM32H7xx_HAL_Driver/Src/stm32h7xx_hal_rtc.c ****     subsecondtmpreg = (uint32_t)((hrtc->Instance->ALRMBSSR) & RTC_ALRMBSSR_SS);
1667:Drivers/STM32H7xx_HAL_Driver/Src/stm32h7xx_hal_rtc.c **** 
1668:Drivers/STM32H7xx_HAL_Driver/Src/stm32h7xx_hal_rtc.c ****     /* Fill the structure with the read parameters */
1669:Drivers/STM32H7xx_HAL_Driver/Src/stm32h7xx_hal_rtc.c ****     sAlarm->AlarmTime.Hours      = (uint8_t)((tmpreg & (RTC_ALRMBR_HT  | RTC_ALRMBR_HU))  >> RTC_AL
1670:Drivers/STM32H7xx_HAL_Driver/Src/stm32h7xx_hal_rtc.c ****     sAlarm->AlarmTime.Minutes    = (uint8_t)((tmpreg & (RTC_ALRMBR_MNT | RTC_ALRMBR_MNU)) >> RTC_AL
1671:Drivers/STM32H7xx_HAL_Driver/Src/stm32h7xx_hal_rtc.c ****     sAlarm->AlarmTime.Seconds    = (uint8_t)((tmpreg & (RTC_ALRMBR_ST  | RTC_ALRMBR_SU))  >> RTC_AL
1672:Drivers/STM32H7xx_HAL_Driver/Src/stm32h7xx_hal_rtc.c ****     sAlarm->AlarmTime.TimeFormat = (uint8_t)((tmpreg &  RTC_ALRMBR_PM)                    >> RTC_AL
1673:Drivers/STM32H7xx_HAL_Driver/Src/stm32h7xx_hal_rtc.c ****     sAlarm->AlarmTime.SubSeconds = (uint32_t) subsecondtmpreg;
1674:Drivers/STM32H7xx_HAL_Driver/Src/stm32h7xx_hal_rtc.c ****     sAlarm->AlarmDateWeekDay     = (uint8_t)((tmpreg & (RTC_ALRMBR_DT | RTC_ALRMBR_DU))   >> RTC_AL
1675:Drivers/STM32H7xx_HAL_Driver/Src/stm32h7xx_hal_rtc.c ****     sAlarm->AlarmDateWeekDaySel  = (uint32_t)(tmpreg &  RTC_ALRMBR_WDSEL);
1676:Drivers/STM32H7xx_HAL_Driver/Src/stm32h7xx_hal_rtc.c ****     sAlarm->AlarmMask            = (uint32_t)(tmpreg &  RTC_ALARMMASK_ALL);
1677:Drivers/STM32H7xx_HAL_Driver/Src/stm32h7xx_hal_rtc.c ****   }
1678:Drivers/STM32H7xx_HAL_Driver/Src/stm32h7xx_hal_rtc.c **** 
1679:Drivers/STM32H7xx_HAL_Driver/Src/stm32h7xx_hal_rtc.c ****   if(Format == RTC_FORMAT_BIN)
1680:Drivers/STM32H7xx_HAL_Driver/Src/stm32h7xx_hal_rtc.c ****   {
1681:Drivers/STM32H7xx_HAL_Driver/Src/stm32h7xx_hal_rtc.c ****     sAlarm->AlarmTime.Hours = RTC_Bcd2ToByte(sAlarm->AlarmTime.Hours);
1682:Drivers/STM32H7xx_HAL_Driver/Src/stm32h7xx_hal_rtc.c ****     sAlarm->AlarmTime.Minutes = RTC_Bcd2ToByte(sAlarm->AlarmTime.Minutes);
1683:Drivers/STM32H7xx_HAL_Driver/Src/stm32h7xx_hal_rtc.c ****     sAlarm->AlarmTime.Seconds = RTC_Bcd2ToByte(sAlarm->AlarmTime.Seconds);
1684:Drivers/STM32H7xx_HAL_Driver/Src/stm32h7xx_hal_rtc.c ****     sAlarm->AlarmDateWeekDay = RTC_Bcd2ToByte(sAlarm->AlarmDateWeekDay);
1685:Drivers/STM32H7xx_HAL_Driver/Src/stm32h7xx_hal_rtc.c ****   }
1686:Drivers/STM32H7xx_HAL_Driver/Src/stm32h7xx_hal_rtc.c **** 
1687:Drivers/STM32H7xx_HAL_Driver/Src/stm32h7xx_hal_rtc.c ****   return HAL_OK;
1688:Drivers/STM32H7xx_HAL_Driver/Src/stm32h7xx_hal_rtc.c **** }
1689:Drivers/STM32H7xx_HAL_Driver/Src/stm32h7xx_hal_rtc.c **** 
1690:Drivers/STM32H7xx_HAL_Driver/Src/stm32h7xx_hal_rtc.c **** /**
1691:Drivers/STM32H7xx_HAL_Driver/Src/stm32h7xx_hal_rtc.c ****   * @brief  Handle Alarm interrupt request.
1692:Drivers/STM32H7xx_HAL_Driver/Src/stm32h7xx_hal_rtc.c ****   * @param  hrtc RTC handle
1693:Drivers/STM32H7xx_HAL_Driver/Src/stm32h7xx_hal_rtc.c ****   * @retval None
1694:Drivers/STM32H7xx_HAL_Driver/Src/stm32h7xx_hal_rtc.c ****   */
1695:Drivers/STM32H7xx_HAL_Driver/Src/stm32h7xx_hal_rtc.c **** void HAL_RTC_AlarmIRQHandler(RTC_HandleTypeDef *hrtc)
1696:Drivers/STM32H7xx_HAL_Driver/Src/stm32h7xx_hal_rtc.c **** {
1697:Drivers/STM32H7xx_HAL_Driver/Src/stm32h7xx_hal_rtc.c ****   /* Clear the EXTI's line Flag for RTC Alarm */
1698:Drivers/STM32H7xx_HAL_Driver/Src/stm32h7xx_hal_rtc.c **** #if defined(DUAL_CORE)
1699:Drivers/STM32H7xx_HAL_Driver/Src/stm32h7xx_hal_rtc.c ****   if(HAL_GetCurrentCPUID() == CM7_CPUID)
1700:Drivers/STM32H7xx_HAL_Driver/Src/stm32h7xx_hal_rtc.c ****   {
1701:Drivers/STM32H7xx_HAL_Driver/Src/stm32h7xx_hal_rtc.c ****     __HAL_RTC_ALARM_EXTI_CLEAR_FLAG();
1702:Drivers/STM32H7xx_HAL_Driver/Src/stm32h7xx_hal_rtc.c ****   }
1703:Drivers/STM32H7xx_HAL_Driver/Src/stm32h7xx_hal_rtc.c ****   else
1704:Drivers/STM32H7xx_HAL_Driver/Src/stm32h7xx_hal_rtc.c ****   {
1705:Drivers/STM32H7xx_HAL_Driver/Src/stm32h7xx_hal_rtc.c ****     __HAL_RTC_ALARM_EXTID2_CLEAR_FLAG();
1706:Drivers/STM32H7xx_HAL_Driver/Src/stm32h7xx_hal_rtc.c ****   }
1707:Drivers/STM32H7xx_HAL_Driver/Src/stm32h7xx_hal_rtc.c **** #else  /* SINGLE_CORE */
1708:Drivers/STM32H7xx_HAL_Driver/Src/stm32h7xx_hal_rtc.c ****   __HAL_RTC_ALARM_EXTI_CLEAR_FLAG();
1709:Drivers/STM32H7xx_HAL_Driver/Src/stm32h7xx_hal_rtc.c **** #endif /* DUAL_CORE */
1710:Drivers/STM32H7xx_HAL_Driver/Src/stm32h7xx_hal_rtc.c **** 
1711:Drivers/STM32H7xx_HAL_Driver/Src/stm32h7xx_hal_rtc.c **** #if defined(TAMP)
1712:Drivers/STM32H7xx_HAL_Driver/Src/stm32h7xx_hal_rtc.c ****   /* Get interrupt status */
1713:Drivers/STM32H7xx_HAL_Driver/Src/stm32h7xx_hal_rtc.c ****   uint32_t tmp = hrtc->Instance->MISR;
1714:Drivers/STM32H7xx_HAL_Driver/Src/stm32h7xx_hal_rtc.c **** 
1715:Drivers/STM32H7xx_HAL_Driver/Src/stm32h7xx_hal_rtc.c ****   if((tmp & RTC_FLAG_ALRAF) != 0u)
1716:Drivers/STM32H7xx_HAL_Driver/Src/stm32h7xx_hal_rtc.c ****   {
ARM GAS  C:\Users\admin\AppData\Local\Temp\ccgKPo3u.s 			page 36


1717:Drivers/STM32H7xx_HAL_Driver/Src/stm32h7xx_hal_rtc.c ****     /* Clear the AlarmA interrupt pending bit */
1718:Drivers/STM32H7xx_HAL_Driver/Src/stm32h7xx_hal_rtc.c ****     __HAL_RTC_ALARM_CLEAR_FLAG(hrtc, RTC_FLAG_ALRAF);
1719:Drivers/STM32H7xx_HAL_Driver/Src/stm32h7xx_hal_rtc.c **** 
1720:Drivers/STM32H7xx_HAL_Driver/Src/stm32h7xx_hal_rtc.c ****     /* Call Alarm A Callback */
1721:Drivers/STM32H7xx_HAL_Driver/Src/stm32h7xx_hal_rtc.c **** #if (USE_HAL_RTC_REGISTER_CALLBACKS == 1)
1722:Drivers/STM32H7xx_HAL_Driver/Src/stm32h7xx_hal_rtc.c ****     hrtc->AlarmAEventCallback(hrtc);
1723:Drivers/STM32H7xx_HAL_Driver/Src/stm32h7xx_hal_rtc.c **** #else  /* (USE_HAL_RTC_REGISTER_CALLBACKS == 1) */
1724:Drivers/STM32H7xx_HAL_Driver/Src/stm32h7xx_hal_rtc.c ****     HAL_RTC_AlarmAEventCallback(hrtc);
1725:Drivers/STM32H7xx_HAL_Driver/Src/stm32h7xx_hal_rtc.c **** #endif /* (USE_HAL_RTC_REGISTER_CALLBACKS == 1) */
1726:Drivers/STM32H7xx_HAL_Driver/Src/stm32h7xx_hal_rtc.c ****   }
1727:Drivers/STM32H7xx_HAL_Driver/Src/stm32h7xx_hal_rtc.c **** 
1728:Drivers/STM32H7xx_HAL_Driver/Src/stm32h7xx_hal_rtc.c ****   if((tmp & RTC_MISR_ALRBMF) != 0u)
1729:Drivers/STM32H7xx_HAL_Driver/Src/stm32h7xx_hal_rtc.c ****   {
1730:Drivers/STM32H7xx_HAL_Driver/Src/stm32h7xx_hal_rtc.c ****     /* Clear the AlarmB interrupt pending bit */
1731:Drivers/STM32H7xx_HAL_Driver/Src/stm32h7xx_hal_rtc.c ****     hrtc->Instance->SCR = RTC_SCR_CALRBF;
1732:Drivers/STM32H7xx_HAL_Driver/Src/stm32h7xx_hal_rtc.c **** 
1733:Drivers/STM32H7xx_HAL_Driver/Src/stm32h7xx_hal_rtc.c ****     /* Call Alarm B Callback */
1734:Drivers/STM32H7xx_HAL_Driver/Src/stm32h7xx_hal_rtc.c **** #if (USE_HAL_RTC_REGISTER_CALLBACKS == 1)
1735:Drivers/STM32H7xx_HAL_Driver/Src/stm32h7xx_hal_rtc.c ****     hrtc->AlarmBEventCallback(hrtc);
1736:Drivers/STM32H7xx_HAL_Driver/Src/stm32h7xx_hal_rtc.c **** #else  /* (USE_HAL_RTC_REGISTER_CALLBACKS == 1) */
1737:Drivers/STM32H7xx_HAL_Driver/Src/stm32h7xx_hal_rtc.c ****     HAL_RTCEx_AlarmBEventCallback(hrtc);
1738:Drivers/STM32H7xx_HAL_Driver/Src/stm32h7xx_hal_rtc.c **** #endif /* (USE_HAL_RTC_REGISTER_CALLBACKS == 1) */
1739:Drivers/STM32H7xx_HAL_Driver/Src/stm32h7xx_hal_rtc.c ****   }
1740:Drivers/STM32H7xx_HAL_Driver/Src/stm32h7xx_hal_rtc.c **** #else
1741:Drivers/STM32H7xx_HAL_Driver/Src/stm32h7xx_hal_rtc.c ****   /* Get the AlarmA interrupt source enable status */
1742:Drivers/STM32H7xx_HAL_Driver/Src/stm32h7xx_hal_rtc.c ****   if(__HAL_RTC_ALARM_GET_IT_SOURCE(hrtc, RTC_IT_ALRA) != 0U)
1743:Drivers/STM32H7xx_HAL_Driver/Src/stm32h7xx_hal_rtc.c ****   {
1744:Drivers/STM32H7xx_HAL_Driver/Src/stm32h7xx_hal_rtc.c ****     /* Get the pending status of the AlarmA Interrupt */
1745:Drivers/STM32H7xx_HAL_Driver/Src/stm32h7xx_hal_rtc.c ****     if(__HAL_RTC_ALARM_GET_FLAG(hrtc, RTC_FLAG_ALRAF) != 0U)
1746:Drivers/STM32H7xx_HAL_Driver/Src/stm32h7xx_hal_rtc.c ****     {
1747:Drivers/STM32H7xx_HAL_Driver/Src/stm32h7xx_hal_rtc.c ****       /* Clear the AlarmA interrupt pending bit */
1748:Drivers/STM32H7xx_HAL_Driver/Src/stm32h7xx_hal_rtc.c ****       __HAL_RTC_ALARM_CLEAR_FLAG(hrtc, RTC_FLAG_ALRAF);
1749:Drivers/STM32H7xx_HAL_Driver/Src/stm32h7xx_hal_rtc.c **** 
1750:Drivers/STM32H7xx_HAL_Driver/Src/stm32h7xx_hal_rtc.c **** #if (USE_HAL_RTC_REGISTER_CALLBACKS == 1)
1751:Drivers/STM32H7xx_HAL_Driver/Src/stm32h7xx_hal_rtc.c ****       hrtc->AlarmAEventCallback(hrtc);
1752:Drivers/STM32H7xx_HAL_Driver/Src/stm32h7xx_hal_rtc.c **** #else  /* (USE_HAL_RTC_REGISTER_CALLBACKS == 1) */
1753:Drivers/STM32H7xx_HAL_Driver/Src/stm32h7xx_hal_rtc.c ****       HAL_RTC_AlarmAEventCallback(hrtc);
1754:Drivers/STM32H7xx_HAL_Driver/Src/stm32h7xx_hal_rtc.c **** #endif /* (USE_HAL_RTC_REGISTER_CALLBACKS == 1) */
1755:Drivers/STM32H7xx_HAL_Driver/Src/stm32h7xx_hal_rtc.c ****     }
1756:Drivers/STM32H7xx_HAL_Driver/Src/stm32h7xx_hal_rtc.c ****   }
1757:Drivers/STM32H7xx_HAL_Driver/Src/stm32h7xx_hal_rtc.c **** 
1758:Drivers/STM32H7xx_HAL_Driver/Src/stm32h7xx_hal_rtc.c ****   /* Get the AlarmB interrupt source enable status */
1759:Drivers/STM32H7xx_HAL_Driver/Src/stm32h7xx_hal_rtc.c ****   if(__HAL_RTC_ALARM_GET_IT_SOURCE(hrtc, RTC_IT_ALRB) != 0U)
1760:Drivers/STM32H7xx_HAL_Driver/Src/stm32h7xx_hal_rtc.c ****   {
1761:Drivers/STM32H7xx_HAL_Driver/Src/stm32h7xx_hal_rtc.c ****     /* Get the pending status of the AlarmB Interrupt */
1762:Drivers/STM32H7xx_HAL_Driver/Src/stm32h7xx_hal_rtc.c ****     if(__HAL_RTC_ALARM_GET_FLAG(hrtc, RTC_FLAG_ALRBF) != 0U)
1763:Drivers/STM32H7xx_HAL_Driver/Src/stm32h7xx_hal_rtc.c ****     {
1764:Drivers/STM32H7xx_HAL_Driver/Src/stm32h7xx_hal_rtc.c ****       /* Clear the AlarmB interrupt pending bit */
1765:Drivers/STM32H7xx_HAL_Driver/Src/stm32h7xx_hal_rtc.c ****       __HAL_RTC_ALARM_CLEAR_FLAG(hrtc, RTC_FLAG_ALRBF);
1766:Drivers/STM32H7xx_HAL_Driver/Src/stm32h7xx_hal_rtc.c **** 
1767:Drivers/STM32H7xx_HAL_Driver/Src/stm32h7xx_hal_rtc.c ****       /* AlarmB callback */
1768:Drivers/STM32H7xx_HAL_Driver/Src/stm32h7xx_hal_rtc.c **** #if (USE_HAL_RTC_REGISTER_CALLBACKS == 1)
1769:Drivers/STM32H7xx_HAL_Driver/Src/stm32h7xx_hal_rtc.c ****       hrtc->AlarmBEventCallback(hrtc);
1770:Drivers/STM32H7xx_HAL_Driver/Src/stm32h7xx_hal_rtc.c **** #else  /* (USE_HAL_RTC_REGISTER_CALLBACKS == 1) */
1771:Drivers/STM32H7xx_HAL_Driver/Src/stm32h7xx_hal_rtc.c ****       HAL_RTCEx_AlarmBEventCallback(hrtc);
1772:Drivers/STM32H7xx_HAL_Driver/Src/stm32h7xx_hal_rtc.c **** #endif /* (USE_HAL_RTC_REGISTER_CALLBACKS == 1) */
1773:Drivers/STM32H7xx_HAL_Driver/Src/stm32h7xx_hal_rtc.c ****     }
ARM GAS  C:\Users\admin\AppData\Local\Temp\ccgKPo3u.s 			page 37


1774:Drivers/STM32H7xx_HAL_Driver/Src/stm32h7xx_hal_rtc.c ****   }
1775:Drivers/STM32H7xx_HAL_Driver/Src/stm32h7xx_hal_rtc.c **** #endif /* TAMP */
1776:Drivers/STM32H7xx_HAL_Driver/Src/stm32h7xx_hal_rtc.c **** 
1777:Drivers/STM32H7xx_HAL_Driver/Src/stm32h7xx_hal_rtc.c ****   /* Change RTC state */
1778:Drivers/STM32H7xx_HAL_Driver/Src/stm32h7xx_hal_rtc.c ****   hrtc->State = HAL_RTC_STATE_READY;
1779:Drivers/STM32H7xx_HAL_Driver/Src/stm32h7xx_hal_rtc.c **** }
1780:Drivers/STM32H7xx_HAL_Driver/Src/stm32h7xx_hal_rtc.c **** 
1781:Drivers/STM32H7xx_HAL_Driver/Src/stm32h7xx_hal_rtc.c **** /**
1782:Drivers/STM32H7xx_HAL_Driver/Src/stm32h7xx_hal_rtc.c ****   * @brief  Alarm A callback.
1783:Drivers/STM32H7xx_HAL_Driver/Src/stm32h7xx_hal_rtc.c ****   * @param  hrtc RTC handle
1784:Drivers/STM32H7xx_HAL_Driver/Src/stm32h7xx_hal_rtc.c ****   * @retval None
1785:Drivers/STM32H7xx_HAL_Driver/Src/stm32h7xx_hal_rtc.c ****   */
1786:Drivers/STM32H7xx_HAL_Driver/Src/stm32h7xx_hal_rtc.c **** __weak void HAL_RTC_AlarmAEventCallback(RTC_HandleTypeDef *hrtc)
1787:Drivers/STM32H7xx_HAL_Driver/Src/stm32h7xx_hal_rtc.c **** {
 262              		.loc 1 1787 1 is_stmt 1 view -0
 263              		.cfi_startproc
 264              		@ args = 0, pretend = 0, frame = 0
 265              		@ frame_needed = 0, uses_anonymous_args = 0
 266              		@ link register save eliminated.
1788:Drivers/STM32H7xx_HAL_Driver/Src/stm32h7xx_hal_rtc.c ****   /* Prevent unused argument(s) compilation warning */
1789:Drivers/STM32H7xx_HAL_Driver/Src/stm32h7xx_hal_rtc.c ****   UNUSED(hrtc);
 267              		.loc 1 1789 3 view .LVU81
1790:Drivers/STM32H7xx_HAL_Driver/Src/stm32h7xx_hal_rtc.c **** 
1791:Drivers/STM32H7xx_HAL_Driver/Src/stm32h7xx_hal_rtc.c ****   /* NOTE : This function should not be modified, when the callback is needed,
1792:Drivers/STM32H7xx_HAL_Driver/Src/stm32h7xx_hal_rtc.c ****             the HAL_RTC_AlarmAEventCallback could be implemented in the user file
1793:Drivers/STM32H7xx_HAL_Driver/Src/stm32h7xx_hal_rtc.c ****    */
1794:Drivers/STM32H7xx_HAL_Driver/Src/stm32h7xx_hal_rtc.c **** }
 268              		.loc 1 1794 1 is_stmt 0 view .LVU82
 269 0000 7047     		bx	lr
 270              		.cfi_endproc
 271              	.LFE157:
 273              		.section	.text.HAL_RTC_AlarmIRQHandler,"ax",%progbits
 274              		.align	1
 275              		.global	HAL_RTC_AlarmIRQHandler
 276              		.syntax unified
 277              		.thumb
 278              		.thumb_func
 280              	HAL_RTC_AlarmIRQHandler:
 281              	.LVL14:
 282              	.LFB156:
1696:Drivers/STM32H7xx_HAL_Driver/Src/stm32h7xx_hal_rtc.c ****   /* Clear the EXTI's line Flag for RTC Alarm */
 283              		.loc 1 1696 1 is_stmt 1 view -0
 284              		.cfi_startproc
 285              		@ args = 0, pretend = 0, frame = 0
 286              		@ frame_needed = 0, uses_anonymous_args = 0
1696:Drivers/STM32H7xx_HAL_Driver/Src/stm32h7xx_hal_rtc.c ****   /* Clear the EXTI's line Flag for RTC Alarm */
 287              		.loc 1 1696 1 is_stmt 0 view .LVU84
 288 0000 10B5     		push	{r4, lr}
 289              	.LCFI1:
 290              		.cfi_def_cfa_offset 8
 291              		.cfi_offset 4, -8
 292              		.cfi_offset 14, -4
 293 0002 0446     		mov	r4, r0
1708:Drivers/STM32H7xx_HAL_Driver/Src/stm32h7xx_hal_rtc.c **** #endif /* DUAL_CORE */
 294              		.loc 1 1708 3 is_stmt 1 view .LVU85
 295 0004 4FF0B043 		mov	r3, #1476395008
 296 0008 4FF40032 		mov	r2, #131072
ARM GAS  C:\Users\admin\AppData\Local\Temp\ccgKPo3u.s 			page 38


 297 000c C3F88820 		str	r2, [r3, #136]
1742:Drivers/STM32H7xx_HAL_Driver/Src/stm32h7xx_hal_rtc.c ****   {
 298              		.loc 1 1742 3 view .LVU86
1742:Drivers/STM32H7xx_HAL_Driver/Src/stm32h7xx_hal_rtc.c ****   {
 299              		.loc 1 1742 6 is_stmt 0 view .LVU87
 300 0010 0368     		ldr	r3, [r0]
 301 0012 9A68     		ldr	r2, [r3, #8]
1742:Drivers/STM32H7xx_HAL_Driver/Src/stm32h7xx_hal_rtc.c ****   {
 302              		.loc 1 1742 5 view .LVU88
 303 0014 12F4805F 		tst	r2, #4096
 304 0018 03D0     		beq	.L16
1745:Drivers/STM32H7xx_HAL_Driver/Src/stm32h7xx_hal_rtc.c ****     {
 305              		.loc 1 1745 5 is_stmt 1 view .LVU89
1745:Drivers/STM32H7xx_HAL_Driver/Src/stm32h7xx_hal_rtc.c ****     {
 306              		.loc 1 1745 8 is_stmt 0 view .LVU90
 307 001a DA68     		ldr	r2, [r3, #12]
1745:Drivers/STM32H7xx_HAL_Driver/Src/stm32h7xx_hal_rtc.c ****     {
 308              		.loc 1 1745 7 view .LVU91
 309 001c 12F4807F 		tst	r2, #256
 310 0020 0CD1     		bne	.L19
 311              	.LVL15:
 312              	.L16:
1759:Drivers/STM32H7xx_HAL_Driver/Src/stm32h7xx_hal_rtc.c ****   {
 313              		.loc 1 1759 3 is_stmt 1 view .LVU92
1759:Drivers/STM32H7xx_HAL_Driver/Src/stm32h7xx_hal_rtc.c ****   {
 314              		.loc 1 1759 6 is_stmt 0 view .LVU93
 315 0022 2368     		ldr	r3, [r4]
 316 0024 9A68     		ldr	r2, [r3, #8]
1759:Drivers/STM32H7xx_HAL_Driver/Src/stm32h7xx_hal_rtc.c ****   {
 317              		.loc 1 1759 5 view .LVU94
 318 0026 12F4005F 		tst	r2, #8192
 319 002a 03D0     		beq	.L17
1762:Drivers/STM32H7xx_HAL_Driver/Src/stm32h7xx_hal_rtc.c ****     {
 320              		.loc 1 1762 5 is_stmt 1 view .LVU95
1762:Drivers/STM32H7xx_HAL_Driver/Src/stm32h7xx_hal_rtc.c ****     {
 321              		.loc 1 1762 8 is_stmt 0 view .LVU96
 322 002c DA68     		ldr	r2, [r3, #12]
1762:Drivers/STM32H7xx_HAL_Driver/Src/stm32h7xx_hal_rtc.c ****     {
 323              		.loc 1 1762 7 view .LVU97
 324 002e 12F4007F 		tst	r2, #512
 325 0032 0BD1     		bne	.L20
 326              	.L17:
1778:Drivers/STM32H7xx_HAL_Driver/Src/stm32h7xx_hal_rtc.c **** }
 327              		.loc 1 1778 3 is_stmt 1 view .LVU98
1778:Drivers/STM32H7xx_HAL_Driver/Src/stm32h7xx_hal_rtc.c **** }
 328              		.loc 1 1778 15 is_stmt 0 view .LVU99
 329 0034 0123     		movs	r3, #1
 330 0036 84F82130 		strb	r3, [r4, #33]
1779:Drivers/STM32H7xx_HAL_Driver/Src/stm32h7xx_hal_rtc.c **** 
 331              		.loc 1 1779 1 view .LVU100
 332 003a 10BD     		pop	{r4, pc}
 333              	.LVL16:
 334              	.L19:
1748:Drivers/STM32H7xx_HAL_Driver/Src/stm32h7xx_hal_rtc.c **** 
 335              		.loc 1 1748 7 is_stmt 1 view .LVU101
 336 003c DA68     		ldr	r2, [r3, #12]
 337 003e D2B2     		uxtb	r2, r2
ARM GAS  C:\Users\admin\AppData\Local\Temp\ccgKPo3u.s 			page 39


 338 0040 62F4C072 		orn	r2, r2, #384
 339 0044 DA60     		str	r2, [r3, #12]
1753:Drivers/STM32H7xx_HAL_Driver/Src/stm32h7xx_hal_rtc.c **** #endif /* (USE_HAL_RTC_REGISTER_CALLBACKS == 1) */
 340              		.loc 1 1753 7 view .LVU102
 341 0046 FFF7FEFF 		bl	HAL_RTC_AlarmAEventCallback
 342              	.LVL17:
1753:Drivers/STM32H7xx_HAL_Driver/Src/stm32h7xx_hal_rtc.c **** #endif /* (USE_HAL_RTC_REGISTER_CALLBACKS == 1) */
 343              		.loc 1 1753 7 is_stmt 0 view .LVU103
 344 004a EAE7     		b	.L16
 345              	.L20:
1765:Drivers/STM32H7xx_HAL_Driver/Src/stm32h7xx_hal_rtc.c **** 
 346              		.loc 1 1765 7 is_stmt 1 view .LVU104
 347 004c DA68     		ldr	r2, [r3, #12]
 348 004e D2B2     		uxtb	r2, r2
 349 0050 62F42072 		orn	r2, r2, #640
 350 0054 DA60     		str	r2, [r3, #12]
1771:Drivers/STM32H7xx_HAL_Driver/Src/stm32h7xx_hal_rtc.c **** #endif /* (USE_HAL_RTC_REGISTER_CALLBACKS == 1) */
 351              		.loc 1 1771 7 view .LVU105
 352 0056 2046     		mov	r0, r4
 353 0058 FFF7FEFF 		bl	HAL_RTCEx_AlarmBEventCallback
 354              	.LVL18:
 355 005c EAE7     		b	.L17
 356              		.cfi_endproc
 357              	.LFE156:
 359              		.section	.text.HAL_RTC_PollForAlarmAEvent,"ax",%progbits
 360              		.align	1
 361              		.global	HAL_RTC_PollForAlarmAEvent
 362              		.syntax unified
 363              		.thumb
 364              		.thumb_func
 366              	HAL_RTC_PollForAlarmAEvent:
 367              	.LVL19:
 368              	.LFB158:
1795:Drivers/STM32H7xx_HAL_Driver/Src/stm32h7xx_hal_rtc.c **** 
1796:Drivers/STM32H7xx_HAL_Driver/Src/stm32h7xx_hal_rtc.c **** /**
1797:Drivers/STM32H7xx_HAL_Driver/Src/stm32h7xx_hal_rtc.c ****   * @brief  Handle AlarmA Polling request.
1798:Drivers/STM32H7xx_HAL_Driver/Src/stm32h7xx_hal_rtc.c ****   * @param  hrtc RTC handle
1799:Drivers/STM32H7xx_HAL_Driver/Src/stm32h7xx_hal_rtc.c ****   * @param  Timeout Timeout duration
1800:Drivers/STM32H7xx_HAL_Driver/Src/stm32h7xx_hal_rtc.c ****   * @retval HAL status
1801:Drivers/STM32H7xx_HAL_Driver/Src/stm32h7xx_hal_rtc.c ****   */
1802:Drivers/STM32H7xx_HAL_Driver/Src/stm32h7xx_hal_rtc.c **** HAL_StatusTypeDef HAL_RTC_PollForAlarmAEvent(RTC_HandleTypeDef *hrtc, uint32_t Timeout)
1803:Drivers/STM32H7xx_HAL_Driver/Src/stm32h7xx_hal_rtc.c **** {
 369              		.loc 1 1803 1 view -0
 370              		.cfi_startproc
 371              		@ args = 0, pretend = 0, frame = 0
 372              		@ frame_needed = 0, uses_anonymous_args = 0
 373              		.loc 1 1803 1 is_stmt 0 view .LVU107
 374 0000 70B5     		push	{r4, r5, r6, lr}
 375              	.LCFI2:
 376              		.cfi_def_cfa_offset 16
 377              		.cfi_offset 4, -16
 378              		.cfi_offset 5, -12
 379              		.cfi_offset 6, -8
 380              		.cfi_offset 14, -4
 381 0002 0446     		mov	r4, r0
 382 0004 0D46     		mov	r5, r1
1804:Drivers/STM32H7xx_HAL_Driver/Src/stm32h7xx_hal_rtc.c **** 
ARM GAS  C:\Users\admin\AppData\Local\Temp\ccgKPo3u.s 			page 40


1805:Drivers/STM32H7xx_HAL_Driver/Src/stm32h7xx_hal_rtc.c ****   uint32_t tickstart = HAL_GetTick();
 383              		.loc 1 1805 3 is_stmt 1 view .LVU108
 384              		.loc 1 1805 24 is_stmt 0 view .LVU109
 385 0006 FFF7FEFF 		bl	HAL_GetTick
 386              	.LVL20:
 387              		.loc 1 1805 24 view .LVU110
 388 000a 0646     		mov	r6, r0
 389              	.LVL21:
1806:Drivers/STM32H7xx_HAL_Driver/Src/stm32h7xx_hal_rtc.c **** 
1807:Drivers/STM32H7xx_HAL_Driver/Src/stm32h7xx_hal_rtc.c ****   while (__HAL_RTC_ALARM_GET_FLAG(hrtc, RTC_FLAG_ALRAF) == 0U)
 390              		.loc 1 1807 3 is_stmt 1 view .LVU111
 391              	.L23:
 392              		.loc 1 1807 9 view .LVU112
 393              		.loc 1 1807 10 is_stmt 0 view .LVU113
 394 000c 2368     		ldr	r3, [r4]
 395 000e DA68     		ldr	r2, [r3, #12]
 396              		.loc 1 1807 9 view .LVU114
 397 0010 12F4807F 		tst	r2, #256
 398 0014 0DD1     		bne	.L28
1808:Drivers/STM32H7xx_HAL_Driver/Src/stm32h7xx_hal_rtc.c ****   {
1809:Drivers/STM32H7xx_HAL_Driver/Src/stm32h7xx_hal_rtc.c ****     if(Timeout != HAL_MAX_DELAY)
 399              		.loc 1 1809 5 is_stmt 1 view .LVU115
 400              		.loc 1 1809 7 is_stmt 0 view .LVU116
 401 0016 B5F1FF3F 		cmp	r5, #-1
 402 001a F7D0     		beq	.L23
1810:Drivers/STM32H7xx_HAL_Driver/Src/stm32h7xx_hal_rtc.c ****     {
1811:Drivers/STM32H7xx_HAL_Driver/Src/stm32h7xx_hal_rtc.c ****       if(((HAL_GetTick() - tickstart) > Timeout) || (Timeout == 0U))
 403              		.loc 1 1811 7 is_stmt 1 view .LVU117
 404              		.loc 1 1811 12 is_stmt 0 view .LVU118
 405 001c FFF7FEFF 		bl	HAL_GetTick
 406              	.LVL22:
 407              		.loc 1 1811 26 view .LVU119
 408 0020 801B     		subs	r0, r0, r6
 409              		.loc 1 1811 9 view .LVU120
 410 0022 A842     		cmp	r0, r5
 411 0024 01D8     		bhi	.L24
 412              		.loc 1 1811 50 discriminator 1 view .LVU121
 413 0026 002D     		cmp	r5, #0
 414 0028 F0D1     		bne	.L23
 415              	.L24:
1812:Drivers/STM32H7xx_HAL_Driver/Src/stm32h7xx_hal_rtc.c ****       {
1813:Drivers/STM32H7xx_HAL_Driver/Src/stm32h7xx_hal_rtc.c ****         hrtc->State = HAL_RTC_STATE_TIMEOUT;
 416              		.loc 1 1813 9 is_stmt 1 view .LVU122
 417              		.loc 1 1813 21 is_stmt 0 view .LVU123
 418 002a 0320     		movs	r0, #3
 419 002c 84F82100 		strb	r0, [r4, #33]
1814:Drivers/STM32H7xx_HAL_Driver/Src/stm32h7xx_hal_rtc.c ****         return HAL_TIMEOUT;
 420              		.loc 1 1814 9 is_stmt 1 view .LVU124
 421              		.loc 1 1814 16 is_stmt 0 view .LVU125
 422 0030 08E0     		b	.L25
 423              	.L28:
1815:Drivers/STM32H7xx_HAL_Driver/Src/stm32h7xx_hal_rtc.c ****       }
1816:Drivers/STM32H7xx_HAL_Driver/Src/stm32h7xx_hal_rtc.c ****     }
1817:Drivers/STM32H7xx_HAL_Driver/Src/stm32h7xx_hal_rtc.c ****   }
1818:Drivers/STM32H7xx_HAL_Driver/Src/stm32h7xx_hal_rtc.c **** 
1819:Drivers/STM32H7xx_HAL_Driver/Src/stm32h7xx_hal_rtc.c ****   /* Clear the Alarm interrupt pending bit */
1820:Drivers/STM32H7xx_HAL_Driver/Src/stm32h7xx_hal_rtc.c ****   __HAL_RTC_ALARM_CLEAR_FLAG(hrtc, RTC_FLAG_ALRAF);
ARM GAS  C:\Users\admin\AppData\Local\Temp\ccgKPo3u.s 			page 41


 424              		.loc 1 1820 3 is_stmt 1 view .LVU126
 425 0032 DA68     		ldr	r2, [r3, #12]
 426 0034 D2B2     		uxtb	r2, r2
 427 0036 62F4C072 		orn	r2, r2, #384
 428 003a DA60     		str	r2, [r3, #12]
1821:Drivers/STM32H7xx_HAL_Driver/Src/stm32h7xx_hal_rtc.c **** 
1822:Drivers/STM32H7xx_HAL_Driver/Src/stm32h7xx_hal_rtc.c ****   /* Change RTC state */
1823:Drivers/STM32H7xx_HAL_Driver/Src/stm32h7xx_hal_rtc.c ****   hrtc->State = HAL_RTC_STATE_READY;
 429              		.loc 1 1823 3 view .LVU127
 430              		.loc 1 1823 15 is_stmt 0 view .LVU128
 431 003c 0123     		movs	r3, #1
 432 003e 84F82130 		strb	r3, [r4, #33]
1824:Drivers/STM32H7xx_HAL_Driver/Src/stm32h7xx_hal_rtc.c **** 
1825:Drivers/STM32H7xx_HAL_Driver/Src/stm32h7xx_hal_rtc.c ****   return HAL_OK;
 433              		.loc 1 1825 3 is_stmt 1 view .LVU129
 434              		.loc 1 1825 10 is_stmt 0 view .LVU130
 435 0042 0020     		movs	r0, #0
 436              	.L25:
1826:Drivers/STM32H7xx_HAL_Driver/Src/stm32h7xx_hal_rtc.c **** }
 437              		.loc 1 1826 1 view .LVU131
 438 0044 70BD     		pop	{r4, r5, r6, pc}
 439              		.loc 1 1826 1 view .LVU132
 440              		.cfi_endproc
 441              	.LFE158:
 443              		.section	.text.HAL_RTC_WaitForSynchro,"ax",%progbits
 444              		.align	1
 445              		.global	HAL_RTC_WaitForSynchro
 446              		.syntax unified
 447              		.thumb
 448              		.thumb_func
 450              	HAL_RTC_WaitForSynchro:
 451              	.LVL23:
 452              	.LFB159:
1827:Drivers/STM32H7xx_HAL_Driver/Src/stm32h7xx_hal_rtc.c **** 
1828:Drivers/STM32H7xx_HAL_Driver/Src/stm32h7xx_hal_rtc.c **** /**
1829:Drivers/STM32H7xx_HAL_Driver/Src/stm32h7xx_hal_rtc.c ****   * @}
1830:Drivers/STM32H7xx_HAL_Driver/Src/stm32h7xx_hal_rtc.c ****   */
1831:Drivers/STM32H7xx_HAL_Driver/Src/stm32h7xx_hal_rtc.c **** 
1832:Drivers/STM32H7xx_HAL_Driver/Src/stm32h7xx_hal_rtc.c **** /** @addtogroup RTC_Exported_Functions_Group4
1833:Drivers/STM32H7xx_HAL_Driver/Src/stm32h7xx_hal_rtc.c ****  *  @brief   Peripheral Control functions
1834:Drivers/STM32H7xx_HAL_Driver/Src/stm32h7xx_hal_rtc.c ****  *
1835:Drivers/STM32H7xx_HAL_Driver/Src/stm32h7xx_hal_rtc.c **** @verbatim
1836:Drivers/STM32H7xx_HAL_Driver/Src/stm32h7xx_hal_rtc.c ****  ===============================================================================
1837:Drivers/STM32H7xx_HAL_Driver/Src/stm32h7xx_hal_rtc.c ****                      ##### Peripheral Control functions #####
1838:Drivers/STM32H7xx_HAL_Driver/Src/stm32h7xx_hal_rtc.c ****  ===============================================================================
1839:Drivers/STM32H7xx_HAL_Driver/Src/stm32h7xx_hal_rtc.c ****     [..]
1840:Drivers/STM32H7xx_HAL_Driver/Src/stm32h7xx_hal_rtc.c ****     This subsection provides functions allowing to
1841:Drivers/STM32H7xx_HAL_Driver/Src/stm32h7xx_hal_rtc.c ****       (+) Wait for RTC Time and Date Synchronization
1842:Drivers/STM32H7xx_HAL_Driver/Src/stm32h7xx_hal_rtc.c **** 
1843:Drivers/STM32H7xx_HAL_Driver/Src/stm32h7xx_hal_rtc.c **** @endverbatim
1844:Drivers/STM32H7xx_HAL_Driver/Src/stm32h7xx_hal_rtc.c ****   * @{
1845:Drivers/STM32H7xx_HAL_Driver/Src/stm32h7xx_hal_rtc.c ****   */
1846:Drivers/STM32H7xx_HAL_Driver/Src/stm32h7xx_hal_rtc.c **** 
1847:Drivers/STM32H7xx_HAL_Driver/Src/stm32h7xx_hal_rtc.c **** /**
1848:Drivers/STM32H7xx_HAL_Driver/Src/stm32h7xx_hal_rtc.c ****   * @brief  Wait until the RTC Time and Date registers (RTC_TR and RTC_DR) are
1849:Drivers/STM32H7xx_HAL_Driver/Src/stm32h7xx_hal_rtc.c ****   *         synchronized with RTC APB clock.
1850:Drivers/STM32H7xx_HAL_Driver/Src/stm32h7xx_hal_rtc.c ****   * @note   The RTC Resynchronization mode is write protected, use the
ARM GAS  C:\Users\admin\AppData\Local\Temp\ccgKPo3u.s 			page 42


1851:Drivers/STM32H7xx_HAL_Driver/Src/stm32h7xx_hal_rtc.c ****   *         __HAL_RTC_WRITEPROTECTION_DISABLE() before calling this function.
1852:Drivers/STM32H7xx_HAL_Driver/Src/stm32h7xx_hal_rtc.c ****   * @note   To read the calendar through the shadow registers after Calendar
1853:Drivers/STM32H7xx_HAL_Driver/Src/stm32h7xx_hal_rtc.c ****   *         initialization, calendar update or after wakeup from low power modes
1854:Drivers/STM32H7xx_HAL_Driver/Src/stm32h7xx_hal_rtc.c ****   *         the software must first clear the RSF flag.
1855:Drivers/STM32H7xx_HAL_Driver/Src/stm32h7xx_hal_rtc.c ****   *         The software must then wait until it is set again before reading
1856:Drivers/STM32H7xx_HAL_Driver/Src/stm32h7xx_hal_rtc.c ****   *         the calendar, which means that the calendar registers have been
1857:Drivers/STM32H7xx_HAL_Driver/Src/stm32h7xx_hal_rtc.c ****   *         correctly copied into the RTC_TR and RTC_DR shadow registers.
1858:Drivers/STM32H7xx_HAL_Driver/Src/stm32h7xx_hal_rtc.c ****   * @param  hrtc RTC handle
1859:Drivers/STM32H7xx_HAL_Driver/Src/stm32h7xx_hal_rtc.c ****   * @retval HAL status
1860:Drivers/STM32H7xx_HAL_Driver/Src/stm32h7xx_hal_rtc.c ****   */
1861:Drivers/STM32H7xx_HAL_Driver/Src/stm32h7xx_hal_rtc.c **** HAL_StatusTypeDef HAL_RTC_WaitForSynchro(RTC_HandleTypeDef *hrtc)
1862:Drivers/STM32H7xx_HAL_Driver/Src/stm32h7xx_hal_rtc.c **** {
 453              		.loc 1 1862 1 is_stmt 1 view -0
 454              		.cfi_startproc
 455              		@ args = 0, pretend = 0, frame = 0
 456              		@ frame_needed = 0, uses_anonymous_args = 0
 457              		.loc 1 1862 1 is_stmt 0 view .LVU134
 458 0000 38B5     		push	{r3, r4, r5, lr}
 459              	.LCFI3:
 460              		.cfi_def_cfa_offset 16
 461              		.cfi_offset 3, -16
 462              		.cfi_offset 4, -12
 463              		.cfi_offset 5, -8
 464              		.cfi_offset 14, -4
 465 0002 0446     		mov	r4, r0
1863:Drivers/STM32H7xx_HAL_Driver/Src/stm32h7xx_hal_rtc.c ****   uint32_t tickstart;
 466              		.loc 1 1863 3 is_stmt 1 view .LVU135
1864:Drivers/STM32H7xx_HAL_Driver/Src/stm32h7xx_hal_rtc.c **** 
1865:Drivers/STM32H7xx_HAL_Driver/Src/stm32h7xx_hal_rtc.c ****   /* Clear RSF flag, keep reserved bits at reset values (setting other flags has no effect) */
1866:Drivers/STM32H7xx_HAL_Driver/Src/stm32h7xx_hal_rtc.c **** #if defined(TAMP)
1867:Drivers/STM32H7xx_HAL_Driver/Src/stm32h7xx_hal_rtc.c ****   hrtc->Instance->ICSR = ((uint32_t)(RTC_RSF_MASK & RTC_ICSR_RESERVED_MASK));
1868:Drivers/STM32H7xx_HAL_Driver/Src/stm32h7xx_hal_rtc.c **** #else
1869:Drivers/STM32H7xx_HAL_Driver/Src/stm32h7xx_hal_rtc.c ****   hrtc->Instance->ISR = ((uint32_t)(RTC_RSF_MASK & RTC_ISR_RESERVED_MASK));
 467              		.loc 1 1869 3 view .LVU136
 468              		.loc 1 1869 7 is_stmt 0 view .LVU137
 469 0004 0368     		ldr	r3, [r0]
 470              		.loc 1 1869 23 view .LVU138
 471 0006 0A4A     		ldr	r2, .L36
 472 0008 DA60     		str	r2, [r3, #12]
1870:Drivers/STM32H7xx_HAL_Driver/Src/stm32h7xx_hal_rtc.c **** #endif /* TAMP */
1871:Drivers/STM32H7xx_HAL_Driver/Src/stm32h7xx_hal_rtc.c **** 
1872:Drivers/STM32H7xx_HAL_Driver/Src/stm32h7xx_hal_rtc.c ****   tickstart = HAL_GetTick();
 473              		.loc 1 1872 3 is_stmt 1 view .LVU139
 474              		.loc 1 1872 15 is_stmt 0 view .LVU140
 475 000a FFF7FEFF 		bl	HAL_GetTick
 476              	.LVL24:
 477              		.loc 1 1872 15 view .LVU141
 478 000e 0546     		mov	r5, r0
 479              	.LVL25:
1873:Drivers/STM32H7xx_HAL_Driver/Src/stm32h7xx_hal_rtc.c **** 
1874:Drivers/STM32H7xx_HAL_Driver/Src/stm32h7xx_hal_rtc.c ****   /* Wait the registers to be synchronised */
1875:Drivers/STM32H7xx_HAL_Driver/Src/stm32h7xx_hal_rtc.c **** #if defined(TAMP)
1876:Drivers/STM32H7xx_HAL_Driver/Src/stm32h7xx_hal_rtc.c ****   while ((hrtc->Instance->ICSR & RTC_ICSR_RSF) == 0U)
1877:Drivers/STM32H7xx_HAL_Driver/Src/stm32h7xx_hal_rtc.c **** #else
1878:Drivers/STM32H7xx_HAL_Driver/Src/stm32h7xx_hal_rtc.c ****     while ((hrtc->Instance->ISR & RTC_ISR_RSF) == 0U)
 480              		.loc 1 1878 5 is_stmt 1 view .LVU142
 481              	.L30:
ARM GAS  C:\Users\admin\AppData\Local\Temp\ccgKPo3u.s 			page 43


 482              		.loc 1 1878 11 view .LVU143
 483              		.loc 1 1878 17 is_stmt 0 view .LVU144
 484 0010 2368     		ldr	r3, [r4]
 485              		.loc 1 1878 27 view .LVU145
 486 0012 DB68     		ldr	r3, [r3, #12]
 487              		.loc 1 1878 11 view .LVU146
 488 0014 13F0200F 		tst	r3, #32
 489 0018 07D1     		bne	.L35
1879:Drivers/STM32H7xx_HAL_Driver/Src/stm32h7xx_hal_rtc.c **** #endif /* TAMP */
1880:Drivers/STM32H7xx_HAL_Driver/Src/stm32h7xx_hal_rtc.c ****     {
1881:Drivers/STM32H7xx_HAL_Driver/Src/stm32h7xx_hal_rtc.c ****       if((HAL_GetTick() - tickstart) > RTC_TIMEOUT_VALUE)
 490              		.loc 1 1881 7 is_stmt 1 view .LVU147
 491              		.loc 1 1881 11 is_stmt 0 view .LVU148
 492 001a FFF7FEFF 		bl	HAL_GetTick
 493              	.LVL26:
 494              		.loc 1 1881 25 view .LVU149
 495 001e 401B     		subs	r0, r0, r5
 496              		.loc 1 1881 9 view .LVU150
 497 0020 B0F57A7F 		cmp	r0, #1000
 498 0024 F4D9     		bls	.L30
1882:Drivers/STM32H7xx_HAL_Driver/Src/stm32h7xx_hal_rtc.c ****       {
1883:Drivers/STM32H7xx_HAL_Driver/Src/stm32h7xx_hal_rtc.c ****         return HAL_TIMEOUT;
 499              		.loc 1 1883 16 view .LVU151
 500 0026 0320     		movs	r0, #3
 501 0028 00E0     		b	.L31
 502              	.L35:
1884:Drivers/STM32H7xx_HAL_Driver/Src/stm32h7xx_hal_rtc.c ****       }
1885:Drivers/STM32H7xx_HAL_Driver/Src/stm32h7xx_hal_rtc.c ****     }
1886:Drivers/STM32H7xx_HAL_Driver/Src/stm32h7xx_hal_rtc.c **** 
1887:Drivers/STM32H7xx_HAL_Driver/Src/stm32h7xx_hal_rtc.c ****   return HAL_OK;
 503              		.loc 1 1887 10 view .LVU152
 504 002a 0020     		movs	r0, #0
 505              	.L31:
1888:Drivers/STM32H7xx_HAL_Driver/Src/stm32h7xx_hal_rtc.c **** }
 506              		.loc 1 1888 1 view .LVU153
 507 002c 38BD     		pop	{r3, r4, r5, pc}
 508              	.LVL27:
 509              	.L37:
 510              		.loc 1 1888 1 view .LVU154
 511 002e 00BF     		.align	2
 512              	.L36:
 513 0030 5FFF0300 		.word	261983
 514              		.cfi_endproc
 515              	.LFE159:
 517              		.section	.text.HAL_RTC_GetState,"ax",%progbits
 518              		.align	1
 519              		.global	HAL_RTC_GetState
 520              		.syntax unified
 521              		.thumb
 522              		.thumb_func
 524              	HAL_RTC_GetState:
 525              	.LVL28:
 526              	.LFB160:
1889:Drivers/STM32H7xx_HAL_Driver/Src/stm32h7xx_hal_rtc.c **** 
1890:Drivers/STM32H7xx_HAL_Driver/Src/stm32h7xx_hal_rtc.c **** /**
1891:Drivers/STM32H7xx_HAL_Driver/Src/stm32h7xx_hal_rtc.c ****   * @}
1892:Drivers/STM32H7xx_HAL_Driver/Src/stm32h7xx_hal_rtc.c ****   */
ARM GAS  C:\Users\admin\AppData\Local\Temp\ccgKPo3u.s 			page 44


1893:Drivers/STM32H7xx_HAL_Driver/Src/stm32h7xx_hal_rtc.c **** 
1894:Drivers/STM32H7xx_HAL_Driver/Src/stm32h7xx_hal_rtc.c **** /** @addtogroup RTC_Exported_Functions_Group5
1895:Drivers/STM32H7xx_HAL_Driver/Src/stm32h7xx_hal_rtc.c ****  *  @brief   Peripheral State functions
1896:Drivers/STM32H7xx_HAL_Driver/Src/stm32h7xx_hal_rtc.c ****  *
1897:Drivers/STM32H7xx_HAL_Driver/Src/stm32h7xx_hal_rtc.c **** @verbatim
1898:Drivers/STM32H7xx_HAL_Driver/Src/stm32h7xx_hal_rtc.c ****  ===============================================================================
1899:Drivers/STM32H7xx_HAL_Driver/Src/stm32h7xx_hal_rtc.c ****                      ##### Peripheral State functions #####
1900:Drivers/STM32H7xx_HAL_Driver/Src/stm32h7xx_hal_rtc.c ****  ===============================================================================
1901:Drivers/STM32H7xx_HAL_Driver/Src/stm32h7xx_hal_rtc.c ****     [..]
1902:Drivers/STM32H7xx_HAL_Driver/Src/stm32h7xx_hal_rtc.c ****     This subsection provides functions allowing to
1903:Drivers/STM32H7xx_HAL_Driver/Src/stm32h7xx_hal_rtc.c ****       (+) Get RTC state
1904:Drivers/STM32H7xx_HAL_Driver/Src/stm32h7xx_hal_rtc.c **** 
1905:Drivers/STM32H7xx_HAL_Driver/Src/stm32h7xx_hal_rtc.c **** @endverbatim
1906:Drivers/STM32H7xx_HAL_Driver/Src/stm32h7xx_hal_rtc.c ****   * @{
1907:Drivers/STM32H7xx_HAL_Driver/Src/stm32h7xx_hal_rtc.c ****   */
1908:Drivers/STM32H7xx_HAL_Driver/Src/stm32h7xx_hal_rtc.c **** /**
1909:Drivers/STM32H7xx_HAL_Driver/Src/stm32h7xx_hal_rtc.c ****   * @brief  Return the RTC handle state.
1910:Drivers/STM32H7xx_HAL_Driver/Src/stm32h7xx_hal_rtc.c ****   * @param  hrtc RTC handle
1911:Drivers/STM32H7xx_HAL_Driver/Src/stm32h7xx_hal_rtc.c ****   * @retval HAL state
1912:Drivers/STM32H7xx_HAL_Driver/Src/stm32h7xx_hal_rtc.c ****   */
1913:Drivers/STM32H7xx_HAL_Driver/Src/stm32h7xx_hal_rtc.c **** HAL_RTCStateTypeDef HAL_RTC_GetState(const RTC_HandleTypeDef *hrtc)
1914:Drivers/STM32H7xx_HAL_Driver/Src/stm32h7xx_hal_rtc.c **** {
 527              		.loc 1 1914 1 is_stmt 1 view -0
 528              		.cfi_startproc
 529              		@ args = 0, pretend = 0, frame = 0
 530              		@ frame_needed = 0, uses_anonymous_args = 0
 531              		@ link register save eliminated.
1915:Drivers/STM32H7xx_HAL_Driver/Src/stm32h7xx_hal_rtc.c ****   /* Return RTC handle state */
1916:Drivers/STM32H7xx_HAL_Driver/Src/stm32h7xx_hal_rtc.c ****   return hrtc->State;
 532              		.loc 1 1916 3 view .LVU156
 533              		.loc 1 1916 14 is_stmt 0 view .LVU157
 534 0000 90F82100 		ldrb	r0, [r0, #33]	@ zero_extendqisi2
 535              	.LVL29:
1917:Drivers/STM32H7xx_HAL_Driver/Src/stm32h7xx_hal_rtc.c **** }
 536              		.loc 1 1917 1 view .LVU158
 537 0004 7047     		bx	lr
 538              		.cfi_endproc
 539              	.LFE160:
 541              		.section	.text.RTC_EnterInitMode,"ax",%progbits
 542              		.align	1
 543              		.global	RTC_EnterInitMode
 544              		.syntax unified
 545              		.thumb
 546              		.thumb_func
 548              	RTC_EnterInitMode:
 549              	.LVL30:
 550              	.LFB161:
1918:Drivers/STM32H7xx_HAL_Driver/Src/stm32h7xx_hal_rtc.c **** 
1919:Drivers/STM32H7xx_HAL_Driver/Src/stm32h7xx_hal_rtc.c **** /**
1920:Drivers/STM32H7xx_HAL_Driver/Src/stm32h7xx_hal_rtc.c ****   * @}
1921:Drivers/STM32H7xx_HAL_Driver/Src/stm32h7xx_hal_rtc.c ****   */
1922:Drivers/STM32H7xx_HAL_Driver/Src/stm32h7xx_hal_rtc.c **** 
1923:Drivers/STM32H7xx_HAL_Driver/Src/stm32h7xx_hal_rtc.c **** /**
1924:Drivers/STM32H7xx_HAL_Driver/Src/stm32h7xx_hal_rtc.c ****   * @}
1925:Drivers/STM32H7xx_HAL_Driver/Src/stm32h7xx_hal_rtc.c ****   */
1926:Drivers/STM32H7xx_HAL_Driver/Src/stm32h7xx_hal_rtc.c **** 
1927:Drivers/STM32H7xx_HAL_Driver/Src/stm32h7xx_hal_rtc.c **** /** @addtogroup RTC_Private_Functions
ARM GAS  C:\Users\admin\AppData\Local\Temp\ccgKPo3u.s 			page 45


1928:Drivers/STM32H7xx_HAL_Driver/Src/stm32h7xx_hal_rtc.c ****   * @{
1929:Drivers/STM32H7xx_HAL_Driver/Src/stm32h7xx_hal_rtc.c ****   */
1930:Drivers/STM32H7xx_HAL_Driver/Src/stm32h7xx_hal_rtc.c **** /**
1931:Drivers/STM32H7xx_HAL_Driver/Src/stm32h7xx_hal_rtc.c ****   * @brief  Enter the RTC Initialization mode.
1932:Drivers/STM32H7xx_HAL_Driver/Src/stm32h7xx_hal_rtc.c ****   * @note   The RTC Initialization mode is write protected, use the
1933:Drivers/STM32H7xx_HAL_Driver/Src/stm32h7xx_hal_rtc.c ****   *         __HAL_RTC_WRITEPROTECTION_DISABLE() before calling this function.
1934:Drivers/STM32H7xx_HAL_Driver/Src/stm32h7xx_hal_rtc.c ****   * @param  hrtc RTC handle
1935:Drivers/STM32H7xx_HAL_Driver/Src/stm32h7xx_hal_rtc.c ****   * @retval HAL status
1936:Drivers/STM32H7xx_HAL_Driver/Src/stm32h7xx_hal_rtc.c ****   */
1937:Drivers/STM32H7xx_HAL_Driver/Src/stm32h7xx_hal_rtc.c **** HAL_StatusTypeDef RTC_EnterInitMode(RTC_HandleTypeDef *hrtc)
1938:Drivers/STM32H7xx_HAL_Driver/Src/stm32h7xx_hal_rtc.c **** {
 551              		.loc 1 1938 1 is_stmt 1 view -0
 552              		.cfi_startproc
 553              		@ args = 0, pretend = 0, frame = 0
 554              		@ frame_needed = 0, uses_anonymous_args = 0
 555              		.loc 1 1938 1 is_stmt 0 view .LVU160
 556 0000 70B5     		push	{r4, r5, r6, lr}
 557              	.LCFI4:
 558              		.cfi_def_cfa_offset 16
 559              		.cfi_offset 4, -16
 560              		.cfi_offset 5, -12
 561              		.cfi_offset 6, -8
 562              		.cfi_offset 14, -4
1939:Drivers/STM32H7xx_HAL_Driver/Src/stm32h7xx_hal_rtc.c ****   uint32_t tickstart;
 563              		.loc 1 1939 3 is_stmt 1 view .LVU161
1940:Drivers/STM32H7xx_HAL_Driver/Src/stm32h7xx_hal_rtc.c ****   HAL_StatusTypeDef status = HAL_OK;
 564              		.loc 1 1940 3 view .LVU162
 565              	.LVL31:
1941:Drivers/STM32H7xx_HAL_Driver/Src/stm32h7xx_hal_rtc.c ****   /* Check if the Initialization mode is set */
1942:Drivers/STM32H7xx_HAL_Driver/Src/stm32h7xx_hal_rtc.c **** #if defined(TAMP)
1943:Drivers/STM32H7xx_HAL_Driver/Src/stm32h7xx_hal_rtc.c ****   if ((hrtc->Instance->ICSR & RTC_ICSR_INITF) == 0U)
1944:Drivers/STM32H7xx_HAL_Driver/Src/stm32h7xx_hal_rtc.c ****   {
1945:Drivers/STM32H7xx_HAL_Driver/Src/stm32h7xx_hal_rtc.c ****     /* Set the Initialization mode */
1946:Drivers/STM32H7xx_HAL_Driver/Src/stm32h7xx_hal_rtc.c ****     SET_BIT(hrtc->Instance->ICSR, RTC_ICSR_INIT);
1947:Drivers/STM32H7xx_HAL_Driver/Src/stm32h7xx_hal_rtc.c **** 
1948:Drivers/STM32H7xx_HAL_Driver/Src/stm32h7xx_hal_rtc.c ****     tickstart = HAL_GetTick();
1949:Drivers/STM32H7xx_HAL_Driver/Src/stm32h7xx_hal_rtc.c **** 
1950:Drivers/STM32H7xx_HAL_Driver/Src/stm32h7xx_hal_rtc.c ****     /* Wait till RTC is in INIT state and if timeout is reached exit */
1951:Drivers/STM32H7xx_HAL_Driver/Src/stm32h7xx_hal_rtc.c ****     while (((hrtc->Instance->ICSR & RTC_ICSR_INITF) == 0U) && (status != HAL_TIMEOUT))
1952:Drivers/STM32H7xx_HAL_Driver/Src/stm32h7xx_hal_rtc.c **** #else
1953:Drivers/STM32H7xx_HAL_Driver/Src/stm32h7xx_hal_rtc.c ****   if ((hrtc->Instance->ISR & RTC_ISR_INITF) == 0U)
 566              		.loc 1 1953 3 view .LVU163
 567              		.loc 1 1953 12 is_stmt 0 view .LVU164
 568 0002 0368     		ldr	r3, [r0]
 569              		.loc 1 1953 22 view .LVU165
 570 0004 DA68     		ldr	r2, [r3, #12]
 571              		.loc 1 1953 6 view .LVU166
 572 0006 12F0400F 		tst	r2, #64
 573 000a 02D0     		beq	.L46
1940:Drivers/STM32H7xx_HAL_Driver/Src/stm32h7xx_hal_rtc.c ****   HAL_StatusTypeDef status = HAL_OK;
 574              		.loc 1 1940 21 view .LVU167
 575 000c 0025     		movs	r5, #0
 576              	.LVL32:
 577              	.L40:
1954:Drivers/STM32H7xx_HAL_Driver/Src/stm32h7xx_hal_rtc.c ****   {
1955:Drivers/STM32H7xx_HAL_Driver/Src/stm32h7xx_hal_rtc.c ****     /* Set the Initialization mode */
1956:Drivers/STM32H7xx_HAL_Driver/Src/stm32h7xx_hal_rtc.c ****     hrtc->Instance->ISR = (uint32_t)RTC_INIT_MASK;
ARM GAS  C:\Users\admin\AppData\Local\Temp\ccgKPo3u.s 			page 46


1957:Drivers/STM32H7xx_HAL_Driver/Src/stm32h7xx_hal_rtc.c **** 
1958:Drivers/STM32H7xx_HAL_Driver/Src/stm32h7xx_hal_rtc.c ****     tickstart = HAL_GetTick();
1959:Drivers/STM32H7xx_HAL_Driver/Src/stm32h7xx_hal_rtc.c **** 
1960:Drivers/STM32H7xx_HAL_Driver/Src/stm32h7xx_hal_rtc.c ****     /* Wait till RTC is in INIT state and if timeout is reached exit */
1961:Drivers/STM32H7xx_HAL_Driver/Src/stm32h7xx_hal_rtc.c ****     while (((hrtc->Instance->ISR & RTC_ISR_INITF) == 0U) && (status != HAL_TIMEOUT))
1962:Drivers/STM32H7xx_HAL_Driver/Src/stm32h7xx_hal_rtc.c **** #endif /* TAMP */
1963:Drivers/STM32H7xx_HAL_Driver/Src/stm32h7xx_hal_rtc.c ****     {
1964:Drivers/STM32H7xx_HAL_Driver/Src/stm32h7xx_hal_rtc.c ****       if((HAL_GetTick()  - tickstart) > RTC_TIMEOUT_VALUE)
1965:Drivers/STM32H7xx_HAL_Driver/Src/stm32h7xx_hal_rtc.c ****       {
1966:Drivers/STM32H7xx_HAL_Driver/Src/stm32h7xx_hal_rtc.c ****         status = HAL_TIMEOUT;
1967:Drivers/STM32H7xx_HAL_Driver/Src/stm32h7xx_hal_rtc.c ****         hrtc->State = HAL_RTC_STATE_TIMEOUT;
1968:Drivers/STM32H7xx_HAL_Driver/Src/stm32h7xx_hal_rtc.c ****       }
1969:Drivers/STM32H7xx_HAL_Driver/Src/stm32h7xx_hal_rtc.c ****     }
1970:Drivers/STM32H7xx_HAL_Driver/Src/stm32h7xx_hal_rtc.c ****   }
1971:Drivers/STM32H7xx_HAL_Driver/Src/stm32h7xx_hal_rtc.c **** 
1972:Drivers/STM32H7xx_HAL_Driver/Src/stm32h7xx_hal_rtc.c ****   return status;
 578              		.loc 1 1972 3 is_stmt 1 view .LVU168
1973:Drivers/STM32H7xx_HAL_Driver/Src/stm32h7xx_hal_rtc.c **** }
 579              		.loc 1 1973 1 is_stmt 0 view .LVU169
 580 000e 2846     		mov	r0, r5
 581 0010 70BD     		pop	{r4, r5, r6, pc}
 582              	.LVL33:
 583              	.L46:
 584              		.loc 1 1973 1 view .LVU170
 585 0012 0446     		mov	r4, r0
1956:Drivers/STM32H7xx_HAL_Driver/Src/stm32h7xx_hal_rtc.c **** 
 586              		.loc 1 1956 5 is_stmt 1 view .LVU171
1956:Drivers/STM32H7xx_HAL_Driver/Src/stm32h7xx_hal_rtc.c **** 
 587              		.loc 1 1956 25 is_stmt 0 view .LVU172
 588 0014 4FF0FF32 		mov	r2, #-1
 589 0018 DA60     		str	r2, [r3, #12]
1958:Drivers/STM32H7xx_HAL_Driver/Src/stm32h7xx_hal_rtc.c **** 
 590              		.loc 1 1958 5 is_stmt 1 view .LVU173
1958:Drivers/STM32H7xx_HAL_Driver/Src/stm32h7xx_hal_rtc.c **** 
 591              		.loc 1 1958 17 is_stmt 0 view .LVU174
 592 001a FFF7FEFF 		bl	HAL_GetTick
 593              	.LVL34:
1958:Drivers/STM32H7xx_HAL_Driver/Src/stm32h7xx_hal_rtc.c **** 
 594              		.loc 1 1958 17 view .LVU175
 595 001e 0646     		mov	r6, r0
 596              	.LVL35:
1961:Drivers/STM32H7xx_HAL_Driver/Src/stm32h7xx_hal_rtc.c **** #endif /* TAMP */
 597              		.loc 1 1961 5 is_stmt 1 view .LVU176
1940:Drivers/STM32H7xx_HAL_Driver/Src/stm32h7xx_hal_rtc.c ****   /* Check if the Initialization mode is set */
 598              		.loc 1 1940 21 is_stmt 0 view .LVU177
 599 0020 0025     		movs	r5, #0
 600              	.LVL36:
 601              	.L42:
1961:Drivers/STM32H7xx_HAL_Driver/Src/stm32h7xx_hal_rtc.c **** #endif /* TAMP */
 602              		.loc 1 1961 11 is_stmt 1 view .LVU178
1961:Drivers/STM32H7xx_HAL_Driver/Src/stm32h7xx_hal_rtc.c **** #endif /* TAMP */
 603              		.loc 1 1961 18 is_stmt 0 view .LVU179
 604 0022 2368     		ldr	r3, [r4]
1961:Drivers/STM32H7xx_HAL_Driver/Src/stm32h7xx_hal_rtc.c **** #endif /* TAMP */
 605              		.loc 1 1961 28 view .LVU180
 606 0024 DB68     		ldr	r3, [r3, #12]
1961:Drivers/STM32H7xx_HAL_Driver/Src/stm32h7xx_hal_rtc.c **** #endif /* TAMP */
ARM GAS  C:\Users\admin\AppData\Local\Temp\ccgKPo3u.s 			page 47


 607              		.loc 1 1961 11 view .LVU181
 608 0026 13F0400F 		tst	r3, #64
 609 002a F0D1     		bne	.L40
1961:Drivers/STM32H7xx_HAL_Driver/Src/stm32h7xx_hal_rtc.c **** #endif /* TAMP */
 610              		.loc 1 1961 58 discriminator 1 view .LVU182
 611 002c 032D     		cmp	r5, #3
 612 002e EED0     		beq	.L40
1964:Drivers/STM32H7xx_HAL_Driver/Src/stm32h7xx_hal_rtc.c ****       {
 613              		.loc 1 1964 7 is_stmt 1 view .LVU183
1964:Drivers/STM32H7xx_HAL_Driver/Src/stm32h7xx_hal_rtc.c ****       {
 614              		.loc 1 1964 11 is_stmt 0 view .LVU184
 615 0030 FFF7FEFF 		bl	HAL_GetTick
 616              	.LVL37:
1964:Drivers/STM32H7xx_HAL_Driver/Src/stm32h7xx_hal_rtc.c ****       {
 617              		.loc 1 1964 26 view .LVU185
 618 0034 831B     		subs	r3, r0, r6
1964:Drivers/STM32H7xx_HAL_Driver/Src/stm32h7xx_hal_rtc.c ****       {
 619              		.loc 1 1964 9 view .LVU186
 620 0036 B3F57A7F 		cmp	r3, #1000
 621 003a F2D9     		bls	.L42
1966:Drivers/STM32H7xx_HAL_Driver/Src/stm32h7xx_hal_rtc.c ****         hrtc->State = HAL_RTC_STATE_TIMEOUT;
 622              		.loc 1 1966 9 is_stmt 1 view .LVU187
 623              	.LVL38:
1967:Drivers/STM32H7xx_HAL_Driver/Src/stm32h7xx_hal_rtc.c ****       }
 624              		.loc 1 1967 9 view .LVU188
1967:Drivers/STM32H7xx_HAL_Driver/Src/stm32h7xx_hal_rtc.c ****       }
 625              		.loc 1 1967 21 is_stmt 0 view .LVU189
 626 003c 0325     		movs	r5, #3
 627 003e 84F82150 		strb	r5, [r4, #33]
 628 0042 EEE7     		b	.L42
 629              		.cfi_endproc
 630              	.LFE161:
 632              		.section	.text.RTC_ExitInitMode,"ax",%progbits
 633              		.align	1
 634              		.global	RTC_ExitInitMode
 635              		.syntax unified
 636              		.thumb
 637              		.thumb_func
 639              	RTC_ExitInitMode:
 640              	.LVL39:
 641              	.LFB162:
1974:Drivers/STM32H7xx_HAL_Driver/Src/stm32h7xx_hal_rtc.c **** 
1975:Drivers/STM32H7xx_HAL_Driver/Src/stm32h7xx_hal_rtc.c **** /**
1976:Drivers/STM32H7xx_HAL_Driver/Src/stm32h7xx_hal_rtc.c ****   * @brief  Exit the RTC Initialization mode.
1977:Drivers/STM32H7xx_HAL_Driver/Src/stm32h7xx_hal_rtc.c ****   * @param  hrtc RTC handle
1978:Drivers/STM32H7xx_HAL_Driver/Src/stm32h7xx_hal_rtc.c ****   * @retval HAL status
1979:Drivers/STM32H7xx_HAL_Driver/Src/stm32h7xx_hal_rtc.c ****   */
1980:Drivers/STM32H7xx_HAL_Driver/Src/stm32h7xx_hal_rtc.c **** HAL_StatusTypeDef RTC_ExitInitMode(RTC_HandleTypeDef *hrtc)
1981:Drivers/STM32H7xx_HAL_Driver/Src/stm32h7xx_hal_rtc.c **** {
 642              		.loc 1 1981 1 is_stmt 1 view -0
 643              		.cfi_startproc
 644              		@ args = 0, pretend = 0, frame = 0
 645              		@ frame_needed = 0, uses_anonymous_args = 0
 646              		.loc 1 1981 1 is_stmt 0 view .LVU191
 647 0000 10B5     		push	{r4, lr}
 648              	.LCFI5:
 649              		.cfi_def_cfa_offset 8
ARM GAS  C:\Users\admin\AppData\Local\Temp\ccgKPo3u.s 			page 48


 650              		.cfi_offset 4, -8
 651              		.cfi_offset 14, -4
 652 0002 0446     		mov	r4, r0
1982:Drivers/STM32H7xx_HAL_Driver/Src/stm32h7xx_hal_rtc.c ****   HAL_StatusTypeDef status = HAL_OK;
 653              		.loc 1 1982 3 is_stmt 1 view .LVU192
 654              	.LVL40:
1983:Drivers/STM32H7xx_HAL_Driver/Src/stm32h7xx_hal_rtc.c **** 
1984:Drivers/STM32H7xx_HAL_Driver/Src/stm32h7xx_hal_rtc.c ****   /* Check if the Initialization mode is set */
1985:Drivers/STM32H7xx_HAL_Driver/Src/stm32h7xx_hal_rtc.c **** 
1986:Drivers/STM32H7xx_HAL_Driver/Src/stm32h7xx_hal_rtc.c ****   /* Exit Initialization mode */
1987:Drivers/STM32H7xx_HAL_Driver/Src/stm32h7xx_hal_rtc.c **** #if defined(TAMP)
1988:Drivers/STM32H7xx_HAL_Driver/Src/stm32h7xx_hal_rtc.c ****   CLEAR_BIT(RTC->ICSR, RTC_ICSR_INIT);
1989:Drivers/STM32H7xx_HAL_Driver/Src/stm32h7xx_hal_rtc.c **** #else
1990:Drivers/STM32H7xx_HAL_Driver/Src/stm32h7xx_hal_rtc.c ****   CLEAR_BIT(RTC->ISR, RTC_ISR_INIT);
 655              		.loc 1 1990 3 view .LVU193
 656 0004 114B     		ldr	r3, .L52
 657 0006 DA68     		ldr	r2, [r3, #12]
 658 0008 22F08002 		bic	r2, r2, #128
 659 000c DA60     		str	r2, [r3, #12]
1991:Drivers/STM32H7xx_HAL_Driver/Src/stm32h7xx_hal_rtc.c **** #endif /* TAMP */
1992:Drivers/STM32H7xx_HAL_Driver/Src/stm32h7xx_hal_rtc.c **** 
1993:Drivers/STM32H7xx_HAL_Driver/Src/stm32h7xx_hal_rtc.c ****   /* If CR_BYPSHAD bit = 0, wait for synchro */
1994:Drivers/STM32H7xx_HAL_Driver/Src/stm32h7xx_hal_rtc.c ****   if (READ_BIT(RTC->CR, RTC_CR_BYPSHAD) == 0U)
 660              		.loc 1 1994 3 view .LVU194
 661              		.loc 1 1994 7 is_stmt 0 view .LVU195
 662 000e 9B68     		ldr	r3, [r3, #8]
 663              		.loc 1 1994 6 view .LVU196
 664 0010 13F0200F 		tst	r3, #32
 665 0014 07D1     		bne	.L48
1995:Drivers/STM32H7xx_HAL_Driver/Src/stm32h7xx_hal_rtc.c ****   {
1996:Drivers/STM32H7xx_HAL_Driver/Src/stm32h7xx_hal_rtc.c ****     if (HAL_RTC_WaitForSynchro(hrtc) != HAL_OK)
 666              		.loc 1 1996 5 is_stmt 1 view .LVU197
 667              		.loc 1 1996 9 is_stmt 0 view .LVU198
 668 0016 FFF7FEFF 		bl	HAL_RTC_WaitForSynchro
 669              	.LVL41:
 670              		.loc 1 1996 8 view .LVU199
 671 001a 0346     		mov	r3, r0
 672 001c A0B1     		cbz	r0, .L49
1997:Drivers/STM32H7xx_HAL_Driver/Src/stm32h7xx_hal_rtc.c ****     {
1998:Drivers/STM32H7xx_HAL_Driver/Src/stm32h7xx_hal_rtc.c ****       hrtc->State = HAL_RTC_STATE_TIMEOUT;
 673              		.loc 1 1998 7 is_stmt 1 view .LVU200
 674              		.loc 1 1998 19 is_stmt 0 view .LVU201
 675 001e 0323     		movs	r3, #3
 676 0020 84F82130 		strb	r3, [r4, #33]
1999:Drivers/STM32H7xx_HAL_Driver/Src/stm32h7xx_hal_rtc.c ****       status = HAL_TIMEOUT;
 677              		.loc 1 1999 7 is_stmt 1 view .LVU202
 678              	.LVL42:
 679              		.loc 1 1999 7 is_stmt 0 view .LVU203
 680 0024 10E0     		b	.L49
 681              	.LVL43:
 682              	.L48:
2000:Drivers/STM32H7xx_HAL_Driver/Src/stm32h7xx_hal_rtc.c ****     }
2001:Drivers/STM32H7xx_HAL_Driver/Src/stm32h7xx_hal_rtc.c ****   }
2002:Drivers/STM32H7xx_HAL_Driver/Src/stm32h7xx_hal_rtc.c ****   else
2003:Drivers/STM32H7xx_HAL_Driver/Src/stm32h7xx_hal_rtc.c ****   {
2004:Drivers/STM32H7xx_HAL_Driver/Src/stm32h7xx_hal_rtc.c ****     /* Clear BYPSHAD bit */
2005:Drivers/STM32H7xx_HAL_Driver/Src/stm32h7xx_hal_rtc.c ****     CLEAR_BIT(RTC->CR, RTC_CR_BYPSHAD);
ARM GAS  C:\Users\admin\AppData\Local\Temp\ccgKPo3u.s 			page 49


 683              		.loc 1 2005 5 is_stmt 1 view .LVU204
 684 0026 094A     		ldr	r2, .L52
 685 0028 9368     		ldr	r3, [r2, #8]
 686 002a 23F02003 		bic	r3, r3, #32
 687 002e 9360     		str	r3, [r2, #8]
2006:Drivers/STM32H7xx_HAL_Driver/Src/stm32h7xx_hal_rtc.c ****     if (HAL_RTC_WaitForSynchro(hrtc) != HAL_OK)
 688              		.loc 1 2006 5 view .LVU205
 689              		.loc 1 2006 9 is_stmt 0 view .LVU206
 690 0030 FFF7FEFF 		bl	HAL_RTC_WaitForSynchro
 691              	.LVL44:
 692              		.loc 1 2006 8 view .LVU207
 693 0034 0346     		mov	r3, r0
 694 0036 10B1     		cbz	r0, .L50
2007:Drivers/STM32H7xx_HAL_Driver/Src/stm32h7xx_hal_rtc.c ****     {
2008:Drivers/STM32H7xx_HAL_Driver/Src/stm32h7xx_hal_rtc.c ****       hrtc->State = HAL_RTC_STATE_TIMEOUT;
 695              		.loc 1 2008 7 is_stmt 1 view .LVU208
 696              		.loc 1 2008 19 is_stmt 0 view .LVU209
 697 0038 0323     		movs	r3, #3
 698 003a 84F82130 		strb	r3, [r4, #33]
2009:Drivers/STM32H7xx_HAL_Driver/Src/stm32h7xx_hal_rtc.c ****       status = HAL_TIMEOUT;
 699              		.loc 1 2009 7 is_stmt 1 view .LVU210
 700              	.LVL45:
 701              	.L50:
2010:Drivers/STM32H7xx_HAL_Driver/Src/stm32h7xx_hal_rtc.c ****     }
2011:Drivers/STM32H7xx_HAL_Driver/Src/stm32h7xx_hal_rtc.c ****     /* Restore BYPSHAD bit */
2012:Drivers/STM32H7xx_HAL_Driver/Src/stm32h7xx_hal_rtc.c ****     SET_BIT(RTC->CR, RTC_CR_BYPSHAD);
 702              		.loc 1 2012 5 view .LVU211
 703 003e 0349     		ldr	r1, .L52
 704 0040 8A68     		ldr	r2, [r1, #8]
 705 0042 42F02002 		orr	r2, r2, #32
 706 0046 8A60     		str	r2, [r1, #8]
 707              	.LVL46:
 708              	.L49:
2013:Drivers/STM32H7xx_HAL_Driver/Src/stm32h7xx_hal_rtc.c ****   }
2014:Drivers/STM32H7xx_HAL_Driver/Src/stm32h7xx_hal_rtc.c **** 
2015:Drivers/STM32H7xx_HAL_Driver/Src/stm32h7xx_hal_rtc.c ****   return status;
 709              		.loc 1 2015 3 view .LVU212
2016:Drivers/STM32H7xx_HAL_Driver/Src/stm32h7xx_hal_rtc.c **** }
 710              		.loc 1 2016 1 is_stmt 0 view .LVU213
 711 0048 1846     		mov	r0, r3
 712 004a 10BD     		pop	{r4, pc}
 713              	.LVL47:
 714              	.L53:
 715              		.loc 1 2016 1 view .LVU214
 716              		.align	2
 717              	.L52:
 718 004c 00400058 		.word	1476411392
 719              		.cfi_endproc
 720              	.LFE162:
 722              		.section	.text.HAL_RTC_Init,"ax",%progbits
 723              		.align	1
 724              		.global	HAL_RTC_Init
 725              		.syntax unified
 726              		.thumb
 727              		.thumb_func
 729              	HAL_RTC_Init:
 730              	.LVL48:
ARM GAS  C:\Users\admin\AppData\Local\Temp\ccgKPo3u.s 			page 50


 731              	.LFB144:
 246:Drivers/STM32H7xx_HAL_Driver/Src/stm32h7xx_hal_rtc.c ****   HAL_StatusTypeDef status = HAL_ERROR;
 732              		.loc 1 246 1 is_stmt 1 view -0
 733              		.cfi_startproc
 734              		@ args = 0, pretend = 0, frame = 0
 735              		@ frame_needed = 0, uses_anonymous_args = 0
 247:Drivers/STM32H7xx_HAL_Driver/Src/stm32h7xx_hal_rtc.c **** 
 736              		.loc 1 247 3 view .LVU216
 250:Drivers/STM32H7xx_HAL_Driver/Src/stm32h7xx_hal_rtc.c ****   {
 737              		.loc 1 250 3 view .LVU217
 250:Drivers/STM32H7xx_HAL_Driver/Src/stm32h7xx_hal_rtc.c ****   {
 738              		.loc 1 250 5 is_stmt 0 view .LVU218
 739 0000 0028     		cmp	r0, #0
 740 0002 4AD0     		beq	.L60
 246:Drivers/STM32H7xx_HAL_Driver/Src/stm32h7xx_hal_rtc.c ****   HAL_StatusTypeDef status = HAL_ERROR;
 741              		.loc 1 246 1 view .LVU219
 742 0004 38B5     		push	{r3, r4, r5, lr}
 743              	.LCFI6:
 744              		.cfi_def_cfa_offset 16
 745              		.cfi_offset 3, -16
 746              		.cfi_offset 4, -12
 747              		.cfi_offset 5, -8
 748              		.cfi_offset 14, -4
 749 0006 0446     		mov	r4, r0
 253:Drivers/STM32H7xx_HAL_Driver/Src/stm32h7xx_hal_rtc.c ****     assert_param(IS_RTC_HOUR_FORMAT(hrtc->Init.HourFormat));
 750              		.loc 1 253 5 is_stmt 1 view .LVU220
 254:Drivers/STM32H7xx_HAL_Driver/Src/stm32h7xx_hal_rtc.c ****     assert_param(IS_RTC_ASYNCH_PREDIV(hrtc->Init.AsynchPrediv));
 751              		.loc 1 254 5 view .LVU221
 255:Drivers/STM32H7xx_HAL_Driver/Src/stm32h7xx_hal_rtc.c ****     assert_param(IS_RTC_SYNCH_PREDIV(hrtc->Init.SynchPrediv));
 752              		.loc 1 255 5 view .LVU222
 256:Drivers/STM32H7xx_HAL_Driver/Src/stm32h7xx_hal_rtc.c ****     assert_param(IS_RTC_OUTPUT(hrtc->Init.OutPut));
 753              		.loc 1 256 5 view .LVU223
 257:Drivers/STM32H7xx_HAL_Driver/Src/stm32h7xx_hal_rtc.c ****     assert_param(IS_RTC_OUTPUT_REMAP(hrtc->Init.OutPutRemap));
 754              		.loc 1 257 5 view .LVU224
 258:Drivers/STM32H7xx_HAL_Driver/Src/stm32h7xx_hal_rtc.c ****     assert_param(IS_RTC_OUTPUT_POL(hrtc->Init.OutPutPolarity));
 755              		.loc 1 258 5 view .LVU225
 259:Drivers/STM32H7xx_HAL_Driver/Src/stm32h7xx_hal_rtc.c ****     assert_param(IS_RTC_OUTPUT_TYPE(hrtc->Init.OutPutType));
 756              		.loc 1 259 5 view .LVU226
 260:Drivers/STM32H7xx_HAL_Driver/Src/stm32h7xx_hal_rtc.c **** #if defined(TAMP)
 757              		.loc 1 260 5 view .LVU227
 305:Drivers/STM32H7xx_HAL_Driver/Src/stm32h7xx_hal_rtc.c ****     {
 758              		.loc 1 305 5 view .LVU228
 305:Drivers/STM32H7xx_HAL_Driver/Src/stm32h7xx_hal_rtc.c ****     {
 759              		.loc 1 305 12 is_stmt 0 view .LVU229
 760 0008 90F82130 		ldrb	r3, [r0, #33]	@ zero_extendqisi2
 305:Drivers/STM32H7xx_HAL_Driver/Src/stm32h7xx_hal_rtc.c ****     {
 761              		.loc 1 305 7 view .LVU230
 762 000c 63B1     		cbz	r3, .L66
 763              	.LVL49:
 764              	.L56:
 316:Drivers/STM32H7xx_HAL_Driver/Src/stm32h7xx_hal_rtc.c **** 
 765              		.loc 1 316 5 is_stmt 1 view .LVU231
 316:Drivers/STM32H7xx_HAL_Driver/Src/stm32h7xx_hal_rtc.c **** 
 766              		.loc 1 316 17 is_stmt 0 view .LVU232
 767 000e 0223     		movs	r3, #2
 768 0010 84F82130 		strb	r3, [r4, #33]
 319:Drivers/STM32H7xx_HAL_Driver/Src/stm32h7xx_hal_rtc.c ****     {
ARM GAS  C:\Users\admin\AppData\Local\Temp\ccgKPo3u.s 			page 51


 769              		.loc 1 319 5 is_stmt 1 view .LVU233
 319:Drivers/STM32H7xx_HAL_Driver/Src/stm32h7xx_hal_rtc.c ****     {
 770              		.loc 1 319 9 is_stmt 0 view .LVU234
 771 0014 2368     		ldr	r3, [r4]
 772 0016 DA68     		ldr	r2, [r3, #12]
 319:Drivers/STM32H7xx_HAL_Driver/Src/stm32h7xx_hal_rtc.c ****     {
 773              		.loc 1 319 8 view .LVU235
 774 0018 12F0100F 		tst	r2, #16
 775 001c 09D0     		beq	.L67
 362:Drivers/STM32H7xx_HAL_Driver/Src/stm32h7xx_hal_rtc.c ****     }
 776              		.loc 1 362 14 view .LVU236
 777 001e 0020     		movs	r0, #0
 778              	.LVL50:
 779              	.L57:
 368:Drivers/STM32H7xx_HAL_Driver/Src/stm32h7xx_hal_rtc.c ****     }
 780              		.loc 1 368 7 is_stmt 1 view .LVU237
 368:Drivers/STM32H7xx_HAL_Driver/Src/stm32h7xx_hal_rtc.c ****     }
 781              		.loc 1 368 19 is_stmt 0 view .LVU238
 782 0020 0123     		movs	r3, #1
 783 0022 84F82130 		strb	r3, [r4, #33]
 784              	.L55:
 785              	.LVL51:
 373:Drivers/STM32H7xx_HAL_Driver/Src/stm32h7xx_hal_rtc.c **** }
 786              		.loc 1 373 3 is_stmt 1 view .LVU239
 374:Drivers/STM32H7xx_HAL_Driver/Src/stm32h7xx_hal_rtc.c **** 
 787              		.loc 1 374 1 is_stmt 0 view .LVU240
 788 0026 38BD     		pop	{r3, r4, r5, pc}
 789              	.LVL52:
 790              	.L66:
 308:Drivers/STM32H7xx_HAL_Driver/Src/stm32h7xx_hal_rtc.c **** 
 791              		.loc 1 308 7 is_stmt 1 view .LVU241
 308:Drivers/STM32H7xx_HAL_Driver/Src/stm32h7xx_hal_rtc.c **** 
 792              		.loc 1 308 18 is_stmt 0 view .LVU242
 793 0028 80F82030 		strb	r3, [r0, #32]
 311:Drivers/STM32H7xx_HAL_Driver/Src/stm32h7xx_hal_rtc.c ****     }
 794              		.loc 1 311 7 is_stmt 1 view .LVU243
 795 002c FFF7FEFF 		bl	HAL_RTC_MspInit
 796              	.LVL53:
 311:Drivers/STM32H7xx_HAL_Driver/Src/stm32h7xx_hal_rtc.c ****     }
 797              		.loc 1 311 7 is_stmt 0 view .LVU244
 798 0030 EDE7     		b	.L56
 799              	.L67:
 322:Drivers/STM32H7xx_HAL_Driver/Src/stm32h7xx_hal_rtc.c **** 
 800              		.loc 1 322 7 is_stmt 1 view .LVU245
 322:Drivers/STM32H7xx_HAL_Driver/Src/stm32h7xx_hal_rtc.c **** 
 801              		.loc 1 322 7 view .LVU246
 802 0032 CA22     		movs	r2, #202
 803 0034 5A62     		str	r2, [r3, #36]
 322:Drivers/STM32H7xx_HAL_Driver/Src/stm32h7xx_hal_rtc.c **** 
 804              		.loc 1 322 7 view .LVU247
 805 0036 2368     		ldr	r3, [r4]
 806 0038 5322     		movs	r2, #83
 807 003a 5A62     		str	r2, [r3, #36]
 322:Drivers/STM32H7xx_HAL_Driver/Src/stm32h7xx_hal_rtc.c **** 
 808              		.loc 1 322 7 view .LVU248
 325:Drivers/STM32H7xx_HAL_Driver/Src/stm32h7xx_hal_rtc.c ****       if (status == HAL_OK)
 809              		.loc 1 325 7 view .LVU249
ARM GAS  C:\Users\admin\AppData\Local\Temp\ccgKPo3u.s 			page 52


 325:Drivers/STM32H7xx_HAL_Driver/Src/stm32h7xx_hal_rtc.c ****       if (status == HAL_OK)
 810              		.loc 1 325 16 is_stmt 0 view .LVU250
 811 003c 2046     		mov	r0, r4
 812 003e FFF7FEFF 		bl	RTC_EnterInitMode
 813              	.LVL54:
 326:Drivers/STM32H7xx_HAL_Driver/Src/stm32h7xx_hal_rtc.c ****       {
 814              		.loc 1 326 7 is_stmt 1 view .LVU251
 326:Drivers/STM32H7xx_HAL_Driver/Src/stm32h7xx_hal_rtc.c ****       {
 815              		.loc 1 326 10 is_stmt 0 view .LVU252
 816 0042 90B1     		cbz	r0, .L68
 817              	.L58:
 345:Drivers/STM32H7xx_HAL_Driver/Src/stm32h7xx_hal_rtc.c ****       {
 818              		.loc 1 345 7 is_stmt 1 view .LVU253
 345:Drivers/STM32H7xx_HAL_Driver/Src/stm32h7xx_hal_rtc.c ****       {
 819              		.loc 1 345 9 is_stmt 0 view .LVU254
 820 0044 58B9     		cbnz	r0, .L59
 351:Drivers/STM32H7xx_HAL_Driver/Src/stm32h7xx_hal_rtc.c ****         hrtc->Instance->OR |= (hrtc->Init.OutPutType | hrtc->Init.OutPutRemap);
 821              		.loc 1 351 9 is_stmt 1 view .LVU255
 351:Drivers/STM32H7xx_HAL_Driver/Src/stm32h7xx_hal_rtc.c ****         hrtc->Instance->OR |= (hrtc->Init.OutPutType | hrtc->Init.OutPutRemap);
 822              		.loc 1 351 13 is_stmt 0 view .LVU256
 823 0046 2268     		ldr	r2, [r4]
 351:Drivers/STM32H7xx_HAL_Driver/Src/stm32h7xx_hal_rtc.c ****         hrtc->Instance->OR |= (hrtc->Init.OutPutType | hrtc->Init.OutPutRemap);
 824              		.loc 1 351 28 view .LVU257
 825 0048 D36C     		ldr	r3, [r2, #76]
 826 004a 23F00303 		bic	r3, r3, #3
 827 004e D364     		str	r3, [r2, #76]
 352:Drivers/STM32H7xx_HAL_Driver/Src/stm32h7xx_hal_rtc.c **** #endif /* TAMP */
 828              		.loc 1 352 9 is_stmt 1 view .LVU258
 352:Drivers/STM32H7xx_HAL_Driver/Src/stm32h7xx_hal_rtc.c **** #endif /* TAMP */
 829              		.loc 1 352 13 is_stmt 0 view .LVU259
 830 0050 2168     		ldr	r1, [r4]
 352:Drivers/STM32H7xx_HAL_Driver/Src/stm32h7xx_hal_rtc.c **** #endif /* TAMP */
 831              		.loc 1 352 28 view .LVU260
 832 0052 CB6C     		ldr	r3, [r1, #76]
 352:Drivers/STM32H7xx_HAL_Driver/Src/stm32h7xx_hal_rtc.c **** #endif /* TAMP */
 833              		.loc 1 352 42 view .LVU261
 834 0054 E269     		ldr	r2, [r4, #28]
 352:Drivers/STM32H7xx_HAL_Driver/Src/stm32h7xx_hal_rtc.c **** #endif /* TAMP */
 835              		.loc 1 352 54 view .LVU262
 836 0056 6569     		ldr	r5, [r4, #20]
 837 0058 2A43     		orrs	r2, r2, r5
 352:Drivers/STM32H7xx_HAL_Driver/Src/stm32h7xx_hal_rtc.c **** #endif /* TAMP */
 838              		.loc 1 352 28 view .LVU263
 839 005a 1343     		orrs	r3, r3, r2
 840 005c CB64     		str	r3, [r1, #76]
 841              	.L59:
 357:Drivers/STM32H7xx_HAL_Driver/Src/stm32h7xx_hal_rtc.c ****     }
 842              		.loc 1 357 5 is_stmt 1 view .LVU264
 357:Drivers/STM32H7xx_HAL_Driver/Src/stm32h7xx_hal_rtc.c ****     }
 843              		.loc 1 357 5 view .LVU265
 844 005e 2368     		ldr	r3, [r4]
 845 0060 FF22     		movs	r2, #255
 846 0062 5A62     		str	r2, [r3, #36]
 357:Drivers/STM32H7xx_HAL_Driver/Src/stm32h7xx_hal_rtc.c ****     }
 847              		.loc 1 357 5 view .LVU266
 365:Drivers/STM32H7xx_HAL_Driver/Src/stm32h7xx_hal_rtc.c ****     {
 848              		.loc 1 365 5 view .LVU267
ARM GAS  C:\Users\admin\AppData\Local\Temp\ccgKPo3u.s 			page 53


 365:Drivers/STM32H7xx_HAL_Driver/Src/stm32h7xx_hal_rtc.c ****     {
 849              		.loc 1 365 8 is_stmt 0 view .LVU268
 850 0064 0028     		cmp	r0, #0
 851 0066 DED1     		bne	.L55
 852 0068 DAE7     		b	.L57
 853              	.L68:
 333:Drivers/STM32H7xx_HAL_Driver/Src/stm32h7xx_hal_rtc.c **** #endif /* TAMP */
 854              		.loc 1 333 9 is_stmt 1 view .LVU269
 333:Drivers/STM32H7xx_HAL_Driver/Src/stm32h7xx_hal_rtc.c **** #endif /* TAMP */
 855              		.loc 1 333 13 is_stmt 0 view .LVU270
 856 006a 2268     		ldr	r2, [r4]
 333:Drivers/STM32H7xx_HAL_Driver/Src/stm32h7xx_hal_rtc.c **** #endif /* TAMP */
 857              		.loc 1 333 28 view .LVU271
 858 006c 9168     		ldr	r1, [r2, #8]
 859 006e 0C4B     		ldr	r3, .L69
 860 0070 0B40     		ands	r3, r3, r1
 861 0072 9360     		str	r3, [r2, #8]
 337:Drivers/STM32H7xx_HAL_Driver/Src/stm32h7xx_hal_rtc.c **** 
 862              		.loc 1 337 9 is_stmt 1 view .LVU272
 337:Drivers/STM32H7xx_HAL_Driver/Src/stm32h7xx_hal_rtc.c **** 
 863              		.loc 1 337 13 is_stmt 0 view .LVU273
 864 0074 2168     		ldr	r1, [r4]
 337:Drivers/STM32H7xx_HAL_Driver/Src/stm32h7xx_hal_rtc.c **** 
 865              		.loc 1 337 28 view .LVU274
 866 0076 8A68     		ldr	r2, [r1, #8]
 337:Drivers/STM32H7xx_HAL_Driver/Src/stm32h7xx_hal_rtc.c **** 
 867              		.loc 1 337 42 view .LVU275
 868 0078 6368     		ldr	r3, [r4, #4]
 337:Drivers/STM32H7xx_HAL_Driver/Src/stm32h7xx_hal_rtc.c **** 
 869              		.loc 1 337 66 view .LVU276
 870 007a 2069     		ldr	r0, [r4, #16]
 871              	.LVL55:
 337:Drivers/STM32H7xx_HAL_Driver/Src/stm32h7xx_hal_rtc.c **** 
 872              		.loc 1 337 54 view .LVU277
 873 007c 0343     		orrs	r3, r3, r0
 337:Drivers/STM32H7xx_HAL_Driver/Src/stm32h7xx_hal_rtc.c **** 
 874              		.loc 1 337 86 view .LVU278
 875 007e A069     		ldr	r0, [r4, #24]
 337:Drivers/STM32H7xx_HAL_Driver/Src/stm32h7xx_hal_rtc.c **** 
 876              		.loc 1 337 74 view .LVU279
 877 0080 0343     		orrs	r3, r3, r0
 337:Drivers/STM32H7xx_HAL_Driver/Src/stm32h7xx_hal_rtc.c **** 
 878              		.loc 1 337 28 view .LVU280
 879 0082 1343     		orrs	r3, r3, r2
 880 0084 8B60     		str	r3, [r1, #8]
 340:Drivers/STM32H7xx_HAL_Driver/Src/stm32h7xx_hal_rtc.c **** 
 881              		.loc 1 340 9 is_stmt 1 view .LVU281
 340:Drivers/STM32H7xx_HAL_Driver/Src/stm32h7xx_hal_rtc.c **** 
 882              		.loc 1 340 43 is_stmt 0 view .LVU282
 883 0086 A168     		ldr	r1, [r4, #8]
 340:Drivers/STM32H7xx_HAL_Driver/Src/stm32h7xx_hal_rtc.c **** 
 884              		.loc 1 340 109 view .LVU283
 885 0088 E368     		ldr	r3, [r4, #12]
 340:Drivers/STM32H7xx_HAL_Driver/Src/stm32h7xx_hal_rtc.c **** 
 886              		.loc 1 340 13 view .LVU284
 887 008a 2268     		ldr	r2, [r4]
 340:Drivers/STM32H7xx_HAL_Driver/Src/stm32h7xx_hal_rtc.c **** 
ARM GAS  C:\Users\admin\AppData\Local\Temp\ccgKPo3u.s 			page 54


 888              		.loc 1 340 83 view .LVU285
 889 008c 43EA0143 		orr	r3, r3, r1, lsl #16
 340:Drivers/STM32H7xx_HAL_Driver/Src/stm32h7xx_hal_rtc.c **** 
 890              		.loc 1 340 30 view .LVU286
 891 0090 1361     		str	r3, [r2, #16]
 343:Drivers/STM32H7xx_HAL_Driver/Src/stm32h7xx_hal_rtc.c ****       }
 892              		.loc 1 343 9 is_stmt 1 view .LVU287
 343:Drivers/STM32H7xx_HAL_Driver/Src/stm32h7xx_hal_rtc.c ****       }
 893              		.loc 1 343 18 is_stmt 0 view .LVU288
 894 0092 2046     		mov	r0, r4
 895 0094 FFF7FEFF 		bl	RTC_ExitInitMode
 896              	.LVL56:
 343:Drivers/STM32H7xx_HAL_Driver/Src/stm32h7xx_hal_rtc.c ****       }
 897              		.loc 1 343 18 view .LVU289
 898 0098 D4E7     		b	.L58
 899              	.LVL57:
 900              	.L60:
 901              	.LCFI7:
 902              		.cfi_def_cfa_offset 0
 903              		.cfi_restore 3
 904              		.cfi_restore 4
 905              		.cfi_restore 5
 906              		.cfi_restore 14
 247:Drivers/STM32H7xx_HAL_Driver/Src/stm32h7xx_hal_rtc.c **** 
 907              		.loc 1 247 21 view .LVU290
 908 009a 0120     		movs	r0, #1
 909              	.LVL58:
 373:Drivers/STM32H7xx_HAL_Driver/Src/stm32h7xx_hal_rtc.c **** }
 910              		.loc 1 373 3 is_stmt 1 view .LVU291
 374:Drivers/STM32H7xx_HAL_Driver/Src/stm32h7xx_hal_rtc.c **** 
 911              		.loc 1 374 1 is_stmt 0 view .LVU292
 912 009c 7047     		bx	lr
 913              	.L70:
 914 009e 00BF     		.align	2
 915              	.L69:
 916 00a0 BFFF8FFF 		.word	-7340097
 917              		.cfi_endproc
 918              	.LFE144:
 920              		.section	.text.HAL_RTC_DeInit,"ax",%progbits
 921              		.align	1
 922              		.global	HAL_RTC_DeInit
 923              		.syntax unified
 924              		.thumb
 925              		.thumb_func
 927              	HAL_RTC_DeInit:
 928              	.LVL59:
 929              	.LFB145:
 383:Drivers/STM32H7xx_HAL_Driver/Src/stm32h7xx_hal_rtc.c ****   HAL_StatusTypeDef status = HAL_ERROR;
 930              		.loc 1 383 1 is_stmt 1 view -0
 931              		.cfi_startproc
 932              		@ args = 0, pretend = 0, frame = 0
 933              		@ frame_needed = 0, uses_anonymous_args = 0
 383:Drivers/STM32H7xx_HAL_Driver/Src/stm32h7xx_hal_rtc.c ****   HAL_StatusTypeDef status = HAL_ERROR;
 934              		.loc 1 383 1 is_stmt 0 view .LVU294
 935 0000 70B5     		push	{r4, r5, r6, lr}
 936              	.LCFI8:
 937              		.cfi_def_cfa_offset 16
ARM GAS  C:\Users\admin\AppData\Local\Temp\ccgKPo3u.s 			page 55


 938              		.cfi_offset 4, -16
 939              		.cfi_offset 5, -12
 940              		.cfi_offset 6, -8
 941              		.cfi_offset 14, -4
 384:Drivers/STM32H7xx_HAL_Driver/Src/stm32h7xx_hal_rtc.c ****   uint32_t          tickstart;
 942              		.loc 1 384 3 is_stmt 1 view .LVU295
 943              	.LVL60:
 385:Drivers/STM32H7xx_HAL_Driver/Src/stm32h7xx_hal_rtc.c **** 
 944              		.loc 1 385 3 view .LVU296
 388:Drivers/STM32H7xx_HAL_Driver/Src/stm32h7xx_hal_rtc.c ****   {
 945              		.loc 1 388 3 view .LVU297
 388:Drivers/STM32H7xx_HAL_Driver/Src/stm32h7xx_hal_rtc.c ****   {
 946              		.loc 1 388 5 is_stmt 0 view .LVU298
 947 0002 0028     		cmp	r0, #0
 948 0004 5CD0     		beq	.L78
 949 0006 0446     		mov	r4, r0
 391:Drivers/STM32H7xx_HAL_Driver/Src/stm32h7xx_hal_rtc.c **** 
 950              		.loc 1 391 5 is_stmt 1 view .LVU299
 394:Drivers/STM32H7xx_HAL_Driver/Src/stm32h7xx_hal_rtc.c **** 
 951              		.loc 1 394 5 view .LVU300
 394:Drivers/STM32H7xx_HAL_Driver/Src/stm32h7xx_hal_rtc.c **** 
 952              		.loc 1 394 17 is_stmt 0 view .LVU301
 953 0008 0223     		movs	r3, #2
 954 000a 80F82130 		strb	r3, [r0, #33]
 397:Drivers/STM32H7xx_HAL_Driver/Src/stm32h7xx_hal_rtc.c **** 
 955              		.loc 1 397 5 is_stmt 1 view .LVU302
 397:Drivers/STM32H7xx_HAL_Driver/Src/stm32h7xx_hal_rtc.c **** 
 956              		.loc 1 397 5 view .LVU303
 957 000e 0368     		ldr	r3, [r0]
 958 0010 CA22     		movs	r2, #202
 959 0012 5A62     		str	r2, [r3, #36]
 397:Drivers/STM32H7xx_HAL_Driver/Src/stm32h7xx_hal_rtc.c **** 
 960              		.loc 1 397 5 view .LVU304
 961 0014 0368     		ldr	r3, [r0]
 962 0016 5322     		movs	r2, #83
 963 0018 5A62     		str	r2, [r3, #36]
 397:Drivers/STM32H7xx_HAL_Driver/Src/stm32h7xx_hal_rtc.c **** 
 964              		.loc 1 397 5 view .LVU305
 400:Drivers/STM32H7xx_HAL_Driver/Src/stm32h7xx_hal_rtc.c **** 
 965              		.loc 1 400 5 view .LVU306
 400:Drivers/STM32H7xx_HAL_Driver/Src/stm32h7xx_hal_rtc.c **** 
 966              		.loc 1 400 14 is_stmt 0 view .LVU307
 967 001a FFF7FEFF 		bl	RTC_EnterInitMode
 968              	.LVL61:
 402:Drivers/STM32H7xx_HAL_Driver/Src/stm32h7xx_hal_rtc.c ****     {
 969              		.loc 1 402 5 is_stmt 1 view .LVU308
 402:Drivers/STM32H7xx_HAL_Driver/Src/stm32h7xx_hal_rtc.c ****     {
 970              		.loc 1 402 8 is_stmt 0 view .LVU309
 971 001e 0546     		mov	r5, r0
 972 0020 98B1     		cbz	r0, .L80
 973              	.LVL62:
 974              	.L73:
 435:Drivers/STM32H7xx_HAL_Driver/Src/stm32h7xx_hal_rtc.c ****     {
 975              		.loc 1 435 5 is_stmt 1 view .LVU310
 435:Drivers/STM32H7xx_HAL_Driver/Src/stm32h7xx_hal_rtc.c ****     {
 976              		.loc 1 435 8 is_stmt 0 view .LVU311
 977 0022 002D     		cmp	r5, #0
ARM GAS  C:\Users\admin\AppData\Local\Temp\ccgKPo3u.s 			page 56


 978 0024 31D0     		beq	.L81
 979              	.L77:
 454:Drivers/STM32H7xx_HAL_Driver/Src/stm32h7xx_hal_rtc.c ****     {
 980              		.loc 1 454 5 is_stmt 1 view .LVU312
 454:Drivers/STM32H7xx_HAL_Driver/Src/stm32h7xx_hal_rtc.c ****     {
 981              		.loc 1 454 7 is_stmt 0 view .LVU313
 982 0026 002D     		cmp	r5, #0
 983 0028 4BD1     		bne	.L72
 462:Drivers/STM32H7xx_HAL_Driver/Src/stm32h7xx_hal_rtc.c **** 
 984              		.loc 1 462 7 is_stmt 1 view .LVU314
 462:Drivers/STM32H7xx_HAL_Driver/Src/stm32h7xx_hal_rtc.c **** 
 985              		.loc 1 462 11 is_stmt 0 view .LVU315
 986 002a 2368     		ldr	r3, [r4]
 462:Drivers/STM32H7xx_HAL_Driver/Src/stm32h7xx_hal_rtc.c **** 
 987              		.loc 1 462 30 view .LVU316
 988 002c 0026     		movs	r6, #0
 989 002e 1E64     		str	r6, [r3, #64]
 465:Drivers/STM32H7xx_HAL_Driver/Src/stm32h7xx_hal_rtc.c **** #endif /* TAMP */
 990              		.loc 1 465 7 is_stmt 1 view .LVU317
 465:Drivers/STM32H7xx_HAL_Driver/Src/stm32h7xx_hal_rtc.c **** #endif /* TAMP */
 991              		.loc 1 465 11 is_stmt 0 view .LVU318
 992 0030 2368     		ldr	r3, [r4]
 465:Drivers/STM32H7xx_HAL_Driver/Src/stm32h7xx_hal_rtc.c **** #endif /* TAMP */
 993              		.loc 1 465 26 view .LVU319
 994 0032 DE64     		str	r6, [r3, #76]
 469:Drivers/STM32H7xx_HAL_Driver/Src/stm32h7xx_hal_rtc.c **** 
 995              		.loc 1 469 7 is_stmt 1 view .LVU320
 469:Drivers/STM32H7xx_HAL_Driver/Src/stm32h7xx_hal_rtc.c **** 
 996              		.loc 1 469 7 view .LVU321
 997 0034 2368     		ldr	r3, [r4]
 998 0036 FF22     		movs	r2, #255
 999 0038 5A62     		str	r2, [r3, #36]
 469:Drivers/STM32H7xx_HAL_Driver/Src/stm32h7xx_hal_rtc.c **** 
 1000              		.loc 1 469 7 view .LVU322
 481:Drivers/STM32H7xx_HAL_Driver/Src/stm32h7xx_hal_rtc.c **** #endif /* (USE_HAL_RTC_REGISTER_CALLBACKS) */
 1001              		.loc 1 481 7 view .LVU323
 1002 003a 2046     		mov	r0, r4
 1003 003c FFF7FEFF 		bl	HAL_RTC_MspDeInit
 1004              	.LVL63:
 484:Drivers/STM32H7xx_HAL_Driver/Src/stm32h7xx_hal_rtc.c **** 
 1005              		.loc 1 484 7 view .LVU324
 484:Drivers/STM32H7xx_HAL_Driver/Src/stm32h7xx_hal_rtc.c **** 
 1006              		.loc 1 484 19 is_stmt 0 view .LVU325
 1007 0040 84F82160 		strb	r6, [r4, #33]
 487:Drivers/STM32H7xx_HAL_Driver/Src/stm32h7xx_hal_rtc.c ****     }
 1008              		.loc 1 487 7 is_stmt 1 view .LVU326
 487:Drivers/STM32H7xx_HAL_Driver/Src/stm32h7xx_hal_rtc.c ****     }
 1009              		.loc 1 487 7 view .LVU327
 1010 0044 84F82060 		strb	r6, [r4, #32]
 1011 0048 3BE0     		b	.L72
 1012              	.LVL64:
 1013              	.L80:
 405:Drivers/STM32H7xx_HAL_Driver/Src/stm32h7xx_hal_rtc.c ****       hrtc->Instance->DR = ((uint32_t)(RTC_DR_WDU_0 | RTC_DR_MU_0 | RTC_DR_DU_0));
 1014              		.loc 1 405 7 view .LVU328
 405:Drivers/STM32H7xx_HAL_Driver/Src/stm32h7xx_hal_rtc.c ****       hrtc->Instance->DR = ((uint32_t)(RTC_DR_WDU_0 | RTC_DR_MU_0 | RTC_DR_DU_0));
 1015              		.loc 1 405 11 is_stmt 0 view .LVU329
 1016 004a 2268     		ldr	r2, [r4]
ARM GAS  C:\Users\admin\AppData\Local\Temp\ccgKPo3u.s 			page 57


 405:Drivers/STM32H7xx_HAL_Driver/Src/stm32h7xx_hal_rtc.c ****       hrtc->Instance->DR = ((uint32_t)(RTC_DR_WDU_0 | RTC_DR_MU_0 | RTC_DR_DU_0));
 1017              		.loc 1 405 26 view .LVU330
 1018 004c 0023     		movs	r3, #0
 1019 004e 1360     		str	r3, [r2]
 406:Drivers/STM32H7xx_HAL_Driver/Src/stm32h7xx_hal_rtc.c **** 
 1020              		.loc 1 406 7 is_stmt 1 view .LVU331
 406:Drivers/STM32H7xx_HAL_Driver/Src/stm32h7xx_hal_rtc.c **** 
 1021              		.loc 1 406 11 is_stmt 0 view .LVU332
 1022 0050 2268     		ldr	r2, [r4]
 406:Drivers/STM32H7xx_HAL_Driver/Src/stm32h7xx_hal_rtc.c **** 
 1023              		.loc 1 406 26 view .LVU333
 1024 0052 42F20111 		movw	r1, #8449
 1025 0056 5160     		str	r1, [r2, #4]
 410:Drivers/STM32H7xx_HAL_Driver/Src/stm32h7xx_hal_rtc.c **** 
 1026              		.loc 1 410 7 is_stmt 1 view .LVU334
 410:Drivers/STM32H7xx_HAL_Driver/Src/stm32h7xx_hal_rtc.c **** 
 1027              		.loc 1 410 11 is_stmt 0 view .LVU335
 1028 0058 2268     		ldr	r2, [r4]
 410:Drivers/STM32H7xx_HAL_Driver/Src/stm32h7xx_hal_rtc.c **** 
 1029              		.loc 1 410 26 view .LVU336
 1030 005a 9360     		str	r3, [r2, #8]
 414:Drivers/STM32H7xx_HAL_Driver/Src/stm32h7xx_hal_rtc.c **** 
 1031              		.loc 1 414 7 is_stmt 1 view .LVU337
 414:Drivers/STM32H7xx_HAL_Driver/Src/stm32h7xx_hal_rtc.c **** 
 1032              		.loc 1 414 19 is_stmt 0 view .LVU338
 1033 005c FFF7FEFF 		bl	HAL_GetTick
 1034              	.LVL65:
 414:Drivers/STM32H7xx_HAL_Driver/Src/stm32h7xx_hal_rtc.c **** 
 1035              		.loc 1 414 19 view .LVU339
 1036 0060 0646     		mov	r6, r0
 1037              	.LVL66:
 419:Drivers/STM32H7xx_HAL_Driver/Src/stm32h7xx_hal_rtc.c **** #endif /* TAMP */
 1038              		.loc 1 419 7 is_stmt 1 view .LVU340
 1039              	.L75:
 419:Drivers/STM32H7xx_HAL_Driver/Src/stm32h7xx_hal_rtc.c **** #endif /* TAMP */
 1040              		.loc 1 419 13 view .LVU341
 419:Drivers/STM32H7xx_HAL_Driver/Src/stm32h7xx_hal_rtc.c **** #endif /* TAMP */
 1041              		.loc 1 419 21 is_stmt 0 view .LVU342
 1042 0062 2368     		ldr	r3, [r4]
 419:Drivers/STM32H7xx_HAL_Driver/Src/stm32h7xx_hal_rtc.c **** #endif /* TAMP */
 1043              		.loc 1 419 31 view .LVU343
 1044 0064 DB68     		ldr	r3, [r3, #12]
 419:Drivers/STM32H7xx_HAL_Driver/Src/stm32h7xx_hal_rtc.c **** #endif /* TAMP */
 1045              		.loc 1 419 13 view .LVU344
 1046 0066 13F0040F 		tst	r3, #4
 1047 006a DAD1     		bne	.L73
 419:Drivers/STM32H7xx_HAL_Driver/Src/stm32h7xx_hal_rtc.c **** #endif /* TAMP */
 1048              		.loc 1 419 64 discriminator 1 view .LVU345
 1049 006c 032D     		cmp	r5, #3
 1050 006e D8D0     		beq	.L73
 422:Drivers/STM32H7xx_HAL_Driver/Src/stm32h7xx_hal_rtc.c ****         {
 1051              		.loc 1 422 9 is_stmt 1 view .LVU346
 422:Drivers/STM32H7xx_HAL_Driver/Src/stm32h7xx_hal_rtc.c ****         {
 1052              		.loc 1 422 13 is_stmt 0 view .LVU347
 1053 0070 FFF7FEFF 		bl	HAL_GetTick
 1054              	.LVL67:
 422:Drivers/STM32H7xx_HAL_Driver/Src/stm32h7xx_hal_rtc.c ****         {
ARM GAS  C:\Users\admin\AppData\Local\Temp\ccgKPo3u.s 			page 58


 1055              		.loc 1 422 27 view .LVU348
 1056 0074 801B     		subs	r0, r0, r6
 422:Drivers/STM32H7xx_HAL_Driver/Src/stm32h7xx_hal_rtc.c ****         {
 1057              		.loc 1 422 11 view .LVU349
 1058 0076 B0F57A7F 		cmp	r0, #1000
 1059 007a F2D9     		bls	.L75
 425:Drivers/STM32H7xx_HAL_Driver/Src/stm32h7xx_hal_rtc.c **** 
 1060              		.loc 1 425 11 is_stmt 1 view .LVU350
 425:Drivers/STM32H7xx_HAL_Driver/Src/stm32h7xx_hal_rtc.c **** 
 1061              		.loc 1 425 11 view .LVU351
 1062 007c 2368     		ldr	r3, [r4]
 1063 007e FF22     		movs	r2, #255
 1064 0080 5A62     		str	r2, [r3, #36]
 425:Drivers/STM32H7xx_HAL_Driver/Src/stm32h7xx_hal_rtc.c **** 
 1065              		.loc 1 425 11 view .LVU352
 428:Drivers/STM32H7xx_HAL_Driver/Src/stm32h7xx_hal_rtc.c ****           status = HAL_TIMEOUT;
 1066              		.loc 1 428 11 view .LVU353
 428:Drivers/STM32H7xx_HAL_Driver/Src/stm32h7xx_hal_rtc.c ****           status = HAL_TIMEOUT;
 1067              		.loc 1 428 23 is_stmt 0 view .LVU354
 1068 0082 0325     		movs	r5, #3
 1069              	.LVL68:
 428:Drivers/STM32H7xx_HAL_Driver/Src/stm32h7xx_hal_rtc.c ****           status = HAL_TIMEOUT;
 1070              		.loc 1 428 23 view .LVU355
 1071 0084 84F82150 		strb	r5, [r4, #33]
 429:Drivers/STM32H7xx_HAL_Driver/Src/stm32h7xx_hal_rtc.c **** 
 1072              		.loc 1 429 11 is_stmt 1 view .LVU356
 1073              	.LVL69:
 429:Drivers/STM32H7xx_HAL_Driver/Src/stm32h7xx_hal_rtc.c **** 
 1074              		.loc 1 429 11 is_stmt 0 view .LVU357
 1075 0088 EBE7     		b	.L75
 1076              	.LVL70:
 1077              	.L81:
 438:Drivers/STM32H7xx_HAL_Driver/Src/stm32h7xx_hal_rtc.c **** 
 1078              		.loc 1 438 7 is_stmt 1 view .LVU358
 438:Drivers/STM32H7xx_HAL_Driver/Src/stm32h7xx_hal_rtc.c **** 
 1079              		.loc 1 438 11 is_stmt 0 view .LVU359
 1080 008a 2268     		ldr	r2, [r4]
 438:Drivers/STM32H7xx_HAL_Driver/Src/stm32h7xx_hal_rtc.c **** 
 1081              		.loc 1 438 26 view .LVU360
 1082 008c 0023     		movs	r3, #0
 1083 008e 9360     		str	r3, [r2, #8]
 441:Drivers/STM32H7xx_HAL_Driver/Src/stm32h7xx_hal_rtc.c ****       hrtc->Instance->PRER     = ((uint32_t)(RTC_PRER_PREDIV_A | 0x000000FFU));
 1084              		.loc 1 441 7 is_stmt 1 view .LVU361
 441:Drivers/STM32H7xx_HAL_Driver/Src/stm32h7xx_hal_rtc.c ****       hrtc->Instance->PRER     = ((uint32_t)(RTC_PRER_PREDIV_A | 0x000000FFU));
 1085              		.loc 1 441 11 is_stmt 0 view .LVU362
 1086 0090 2268     		ldr	r2, [r4]
 441:Drivers/STM32H7xx_HAL_Driver/Src/stm32h7xx_hal_rtc.c ****       hrtc->Instance->PRER     = ((uint32_t)(RTC_PRER_PREDIV_A | 0x000000FFU));
 1087              		.loc 1 441 32 view .LVU363
 1088 0092 4FF6FF71 		movw	r1, #65535
 1089 0096 5161     		str	r1, [r2, #20]
 442:Drivers/STM32H7xx_HAL_Driver/Src/stm32h7xx_hal_rtc.c ****       hrtc->Instance->ALRMAR   = 0x00000000U;
 1090              		.loc 1 442 7 is_stmt 1 view .LVU364
 442:Drivers/STM32H7xx_HAL_Driver/Src/stm32h7xx_hal_rtc.c ****       hrtc->Instance->ALRMAR   = 0x00000000U;
 1091              		.loc 1 442 11 is_stmt 0 view .LVU365
 1092 0098 2268     		ldr	r2, [r4]
 442:Drivers/STM32H7xx_HAL_Driver/Src/stm32h7xx_hal_rtc.c ****       hrtc->Instance->ALRMAR   = 0x00000000U;
 1093              		.loc 1 442 32 view .LVU366
ARM GAS  C:\Users\admin\AppData\Local\Temp\ccgKPo3u.s 			page 59


 1094 009a 0B49     		ldr	r1, .L82
 1095 009c 1161     		str	r1, [r2, #16]
 443:Drivers/STM32H7xx_HAL_Driver/Src/stm32h7xx_hal_rtc.c ****       hrtc->Instance->ALRMBR   = 0x00000000U;
 1096              		.loc 1 443 7 is_stmt 1 view .LVU367
 443:Drivers/STM32H7xx_HAL_Driver/Src/stm32h7xx_hal_rtc.c ****       hrtc->Instance->ALRMBR   = 0x00000000U;
 1097              		.loc 1 443 11 is_stmt 0 view .LVU368
 1098 009e 2268     		ldr	r2, [r4]
 443:Drivers/STM32H7xx_HAL_Driver/Src/stm32h7xx_hal_rtc.c ****       hrtc->Instance->ALRMBR   = 0x00000000U;
 1099              		.loc 1 443 32 view .LVU369
 1100 00a0 D361     		str	r3, [r2, #28]
 444:Drivers/STM32H7xx_HAL_Driver/Src/stm32h7xx_hal_rtc.c ****       hrtc->Instance->SHIFTR   = 0x00000000U;
 1101              		.loc 1 444 7 is_stmt 1 view .LVU370
 444:Drivers/STM32H7xx_HAL_Driver/Src/stm32h7xx_hal_rtc.c ****       hrtc->Instance->SHIFTR   = 0x00000000U;
 1102              		.loc 1 444 11 is_stmt 0 view .LVU371
 1103 00a2 2268     		ldr	r2, [r4]
 444:Drivers/STM32H7xx_HAL_Driver/Src/stm32h7xx_hal_rtc.c ****       hrtc->Instance->SHIFTR   = 0x00000000U;
 1104              		.loc 1 444 32 view .LVU372
 1105 00a4 1362     		str	r3, [r2, #32]
 445:Drivers/STM32H7xx_HAL_Driver/Src/stm32h7xx_hal_rtc.c ****       hrtc->Instance->CALR     = 0x00000000U;
 1106              		.loc 1 445 7 is_stmt 1 view .LVU373
 445:Drivers/STM32H7xx_HAL_Driver/Src/stm32h7xx_hal_rtc.c ****       hrtc->Instance->CALR     = 0x00000000U;
 1107              		.loc 1 445 11 is_stmt 0 view .LVU374
 1108 00a6 2268     		ldr	r2, [r4]
 445:Drivers/STM32H7xx_HAL_Driver/Src/stm32h7xx_hal_rtc.c ****       hrtc->Instance->CALR     = 0x00000000U;
 1109              		.loc 1 445 32 view .LVU375
 1110 00a8 D362     		str	r3, [r2, #44]
 446:Drivers/STM32H7xx_HAL_Driver/Src/stm32h7xx_hal_rtc.c ****       hrtc->Instance->ALRMASSR = 0x00000000U;
 1111              		.loc 1 446 7 is_stmt 1 view .LVU376
 446:Drivers/STM32H7xx_HAL_Driver/Src/stm32h7xx_hal_rtc.c ****       hrtc->Instance->ALRMASSR = 0x00000000U;
 1112              		.loc 1 446 11 is_stmt 0 view .LVU377
 1113 00aa 2268     		ldr	r2, [r4]
 446:Drivers/STM32H7xx_HAL_Driver/Src/stm32h7xx_hal_rtc.c ****       hrtc->Instance->ALRMASSR = 0x00000000U;
 1114              		.loc 1 446 32 view .LVU378
 1115 00ac D363     		str	r3, [r2, #60]
 447:Drivers/STM32H7xx_HAL_Driver/Src/stm32h7xx_hal_rtc.c ****       hrtc->Instance->ALRMBSSR = 0x00000000U;
 1116              		.loc 1 447 7 is_stmt 1 view .LVU379
 447:Drivers/STM32H7xx_HAL_Driver/Src/stm32h7xx_hal_rtc.c ****       hrtc->Instance->ALRMBSSR = 0x00000000U;
 1117              		.loc 1 447 11 is_stmt 0 view .LVU380
 1118 00ae 2268     		ldr	r2, [r4]
 447:Drivers/STM32H7xx_HAL_Driver/Src/stm32h7xx_hal_rtc.c ****       hrtc->Instance->ALRMBSSR = 0x00000000U;
 1119              		.loc 1 447 32 view .LVU381
 1120 00b0 5364     		str	r3, [r2, #68]
 448:Drivers/STM32H7xx_HAL_Driver/Src/stm32h7xx_hal_rtc.c **** 
 1121              		.loc 1 448 7 is_stmt 1 view .LVU382
 448:Drivers/STM32H7xx_HAL_Driver/Src/stm32h7xx_hal_rtc.c **** 
 1122              		.loc 1 448 11 is_stmt 0 view .LVU383
 1123 00b2 2268     		ldr	r2, [r4]
 448:Drivers/STM32H7xx_HAL_Driver/Src/stm32h7xx_hal_rtc.c **** 
 1124              		.loc 1 448 32 view .LVU384
 1125 00b4 9364     		str	r3, [r2, #72]
 451:Drivers/STM32H7xx_HAL_Driver/Src/stm32h7xx_hal_rtc.c ****     }
 1126              		.loc 1 451 7 is_stmt 1 view .LVU385
 451:Drivers/STM32H7xx_HAL_Driver/Src/stm32h7xx_hal_rtc.c ****     }
 1127              		.loc 1 451 16 is_stmt 0 view .LVU386
 1128 00b6 2046     		mov	r0, r4
 1129 00b8 FFF7FEFF 		bl	RTC_ExitInitMode
 1130              	.LVL71:
ARM GAS  C:\Users\admin\AppData\Local\Temp\ccgKPo3u.s 			page 60


 1131 00bc 0546     		mov	r5, r0
 1132              	.LVL72:
 451:Drivers/STM32H7xx_HAL_Driver/Src/stm32h7xx_hal_rtc.c ****     }
 1133              		.loc 1 451 16 view .LVU387
 1134 00be B2E7     		b	.L77
 1135              	.LVL73:
 1136              	.L78:
 384:Drivers/STM32H7xx_HAL_Driver/Src/stm32h7xx_hal_rtc.c ****   uint32_t          tickstart;
 1137              		.loc 1 384 21 view .LVU388
 1138 00c0 0125     		movs	r5, #1
 1139              	.LVL74:
 1140              	.L72:
 487:Drivers/STM32H7xx_HAL_Driver/Src/stm32h7xx_hal_rtc.c ****     }
 1141              		.loc 1 487 7 is_stmt 1 discriminator 1 view .LVU389
 492:Drivers/STM32H7xx_HAL_Driver/Src/stm32h7xx_hal_rtc.c **** }
 1142              		.loc 1 492 3 discriminator 1 view .LVU390
 493:Drivers/STM32H7xx_HAL_Driver/Src/stm32h7xx_hal_rtc.c **** 
 1143              		.loc 1 493 1 is_stmt 0 discriminator 1 view .LVU391
 1144 00c2 2846     		mov	r0, r5
 1145 00c4 70BD     		pop	{r4, r5, r6, pc}
 1146              	.LVL75:
 1147              	.L83:
 493:Drivers/STM32H7xx_HAL_Driver/Src/stm32h7xx_hal_rtc.c **** 
 1148              		.loc 1 493 1 discriminator 1 view .LVU392
 1149 00c6 00BF     		.align	2
 1150              	.L82:
 1151 00c8 FF007F00 		.word	8323327
 1152              		.cfi_endproc
 1153              	.LFE145:
 1155              		.section	.text.RTC_ByteToBcd2,"ax",%progbits
 1156              		.align	1
 1157              		.global	RTC_ByteToBcd2
 1158              		.syntax unified
 1159              		.thumb
 1160              		.thumb_func
 1162              	RTC_ByteToBcd2:
 1163              	.LVL76:
 1164              	.LFB163:
2017:Drivers/STM32H7xx_HAL_Driver/Src/stm32h7xx_hal_rtc.c **** 
2018:Drivers/STM32H7xx_HAL_Driver/Src/stm32h7xx_hal_rtc.c **** /**
2019:Drivers/STM32H7xx_HAL_Driver/Src/stm32h7xx_hal_rtc.c ****   * @brief  Convert a 2 digit decimal to BCD format.
2020:Drivers/STM32H7xx_HAL_Driver/Src/stm32h7xx_hal_rtc.c ****   * @param  Value Byte to be converted
2021:Drivers/STM32H7xx_HAL_Driver/Src/stm32h7xx_hal_rtc.c ****   * @retval Converted byte
2022:Drivers/STM32H7xx_HAL_Driver/Src/stm32h7xx_hal_rtc.c ****   */
2023:Drivers/STM32H7xx_HAL_Driver/Src/stm32h7xx_hal_rtc.c **** uint8_t RTC_ByteToBcd2(uint8_t Value)
2024:Drivers/STM32H7xx_HAL_Driver/Src/stm32h7xx_hal_rtc.c **** {
 1165              		.loc 1 2024 1 is_stmt 1 view -0
 1166              		.cfi_startproc
 1167              		@ args = 0, pretend = 0, frame = 0
 1168              		@ frame_needed = 0, uses_anonymous_args = 0
 1169              		@ link register save eliminated.
2025:Drivers/STM32H7xx_HAL_Driver/Src/stm32h7xx_hal_rtc.c ****   uint32_t bcdhigh = 0U;
 1170              		.loc 1 2025 3 view .LVU394
2026:Drivers/STM32H7xx_HAL_Driver/Src/stm32h7xx_hal_rtc.c ****   uint8_t  bcdlow  = Value;
 1171              		.loc 1 2026 3 view .LVU395
2027:Drivers/STM32H7xx_HAL_Driver/Src/stm32h7xx_hal_rtc.c **** 
2028:Drivers/STM32H7xx_HAL_Driver/Src/stm32h7xx_hal_rtc.c ****   while (bcdlow >= 10U)
ARM GAS  C:\Users\admin\AppData\Local\Temp\ccgKPo3u.s 			page 61


 1172              		.loc 1 2028 3 view .LVU396
2025:Drivers/STM32H7xx_HAL_Driver/Src/stm32h7xx_hal_rtc.c ****   uint8_t  bcdlow  = Value;
 1173              		.loc 1 2025 12 is_stmt 0 view .LVU397
 1174 0000 0023     		movs	r3, #0
 1175              		.loc 1 2028 9 view .LVU398
 1176 0002 02E0     		b	.L85
 1177              	.LVL77:
 1178              	.L86:
2029:Drivers/STM32H7xx_HAL_Driver/Src/stm32h7xx_hal_rtc.c ****   {
2030:Drivers/STM32H7xx_HAL_Driver/Src/stm32h7xx_hal_rtc.c ****     bcdhigh++;
 1179              		.loc 1 2030 5 is_stmt 1 view .LVU399
 1180              		.loc 1 2030 12 is_stmt 0 view .LVU400
 1181 0004 0133     		adds	r3, r3, #1
 1182              	.LVL78:
2031:Drivers/STM32H7xx_HAL_Driver/Src/stm32h7xx_hal_rtc.c ****     bcdlow -= 10U;
 1183              		.loc 1 2031 5 is_stmt 1 view .LVU401
 1184              		.loc 1 2031 12 is_stmt 0 view .LVU402
 1185 0006 0A38     		subs	r0, r0, #10
 1186              	.LVL79:
 1187              		.loc 1 2031 12 view .LVU403
 1188 0008 C0B2     		uxtb	r0, r0
 1189              	.LVL80:
 1190              	.L85:
2028:Drivers/STM32H7xx_HAL_Driver/Src/stm32h7xx_hal_rtc.c ****   {
 1191              		.loc 1 2028 9 is_stmt 1 view .LVU404
 1192 000a 0928     		cmp	r0, #9
 1193 000c FAD8     		bhi	.L86
2032:Drivers/STM32H7xx_HAL_Driver/Src/stm32h7xx_hal_rtc.c ****   }
2033:Drivers/STM32H7xx_HAL_Driver/Src/stm32h7xx_hal_rtc.c **** 
2034:Drivers/STM32H7xx_HAL_Driver/Src/stm32h7xx_hal_rtc.c ****   return ((uint8_t)(bcdhigh << 4U) | bcdlow);
 1194              		.loc 1 2034 3 view .LVU405
 1195              		.loc 1 2034 11 is_stmt 0 view .LVU406
 1196 000e 1B01     		lsls	r3, r3, #4
 1197              	.LVL81:
 1198              		.loc 1 2034 11 view .LVU407
 1199 0010 DBB2     		uxtb	r3, r3
2035:Drivers/STM32H7xx_HAL_Driver/Src/stm32h7xx_hal_rtc.c **** }
 1200              		.loc 1 2035 1 view .LVU408
 1201 0012 1843     		orrs	r0, r0, r3
 1202              	.LVL82:
 1203              		.loc 1 2035 1 view .LVU409
 1204 0014 7047     		bx	lr
 1205              		.cfi_endproc
 1206              	.LFE163:
 1208              		.section	.text.HAL_RTC_SetTime,"ax",%progbits
 1209              		.align	1
 1210              		.global	HAL_RTC_SetTime
 1211              		.syntax unified
 1212              		.thumb
 1213              		.thumb_func
 1215              	HAL_RTC_SetTime:
 1216              	.LVL83:
 1217              	.LFB148:
 842:Drivers/STM32H7xx_HAL_Driver/Src/stm32h7xx_hal_rtc.c ****   uint32_t tmpreg;
 1218              		.loc 1 842 1 is_stmt 1 view -0
 1219              		.cfi_startproc
 1220              		@ args = 0, pretend = 0, frame = 0
ARM GAS  C:\Users\admin\AppData\Local\Temp\ccgKPo3u.s 			page 62


 1221              		@ frame_needed = 0, uses_anonymous_args = 0
 843:Drivers/STM32H7xx_HAL_Driver/Src/stm32h7xx_hal_rtc.c **** HAL_StatusTypeDef status;
 1222              		.loc 1 843 3 view .LVU411
 844:Drivers/STM32H7xx_HAL_Driver/Src/stm32h7xx_hal_rtc.c **** 
 1223              		.loc 1 844 1 view .LVU412
 847:Drivers/STM32H7xx_HAL_Driver/Src/stm32h7xx_hal_rtc.c ****   assert_param(IS_RTC_DAYLIGHT_SAVING(sTime->DayLightSaving));
 1224              		.loc 1 847 3 view .LVU413
 848:Drivers/STM32H7xx_HAL_Driver/Src/stm32h7xx_hal_rtc.c ****   assert_param(IS_RTC_STORE_OPERATION(sTime->StoreOperation));
 1225              		.loc 1 848 3 view .LVU414
 849:Drivers/STM32H7xx_HAL_Driver/Src/stm32h7xx_hal_rtc.c **** 
 1226              		.loc 1 849 3 view .LVU415
 852:Drivers/STM32H7xx_HAL_Driver/Src/stm32h7xx_hal_rtc.c **** 
 1227              		.loc 1 852 3 view .LVU416
 852:Drivers/STM32H7xx_HAL_Driver/Src/stm32h7xx_hal_rtc.c **** 
 1228              		.loc 1 852 3 view .LVU417
 1229 0000 90F82030 		ldrb	r3, [r0, #32]	@ zero_extendqisi2
 1230 0004 012B     		cmp	r3, #1
 1231 0006 5BD0     		beq	.L95
 842:Drivers/STM32H7xx_HAL_Driver/Src/stm32h7xx_hal_rtc.c ****   uint32_t tmpreg;
 1232              		.loc 1 842 1 is_stmt 0 discriminator 2 view .LVU418
 1233 0008 70B5     		push	{r4, r5, r6, lr}
 1234              	.LCFI9:
 1235              		.cfi_def_cfa_offset 16
 1236              		.cfi_offset 4, -16
 1237              		.cfi_offset 5, -12
 1238              		.cfi_offset 6, -8
 1239              		.cfi_offset 14, -4
 1240 000a 0446     		mov	r4, r0
 1241 000c 0D46     		mov	r5, r1
 1242 000e 1646     		mov	r6, r2
 852:Drivers/STM32H7xx_HAL_Driver/Src/stm32h7xx_hal_rtc.c **** 
 1243              		.loc 1 852 3 is_stmt 1 discriminator 2 view .LVU419
 1244 0010 0123     		movs	r3, #1
 1245 0012 80F82030 		strb	r3, [r0, #32]
 852:Drivers/STM32H7xx_HAL_Driver/Src/stm32h7xx_hal_rtc.c **** 
 1246              		.loc 1 852 3 discriminator 2 view .LVU420
 854:Drivers/STM32H7xx_HAL_Driver/Src/stm32h7xx_hal_rtc.c **** 
 1247              		.loc 1 854 3 discriminator 2 view .LVU421
 854:Drivers/STM32H7xx_HAL_Driver/Src/stm32h7xx_hal_rtc.c **** 
 1248              		.loc 1 854 15 is_stmt 0 discriminator 2 view .LVU422
 1249 0016 0223     		movs	r3, #2
 1250 0018 80F82130 		strb	r3, [r0, #33]
 857:Drivers/STM32H7xx_HAL_Driver/Src/stm32h7xx_hal_rtc.c ****  /* Enter Initialization mode */
 1251              		.loc 1 857 3 is_stmt 1 discriminator 2 view .LVU423
 857:Drivers/STM32H7xx_HAL_Driver/Src/stm32h7xx_hal_rtc.c ****  /* Enter Initialization mode */
 1252              		.loc 1 857 3 discriminator 2 view .LVU424
 1253 001c 0368     		ldr	r3, [r0]
 1254 001e CA22     		movs	r2, #202
 1255              	.LVL84:
 857:Drivers/STM32H7xx_HAL_Driver/Src/stm32h7xx_hal_rtc.c ****  /* Enter Initialization mode */
 1256              		.loc 1 857 3 is_stmt 0 discriminator 2 view .LVU425
 1257 0020 5A62     		str	r2, [r3, #36]
 857:Drivers/STM32H7xx_HAL_Driver/Src/stm32h7xx_hal_rtc.c ****  /* Enter Initialization mode */
 1258              		.loc 1 857 3 is_stmt 1 discriminator 2 view .LVU426
 1259 0022 0368     		ldr	r3, [r0]
 1260 0024 5322     		movs	r2, #83
 1261 0026 5A62     		str	r2, [r3, #36]
ARM GAS  C:\Users\admin\AppData\Local\Temp\ccgKPo3u.s 			page 63


 857:Drivers/STM32H7xx_HAL_Driver/Src/stm32h7xx_hal_rtc.c ****  /* Enter Initialization mode */
 1262              		.loc 1 857 3 discriminator 2 view .LVU427
 859:Drivers/STM32H7xx_HAL_Driver/Src/stm32h7xx_hal_rtc.c ****   if (status == HAL_OK)
 1263              		.loc 1 859 3 discriminator 2 view .LVU428
 859:Drivers/STM32H7xx_HAL_Driver/Src/stm32h7xx_hal_rtc.c ****   if (status == HAL_OK)
 1264              		.loc 1 859 12 is_stmt 0 discriminator 2 view .LVU429
 1265 0028 FFF7FEFF 		bl	RTC_EnterInitMode
 1266              	.LVL85:
 860:Drivers/STM32H7xx_HAL_Driver/Src/stm32h7xx_hal_rtc.c ****   {
 1267              		.loc 1 860 3 is_stmt 1 discriminator 2 view .LVU430
 860:Drivers/STM32H7xx_HAL_Driver/Src/stm32h7xx_hal_rtc.c ****   {
 1268              		.loc 1 860 6 is_stmt 0 discriminator 2 view .LVU431
 1269 002c 58BB     		cbnz	r0, .L89
 862:Drivers/STM32H7xx_HAL_Driver/Src/stm32h7xx_hal_rtc.c ****     {
 1270              		.loc 1 862 5 is_stmt 1 view .LVU432
 862:Drivers/STM32H7xx_HAL_Driver/Src/stm32h7xx_hal_rtc.c ****     {
 1271              		.loc 1 862 7 is_stmt 0 view .LVU433
 1272 002e 002E     		cmp	r6, #0
 1273 0030 34D1     		bne	.L90
 864:Drivers/STM32H7xx_HAL_Driver/Src/stm32h7xx_hal_rtc.c ****       {
 1274              		.loc 1 864 7 is_stmt 1 view .LVU434
 864:Drivers/STM32H7xx_HAL_Driver/Src/stm32h7xx_hal_rtc.c ****       {
 1275              		.loc 1 864 15 is_stmt 0 view .LVU435
 1276 0032 2368     		ldr	r3, [r4]
 864:Drivers/STM32H7xx_HAL_Driver/Src/stm32h7xx_hal_rtc.c ****       {
 1277              		.loc 1 864 25 view .LVU436
 1278 0034 9B68     		ldr	r3, [r3, #8]
 864:Drivers/STM32H7xx_HAL_Driver/Src/stm32h7xx_hal_rtc.c ****       {
 1279              		.loc 1 864 9 view .LVU437
 1280 0036 13F0400F 		tst	r3, #64
 1281 003a 01D1     		bne	.L91
 871:Drivers/STM32H7xx_HAL_Driver/Src/stm32h7xx_hal_rtc.c ****         assert_param(IS_RTC_HOUR24(sTime->Hours));
 1282              		.loc 1 871 9 is_stmt 1 view .LVU438
 871:Drivers/STM32H7xx_HAL_Driver/Src/stm32h7xx_hal_rtc.c ****         assert_param(IS_RTC_HOUR24(sTime->Hours));
 1283              		.loc 1 871 27 is_stmt 0 view .LVU439
 1284 003c 0023     		movs	r3, #0
 1285 003e EB70     		strb	r3, [r5, #3]
 1286              	.L91:
 872:Drivers/STM32H7xx_HAL_Driver/Src/stm32h7xx_hal_rtc.c ****       }
 1287              		.loc 1 872 9 is_stmt 1 view .LVU440
 874:Drivers/STM32H7xx_HAL_Driver/Src/stm32h7xx_hal_rtc.c ****       assert_param(IS_RTC_SECONDS(sTime->Seconds));
 1288              		.loc 1 874 7 view .LVU441
 875:Drivers/STM32H7xx_HAL_Driver/Src/stm32h7xx_hal_rtc.c **** 
 1289              		.loc 1 875 7 view .LVU442
 877:Drivers/STM32H7xx_HAL_Driver/Src/stm32h7xx_hal_rtc.c ****                           ((uint32_t)RTC_ByteToBcd2(sTime->Minutes) << RTC_TR_MNU_Pos) | \
 1290              		.loc 1 877 7 view .LVU443
 877:Drivers/STM32H7xx_HAL_Driver/Src/stm32h7xx_hal_rtc.c ****                           ((uint32_t)RTC_ByteToBcd2(sTime->Minutes) << RTC_TR_MNU_Pos) | \
 1291              		.loc 1 877 38 is_stmt 0 view .LVU444
 1292 0040 2878     		ldrb	r0, [r5]	@ zero_extendqisi2
 1293              	.LVL86:
 877:Drivers/STM32H7xx_HAL_Driver/Src/stm32h7xx_hal_rtc.c ****                           ((uint32_t)RTC_ByteToBcd2(sTime->Minutes) << RTC_TR_MNU_Pos) | \
 1294              		.loc 1 877 38 view .LVU445
 1295 0042 FFF7FEFF 		bl	RTC_ByteToBcd2
 1296              	.LVL87:
 877:Drivers/STM32H7xx_HAL_Driver/Src/stm32h7xx_hal_rtc.c ****                           ((uint32_t)RTC_ByteToBcd2(sTime->Minutes) << RTC_TR_MNU_Pos) | \
 1297              		.loc 1 877 69 view .LVU446
 1298 0046 0604     		lsls	r6, r0, #16
ARM GAS  C:\Users\admin\AppData\Local\Temp\ccgKPo3u.s 			page 64


 1299              	.LVL88:
 878:Drivers/STM32H7xx_HAL_Driver/Src/stm32h7xx_hal_rtc.c ****                           ((uint32_t)RTC_ByteToBcd2(sTime->Seconds) << RTC_TR_SU_Pos)  | \
 1300              		.loc 1 878 38 view .LVU447
 1301 0048 6878     		ldrb	r0, [r5, #1]	@ zero_extendqisi2
 1302 004a FFF7FEFF 		bl	RTC_ByteToBcd2
 1303              	.LVL89:
 877:Drivers/STM32H7xx_HAL_Driver/Src/stm32h7xx_hal_rtc.c ****                           ((uint32_t)RTC_ByteToBcd2(sTime->Minutes) << RTC_TR_MNU_Pos) | \
 1304              		.loc 1 877 88 view .LVU448
 1305 004e 46EA0026 		orr	r6, r6, r0, lsl #8
 879:Drivers/STM32H7xx_HAL_Driver/Src/stm32h7xx_hal_rtc.c ****                           (((uint32_t)sTime->TimeFormat) << RTC_TR_PM_Pos));
 1306              		.loc 1 879 38 view .LVU449
 1307 0052 A878     		ldrb	r0, [r5, #2]	@ zero_extendqisi2
 1308 0054 FFF7FEFF 		bl	RTC_ByteToBcd2
 1309              	.LVL90:
 878:Drivers/STM32H7xx_HAL_Driver/Src/stm32h7xx_hal_rtc.c ****                           ((uint32_t)RTC_ByteToBcd2(sTime->Seconds) << RTC_TR_SU_Pos)  | \
 1310              		.loc 1 878 88 view .LVU450
 1311 0058 3043     		orrs	r0, r0, r6
 880:Drivers/STM32H7xx_HAL_Driver/Src/stm32h7xx_hal_rtc.c ****     }
 1312              		.loc 1 880 44 view .LVU451
 1313 005a EB78     		ldrb	r3, [r5, #3]	@ zero_extendqisi2
 877:Drivers/STM32H7xx_HAL_Driver/Src/stm32h7xx_hal_rtc.c ****                           ((uint32_t)RTC_ByteToBcd2(sTime->Minutes) << RTC_TR_MNU_Pos) | \
 1314              		.loc 1 877 14 view .LVU452
 1315 005c 40EA8350 		orr	r0, r0, r3, lsl #22
 1316              	.LVL91:
 1317              	.L92:
 903:Drivers/STM32H7xx_HAL_Driver/Src/stm32h7xx_hal_rtc.c **** 
 1318              		.loc 1 903 5 is_stmt 1 view .LVU453
 903:Drivers/STM32H7xx_HAL_Driver/Src/stm32h7xx_hal_rtc.c **** 
 1319              		.loc 1 903 9 is_stmt 0 view .LVU454
 1320 0060 2268     		ldr	r2, [r4]
 903:Drivers/STM32H7xx_HAL_Driver/Src/stm32h7xx_hal_rtc.c **** 
 1321              		.loc 1 903 26 view .LVU455
 1322 0062 184B     		ldr	r3, .L100
 1323 0064 0340     		ands	r3, r3, r0
 903:Drivers/STM32H7xx_HAL_Driver/Src/stm32h7xx_hal_rtc.c **** 
 1324              		.loc 1 903 24 view .LVU456
 1325 0066 1360     		str	r3, [r2]
 906:Drivers/STM32H7xx_HAL_Driver/Src/stm32h7xx_hal_rtc.c **** 
 1326              		.loc 1 906 5 is_stmt 1 view .LVU457
 906:Drivers/STM32H7xx_HAL_Driver/Src/stm32h7xx_hal_rtc.c **** 
 1327              		.loc 1 906 9 is_stmt 0 view .LVU458
 1328 0068 2268     		ldr	r2, [r4]
 906:Drivers/STM32H7xx_HAL_Driver/Src/stm32h7xx_hal_rtc.c **** 
 1329              		.loc 1 906 24 view .LVU459
 1330 006a 9368     		ldr	r3, [r2, #8]
 1331 006c 23F48023 		bic	r3, r3, #262144
 1332 0070 9360     		str	r3, [r2, #8]
 909:Drivers/STM32H7xx_HAL_Driver/Src/stm32h7xx_hal_rtc.c **** 
 1333              		.loc 1 909 5 is_stmt 1 view .LVU460
 909:Drivers/STM32H7xx_HAL_Driver/Src/stm32h7xx_hal_rtc.c **** 
 1334              		.loc 1 909 9 is_stmt 0 view .LVU461
 1335 0072 2168     		ldr	r1, [r4]
 909:Drivers/STM32H7xx_HAL_Driver/Src/stm32h7xx_hal_rtc.c **** 
 1336              		.loc 1 909 24 view .LVU462
 1337 0074 8B68     		ldr	r3, [r1, #8]
 909:Drivers/STM32H7xx_HAL_Driver/Src/stm32h7xx_hal_rtc.c **** 
 1338              		.loc 1 909 43 view .LVU463
ARM GAS  C:\Users\admin\AppData\Local\Temp\ccgKPo3u.s 			page 65


 1339 0076 EA68     		ldr	r2, [r5, #12]
 909:Drivers/STM32H7xx_HAL_Driver/Src/stm32h7xx_hal_rtc.c **** 
 1340              		.loc 1 909 67 view .LVU464
 1341 0078 2869     		ldr	r0, [r5, #16]
 1342              	.LVL92:
 909:Drivers/STM32H7xx_HAL_Driver/Src/stm32h7xx_hal_rtc.c **** 
 1343              		.loc 1 909 60 view .LVU465
 1344 007a 0243     		orrs	r2, r2, r0
 909:Drivers/STM32H7xx_HAL_Driver/Src/stm32h7xx_hal_rtc.c **** 
 1345              		.loc 1 909 24 view .LVU466
 1346 007c 1343     		orrs	r3, r3, r2
 1347 007e 8B60     		str	r3, [r1, #8]
 912:Drivers/STM32H7xx_HAL_Driver/Src/stm32h7xx_hal_rtc.c ****   }
 1348              		.loc 1 912 5 is_stmt 1 view .LVU467
 912:Drivers/STM32H7xx_HAL_Driver/Src/stm32h7xx_hal_rtc.c ****   }
 1349              		.loc 1 912 14 is_stmt 0 view .LVU468
 1350 0080 2046     		mov	r0, r4
 1351 0082 FFF7FEFF 		bl	RTC_ExitInitMode
 1352              	.LVL93:
 1353              	.L89:
 916:Drivers/STM32H7xx_HAL_Driver/Src/stm32h7xx_hal_rtc.c **** 
 1354              		.loc 1 916 3 is_stmt 1 view .LVU469
 916:Drivers/STM32H7xx_HAL_Driver/Src/stm32h7xx_hal_rtc.c **** 
 1355              		.loc 1 916 3 view .LVU470
 1356 0086 2368     		ldr	r3, [r4]
 1357 0088 FF22     		movs	r2, #255
 1358 008a 5A62     		str	r2, [r3, #36]
 916:Drivers/STM32H7xx_HAL_Driver/Src/stm32h7xx_hal_rtc.c **** 
 1359              		.loc 1 916 3 view .LVU471
 918:Drivers/STM32H7xx_HAL_Driver/Src/stm32h7xx_hal_rtc.c ****   {
 1360              		.loc 1 918 3 view .LVU472
 918:Drivers/STM32H7xx_HAL_Driver/Src/stm32h7xx_hal_rtc.c ****   {
 1361              		.loc 1 918 6 is_stmt 0 view .LVU473
 1362 008c 10B9     		cbnz	r0, .L94
 920:Drivers/STM32H7xx_HAL_Driver/Src/stm32h7xx_hal_rtc.c ****   }
 1363              		.loc 1 920 5 is_stmt 1 view .LVU474
 920:Drivers/STM32H7xx_HAL_Driver/Src/stm32h7xx_hal_rtc.c ****   }
 1364              		.loc 1 920 17 is_stmt 0 view .LVU475
 1365 008e 0123     		movs	r3, #1
 1366 0090 84F82130 		strb	r3, [r4, #33]
 1367              	.L94:
 924:Drivers/STM32H7xx_HAL_Driver/Src/stm32h7xx_hal_rtc.c **** 
 1368              		.loc 1 924 3 is_stmt 1 view .LVU476
 924:Drivers/STM32H7xx_HAL_Driver/Src/stm32h7xx_hal_rtc.c **** 
 1369              		.loc 1 924 3 view .LVU477
 1370 0094 0023     		movs	r3, #0
 1371 0096 84F82030 		strb	r3, [r4, #32]
 924:Drivers/STM32H7xx_HAL_Driver/Src/stm32h7xx_hal_rtc.c **** 
 1372              		.loc 1 924 3 view .LVU478
 926:Drivers/STM32H7xx_HAL_Driver/Src/stm32h7xx_hal_rtc.c **** }
 1373              		.loc 1 926 3 view .LVU479
 927:Drivers/STM32H7xx_HAL_Driver/Src/stm32h7xx_hal_rtc.c **** 
 1374              		.loc 1 927 1 is_stmt 0 view .LVU480
 1375 009a 70BD     		pop	{r4, r5, r6, pc}
 1376              	.LVL94:
 1377              	.L90:
 884:Drivers/STM32H7xx_HAL_Driver/Src/stm32h7xx_hal_rtc.c ****       {
ARM GAS  C:\Users\admin\AppData\Local\Temp\ccgKPo3u.s 			page 66


 1378              		.loc 1 884 7 is_stmt 1 view .LVU481
 884:Drivers/STM32H7xx_HAL_Driver/Src/stm32h7xx_hal_rtc.c ****       {
 1379              		.loc 1 884 15 is_stmt 0 view .LVU482
 1380 009c 2368     		ldr	r3, [r4]
 884:Drivers/STM32H7xx_HAL_Driver/Src/stm32h7xx_hal_rtc.c ****       {
 1381              		.loc 1 884 25 view .LVU483
 1382 009e 9B68     		ldr	r3, [r3, #8]
 884:Drivers/STM32H7xx_HAL_Driver/Src/stm32h7xx_hal_rtc.c ****       {
 1383              		.loc 1 884 9 view .LVU484
 1384 00a0 13F0400F 		tst	r3, #64
 1385 00a4 01D1     		bne	.L93
 891:Drivers/STM32H7xx_HAL_Driver/Src/stm32h7xx_hal_rtc.c ****         assert_param(IS_RTC_HOUR24(RTC_Bcd2ToByte(sTime->Hours)));
 1386              		.loc 1 891 9 is_stmt 1 view .LVU485
 891:Drivers/STM32H7xx_HAL_Driver/Src/stm32h7xx_hal_rtc.c ****         assert_param(IS_RTC_HOUR24(RTC_Bcd2ToByte(sTime->Hours)));
 1387              		.loc 1 891 27 is_stmt 0 view .LVU486
 1388 00a6 0023     		movs	r3, #0
 1389 00a8 EB70     		strb	r3, [r5, #3]
 1390              	.L93:
 892:Drivers/STM32H7xx_HAL_Driver/Src/stm32h7xx_hal_rtc.c ****       }
 1391              		.loc 1 892 9 is_stmt 1 view .LVU487
 894:Drivers/STM32H7xx_HAL_Driver/Src/stm32h7xx_hal_rtc.c ****       assert_param(IS_RTC_SECONDS(RTC_Bcd2ToByte(sTime->Seconds)));
 1392              		.loc 1 894 7 view .LVU488
 895:Drivers/STM32H7xx_HAL_Driver/Src/stm32h7xx_hal_rtc.c ****       tmpreg = (((uint32_t)(sTime->Hours)   << RTC_TR_HU_Pos)  | \
 1393              		.loc 1 895 7 view .LVU489
 896:Drivers/STM32H7xx_HAL_Driver/Src/stm32h7xx_hal_rtc.c ****                 ((uint32_t)(sTime->Minutes) << RTC_TR_MNU_Pos) | \
 1394              		.loc 1 896 7 view .LVU490
 896:Drivers/STM32H7xx_HAL_Driver/Src/stm32h7xx_hal_rtc.c ****                 ((uint32_t)(sTime->Minutes) << RTC_TR_MNU_Pos) | \
 1395              		.loc 1 896 34 is_stmt 0 view .LVU491
 1396 00aa 2B78     		ldrb	r3, [r5]	@ zero_extendqisi2
 897:Drivers/STM32H7xx_HAL_Driver/Src/stm32h7xx_hal_rtc.c ****                 ((uint32_t)(sTime->Seconds) << RTC_TR_SU_Pos)  | \
 1397              		.loc 1 897 34 view .LVU492
 1398 00ac 6878     		ldrb	r0, [r5, #1]	@ zero_extendqisi2
 1399              	.LVL95:
 897:Drivers/STM32H7xx_HAL_Driver/Src/stm32h7xx_hal_rtc.c ****                 ((uint32_t)(sTime->Seconds) << RTC_TR_SU_Pos)  | \
 1400              		.loc 1 897 45 view .LVU493
 1401 00ae 0002     		lsls	r0, r0, #8
 896:Drivers/STM32H7xx_HAL_Driver/Src/stm32h7xx_hal_rtc.c ****                 ((uint32_t)(sTime->Minutes) << RTC_TR_MNU_Pos) | \
 1402              		.loc 1 896 64 view .LVU494
 1403 00b0 40EA0340 		orr	r0, r0, r3, lsl #16
 898:Drivers/STM32H7xx_HAL_Driver/Src/stm32h7xx_hal_rtc.c ****                 ((uint32_t)(sTime->TimeFormat) << RTC_TR_PM_Pos));
 1404              		.loc 1 898 34 view .LVU495
 1405 00b4 AB78     		ldrb	r3, [r5, #2]	@ zero_extendqisi2
 897:Drivers/STM32H7xx_HAL_Driver/Src/stm32h7xx_hal_rtc.c ****                 ((uint32_t)(sTime->Seconds) << RTC_TR_SU_Pos)  | \
 1406              		.loc 1 897 64 view .LVU496
 1407 00b6 1843     		orrs	r0, r0, r3
 899:Drivers/STM32H7xx_HAL_Driver/Src/stm32h7xx_hal_rtc.c ****     }
 1408              		.loc 1 899 34 view .LVU497
 1409 00b8 EB78     		ldrb	r3, [r5, #3]	@ zero_extendqisi2
 896:Drivers/STM32H7xx_HAL_Driver/Src/stm32h7xx_hal_rtc.c ****                 ((uint32_t)(sTime->Minutes) << RTC_TR_MNU_Pos) | \
 1410              		.loc 1 896 14 view .LVU498
 1411 00ba 40EA8350 		orr	r0, r0, r3, lsl #22
 1412              	.LVL96:
 896:Drivers/STM32H7xx_HAL_Driver/Src/stm32h7xx_hal_rtc.c ****                 ((uint32_t)(sTime->Minutes) << RTC_TR_MNU_Pos) | \
 1413              		.loc 1 896 14 view .LVU499
 1414 00be CFE7     		b	.L92
 1415              	.LVL97:
 1416              	.L95:
ARM GAS  C:\Users\admin\AppData\Local\Temp\ccgKPo3u.s 			page 67


 1417              	.LCFI10:
 1418              		.cfi_def_cfa_offset 0
 1419              		.cfi_restore 4
 1420              		.cfi_restore 5
 1421              		.cfi_restore 6
 1422              		.cfi_restore 14
 852:Drivers/STM32H7xx_HAL_Driver/Src/stm32h7xx_hal_rtc.c **** 
 1423              		.loc 1 852 3 view .LVU500
 1424 00c0 0220     		movs	r0, #2
 1425              	.LVL98:
 927:Drivers/STM32H7xx_HAL_Driver/Src/stm32h7xx_hal_rtc.c **** 
 1426              		.loc 1 927 1 view .LVU501
 1427 00c2 7047     		bx	lr
 1428              	.L101:
 1429              		.align	2
 1430              	.L100:
 1431 00c4 7F7F7F00 		.word	8355711
 1432              		.cfi_endproc
 1433              	.LFE148:
 1435              		.section	.text.HAL_RTC_SetDate,"ax",%progbits
 1436              		.align	1
 1437              		.global	HAL_RTC_SetDate
 1438              		.syntax unified
 1439              		.thumb
 1440              		.thumb_func
 1442              	HAL_RTC_SetDate:
 1443              	.LVL99:
 1444              	.LFB150:
 995:Drivers/STM32H7xx_HAL_Driver/Src/stm32h7xx_hal_rtc.c ****   uint32_t datetmpreg;
 1445              		.loc 1 995 1 is_stmt 1 view -0
 1446              		.cfi_startproc
 1447              		@ args = 0, pretend = 0, frame = 0
 1448              		@ frame_needed = 0, uses_anonymous_args = 0
 996:Drivers/STM32H7xx_HAL_Driver/Src/stm32h7xx_hal_rtc.c ****   HAL_StatusTypeDef status;
 1449              		.loc 1 996 3 view .LVU503
 997:Drivers/STM32H7xx_HAL_Driver/Src/stm32h7xx_hal_rtc.c **** 
 1450              		.loc 1 997 3 view .LVU504
1000:Drivers/STM32H7xx_HAL_Driver/Src/stm32h7xx_hal_rtc.c **** 
 1451              		.loc 1 1000 3 view .LVU505
1003:Drivers/STM32H7xx_HAL_Driver/Src/stm32h7xx_hal_rtc.c **** 
 1452              		.loc 1 1003 3 view .LVU506
1003:Drivers/STM32H7xx_HAL_Driver/Src/stm32h7xx_hal_rtc.c **** 
 1453              		.loc 1 1003 3 view .LVU507
 1454 0000 90F82030 		ldrb	r3, [r0, #32]	@ zero_extendqisi2
 1455 0004 012B     		cmp	r3, #1
 1456 0006 4AD0     		beq	.L109
 995:Drivers/STM32H7xx_HAL_Driver/Src/stm32h7xx_hal_rtc.c ****   uint32_t datetmpreg;
 1457              		.loc 1 995 1 is_stmt 0 discriminator 2 view .LVU508
 1458 0008 70B5     		push	{r4, r5, r6, lr}
 1459              	.LCFI11:
 1460              		.cfi_def_cfa_offset 16
 1461              		.cfi_offset 4, -16
 1462              		.cfi_offset 5, -12
 1463              		.cfi_offset 6, -8
 1464              		.cfi_offset 14, -4
 1465 000a 0446     		mov	r4, r0
 1466 000c 0E46     		mov	r6, r1
ARM GAS  C:\Users\admin\AppData\Local\Temp\ccgKPo3u.s 			page 68


1003:Drivers/STM32H7xx_HAL_Driver/Src/stm32h7xx_hal_rtc.c **** 
 1467              		.loc 1 1003 3 is_stmt 1 discriminator 2 view .LVU509
 1468 000e 0123     		movs	r3, #1
 1469 0010 80F82030 		strb	r3, [r0, #32]
1003:Drivers/STM32H7xx_HAL_Driver/Src/stm32h7xx_hal_rtc.c **** 
 1470              		.loc 1 1003 3 discriminator 2 view .LVU510
1005:Drivers/STM32H7xx_HAL_Driver/Src/stm32h7xx_hal_rtc.c **** 
 1471              		.loc 1 1005 3 discriminator 2 view .LVU511
1005:Drivers/STM32H7xx_HAL_Driver/Src/stm32h7xx_hal_rtc.c **** 
 1472              		.loc 1 1005 15 is_stmt 0 discriminator 2 view .LVU512
 1473 0014 0223     		movs	r3, #2
 1474 0016 80F82130 		strb	r3, [r0, #33]
1007:Drivers/STM32H7xx_HAL_Driver/Src/stm32h7xx_hal_rtc.c ****   {
 1475              		.loc 1 1007 3 is_stmt 1 discriminator 2 view .LVU513
1007:Drivers/STM32H7xx_HAL_Driver/Src/stm32h7xx_hal_rtc.c ****   {
 1476              		.loc 1 1007 5 is_stmt 0 discriminator 2 view .LVU514
 1477 001a 3AB9     		cbnz	r2, .L104
1007:Drivers/STM32H7xx_HAL_Driver/Src/stm32h7xx_hal_rtc.c ****   {
 1478              		.loc 1 1007 43 discriminator 1 view .LVU515
 1479 001c 4B78     		ldrb	r3, [r1, #1]	@ zero_extendqisi2
1007:Drivers/STM32H7xx_HAL_Driver/Src/stm32h7xx_hal_rtc.c ****   {
 1480              		.loc 1 1007 33 discriminator 1 view .LVU516
 1481 001e 13F0100F 		tst	r3, #16
 1482 0022 03D0     		beq	.L104
1009:Drivers/STM32H7xx_HAL_Driver/Src/stm32h7xx_hal_rtc.c ****   }
 1483              		.loc 1 1009 5 is_stmt 1 view .LVU517
1009:Drivers/STM32H7xx_HAL_Driver/Src/stm32h7xx_hal_rtc.c ****   }
 1484              		.loc 1 1009 44 is_stmt 0 view .LVU518
 1485 0024 03F0EF03 		and	r3, r3, #239
1009:Drivers/STM32H7xx_HAL_Driver/Src/stm32h7xx_hal_rtc.c ****   }
 1486              		.loc 1 1009 20 view .LVU519
 1487 0028 0A33     		adds	r3, r3, #10
1009:Drivers/STM32H7xx_HAL_Driver/Src/stm32h7xx_hal_rtc.c ****   }
 1488              		.loc 1 1009 18 view .LVU520
 1489 002a 4B70     		strb	r3, [r1, #1]
 1490              	.L104:
1012:Drivers/STM32H7xx_HAL_Driver/Src/stm32h7xx_hal_rtc.c **** 
 1491              		.loc 1 1012 3 is_stmt 1 view .LVU521
1014:Drivers/STM32H7xx_HAL_Driver/Src/stm32h7xx_hal_rtc.c ****   {
 1492              		.loc 1 1014 3 view .LVU522
1014:Drivers/STM32H7xx_HAL_Driver/Src/stm32h7xx_hal_rtc.c ****   {
 1493              		.loc 1 1014 5 is_stmt 0 view .LVU523
 1494 002c 22BB     		cbnz	r2, .L105
1016:Drivers/STM32H7xx_HAL_Driver/Src/stm32h7xx_hal_rtc.c ****     assert_param(IS_RTC_MONTH(sDate->Month));
 1495              		.loc 1 1016 5 is_stmt 1 view .LVU524
1017:Drivers/STM32H7xx_HAL_Driver/Src/stm32h7xx_hal_rtc.c ****     assert_param(IS_RTC_DATE(sDate->Date));
 1496              		.loc 1 1017 5 view .LVU525
1018:Drivers/STM32H7xx_HAL_Driver/Src/stm32h7xx_hal_rtc.c **** 
 1497              		.loc 1 1018 5 view .LVU526
1020:Drivers/STM32H7xx_HAL_Driver/Src/stm32h7xx_hal_rtc.c ****                   ((uint32_t)RTC_ByteToBcd2(sDate->Month) << RTC_DR_MU_Pos) | \
 1498              		.loc 1 1020 5 view .LVU527
1020:Drivers/STM32H7xx_HAL_Driver/Src/stm32h7xx_hal_rtc.c ****                   ((uint32_t)RTC_ByteToBcd2(sDate->Month) << RTC_DR_MU_Pos) | \
 1499              		.loc 1 1020 30 is_stmt 0 view .LVU528
 1500 002e F078     		ldrb	r0, [r6, #3]	@ zero_extendqisi2
 1501              	.LVL100:
1020:Drivers/STM32H7xx_HAL_Driver/Src/stm32h7xx_hal_rtc.c ****                   ((uint32_t)RTC_ByteToBcd2(sDate->Month) << RTC_DR_MU_Pos) | \
 1502              		.loc 1 1020 30 view .LVU529
ARM GAS  C:\Users\admin\AppData\Local\Temp\ccgKPo3u.s 			page 69


 1503 0030 FFF7FEFF 		bl	RTC_ByteToBcd2
 1504              	.LVL101:
1020:Drivers/STM32H7xx_HAL_Driver/Src/stm32h7xx_hal_rtc.c ****                   ((uint32_t)RTC_ByteToBcd2(sDate->Month) << RTC_DR_MU_Pos) | \
 1505              		.loc 1 1020 59 view .LVU530
 1506 0034 0504     		lsls	r5, r0, #16
1021:Drivers/STM32H7xx_HAL_Driver/Src/stm32h7xx_hal_rtc.c ****                   ((uint32_t)RTC_ByteToBcd2(sDate->Date)  << RTC_DR_DU_Pos) | \
 1507              		.loc 1 1021 30 view .LVU531
 1508 0036 7078     		ldrb	r0, [r6, #1]	@ zero_extendqisi2
 1509 0038 FFF7FEFF 		bl	RTC_ByteToBcd2
 1510              	.LVL102:
1020:Drivers/STM32H7xx_HAL_Driver/Src/stm32h7xx_hal_rtc.c ****                   ((uint32_t)RTC_ByteToBcd2(sDate->Month) << RTC_DR_MU_Pos) | \
 1511              		.loc 1 1020 77 view .LVU532
 1512 003c 45EA0025 		orr	r5, r5, r0, lsl #8
1022:Drivers/STM32H7xx_HAL_Driver/Src/stm32h7xx_hal_rtc.c ****                   ((uint32_t)sDate->WeekDay               << RTC_DR_WDU_Pos));
 1513              		.loc 1 1022 30 view .LVU533
 1514 0040 B078     		ldrb	r0, [r6, #2]	@ zero_extendqisi2
 1515 0042 FFF7FEFF 		bl	RTC_ByteToBcd2
 1516              	.LVL103:
1021:Drivers/STM32H7xx_HAL_Driver/Src/stm32h7xx_hal_rtc.c ****                   ((uint32_t)RTC_ByteToBcd2(sDate->Date)  << RTC_DR_DU_Pos) | \
 1517              		.loc 1 1021 77 view .LVU534
 1518 0046 0543     		orrs	r5, r5, r0
1023:Drivers/STM32H7xx_HAL_Driver/Src/stm32h7xx_hal_rtc.c ****   }
 1519              		.loc 1 1023 35 view .LVU535
 1520 0048 3078     		ldrb	r0, [r6]	@ zero_extendqisi2
1020:Drivers/STM32H7xx_HAL_Driver/Src/stm32h7xx_hal_rtc.c ****                   ((uint32_t)RTC_ByteToBcd2(sDate->Month) << RTC_DR_MU_Pos) | \
 1521              		.loc 1 1020 16 view .LVU536
 1522 004a 45EA4035 		orr	r5, r5, r0, lsl #13
 1523              	.LVL104:
 1524              	.L106:
1038:Drivers/STM32H7xx_HAL_Driver/Src/stm32h7xx_hal_rtc.c **** 
 1525              		.loc 1 1038 3 is_stmt 1 view .LVU537
1038:Drivers/STM32H7xx_HAL_Driver/Src/stm32h7xx_hal_rtc.c **** 
 1526              		.loc 1 1038 3 view .LVU538
 1527 004e 2368     		ldr	r3, [r4]
 1528 0050 CA22     		movs	r2, #202
 1529 0052 5A62     		str	r2, [r3, #36]
1038:Drivers/STM32H7xx_HAL_Driver/Src/stm32h7xx_hal_rtc.c **** 
 1530              		.loc 1 1038 3 view .LVU539
 1531 0054 2368     		ldr	r3, [r4]
 1532 0056 5322     		movs	r2, #83
 1533 0058 5A62     		str	r2, [r3, #36]
1038:Drivers/STM32H7xx_HAL_Driver/Src/stm32h7xx_hal_rtc.c **** 
 1534              		.loc 1 1038 3 view .LVU540
1042:Drivers/STM32H7xx_HAL_Driver/Src/stm32h7xx_hal_rtc.c ****   if (status == HAL_OK)
 1535              		.loc 1 1042 3 view .LVU541
1042:Drivers/STM32H7xx_HAL_Driver/Src/stm32h7xx_hal_rtc.c ****   if (status == HAL_OK)
 1536              		.loc 1 1042 12 is_stmt 0 view .LVU542
 1537 005a 2046     		mov	r0, r4
 1538 005c FFF7FEFF 		bl	RTC_EnterInitMode
 1539              	.LVL105:
1043:Drivers/STM32H7xx_HAL_Driver/Src/stm32h7xx_hal_rtc.c ****   {
 1540              		.loc 1 1043 3 is_stmt 1 view .LVU543
1043:Drivers/STM32H7xx_HAL_Driver/Src/stm32h7xx_hal_rtc.c ****   {
 1541              		.loc 1 1043 6 is_stmt 0 view .LVU544
 1542 0060 A8B1     		cbz	r0, .L114
 1543              	.L107:
1054:Drivers/STM32H7xx_HAL_Driver/Src/stm32h7xx_hal_rtc.c **** 
ARM GAS  C:\Users\admin\AppData\Local\Temp\ccgKPo3u.s 			page 70


 1544              		.loc 1 1054 3 is_stmt 1 view .LVU545
1054:Drivers/STM32H7xx_HAL_Driver/Src/stm32h7xx_hal_rtc.c **** 
 1545              		.loc 1 1054 3 view .LVU546
 1546 0062 2368     		ldr	r3, [r4]
 1547 0064 FF22     		movs	r2, #255
 1548 0066 5A62     		str	r2, [r3, #36]
1054:Drivers/STM32H7xx_HAL_Driver/Src/stm32h7xx_hal_rtc.c **** 
 1549              		.loc 1 1054 3 view .LVU547
1056:Drivers/STM32H7xx_HAL_Driver/Src/stm32h7xx_hal_rtc.c ****   {
 1550              		.loc 1 1056 3 view .LVU548
1056:Drivers/STM32H7xx_HAL_Driver/Src/stm32h7xx_hal_rtc.c ****   {
 1551              		.loc 1 1056 6 is_stmt 0 view .LVU549
 1552 0068 10B9     		cbnz	r0, .L108
1058:Drivers/STM32H7xx_HAL_Driver/Src/stm32h7xx_hal_rtc.c ****   }
 1553              		.loc 1 1058 5 is_stmt 1 view .LVU550
1058:Drivers/STM32H7xx_HAL_Driver/Src/stm32h7xx_hal_rtc.c ****   }
 1554              		.loc 1 1058 17 is_stmt 0 view .LVU551
 1555 006a 0123     		movs	r3, #1
 1556 006c 84F82130 		strb	r3, [r4, #33]
 1557              	.L108:
1062:Drivers/STM32H7xx_HAL_Driver/Src/stm32h7xx_hal_rtc.c **** 
 1558              		.loc 1 1062 3 is_stmt 1 view .LVU552
1062:Drivers/STM32H7xx_HAL_Driver/Src/stm32h7xx_hal_rtc.c **** 
 1559              		.loc 1 1062 3 view .LVU553
 1560 0070 0023     		movs	r3, #0
 1561 0072 84F82030 		strb	r3, [r4, #32]
1062:Drivers/STM32H7xx_HAL_Driver/Src/stm32h7xx_hal_rtc.c **** 
 1562              		.loc 1 1062 3 view .LVU554
1064:Drivers/STM32H7xx_HAL_Driver/Src/stm32h7xx_hal_rtc.c **** 
 1563              		.loc 1 1064 3 view .LVU555
1067:Drivers/STM32H7xx_HAL_Driver/Src/stm32h7xx_hal_rtc.c **** 
 1564              		.loc 1 1067 1 is_stmt 0 view .LVU556
 1565 0076 70BD     		pop	{r4, r5, r6, pc}
 1566              	.LVL106:
 1567              	.L105:
1027:Drivers/STM32H7xx_HAL_Driver/Src/stm32h7xx_hal_rtc.c ****     assert_param(IS_RTC_MONTH(RTC_Bcd2ToByte(sDate->Month)));
 1568              		.loc 1 1027 5 is_stmt 1 view .LVU557
1028:Drivers/STM32H7xx_HAL_Driver/Src/stm32h7xx_hal_rtc.c ****     assert_param(IS_RTC_DATE(RTC_Bcd2ToByte(sDate->Date)));
 1569              		.loc 1 1028 5 view .LVU558
1029:Drivers/STM32H7xx_HAL_Driver/Src/stm32h7xx_hal_rtc.c **** 
 1570              		.loc 1 1029 5 view .LVU559
1031:Drivers/STM32H7xx_HAL_Driver/Src/stm32h7xx_hal_rtc.c ****                   (((uint32_t)sDate->Month)   << RTC_DR_MU_Pos) | \
 1571              		.loc 1 1031 5 view .LVU560
1031:Drivers/STM32H7xx_HAL_Driver/Src/stm32h7xx_hal_rtc.c ****                   (((uint32_t)sDate->Month)   << RTC_DR_MU_Pos) | \
 1572              		.loc 1 1031 36 is_stmt 0 view .LVU561
 1573 0078 F378     		ldrb	r3, [r6, #3]	@ zero_extendqisi2
1032:Drivers/STM32H7xx_HAL_Driver/Src/stm32h7xx_hal_rtc.c ****                   (((uint32_t)sDate->Date)    << RTC_DR_DU_Pos) | \
 1574              		.loc 1 1032 36 view .LVU562
 1575 007a 7578     		ldrb	r5, [r6, #1]	@ zero_extendqisi2
1032:Drivers/STM32H7xx_HAL_Driver/Src/stm32h7xx_hal_rtc.c ****                   (((uint32_t)sDate->Date)    << RTC_DR_DU_Pos) | \
 1576              		.loc 1 1032 47 view .LVU563
 1577 007c 2D02     		lsls	r5, r5, #8
1031:Drivers/STM32H7xx_HAL_Driver/Src/stm32h7xx_hal_rtc.c ****                   (((uint32_t)sDate->Month)   << RTC_DR_MU_Pos) | \
 1578              		.loc 1 1031 65 view .LVU564
 1579 007e 45EA0345 		orr	r5, r5, r3, lsl #16
1033:Drivers/STM32H7xx_HAL_Driver/Src/stm32h7xx_hal_rtc.c ****                   (((uint32_t)sDate->WeekDay) << RTC_DR_WDU_Pos));
 1580              		.loc 1 1033 36 view .LVU565
ARM GAS  C:\Users\admin\AppData\Local\Temp\ccgKPo3u.s 			page 71


 1581 0082 B078     		ldrb	r0, [r6, #2]	@ zero_extendqisi2
 1582              	.LVL107:
1032:Drivers/STM32H7xx_HAL_Driver/Src/stm32h7xx_hal_rtc.c ****                   (((uint32_t)sDate->Date)    << RTC_DR_DU_Pos) | \
 1583              		.loc 1 1032 65 view .LVU566
 1584 0084 0543     		orrs	r5, r5, r0
1034:Drivers/STM32H7xx_HAL_Driver/Src/stm32h7xx_hal_rtc.c ****   }
 1585              		.loc 1 1034 36 view .LVU567
 1586 0086 3078     		ldrb	r0, [r6]	@ zero_extendqisi2
1031:Drivers/STM32H7xx_HAL_Driver/Src/stm32h7xx_hal_rtc.c ****                   (((uint32_t)sDate->Month)   << RTC_DR_MU_Pos) | \
 1587              		.loc 1 1031 16 view .LVU568
 1588 0088 45EA4035 		orr	r5, r5, r0, lsl #13
 1589              	.LVL108:
1031:Drivers/STM32H7xx_HAL_Driver/Src/stm32h7xx_hal_rtc.c ****                   (((uint32_t)sDate->Month)   << RTC_DR_MU_Pos) | \
 1590              		.loc 1 1031 16 view .LVU569
 1591 008c DFE7     		b	.L106
 1592              	.LVL109:
 1593              	.L114:
1046:Drivers/STM32H7xx_HAL_Driver/Src/stm32h7xx_hal_rtc.c **** 
 1594              		.loc 1 1046 5 is_stmt 1 view .LVU570
1046:Drivers/STM32H7xx_HAL_Driver/Src/stm32h7xx_hal_rtc.c **** 
 1595              		.loc 1 1046 9 is_stmt 0 view .LVU571
 1596 008e 2268     		ldr	r2, [r4]
1046:Drivers/STM32H7xx_HAL_Driver/Src/stm32h7xx_hal_rtc.c **** 
 1597              		.loc 1 1046 26 view .LVU572
 1598 0090 044B     		ldr	r3, .L115
 1599 0092 2B40     		ands	r3, r3, r5
1046:Drivers/STM32H7xx_HAL_Driver/Src/stm32h7xx_hal_rtc.c **** 
 1600              		.loc 1 1046 24 view .LVU573
 1601 0094 5360     		str	r3, [r2, #4]
1050:Drivers/STM32H7xx_HAL_Driver/Src/stm32h7xx_hal_rtc.c ****   }
 1602              		.loc 1 1050 5 is_stmt 1 view .LVU574
1050:Drivers/STM32H7xx_HAL_Driver/Src/stm32h7xx_hal_rtc.c ****   }
 1603              		.loc 1 1050 14 is_stmt 0 view .LVU575
 1604 0096 2046     		mov	r0, r4
 1605              	.LVL110:
1050:Drivers/STM32H7xx_HAL_Driver/Src/stm32h7xx_hal_rtc.c ****   }
 1606              		.loc 1 1050 14 view .LVU576
 1607 0098 FFF7FEFF 		bl	RTC_ExitInitMode
 1608              	.LVL111:
1050:Drivers/STM32H7xx_HAL_Driver/Src/stm32h7xx_hal_rtc.c ****   }
 1609              		.loc 1 1050 14 view .LVU577
 1610 009c E1E7     		b	.L107
 1611              	.LVL112:
 1612              	.L109:
 1613              	.LCFI12:
 1614              		.cfi_def_cfa_offset 0
 1615              		.cfi_restore 4
 1616              		.cfi_restore 5
 1617              		.cfi_restore 6
 1618              		.cfi_restore 14
1003:Drivers/STM32H7xx_HAL_Driver/Src/stm32h7xx_hal_rtc.c **** 
 1619              		.loc 1 1003 3 view .LVU578
 1620 009e 0220     		movs	r0, #2
 1621              	.LVL113:
1067:Drivers/STM32H7xx_HAL_Driver/Src/stm32h7xx_hal_rtc.c **** 
 1622              		.loc 1 1067 1 view .LVU579
 1623 00a0 7047     		bx	lr
ARM GAS  C:\Users\admin\AppData\Local\Temp\ccgKPo3u.s 			page 72


 1624              	.L116:
 1625 00a2 00BF     		.align	2
 1626              	.L115:
 1627 00a4 3FFFFF00 		.word	16777023
 1628              		.cfi_endproc
 1629              	.LFE150:
 1631              		.section	.text.HAL_RTC_SetAlarm,"ax",%progbits
 1632              		.align	1
 1633              		.global	HAL_RTC_SetAlarm
 1634              		.syntax unified
 1635              		.thumb
 1636              		.thumb_func
 1638              	HAL_RTC_SetAlarm:
 1639              	.LVL114:
 1640              	.LFB152:
1137:Drivers/STM32H7xx_HAL_Driver/Src/stm32h7xx_hal_rtc.c ****   uint32_t tickstart;
 1641              		.loc 1 1137 1 is_stmt 1 view -0
 1642              		.cfi_startproc
 1643              		@ args = 0, pretend = 0, frame = 0
 1644              		@ frame_needed = 0, uses_anonymous_args = 0
1137:Drivers/STM32H7xx_HAL_Driver/Src/stm32h7xx_hal_rtc.c ****   uint32_t tickstart;
 1645              		.loc 1 1137 1 is_stmt 0 view .LVU581
 1646 0000 F8B5     		push	{r3, r4, r5, r6, r7, lr}
 1647              	.LCFI13:
 1648              		.cfi_def_cfa_offset 24
 1649              		.cfi_offset 3, -24
 1650              		.cfi_offset 4, -20
 1651              		.cfi_offset 5, -16
 1652              		.cfi_offset 6, -12
 1653              		.cfi_offset 7, -8
 1654              		.cfi_offset 14, -4
1138:Drivers/STM32H7xx_HAL_Driver/Src/stm32h7xx_hal_rtc.c ****   uint32_t tmpreg;
 1655              		.loc 1 1138 3 is_stmt 1 view .LVU582
1139:Drivers/STM32H7xx_HAL_Driver/Src/stm32h7xx_hal_rtc.c ****   uint32_t subsecondtmpreg;
 1656              		.loc 1 1139 3 view .LVU583
1140:Drivers/STM32H7xx_HAL_Driver/Src/stm32h7xx_hal_rtc.c **** 
 1657              		.loc 1 1140 3 view .LVU584
1143:Drivers/STM32H7xx_HAL_Driver/Src/stm32h7xx_hal_rtc.c ****   assert_param(IS_RTC_ALARM(sAlarm->Alarm));
 1658              		.loc 1 1143 3 view .LVU585
1144:Drivers/STM32H7xx_HAL_Driver/Src/stm32h7xx_hal_rtc.c ****   assert_param(IS_RTC_ALARM_MASK(sAlarm->AlarmMask));
 1659              		.loc 1 1144 3 view .LVU586
1145:Drivers/STM32H7xx_HAL_Driver/Src/stm32h7xx_hal_rtc.c ****   assert_param(IS_RTC_ALARM_DATE_WEEKDAY_SEL(sAlarm->AlarmDateWeekDaySel));
 1660              		.loc 1 1145 3 view .LVU587
1146:Drivers/STM32H7xx_HAL_Driver/Src/stm32h7xx_hal_rtc.c ****   assert_param(IS_RTC_ALARM_SUB_SECOND_VALUE(sAlarm->AlarmTime.SubSeconds));
 1661              		.loc 1 1146 3 view .LVU588
1147:Drivers/STM32H7xx_HAL_Driver/Src/stm32h7xx_hal_rtc.c ****   assert_param(IS_RTC_ALARM_SUB_SECOND_MASK(sAlarm->AlarmSubSecondMask));
 1662              		.loc 1 1147 3 view .LVU589
1148:Drivers/STM32H7xx_HAL_Driver/Src/stm32h7xx_hal_rtc.c **** 
 1663              		.loc 1 1148 3 view .LVU590
1151:Drivers/STM32H7xx_HAL_Driver/Src/stm32h7xx_hal_rtc.c **** 
 1664              		.loc 1 1151 3 view .LVU591
1151:Drivers/STM32H7xx_HAL_Driver/Src/stm32h7xx_hal_rtc.c **** 
 1665              		.loc 1 1151 3 view .LVU592
 1666 0002 90F82030 		ldrb	r3, [r0, #32]	@ zero_extendqisi2
 1667 0006 012B     		cmp	r3, #1
 1668 0008 00F0BD80 		beq	.L129
 1669 000c 0446     		mov	r4, r0
ARM GAS  C:\Users\admin\AppData\Local\Temp\ccgKPo3u.s 			page 73


 1670 000e 0D46     		mov	r5, r1
1151:Drivers/STM32H7xx_HAL_Driver/Src/stm32h7xx_hal_rtc.c **** 
 1671              		.loc 1 1151 3 discriminator 2 view .LVU593
 1672 0010 0123     		movs	r3, #1
 1673 0012 80F82030 		strb	r3, [r0, #32]
1151:Drivers/STM32H7xx_HAL_Driver/Src/stm32h7xx_hal_rtc.c **** 
 1674              		.loc 1 1151 3 discriminator 2 view .LVU594
1153:Drivers/STM32H7xx_HAL_Driver/Src/stm32h7xx_hal_rtc.c **** 
 1675              		.loc 1 1153 3 discriminator 2 view .LVU595
1153:Drivers/STM32H7xx_HAL_Driver/Src/stm32h7xx_hal_rtc.c **** 
 1676              		.loc 1 1153 15 is_stmt 0 discriminator 2 view .LVU596
 1677 0016 0223     		movs	r3, #2
 1678 0018 80F82130 		strb	r3, [r0, #33]
1155:Drivers/STM32H7xx_HAL_Driver/Src/stm32h7xx_hal_rtc.c ****   {
 1679              		.loc 1 1155 3 is_stmt 1 discriminator 2 view .LVU597
1155:Drivers/STM32H7xx_HAL_Driver/Src/stm32h7xx_hal_rtc.c ****   {
 1680              		.loc 1 1155 5 is_stmt 0 discriminator 2 view .LVU598
 1681 001c 002A     		cmp	r2, #0
 1682 001e 55D1     		bne	.L119
1157:Drivers/STM32H7xx_HAL_Driver/Src/stm32h7xx_hal_rtc.c ****     {
 1683              		.loc 1 1157 5 is_stmt 1 view .LVU599
1157:Drivers/STM32H7xx_HAL_Driver/Src/stm32h7xx_hal_rtc.c ****     {
 1684              		.loc 1 1157 13 is_stmt 0 view .LVU600
 1685 0020 0368     		ldr	r3, [r0]
1157:Drivers/STM32H7xx_HAL_Driver/Src/stm32h7xx_hal_rtc.c ****     {
 1686              		.loc 1 1157 23 view .LVU601
 1687 0022 9B68     		ldr	r3, [r3, #8]
1157:Drivers/STM32H7xx_HAL_Driver/Src/stm32h7xx_hal_rtc.c ****     {
 1688              		.loc 1 1157 7 view .LVU602
 1689 0024 13F0400F 		tst	r3, #64
 1690 0028 01D1     		bne	.L120
1164:Drivers/STM32H7xx_HAL_Driver/Src/stm32h7xx_hal_rtc.c ****       assert_param(IS_RTC_HOUR24(sAlarm->AlarmTime.Hours));
 1691              		.loc 1 1164 7 is_stmt 1 view .LVU603
1164:Drivers/STM32H7xx_HAL_Driver/Src/stm32h7xx_hal_rtc.c ****       assert_param(IS_RTC_HOUR24(sAlarm->AlarmTime.Hours));
 1692              		.loc 1 1164 36 is_stmt 0 view .LVU604
 1693 002a 0023     		movs	r3, #0
 1694 002c CB70     		strb	r3, [r1, #3]
 1695              	.L120:
1165:Drivers/STM32H7xx_HAL_Driver/Src/stm32h7xx_hal_rtc.c ****     }
 1696              		.loc 1 1165 7 is_stmt 1 view .LVU605
1167:Drivers/STM32H7xx_HAL_Driver/Src/stm32h7xx_hal_rtc.c ****     assert_param(IS_RTC_SECONDS(sAlarm->AlarmTime.Seconds));
 1697              		.loc 1 1167 5 view .LVU606
1168:Drivers/STM32H7xx_HAL_Driver/Src/stm32h7xx_hal_rtc.c **** 
 1698              		.loc 1 1168 5 view .LVU607
1170:Drivers/STM32H7xx_HAL_Driver/Src/stm32h7xx_hal_rtc.c ****     {
 1699              		.loc 1 1170 5 view .LVU608
1170:Drivers/STM32H7xx_HAL_Driver/Src/stm32h7xx_hal_rtc.c ****     {
 1700              		.loc 1 1170 14 is_stmt 0 view .LVU609
 1701 002e EE69     		ldr	r6, [r5, #28]
1176:Drivers/STM32H7xx_HAL_Driver/Src/stm32h7xx_hal_rtc.c ****     }
 1702              		.loc 1 1176 7 is_stmt 1 view .LVU610
1179:Drivers/STM32H7xx_HAL_Driver/Src/stm32h7xx_hal_rtc.c ****               ((uint32_t)RTC_ByteToBcd2(sAlarm->AlarmTime.Minutes) << RTC_ALRMAR_MNU_Pos) | \
 1703              		.loc 1 1179 5 view .LVU611
1179:Drivers/STM32H7xx_HAL_Driver/Src/stm32h7xx_hal_rtc.c ****               ((uint32_t)RTC_ByteToBcd2(sAlarm->AlarmTime.Minutes) << RTC_ALRMAR_MNU_Pos) | \
 1704              		.loc 1 1179 26 is_stmt 0 view .LVU612
 1705 0030 2878     		ldrb	r0, [r5]	@ zero_extendqisi2
 1706              	.LVL115:
ARM GAS  C:\Users\admin\AppData\Local\Temp\ccgKPo3u.s 			page 74


1179:Drivers/STM32H7xx_HAL_Driver/Src/stm32h7xx_hal_rtc.c ****               ((uint32_t)RTC_ByteToBcd2(sAlarm->AlarmTime.Minutes) << RTC_ALRMAR_MNU_Pos) | \
 1707              		.loc 1 1179 26 view .LVU613
 1708 0032 FFF7FEFF 		bl	RTC_ByteToBcd2
 1709              	.LVL116:
1179:Drivers/STM32H7xx_HAL_Driver/Src/stm32h7xx_hal_rtc.c ****               ((uint32_t)RTC_ByteToBcd2(sAlarm->AlarmTime.Minutes) << RTC_ALRMAR_MNU_Pos) | \
 1710              		.loc 1 1179 68 view .LVU614
 1711 0036 0704     		lsls	r7, r0, #16
1180:Drivers/STM32H7xx_HAL_Driver/Src/stm32h7xx_hal_rtc.c ****               ((uint32_t)RTC_ByteToBcd2(sAlarm->AlarmTime.Seconds) << RTC_ALRMAR_SU_Pos)  | \
 1712              		.loc 1 1180 26 view .LVU615
 1713 0038 6878     		ldrb	r0, [r5, #1]	@ zero_extendqisi2
 1714 003a FFF7FEFF 		bl	RTC_ByteToBcd2
 1715              	.LVL117:
1179:Drivers/STM32H7xx_HAL_Driver/Src/stm32h7xx_hal_rtc.c ****               ((uint32_t)RTC_ByteToBcd2(sAlarm->AlarmTime.Minutes) << RTC_ALRMAR_MNU_Pos) | \
 1716              		.loc 1 1179 91 view .LVU616
 1717 003e 47EA0027 		orr	r7, r7, r0, lsl #8
1181:Drivers/STM32H7xx_HAL_Driver/Src/stm32h7xx_hal_rtc.c ****               ((uint32_t)sAlarm->AlarmTime.TimeFormat              << RTC_ALRMAR_PM_Pos)  | \
 1718              		.loc 1 1181 26 view .LVU617
 1719 0042 A878     		ldrb	r0, [r5, #2]	@ zero_extendqisi2
 1720 0044 FFF7FEFF 		bl	RTC_ByteToBcd2
 1721              	.LVL118:
1180:Drivers/STM32H7xx_HAL_Driver/Src/stm32h7xx_hal_rtc.c ****               ((uint32_t)RTC_ByteToBcd2(sAlarm->AlarmTime.Seconds) << RTC_ALRMAR_SU_Pos)  | \
 1722              		.loc 1 1180 91 view .LVU618
 1723 0048 0743     		orrs	r7, r7, r0
1182:Drivers/STM32H7xx_HAL_Driver/Src/stm32h7xx_hal_rtc.c ****               ((uint32_t)RTC_ByteToBcd2(sAlarm->AlarmDateWeekDay)  << RTC_ALRMAR_DU_Pos)  | \
 1724              		.loc 1 1182 43 view .LVU619
 1725 004a E878     		ldrb	r0, [r5, #3]	@ zero_extendqisi2
1181:Drivers/STM32H7xx_HAL_Driver/Src/stm32h7xx_hal_rtc.c ****               ((uint32_t)sAlarm->AlarmTime.TimeFormat              << RTC_ALRMAR_PM_Pos)  | \
 1726              		.loc 1 1181 91 view .LVU620
 1727 004c 47EA8057 		orr	r7, r7, r0, lsl #22
1183:Drivers/STM32H7xx_HAL_Driver/Src/stm32h7xx_hal_rtc.c ****               ((uint32_t)sAlarm->AlarmDateWeekDaySel)                                     | \
 1728              		.loc 1 1183 26 view .LVU621
 1729 0050 95F82000 		ldrb	r0, [r5, #32]	@ zero_extendqisi2
 1730 0054 FFF7FEFF 		bl	RTC_ByteToBcd2
 1731              	.LVL119:
1182:Drivers/STM32H7xx_HAL_Driver/Src/stm32h7xx_hal_rtc.c ****               ((uint32_t)RTC_ByteToBcd2(sAlarm->AlarmDateWeekDay)  << RTC_ALRMAR_DU_Pos)  | \
 1732              		.loc 1 1182 91 view .LVU622
 1733 0058 47EA0067 		orr	r7, r7, r0, lsl #24
1183:Drivers/STM32H7xx_HAL_Driver/Src/stm32h7xx_hal_rtc.c ****               ((uint32_t)sAlarm->AlarmDateWeekDaySel)                                     | \
 1734              		.loc 1 1183 91 view .LVU623
 1735 005c 3E43     		orrs	r6, r6, r7
1185:Drivers/STM32H7xx_HAL_Driver/Src/stm32h7xx_hal_rtc.c ****   }
 1736              		.loc 1 1185 32 view .LVU624
 1737 005e 6B69     		ldr	r3, [r5, #20]
1179:Drivers/STM32H7xx_HAL_Driver/Src/stm32h7xx_hal_rtc.c ****               ((uint32_t)RTC_ByteToBcd2(sAlarm->AlarmTime.Minutes) << RTC_ALRMAR_MNU_Pos) | \
 1738              		.loc 1 1179 12 view .LVU625
 1739 0060 1E43     		orrs	r6, r6, r3
 1740              	.LVL120:
 1741              	.L121:
1222:Drivers/STM32H7xx_HAL_Driver/Src/stm32h7xx_hal_rtc.c **** 
 1742              		.loc 1 1222 3 is_stmt 1 view .LVU626
1222:Drivers/STM32H7xx_HAL_Driver/Src/stm32h7xx_hal_rtc.c **** 
 1743              		.loc 1 1222 60 is_stmt 0 view .LVU627
 1744 0062 6F68     		ldr	r7, [r5, #4]
1222:Drivers/STM32H7xx_HAL_Driver/Src/stm32h7xx_hal_rtc.c **** 
 1745              		.loc 1 1222 92 view .LVU628
 1746 0064 AB69     		ldr	r3, [r5, #24]
1222:Drivers/STM32H7xx_HAL_Driver/Src/stm32h7xx_hal_rtc.c **** 
ARM GAS  C:\Users\admin\AppData\Local\Temp\ccgKPo3u.s 			page 75


 1747              		.loc 1 1222 19 view .LVU629
 1748 0066 1F43     		orrs	r7, r7, r3
 1749              	.LVL121:
1225:Drivers/STM32H7xx_HAL_Driver/Src/stm32h7xx_hal_rtc.c **** 
 1750              		.loc 1 1225 3 is_stmt 1 view .LVU630
1225:Drivers/STM32H7xx_HAL_Driver/Src/stm32h7xx_hal_rtc.c **** 
 1751              		.loc 1 1225 3 view .LVU631
 1752 0068 2368     		ldr	r3, [r4]
 1753 006a CA22     		movs	r2, #202
 1754 006c 5A62     		str	r2, [r3, #36]
1225:Drivers/STM32H7xx_HAL_Driver/Src/stm32h7xx_hal_rtc.c **** 
 1755              		.loc 1 1225 3 view .LVU632
 1756 006e 2368     		ldr	r3, [r4]
 1757 0070 5322     		movs	r2, #83
 1758 0072 5A62     		str	r2, [r3, #36]
1225:Drivers/STM32H7xx_HAL_Driver/Src/stm32h7xx_hal_rtc.c **** 
 1759              		.loc 1 1225 3 view .LVU633
1228:Drivers/STM32H7xx_HAL_Driver/Src/stm32h7xx_hal_rtc.c ****   {
 1760              		.loc 1 1228 3 view .LVU634
1228:Drivers/STM32H7xx_HAL_Driver/Src/stm32h7xx_hal_rtc.c ****   {
 1761              		.loc 1 1228 12 is_stmt 0 view .LVU635
 1762 0074 6B6A     		ldr	r3, [r5, #36]
1228:Drivers/STM32H7xx_HAL_Driver/Src/stm32h7xx_hal_rtc.c ****   {
 1763              		.loc 1 1228 5 view .LVU636
 1764 0076 B3F5807F 		cmp	r3, #256
 1765 007a 41D0     		beq	.L131
1268:Drivers/STM32H7xx_HAL_Driver/Src/stm32h7xx_hal_rtc.c ****     /* Clear flag alarm B */
 1766              		.loc 1 1268 5 is_stmt 1 view .LVU637
 1767 007c 2268     		ldr	r2, [r4]
 1768 007e 9368     		ldr	r3, [r2, #8]
 1769 0080 23F40073 		bic	r3, r3, #512
 1770 0084 9360     		str	r3, [r2, #8]
1270:Drivers/STM32H7xx_HAL_Driver/Src/stm32h7xx_hal_rtc.c ****     /* In case of interrupt mode is used, the interrupt source must disabled */
 1771              		.loc 1 1270 5 view .LVU638
 1772 0086 2268     		ldr	r2, [r4]
 1773 0088 D368     		ldr	r3, [r2, #12]
 1774 008a DBB2     		uxtb	r3, r3
 1775 008c 63F42073 		orn	r3, r3, #640
 1776 0090 D360     		str	r3, [r2, #12]
1272:Drivers/STM32H7xx_HAL_Driver/Src/stm32h7xx_hal_rtc.c **** 
 1777              		.loc 1 1272 5 view .LVU639
 1778 0092 2268     		ldr	r2, [r4]
 1779 0094 9368     		ldr	r3, [r2, #8]
 1780 0096 23F40053 		bic	r3, r3, #8192
 1781 009a 9360     		str	r3, [r2, #8]
1274:Drivers/STM32H7xx_HAL_Driver/Src/stm32h7xx_hal_rtc.c ****     /* Wait till RTC ALRBWF flag is set and if timeout is reached exit */
 1782              		.loc 1 1274 5 view .LVU640
1274:Drivers/STM32H7xx_HAL_Driver/Src/stm32h7xx_hal_rtc.c ****     /* Wait till RTC ALRBWF flag is set and if timeout is reached exit */
 1783              		.loc 1 1274 17 is_stmt 0 view .LVU641
 1784 009c FFF7FEFF 		bl	HAL_GetTick
 1785              	.LVL122:
 1786 00a0 0546     		mov	r5, r0
 1787              	.LVL123:
1279:Drivers/STM32H7xx_HAL_Driver/Src/stm32h7xx_hal_rtc.c **** #endif /* TAMP */
 1788              		.loc 1 1279 5 is_stmt 1 view .LVU642
 1789              	.L127:
1279:Drivers/STM32H7xx_HAL_Driver/Src/stm32h7xx_hal_rtc.c **** #endif /* TAMP */
ARM GAS  C:\Users\admin\AppData\Local\Temp\ccgKPo3u.s 			page 76


 1790              		.loc 1 1279 11 view .LVU643
1279:Drivers/STM32H7xx_HAL_Driver/Src/stm32h7xx_hal_rtc.c **** #endif /* TAMP */
 1791              		.loc 1 1279 12 is_stmt 0 view .LVU644
 1792 00a2 2368     		ldr	r3, [r4]
 1793 00a4 DA68     		ldr	r2, [r3, #12]
1279:Drivers/STM32H7xx_HAL_Driver/Src/stm32h7xx_hal_rtc.c **** #endif /* TAMP */
 1794              		.loc 1 1279 11 view .LVU645
 1795 00a6 12F0020F 		tst	r2, #2
 1796 00aa 5AD1     		bne	.L132
1282:Drivers/STM32H7xx_HAL_Driver/Src/stm32h7xx_hal_rtc.c ****       {
 1797              		.loc 1 1282 7 is_stmt 1 view .LVU646
1282:Drivers/STM32H7xx_HAL_Driver/Src/stm32h7xx_hal_rtc.c ****       {
 1798              		.loc 1 1282 11 is_stmt 0 view .LVU647
 1799 00ac FFF7FEFF 		bl	HAL_GetTick
 1800              	.LVL124:
1282:Drivers/STM32H7xx_HAL_Driver/Src/stm32h7xx_hal_rtc.c ****       {
 1801              		.loc 1 1282 25 view .LVU648
 1802 00b0 401B     		subs	r0, r0, r5
1282:Drivers/STM32H7xx_HAL_Driver/Src/stm32h7xx_hal_rtc.c ****       {
 1803              		.loc 1 1282 9 view .LVU649
 1804 00b2 B0F57A7F 		cmp	r0, #1000
 1805 00b6 F4D9     		bls	.L127
1285:Drivers/STM32H7xx_HAL_Driver/Src/stm32h7xx_hal_rtc.c **** 
 1806              		.loc 1 1285 9 is_stmt 1 view .LVU650
1285:Drivers/STM32H7xx_HAL_Driver/Src/stm32h7xx_hal_rtc.c **** 
 1807              		.loc 1 1285 9 view .LVU651
 1808 00b8 2368     		ldr	r3, [r4]
 1809 00ba FF22     		movs	r2, #255
 1810 00bc 5A62     		str	r2, [r3, #36]
1285:Drivers/STM32H7xx_HAL_Driver/Src/stm32h7xx_hal_rtc.c **** 
 1811              		.loc 1 1285 9 view .LVU652
1287:Drivers/STM32H7xx_HAL_Driver/Src/stm32h7xx_hal_rtc.c **** 
 1812              		.loc 1 1287 9 view .LVU653
1287:Drivers/STM32H7xx_HAL_Driver/Src/stm32h7xx_hal_rtc.c **** 
 1813              		.loc 1 1287 21 is_stmt 0 view .LVU654
 1814 00be 0320     		movs	r0, #3
 1815 00c0 84F82100 		strb	r0, [r4, #33]
1290:Drivers/STM32H7xx_HAL_Driver/Src/stm32h7xx_hal_rtc.c **** 
 1816              		.loc 1 1290 9 is_stmt 1 view .LVU655
1290:Drivers/STM32H7xx_HAL_Driver/Src/stm32h7xx_hal_rtc.c **** 
 1817              		.loc 1 1290 9 view .LVU656
 1818 00c4 0023     		movs	r3, #0
 1819 00c6 84F82030 		strb	r3, [r4, #32]
1290:Drivers/STM32H7xx_HAL_Driver/Src/stm32h7xx_hal_rtc.c **** 
 1820              		.loc 1 1290 9 view .LVU657
1292:Drivers/STM32H7xx_HAL_Driver/Src/stm32h7xx_hal_rtc.c ****       }
 1821              		.loc 1 1292 9 view .LVU658
1292:Drivers/STM32H7xx_HAL_Driver/Src/stm32h7xx_hal_rtc.c ****       }
 1822              		.loc 1 1292 16 is_stmt 0 view .LVU659
 1823 00ca 5BE0     		b	.L118
 1824              	.LVL125:
 1825              	.L119:
1189:Drivers/STM32H7xx_HAL_Driver/Src/stm32h7xx_hal_rtc.c ****     {
 1826              		.loc 1 1189 5 is_stmt 1 view .LVU660
1189:Drivers/STM32H7xx_HAL_Driver/Src/stm32h7xx_hal_rtc.c ****     {
 1827              		.loc 1 1189 13 is_stmt 0 view .LVU661
 1828 00cc 0368     		ldr	r3, [r0]
ARM GAS  C:\Users\admin\AppData\Local\Temp\ccgKPo3u.s 			page 77


1189:Drivers/STM32H7xx_HAL_Driver/Src/stm32h7xx_hal_rtc.c ****     {
 1829              		.loc 1 1189 23 view .LVU662
 1830 00ce 9B68     		ldr	r3, [r3, #8]
1189:Drivers/STM32H7xx_HAL_Driver/Src/stm32h7xx_hal_rtc.c ****     {
 1831              		.loc 1 1189 7 view .LVU663
 1832 00d0 13F0400F 		tst	r3, #64
 1833 00d4 01D1     		bne	.L122
1196:Drivers/STM32H7xx_HAL_Driver/Src/stm32h7xx_hal_rtc.c ****       assert_param(IS_RTC_HOUR24(RTC_Bcd2ToByte(sAlarm->AlarmTime.Hours)));
 1834              		.loc 1 1196 7 is_stmt 1 view .LVU664
1196:Drivers/STM32H7xx_HAL_Driver/Src/stm32h7xx_hal_rtc.c ****       assert_param(IS_RTC_HOUR24(RTC_Bcd2ToByte(sAlarm->AlarmTime.Hours)));
 1835              		.loc 1 1196 36 is_stmt 0 view .LVU665
 1836 00d6 0023     		movs	r3, #0
 1837 00d8 CB70     		strb	r3, [r1, #3]
 1838              	.L122:
1197:Drivers/STM32H7xx_HAL_Driver/Src/stm32h7xx_hal_rtc.c ****     }
 1839              		.loc 1 1197 7 is_stmt 1 view .LVU666
1200:Drivers/STM32H7xx_HAL_Driver/Src/stm32h7xx_hal_rtc.c ****     assert_param(IS_RTC_SECONDS(RTC_Bcd2ToByte(sAlarm->AlarmTime.Seconds)));
 1840              		.loc 1 1200 5 view .LVU667
1201:Drivers/STM32H7xx_HAL_Driver/Src/stm32h7xx_hal_rtc.c **** 
 1841              		.loc 1 1201 5 view .LVU668
1203:Drivers/STM32H7xx_HAL_Driver/Src/stm32h7xx_hal_rtc.c ****     {
 1842              		.loc 1 1203 5 view .LVU669
1203:Drivers/STM32H7xx_HAL_Driver/Src/stm32h7xx_hal_rtc.c ****     {
 1843              		.loc 1 1203 14 is_stmt 0 view .LVU670
 1844 00da EE69     		ldr	r6, [r5, #28]
1209:Drivers/STM32H7xx_HAL_Driver/Src/stm32h7xx_hal_rtc.c ****     }
 1845              		.loc 1 1209 7 is_stmt 1 view .LVU671
1212:Drivers/STM32H7xx_HAL_Driver/Src/stm32h7xx_hal_rtc.c ****               ((uint32_t)sAlarm->AlarmTime.Minutes     << RTC_ALRMAR_MNU_Pos) | \
 1846              		.loc 1 1212 5 view .LVU672
1212:Drivers/STM32H7xx_HAL_Driver/Src/stm32h7xx_hal_rtc.c ****               ((uint32_t)sAlarm->AlarmTime.Minutes     << RTC_ALRMAR_MNU_Pos) | \
 1847              		.loc 1 1212 43 is_stmt 0 view .LVU673
 1848 00dc 2A78     		ldrb	r2, [r5]	@ zero_extendqisi2
 1849              	.LVL126:
1213:Drivers/STM32H7xx_HAL_Driver/Src/stm32h7xx_hal_rtc.c ****               ((uint32_t)sAlarm->AlarmTime.Seconds     << RTC_ALRMAR_SU_Pos)  | \
 1850              		.loc 1 1213 43 view .LVU674
 1851 00de 6B78     		ldrb	r3, [r5, #1]	@ zero_extendqisi2
1213:Drivers/STM32H7xx_HAL_Driver/Src/stm32h7xx_hal_rtc.c ****               ((uint32_t)sAlarm->AlarmTime.Seconds     << RTC_ALRMAR_SU_Pos)  | \
 1852              		.loc 1 1213 56 view .LVU675
 1853 00e0 1B02     		lsls	r3, r3, #8
1212:Drivers/STM32H7xx_HAL_Driver/Src/stm32h7xx_hal_rtc.c ****               ((uint32_t)sAlarm->AlarmTime.Minutes     << RTC_ALRMAR_MNU_Pos) | \
 1854              		.loc 1 1212 79 view .LVU676
 1855 00e2 43EA0243 		orr	r3, r3, r2, lsl #16
1214:Drivers/STM32H7xx_HAL_Driver/Src/stm32h7xx_hal_rtc.c ****               ((uint32_t)sAlarm->AlarmTime.TimeFormat  << RTC_ALRMAR_PM_Pos)  | \
 1856              		.loc 1 1214 43 view .LVU677
 1857 00e6 AA78     		ldrb	r2, [r5, #2]	@ zero_extendqisi2
1213:Drivers/STM32H7xx_HAL_Driver/Src/stm32h7xx_hal_rtc.c ****               ((uint32_t)sAlarm->AlarmTime.Seconds     << RTC_ALRMAR_SU_Pos)  | \
 1858              		.loc 1 1213 79 view .LVU678
 1859 00e8 1343     		orrs	r3, r3, r2
1215:Drivers/STM32H7xx_HAL_Driver/Src/stm32h7xx_hal_rtc.c ****               ((uint32_t)sAlarm->AlarmDateWeekDay      << RTC_ALRMAR_DU_Pos)  | \
 1860              		.loc 1 1215 43 view .LVU679
 1861 00ea EA78     		ldrb	r2, [r5, #3]	@ zero_extendqisi2
1214:Drivers/STM32H7xx_HAL_Driver/Src/stm32h7xx_hal_rtc.c ****               ((uint32_t)sAlarm->AlarmTime.TimeFormat  << RTC_ALRMAR_PM_Pos)  | \
 1862              		.loc 1 1214 79 view .LVU680
 1863 00ec 43EA8253 		orr	r3, r3, r2, lsl #22
1216:Drivers/STM32H7xx_HAL_Driver/Src/stm32h7xx_hal_rtc.c ****               ((uint32_t)sAlarm->AlarmDateWeekDaySel)                         | \
 1864              		.loc 1 1216 32 view .LVU681
 1865 00f0 95F82020 		ldrb	r2, [r5, #32]	@ zero_extendqisi2
ARM GAS  C:\Users\admin\AppData\Local\Temp\ccgKPo3u.s 			page 78


1215:Drivers/STM32H7xx_HAL_Driver/Src/stm32h7xx_hal_rtc.c ****               ((uint32_t)sAlarm->AlarmDateWeekDay      << RTC_ALRMAR_DU_Pos)  | \
 1866              		.loc 1 1215 79 view .LVU682
 1867 00f4 43EA0263 		orr	r3, r3, r2, lsl #24
1216:Drivers/STM32H7xx_HAL_Driver/Src/stm32h7xx_hal_rtc.c ****               ((uint32_t)sAlarm->AlarmDateWeekDaySel)                         | \
 1868              		.loc 1 1216 79 view .LVU683
 1869 00f8 1E43     		orrs	r6, r6, r3
1218:Drivers/STM32H7xx_HAL_Driver/Src/stm32h7xx_hal_rtc.c ****   }
 1870              		.loc 1 1218 32 view .LVU684
 1871 00fa 6B69     		ldr	r3, [r5, #20]
1212:Drivers/STM32H7xx_HAL_Driver/Src/stm32h7xx_hal_rtc.c ****               ((uint32_t)sAlarm->AlarmTime.Minutes     << RTC_ALRMAR_MNU_Pos) | \
 1872              		.loc 1 1212 12 view .LVU685
 1873 00fc 1E43     		orrs	r6, r6, r3
 1874              	.LVL127:
1212:Drivers/STM32H7xx_HAL_Driver/Src/stm32h7xx_hal_rtc.c ****               ((uint32_t)sAlarm->AlarmTime.Minutes     << RTC_ALRMAR_MNU_Pos) | \
 1875              		.loc 1 1212 12 view .LVU686
 1876 00fe B0E7     		b	.L121
 1877              	.LVL128:
 1878              	.L131:
1231:Drivers/STM32H7xx_HAL_Driver/Src/stm32h7xx_hal_rtc.c ****     /* Clear flag alarm A */
 1879              		.loc 1 1231 5 is_stmt 1 view .LVU687
 1880 0100 2268     		ldr	r2, [r4]
 1881 0102 9368     		ldr	r3, [r2, #8]
 1882 0104 23F48073 		bic	r3, r3, #256
 1883 0108 9360     		str	r3, [r2, #8]
1233:Drivers/STM32H7xx_HAL_Driver/Src/stm32h7xx_hal_rtc.c ****     /* In case of interrupt mode is used, the interrupt source must disabled */
 1884              		.loc 1 1233 5 view .LVU688
 1885 010a 2268     		ldr	r2, [r4]
 1886 010c D368     		ldr	r3, [r2, #12]
 1887 010e DBB2     		uxtb	r3, r3
 1888 0110 63F4C073 		orn	r3, r3, #384
 1889 0114 D360     		str	r3, [r2, #12]
1235:Drivers/STM32H7xx_HAL_Driver/Src/stm32h7xx_hal_rtc.c **** 
 1890              		.loc 1 1235 5 view .LVU689
 1891 0116 2268     		ldr	r2, [r4]
 1892 0118 9368     		ldr	r3, [r2, #8]
 1893 011a 23F48053 		bic	r3, r3, #4096
 1894 011e 9360     		str	r3, [r2, #8]
1237:Drivers/STM32H7xx_HAL_Driver/Src/stm32h7xx_hal_rtc.c ****     /* Wait till RTC ALRAWF flag is set and if timeout is reached exit */
 1895              		.loc 1 1237 5 view .LVU690
1237:Drivers/STM32H7xx_HAL_Driver/Src/stm32h7xx_hal_rtc.c ****     /* Wait till RTC ALRAWF flag is set and if timeout is reached exit */
 1896              		.loc 1 1237 17 is_stmt 0 view .LVU691
 1897 0120 FFF7FEFF 		bl	HAL_GetTick
 1898              	.LVL129:
 1899 0124 0546     		mov	r5, r0
 1900              	.LVL130:
1242:Drivers/STM32H7xx_HAL_Driver/Src/stm32h7xx_hal_rtc.c **** #endif /* TAMP */
 1901              		.loc 1 1242 5 is_stmt 1 view .LVU692
 1902              	.L124:
1242:Drivers/STM32H7xx_HAL_Driver/Src/stm32h7xx_hal_rtc.c **** #endif /* TAMP */
 1903              		.loc 1 1242 11 view .LVU693
1242:Drivers/STM32H7xx_HAL_Driver/Src/stm32h7xx_hal_rtc.c **** #endif /* TAMP */
 1904              		.loc 1 1242 12 is_stmt 0 view .LVU694
 1905 0126 2368     		ldr	r3, [r4]
 1906 0128 DA68     		ldr	r2, [r3, #12]
1242:Drivers/STM32H7xx_HAL_Driver/Src/stm32h7xx_hal_rtc.c **** #endif /* TAMP */
 1907              		.loc 1 1242 11 view .LVU695
 1908 012a 12F0010F 		tst	r2, #1
ARM GAS  C:\Users\admin\AppData\Local\Temp\ccgKPo3u.s 			page 79


 1909 012e 0FD1     		bne	.L133
1245:Drivers/STM32H7xx_HAL_Driver/Src/stm32h7xx_hal_rtc.c ****       {
 1910              		.loc 1 1245 7 is_stmt 1 view .LVU696
1245:Drivers/STM32H7xx_HAL_Driver/Src/stm32h7xx_hal_rtc.c ****       {
 1911              		.loc 1 1245 11 is_stmt 0 view .LVU697
 1912 0130 FFF7FEFF 		bl	HAL_GetTick
 1913              	.LVL131:
1245:Drivers/STM32H7xx_HAL_Driver/Src/stm32h7xx_hal_rtc.c ****       {
 1914              		.loc 1 1245 25 view .LVU698
 1915 0134 401B     		subs	r0, r0, r5
1245:Drivers/STM32H7xx_HAL_Driver/Src/stm32h7xx_hal_rtc.c ****       {
 1916              		.loc 1 1245 9 view .LVU699
 1917 0136 B0F57A7F 		cmp	r0, #1000
 1918 013a F4D9     		bls	.L124
1248:Drivers/STM32H7xx_HAL_Driver/Src/stm32h7xx_hal_rtc.c **** 
 1919              		.loc 1 1248 9 is_stmt 1 view .LVU700
1248:Drivers/STM32H7xx_HAL_Driver/Src/stm32h7xx_hal_rtc.c **** 
 1920              		.loc 1 1248 9 view .LVU701
 1921 013c 2368     		ldr	r3, [r4]
 1922 013e FF22     		movs	r2, #255
 1923 0140 5A62     		str	r2, [r3, #36]
1248:Drivers/STM32H7xx_HAL_Driver/Src/stm32h7xx_hal_rtc.c **** 
 1924              		.loc 1 1248 9 view .LVU702
1250:Drivers/STM32H7xx_HAL_Driver/Src/stm32h7xx_hal_rtc.c **** 
 1925              		.loc 1 1250 9 view .LVU703
1250:Drivers/STM32H7xx_HAL_Driver/Src/stm32h7xx_hal_rtc.c **** 
 1926              		.loc 1 1250 21 is_stmt 0 view .LVU704
 1927 0142 0320     		movs	r0, #3
 1928 0144 84F82100 		strb	r0, [r4, #33]
1253:Drivers/STM32H7xx_HAL_Driver/Src/stm32h7xx_hal_rtc.c **** 
 1929              		.loc 1 1253 9 is_stmt 1 view .LVU705
1253:Drivers/STM32H7xx_HAL_Driver/Src/stm32h7xx_hal_rtc.c **** 
 1930              		.loc 1 1253 9 view .LVU706
 1931 0148 0023     		movs	r3, #0
 1932 014a 84F82030 		strb	r3, [r4, #32]
1253:Drivers/STM32H7xx_HAL_Driver/Src/stm32h7xx_hal_rtc.c **** 
 1933              		.loc 1 1253 9 view .LVU707
1255:Drivers/STM32H7xx_HAL_Driver/Src/stm32h7xx_hal_rtc.c ****       }
 1934              		.loc 1 1255 9 view .LVU708
1255:Drivers/STM32H7xx_HAL_Driver/Src/stm32h7xx_hal_rtc.c ****       }
 1935              		.loc 1 1255 16 is_stmt 0 view .LVU709
 1936 014e 19E0     		b	.L118
 1937              	.L133:
1259:Drivers/STM32H7xx_HAL_Driver/Src/stm32h7xx_hal_rtc.c ****     /* Configure the Alarm A Sub Second register */
 1938              		.loc 1 1259 5 is_stmt 1 view .LVU710
1259:Drivers/STM32H7xx_HAL_Driver/Src/stm32h7xx_hal_rtc.c ****     /* Configure the Alarm A Sub Second register */
 1939              		.loc 1 1259 28 is_stmt 0 view .LVU711
 1940 0150 DE61     		str	r6, [r3, #28]
1261:Drivers/STM32H7xx_HAL_Driver/Src/stm32h7xx_hal_rtc.c ****     /* Configure the Alarm state: Enable Alarm */
 1941              		.loc 1 1261 5 is_stmt 1 view .LVU712
1261:Drivers/STM32H7xx_HAL_Driver/Src/stm32h7xx_hal_rtc.c ****     /* Configure the Alarm state: Enable Alarm */
 1942              		.loc 1 1261 9 is_stmt 0 view .LVU713
 1943 0152 2368     		ldr	r3, [r4]
1261:Drivers/STM32H7xx_HAL_Driver/Src/stm32h7xx_hal_rtc.c ****     /* Configure the Alarm state: Enable Alarm */
 1944              		.loc 1 1261 30 view .LVU714
 1945 0154 5F64     		str	r7, [r3, #68]
1263:Drivers/STM32H7xx_HAL_Driver/Src/stm32h7xx_hal_rtc.c ****   }
ARM GAS  C:\Users\admin\AppData\Local\Temp\ccgKPo3u.s 			page 80


 1946              		.loc 1 1263 5 is_stmt 1 view .LVU715
 1947 0156 2268     		ldr	r2, [r4]
 1948 0158 9368     		ldr	r3, [r2, #8]
 1949 015a 43F48073 		orr	r3, r3, #256
 1950 015e 9360     		str	r3, [r2, #8]
 1951 0160 07E0     		b	.L126
 1952              	.L132:
1296:Drivers/STM32H7xx_HAL_Driver/Src/stm32h7xx_hal_rtc.c ****     /* Configure the Alarm B Sub Second register */
 1953              		.loc 1 1296 5 view .LVU716
1296:Drivers/STM32H7xx_HAL_Driver/Src/stm32h7xx_hal_rtc.c ****     /* Configure the Alarm B Sub Second register */
 1954              		.loc 1 1296 28 is_stmt 0 view .LVU717
 1955 0162 1E62     		str	r6, [r3, #32]
1298:Drivers/STM32H7xx_HAL_Driver/Src/stm32h7xx_hal_rtc.c ****     /* Configure the Alarm state: Enable Alarm */
 1956              		.loc 1 1298 5 is_stmt 1 view .LVU718
1298:Drivers/STM32H7xx_HAL_Driver/Src/stm32h7xx_hal_rtc.c ****     /* Configure the Alarm state: Enable Alarm */
 1957              		.loc 1 1298 9 is_stmt 0 view .LVU719
 1958 0164 2368     		ldr	r3, [r4]
1298:Drivers/STM32H7xx_HAL_Driver/Src/stm32h7xx_hal_rtc.c ****     /* Configure the Alarm state: Enable Alarm */
 1959              		.loc 1 1298 30 view .LVU720
 1960 0166 9F64     		str	r7, [r3, #72]
1300:Drivers/STM32H7xx_HAL_Driver/Src/stm32h7xx_hal_rtc.c ****   }
 1961              		.loc 1 1300 5 is_stmt 1 view .LVU721
 1962 0168 2268     		ldr	r2, [r4]
 1963 016a 9368     		ldr	r3, [r2, #8]
 1964 016c 43F40073 		orr	r3, r3, #512
 1965 0170 9360     		str	r3, [r2, #8]
 1966              	.L126:
1304:Drivers/STM32H7xx_HAL_Driver/Src/stm32h7xx_hal_rtc.c **** 
 1967              		.loc 1 1304 3 view .LVU722
1304:Drivers/STM32H7xx_HAL_Driver/Src/stm32h7xx_hal_rtc.c **** 
 1968              		.loc 1 1304 3 view .LVU723
 1969 0172 2368     		ldr	r3, [r4]
 1970 0174 FF22     		movs	r2, #255
 1971 0176 5A62     		str	r2, [r3, #36]
1304:Drivers/STM32H7xx_HAL_Driver/Src/stm32h7xx_hal_rtc.c **** 
 1972              		.loc 1 1304 3 view .LVU724
1307:Drivers/STM32H7xx_HAL_Driver/Src/stm32h7xx_hal_rtc.c **** 
 1973              		.loc 1 1307 3 view .LVU725
1307:Drivers/STM32H7xx_HAL_Driver/Src/stm32h7xx_hal_rtc.c **** 
 1974              		.loc 1 1307 15 is_stmt 0 view .LVU726
 1975 0178 0123     		movs	r3, #1
 1976 017a 84F82130 		strb	r3, [r4, #33]
1310:Drivers/STM32H7xx_HAL_Driver/Src/stm32h7xx_hal_rtc.c **** 
 1977              		.loc 1 1310 3 is_stmt 1 view .LVU727
1310:Drivers/STM32H7xx_HAL_Driver/Src/stm32h7xx_hal_rtc.c **** 
 1978              		.loc 1 1310 3 view .LVU728
 1979 017e 0020     		movs	r0, #0
 1980 0180 84F82000 		strb	r0, [r4, #32]
1310:Drivers/STM32H7xx_HAL_Driver/Src/stm32h7xx_hal_rtc.c **** 
 1981              		.loc 1 1310 3 view .LVU729
1312:Drivers/STM32H7xx_HAL_Driver/Src/stm32h7xx_hal_rtc.c **** }
 1982              		.loc 1 1312 3 view .LVU730
 1983              	.LVL132:
 1984              	.L118:
1313:Drivers/STM32H7xx_HAL_Driver/Src/stm32h7xx_hal_rtc.c **** 
 1985              		.loc 1 1313 1 is_stmt 0 view .LVU731
 1986 0184 F8BD     		pop	{r3, r4, r5, r6, r7, pc}
ARM GAS  C:\Users\admin\AppData\Local\Temp\ccgKPo3u.s 			page 81


 1987              	.LVL133:
 1988              	.L129:
1151:Drivers/STM32H7xx_HAL_Driver/Src/stm32h7xx_hal_rtc.c **** 
 1989              		.loc 1 1151 3 view .LVU732
 1990 0186 0220     		movs	r0, #2
 1991              	.LVL134:
1151:Drivers/STM32H7xx_HAL_Driver/Src/stm32h7xx_hal_rtc.c **** 
 1992              		.loc 1 1151 3 view .LVU733
 1993 0188 FCE7     		b	.L118
 1994              		.cfi_endproc
 1995              	.LFE152:
 1997              		.section	.text.HAL_RTC_SetAlarm_IT,"ax",%progbits
 1998              		.align	1
 1999              		.global	HAL_RTC_SetAlarm_IT
 2000              		.syntax unified
 2001              		.thumb
 2002              		.thumb_func
 2004              	HAL_RTC_SetAlarm_IT:
 2005              	.LVL135:
 2006              	.LFB153:
1329:Drivers/STM32H7xx_HAL_Driver/Src/stm32h7xx_hal_rtc.c ****   uint32_t tickstart;
 2007              		.loc 1 1329 1 is_stmt 1 view -0
 2008              		.cfi_startproc
 2009              		@ args = 0, pretend = 0, frame = 0
 2010              		@ frame_needed = 0, uses_anonymous_args = 0
1329:Drivers/STM32H7xx_HAL_Driver/Src/stm32h7xx_hal_rtc.c ****   uint32_t tickstart;
 2011              		.loc 1 1329 1 is_stmt 0 view .LVU735
 2012 0000 F8B5     		push	{r3, r4, r5, r6, r7, lr}
 2013              	.LCFI14:
 2014              		.cfi_def_cfa_offset 24
 2015              		.cfi_offset 3, -24
 2016              		.cfi_offset 4, -20
 2017              		.cfi_offset 5, -16
 2018              		.cfi_offset 6, -12
 2019              		.cfi_offset 7, -8
 2020              		.cfi_offset 14, -4
1330:Drivers/STM32H7xx_HAL_Driver/Src/stm32h7xx_hal_rtc.c ****   uint32_t tmpreg;
 2021              		.loc 1 1330 3 is_stmt 1 view .LVU736
1331:Drivers/STM32H7xx_HAL_Driver/Src/stm32h7xx_hal_rtc.c ****   uint32_t subsecondtmpreg;
 2022              		.loc 1 1331 3 view .LVU737
1332:Drivers/STM32H7xx_HAL_Driver/Src/stm32h7xx_hal_rtc.c **** 
 2023              		.loc 1 1332 3 view .LVU738
1335:Drivers/STM32H7xx_HAL_Driver/Src/stm32h7xx_hal_rtc.c ****   assert_param(IS_RTC_ALARM(sAlarm->Alarm));
 2024              		.loc 1 1335 3 view .LVU739
1336:Drivers/STM32H7xx_HAL_Driver/Src/stm32h7xx_hal_rtc.c ****   assert_param(IS_RTC_ALARM_MASK(sAlarm->AlarmMask));
 2025              		.loc 1 1336 3 view .LVU740
1337:Drivers/STM32H7xx_HAL_Driver/Src/stm32h7xx_hal_rtc.c ****   assert_param(IS_RTC_ALARM_DATE_WEEKDAY_SEL(sAlarm->AlarmDateWeekDaySel));
 2026              		.loc 1 1337 3 view .LVU741
1338:Drivers/STM32H7xx_HAL_Driver/Src/stm32h7xx_hal_rtc.c ****   assert_param(IS_RTC_ALARM_SUB_SECOND_VALUE(sAlarm->AlarmTime.SubSeconds));
 2027              		.loc 1 1338 3 view .LVU742
1339:Drivers/STM32H7xx_HAL_Driver/Src/stm32h7xx_hal_rtc.c ****   assert_param(IS_RTC_ALARM_SUB_SECOND_MASK(sAlarm->AlarmSubSecondMask));
 2028              		.loc 1 1339 3 view .LVU743
1340:Drivers/STM32H7xx_HAL_Driver/Src/stm32h7xx_hal_rtc.c **** 
 2029              		.loc 1 1340 3 view .LVU744
1343:Drivers/STM32H7xx_HAL_Driver/Src/stm32h7xx_hal_rtc.c **** 
 2030              		.loc 1 1343 3 view .LVU745
1343:Drivers/STM32H7xx_HAL_Driver/Src/stm32h7xx_hal_rtc.c **** 
ARM GAS  C:\Users\admin\AppData\Local\Temp\ccgKPo3u.s 			page 82


 2031              		.loc 1 1343 3 view .LVU746
 2032 0002 90F82030 		ldrb	r3, [r0, #32]	@ zero_extendqisi2
 2033 0006 012B     		cmp	r3, #1
 2034 0008 00F0C980 		beq	.L146
 2035 000c 0446     		mov	r4, r0
 2036 000e 0D46     		mov	r5, r1
1343:Drivers/STM32H7xx_HAL_Driver/Src/stm32h7xx_hal_rtc.c **** 
 2037              		.loc 1 1343 3 discriminator 2 view .LVU747
 2038 0010 0123     		movs	r3, #1
 2039 0012 80F82030 		strb	r3, [r0, #32]
1343:Drivers/STM32H7xx_HAL_Driver/Src/stm32h7xx_hal_rtc.c **** 
 2040              		.loc 1 1343 3 discriminator 2 view .LVU748
1345:Drivers/STM32H7xx_HAL_Driver/Src/stm32h7xx_hal_rtc.c **** 
 2041              		.loc 1 1345 3 discriminator 2 view .LVU749
1345:Drivers/STM32H7xx_HAL_Driver/Src/stm32h7xx_hal_rtc.c **** 
 2042              		.loc 1 1345 15 is_stmt 0 discriminator 2 view .LVU750
 2043 0016 0223     		movs	r3, #2
 2044 0018 80F82130 		strb	r3, [r0, #33]
1347:Drivers/STM32H7xx_HAL_Driver/Src/stm32h7xx_hal_rtc.c ****   {
 2045              		.loc 1 1347 3 is_stmt 1 discriminator 2 view .LVU751
1347:Drivers/STM32H7xx_HAL_Driver/Src/stm32h7xx_hal_rtc.c ****   {
 2046              		.loc 1 1347 5 is_stmt 0 discriminator 2 view .LVU752
 2047 001c 002A     		cmp	r2, #0
 2048 001e 50D1     		bne	.L136
1349:Drivers/STM32H7xx_HAL_Driver/Src/stm32h7xx_hal_rtc.c ****     {
 2049              		.loc 1 1349 5 is_stmt 1 view .LVU753
1349:Drivers/STM32H7xx_HAL_Driver/Src/stm32h7xx_hal_rtc.c ****     {
 2050              		.loc 1 1349 13 is_stmt 0 view .LVU754
 2051 0020 0368     		ldr	r3, [r0]
1349:Drivers/STM32H7xx_HAL_Driver/Src/stm32h7xx_hal_rtc.c ****     {
 2052              		.loc 1 1349 23 view .LVU755
 2053 0022 9B68     		ldr	r3, [r3, #8]
1349:Drivers/STM32H7xx_HAL_Driver/Src/stm32h7xx_hal_rtc.c ****     {
 2054              		.loc 1 1349 7 view .LVU756
 2055 0024 13F0400F 		tst	r3, #64
 2056 0028 01D1     		bne	.L137
1356:Drivers/STM32H7xx_HAL_Driver/Src/stm32h7xx_hal_rtc.c ****       assert_param(IS_RTC_HOUR24(sAlarm->AlarmTime.Hours));
 2057              		.loc 1 1356 7 is_stmt 1 view .LVU757
1356:Drivers/STM32H7xx_HAL_Driver/Src/stm32h7xx_hal_rtc.c ****       assert_param(IS_RTC_HOUR24(sAlarm->AlarmTime.Hours));
 2058              		.loc 1 1356 36 is_stmt 0 view .LVU758
 2059 002a 0023     		movs	r3, #0
 2060 002c CB70     		strb	r3, [r1, #3]
 2061              	.L137:
1357:Drivers/STM32H7xx_HAL_Driver/Src/stm32h7xx_hal_rtc.c ****     }
 2062              		.loc 1 1357 7 is_stmt 1 view .LVU759
1359:Drivers/STM32H7xx_HAL_Driver/Src/stm32h7xx_hal_rtc.c ****     assert_param(IS_RTC_SECONDS(sAlarm->AlarmTime.Seconds));
 2063              		.loc 1 1359 5 view .LVU760
1360:Drivers/STM32H7xx_HAL_Driver/Src/stm32h7xx_hal_rtc.c **** 
 2064              		.loc 1 1360 5 view .LVU761
1362:Drivers/STM32H7xx_HAL_Driver/Src/stm32h7xx_hal_rtc.c ****     {
 2065              		.loc 1 1362 5 view .LVU762
1362:Drivers/STM32H7xx_HAL_Driver/Src/stm32h7xx_hal_rtc.c ****     {
 2066              		.loc 1 1362 14 is_stmt 0 view .LVU763
 2067 002e EE69     		ldr	r6, [r5, #28]
1368:Drivers/STM32H7xx_HAL_Driver/Src/stm32h7xx_hal_rtc.c ****     }
 2068              		.loc 1 1368 7 is_stmt 1 view .LVU764
1371:Drivers/STM32H7xx_HAL_Driver/Src/stm32h7xx_hal_rtc.c ****               ((uint32_t)RTC_ByteToBcd2(sAlarm->AlarmTime.Minutes) << RTC_ALRMAR_MNU_Pos) | \
ARM GAS  C:\Users\admin\AppData\Local\Temp\ccgKPo3u.s 			page 83


 2069              		.loc 1 1371 5 view .LVU765
1371:Drivers/STM32H7xx_HAL_Driver/Src/stm32h7xx_hal_rtc.c ****               ((uint32_t)RTC_ByteToBcd2(sAlarm->AlarmTime.Minutes) << RTC_ALRMAR_MNU_Pos) | \
 2070              		.loc 1 1371 26 is_stmt 0 view .LVU766
 2071 0030 2878     		ldrb	r0, [r5]	@ zero_extendqisi2
 2072              	.LVL136:
1371:Drivers/STM32H7xx_HAL_Driver/Src/stm32h7xx_hal_rtc.c ****               ((uint32_t)RTC_ByteToBcd2(sAlarm->AlarmTime.Minutes) << RTC_ALRMAR_MNU_Pos) | \
 2073              		.loc 1 1371 26 view .LVU767
 2074 0032 FFF7FEFF 		bl	RTC_ByteToBcd2
 2075              	.LVL137:
1371:Drivers/STM32H7xx_HAL_Driver/Src/stm32h7xx_hal_rtc.c ****               ((uint32_t)RTC_ByteToBcd2(sAlarm->AlarmTime.Minutes) << RTC_ALRMAR_MNU_Pos) | \
 2076              		.loc 1 1371 68 view .LVU768
 2077 0036 0704     		lsls	r7, r0, #16
1372:Drivers/STM32H7xx_HAL_Driver/Src/stm32h7xx_hal_rtc.c ****               ((uint32_t)RTC_ByteToBcd2(sAlarm->AlarmTime.Seconds) << RTC_ALRMAR_SU_Pos)  | \
 2078              		.loc 1 1372 26 view .LVU769
 2079 0038 6878     		ldrb	r0, [r5, #1]	@ zero_extendqisi2
 2080 003a FFF7FEFF 		bl	RTC_ByteToBcd2
 2081              	.LVL138:
1371:Drivers/STM32H7xx_HAL_Driver/Src/stm32h7xx_hal_rtc.c ****               ((uint32_t)RTC_ByteToBcd2(sAlarm->AlarmTime.Minutes) << RTC_ALRMAR_MNU_Pos) | \
 2082              		.loc 1 1371 91 view .LVU770
 2083 003e 47EA0027 		orr	r7, r7, r0, lsl #8
1373:Drivers/STM32H7xx_HAL_Driver/Src/stm32h7xx_hal_rtc.c ****               ((uint32_t)sAlarm->AlarmTime.TimeFormat              << RTC_ALRMAR_PM_Pos)  | \
 2084              		.loc 1 1373 26 view .LVU771
 2085 0042 A878     		ldrb	r0, [r5, #2]	@ zero_extendqisi2
 2086 0044 FFF7FEFF 		bl	RTC_ByteToBcd2
 2087              	.LVL139:
1372:Drivers/STM32H7xx_HAL_Driver/Src/stm32h7xx_hal_rtc.c ****               ((uint32_t)RTC_ByteToBcd2(sAlarm->AlarmTime.Seconds) << RTC_ALRMAR_SU_Pos)  | \
 2088              		.loc 1 1372 91 view .LVU772
 2089 0048 0743     		orrs	r7, r7, r0
1374:Drivers/STM32H7xx_HAL_Driver/Src/stm32h7xx_hal_rtc.c ****               ((uint32_t)RTC_ByteToBcd2(sAlarm->AlarmDateWeekDay)  << RTC_ALRMAR_DU_Pos)  | \
 2090              		.loc 1 1374 43 view .LVU773
 2091 004a E878     		ldrb	r0, [r5, #3]	@ zero_extendqisi2
1373:Drivers/STM32H7xx_HAL_Driver/Src/stm32h7xx_hal_rtc.c ****               ((uint32_t)sAlarm->AlarmTime.TimeFormat              << RTC_ALRMAR_PM_Pos)  | \
 2092              		.loc 1 1373 91 view .LVU774
 2093 004c 47EA8057 		orr	r7, r7, r0, lsl #22
1375:Drivers/STM32H7xx_HAL_Driver/Src/stm32h7xx_hal_rtc.c ****               ((uint32_t)sAlarm->AlarmDateWeekDaySel)                                     | \
 2094              		.loc 1 1375 26 view .LVU775
 2095 0050 95F82000 		ldrb	r0, [r5, #32]	@ zero_extendqisi2
 2096 0054 FFF7FEFF 		bl	RTC_ByteToBcd2
 2097              	.LVL140:
1374:Drivers/STM32H7xx_HAL_Driver/Src/stm32h7xx_hal_rtc.c ****               ((uint32_t)RTC_ByteToBcd2(sAlarm->AlarmDateWeekDay)  << RTC_ALRMAR_DU_Pos)  | \
 2098              		.loc 1 1374 91 view .LVU776
 2099 0058 47EA0067 		orr	r7, r7, r0, lsl #24
1375:Drivers/STM32H7xx_HAL_Driver/Src/stm32h7xx_hal_rtc.c ****               ((uint32_t)sAlarm->AlarmDateWeekDaySel)                                     | \
 2100              		.loc 1 1375 91 view .LVU777
 2101 005c 3E43     		orrs	r6, r6, r7
1377:Drivers/STM32H7xx_HAL_Driver/Src/stm32h7xx_hal_rtc.c ****   }
 2102              		.loc 1 1377 32 view .LVU778
 2103 005e 6B69     		ldr	r3, [r5, #20]
1371:Drivers/STM32H7xx_HAL_Driver/Src/stm32h7xx_hal_rtc.c ****               ((uint32_t)RTC_ByteToBcd2(sAlarm->AlarmTime.Minutes) << RTC_ALRMAR_MNU_Pos) | \
 2104              		.loc 1 1371 12 view .LVU779
 2105 0060 1E43     		orrs	r6, r6, r3
 2106              	.LVL141:
 2107              	.L138:
1413:Drivers/STM32H7xx_HAL_Driver/Src/stm32h7xx_hal_rtc.c **** 
 2108              		.loc 1 1413 3 is_stmt 1 view .LVU780
1413:Drivers/STM32H7xx_HAL_Driver/Src/stm32h7xx_hal_rtc.c **** 
 2109              		.loc 1 1413 60 is_stmt 0 view .LVU781
ARM GAS  C:\Users\admin\AppData\Local\Temp\ccgKPo3u.s 			page 84


 2110 0062 6F68     		ldr	r7, [r5, #4]
1413:Drivers/STM32H7xx_HAL_Driver/Src/stm32h7xx_hal_rtc.c **** 
 2111              		.loc 1 1413 92 view .LVU782
 2112 0064 AB69     		ldr	r3, [r5, #24]
1413:Drivers/STM32H7xx_HAL_Driver/Src/stm32h7xx_hal_rtc.c **** 
 2113              		.loc 1 1413 19 view .LVU783
 2114 0066 1F43     		orrs	r7, r7, r3
 2115              	.LVL142:
1416:Drivers/STM32H7xx_HAL_Driver/Src/stm32h7xx_hal_rtc.c **** 
 2116              		.loc 1 1416 3 is_stmt 1 view .LVU784
1416:Drivers/STM32H7xx_HAL_Driver/Src/stm32h7xx_hal_rtc.c **** 
 2117              		.loc 1 1416 3 view .LVU785
 2118 0068 2368     		ldr	r3, [r4]
 2119 006a CA22     		movs	r2, #202
 2120 006c 5A62     		str	r2, [r3, #36]
1416:Drivers/STM32H7xx_HAL_Driver/Src/stm32h7xx_hal_rtc.c **** 
 2121              		.loc 1 1416 3 view .LVU786
 2122 006e 2368     		ldr	r3, [r4]
 2123 0070 5322     		movs	r2, #83
 2124 0072 5A62     		str	r2, [r3, #36]
1416:Drivers/STM32H7xx_HAL_Driver/Src/stm32h7xx_hal_rtc.c **** 
 2125              		.loc 1 1416 3 view .LVU787
1419:Drivers/STM32H7xx_HAL_Driver/Src/stm32h7xx_hal_rtc.c ****   {
 2126              		.loc 1 1419 3 view .LVU788
1419:Drivers/STM32H7xx_HAL_Driver/Src/stm32h7xx_hal_rtc.c ****   {
 2127              		.loc 1 1419 12 is_stmt 0 view .LVU789
 2128 0074 6B6A     		ldr	r3, [r5, #36]
1419:Drivers/STM32H7xx_HAL_Driver/Src/stm32h7xx_hal_rtc.c ****   {
 2129              		.loc 1 1419 5 view .LVU790
 2130 0076 B3F5807F 		cmp	r3, #256
 2131 007a 3CD0     		beq	.L148
1460:Drivers/STM32H7xx_HAL_Driver/Src/stm32h7xx_hal_rtc.c **** 
 2132              		.loc 1 1460 5 is_stmt 1 view .LVU791
 2133 007c 2268     		ldr	r2, [r4]
 2134 007e 9368     		ldr	r3, [r2, #8]
 2135 0080 23F40073 		bic	r3, r3, #512
 2136 0084 9360     		str	r3, [r2, #8]
1463:Drivers/STM32H7xx_HAL_Driver/Src/stm32h7xx_hal_rtc.c **** 
 2137              		.loc 1 1463 5 view .LVU792
 2138 0086 2268     		ldr	r2, [r4]
 2139 0088 D368     		ldr	r3, [r2, #12]
 2140 008a DBB2     		uxtb	r3, r3
 2141 008c 63F42073 		orn	r3, r3, #640
 2142 0090 D360     		str	r3, [r2, #12]
1465:Drivers/STM32H7xx_HAL_Driver/Src/stm32h7xx_hal_rtc.c ****     /* Wait till RTC ALRBWF flag is set and if timeout is reached exit */
 2143              		.loc 1 1465 5 view .LVU793
1465:Drivers/STM32H7xx_HAL_Driver/Src/stm32h7xx_hal_rtc.c ****     /* Wait till RTC ALRBWF flag is set and if timeout is reached exit */
 2144              		.loc 1 1465 17 is_stmt 0 view .LVU794
 2145 0092 FFF7FEFF 		bl	HAL_GetTick
 2146              	.LVL143:
 2147 0096 0546     		mov	r5, r0
 2148              	.LVL144:
1470:Drivers/STM32H7xx_HAL_Driver/Src/stm32h7xx_hal_rtc.c **** #endif /* TAMP */
 2149              		.loc 1 1470 5 is_stmt 1 view .LVU795
 2150              	.L144:
1470:Drivers/STM32H7xx_HAL_Driver/Src/stm32h7xx_hal_rtc.c **** #endif /* TAMP */
 2151              		.loc 1 1470 11 view .LVU796
ARM GAS  C:\Users\admin\AppData\Local\Temp\ccgKPo3u.s 			page 85


1470:Drivers/STM32H7xx_HAL_Driver/Src/stm32h7xx_hal_rtc.c **** #endif /* TAMP */
 2152              		.loc 1 1470 12 is_stmt 0 view .LVU797
 2153 0098 2368     		ldr	r3, [r4]
 2154 009a DA68     		ldr	r2, [r3, #12]
1470:Drivers/STM32H7xx_HAL_Driver/Src/stm32h7xx_hal_rtc.c **** #endif /* TAMP */
 2155              		.loc 1 1470 11 view .LVU798
 2156 009c 12F0020F 		tst	r2, #2
 2157 00a0 5AD1     		bne	.L149
1473:Drivers/STM32H7xx_HAL_Driver/Src/stm32h7xx_hal_rtc.c ****       {
 2158              		.loc 1 1473 7 is_stmt 1 view .LVU799
1473:Drivers/STM32H7xx_HAL_Driver/Src/stm32h7xx_hal_rtc.c ****       {
 2159              		.loc 1 1473 11 is_stmt 0 view .LVU800
 2160 00a2 FFF7FEFF 		bl	HAL_GetTick
 2161              	.LVL145:
1473:Drivers/STM32H7xx_HAL_Driver/Src/stm32h7xx_hal_rtc.c ****       {
 2162              		.loc 1 1473 25 view .LVU801
 2163 00a6 401B     		subs	r0, r0, r5
1473:Drivers/STM32H7xx_HAL_Driver/Src/stm32h7xx_hal_rtc.c ****       {
 2164              		.loc 1 1473 9 view .LVU802
 2165 00a8 B0F57A7F 		cmp	r0, #1000
 2166 00ac F4D9     		bls	.L144
1476:Drivers/STM32H7xx_HAL_Driver/Src/stm32h7xx_hal_rtc.c **** 
 2167              		.loc 1 1476 9 is_stmt 1 view .LVU803
1476:Drivers/STM32H7xx_HAL_Driver/Src/stm32h7xx_hal_rtc.c **** 
 2168              		.loc 1 1476 9 view .LVU804
 2169 00ae 2368     		ldr	r3, [r4]
 2170 00b0 FF22     		movs	r2, #255
 2171 00b2 5A62     		str	r2, [r3, #36]
1476:Drivers/STM32H7xx_HAL_Driver/Src/stm32h7xx_hal_rtc.c **** 
 2172              		.loc 1 1476 9 view .LVU805
1478:Drivers/STM32H7xx_HAL_Driver/Src/stm32h7xx_hal_rtc.c **** 
 2173              		.loc 1 1478 9 view .LVU806
1478:Drivers/STM32H7xx_HAL_Driver/Src/stm32h7xx_hal_rtc.c **** 
 2174              		.loc 1 1478 21 is_stmt 0 view .LVU807
 2175 00b4 0320     		movs	r0, #3
 2176 00b6 84F82100 		strb	r0, [r4, #33]
1481:Drivers/STM32H7xx_HAL_Driver/Src/stm32h7xx_hal_rtc.c **** 
 2177              		.loc 1 1481 9 is_stmt 1 view .LVU808
1481:Drivers/STM32H7xx_HAL_Driver/Src/stm32h7xx_hal_rtc.c **** 
 2178              		.loc 1 1481 9 view .LVU809
 2179 00ba 0023     		movs	r3, #0
 2180 00bc 84F82030 		strb	r3, [r4, #32]
1481:Drivers/STM32H7xx_HAL_Driver/Src/stm32h7xx_hal_rtc.c **** 
 2181              		.loc 1 1481 9 view .LVU810
1483:Drivers/STM32H7xx_HAL_Driver/Src/stm32h7xx_hal_rtc.c ****       }
 2182              		.loc 1 1483 9 view .LVU811
1483:Drivers/STM32H7xx_HAL_Driver/Src/stm32h7xx_hal_rtc.c ****       }
 2183              		.loc 1 1483 16 is_stmt 0 view .LVU812
 2184 00c0 6CE0     		b	.L135
 2185              	.LVL146:
 2186              	.L136:
1381:Drivers/STM32H7xx_HAL_Driver/Src/stm32h7xx_hal_rtc.c ****     {
 2187              		.loc 1 1381 5 is_stmt 1 view .LVU813
1381:Drivers/STM32H7xx_HAL_Driver/Src/stm32h7xx_hal_rtc.c ****     {
 2188              		.loc 1 1381 13 is_stmt 0 view .LVU814
 2189 00c2 0368     		ldr	r3, [r0]
1381:Drivers/STM32H7xx_HAL_Driver/Src/stm32h7xx_hal_rtc.c ****     {
ARM GAS  C:\Users\admin\AppData\Local\Temp\ccgKPo3u.s 			page 86


 2190              		.loc 1 1381 23 view .LVU815
 2191 00c4 9B68     		ldr	r3, [r3, #8]
1381:Drivers/STM32H7xx_HAL_Driver/Src/stm32h7xx_hal_rtc.c ****     {
 2192              		.loc 1 1381 7 view .LVU816
 2193 00c6 13F0400F 		tst	r3, #64
 2194 00ca 01D1     		bne	.L139
1388:Drivers/STM32H7xx_HAL_Driver/Src/stm32h7xx_hal_rtc.c ****       assert_param(IS_RTC_HOUR24(RTC_Bcd2ToByte(sAlarm->AlarmTime.Hours)));
 2195              		.loc 1 1388 7 is_stmt 1 view .LVU817
1388:Drivers/STM32H7xx_HAL_Driver/Src/stm32h7xx_hal_rtc.c ****       assert_param(IS_RTC_HOUR24(RTC_Bcd2ToByte(sAlarm->AlarmTime.Hours)));
 2196              		.loc 1 1388 36 is_stmt 0 view .LVU818
 2197 00cc 0023     		movs	r3, #0
 2198 00ce CB70     		strb	r3, [r1, #3]
 2199              	.L139:
1389:Drivers/STM32H7xx_HAL_Driver/Src/stm32h7xx_hal_rtc.c ****     }
 2200              		.loc 1 1389 7 is_stmt 1 view .LVU819
1392:Drivers/STM32H7xx_HAL_Driver/Src/stm32h7xx_hal_rtc.c ****     assert_param(IS_RTC_SECONDS(RTC_Bcd2ToByte(sAlarm->AlarmTime.Seconds)));
 2201              		.loc 1 1392 5 view .LVU820
1393:Drivers/STM32H7xx_HAL_Driver/Src/stm32h7xx_hal_rtc.c **** 
 2202              		.loc 1 1393 5 view .LVU821
1395:Drivers/STM32H7xx_HAL_Driver/Src/stm32h7xx_hal_rtc.c ****     {
 2203              		.loc 1 1395 5 view .LVU822
1395:Drivers/STM32H7xx_HAL_Driver/Src/stm32h7xx_hal_rtc.c ****     {
 2204              		.loc 1 1395 14 is_stmt 0 view .LVU823
 2205 00d0 EE69     		ldr	r6, [r5, #28]
1401:Drivers/STM32H7xx_HAL_Driver/Src/stm32h7xx_hal_rtc.c ****     }
 2206              		.loc 1 1401 7 is_stmt 1 view .LVU824
1404:Drivers/STM32H7xx_HAL_Driver/Src/stm32h7xx_hal_rtc.c ****               ((uint32_t)sAlarm->AlarmTime.Minutes     << RTC_ALRMAR_MNU_Pos) | \
 2207              		.loc 1 1404 5 view .LVU825
1404:Drivers/STM32H7xx_HAL_Driver/Src/stm32h7xx_hal_rtc.c ****               ((uint32_t)sAlarm->AlarmTime.Minutes     << RTC_ALRMAR_MNU_Pos) | \
 2208              		.loc 1 1404 43 is_stmt 0 view .LVU826
 2209 00d2 2A78     		ldrb	r2, [r5]	@ zero_extendqisi2
 2210              	.LVL147:
1405:Drivers/STM32H7xx_HAL_Driver/Src/stm32h7xx_hal_rtc.c ****               ((uint32_t)sAlarm->AlarmTime.Seconds     << RTC_ALRMAR_SU_Pos)  | \
 2211              		.loc 1 1405 43 view .LVU827
 2212 00d4 6B78     		ldrb	r3, [r5, #1]	@ zero_extendqisi2
1405:Drivers/STM32H7xx_HAL_Driver/Src/stm32h7xx_hal_rtc.c ****               ((uint32_t)sAlarm->AlarmTime.Seconds     << RTC_ALRMAR_SU_Pos)  | \
 2213              		.loc 1 1405 56 view .LVU828
 2214 00d6 1B02     		lsls	r3, r3, #8
1404:Drivers/STM32H7xx_HAL_Driver/Src/stm32h7xx_hal_rtc.c ****               ((uint32_t)sAlarm->AlarmTime.Minutes     << RTC_ALRMAR_MNU_Pos) | \
 2215              		.loc 1 1404 79 view .LVU829
 2216 00d8 43EA0243 		orr	r3, r3, r2, lsl #16
1406:Drivers/STM32H7xx_HAL_Driver/Src/stm32h7xx_hal_rtc.c ****               ((uint32_t)sAlarm->AlarmTime.TimeFormat  << RTC_ALRMAR_PM_Pos)  | \
 2217              		.loc 1 1406 43 view .LVU830
 2218 00dc AA78     		ldrb	r2, [r5, #2]	@ zero_extendqisi2
1405:Drivers/STM32H7xx_HAL_Driver/Src/stm32h7xx_hal_rtc.c ****               ((uint32_t)sAlarm->AlarmTime.Seconds     << RTC_ALRMAR_SU_Pos)  | \
 2219              		.loc 1 1405 79 view .LVU831
 2220 00de 1343     		orrs	r3, r3, r2
1407:Drivers/STM32H7xx_HAL_Driver/Src/stm32h7xx_hal_rtc.c ****               ((uint32_t)sAlarm->AlarmDateWeekDay      << RTC_ALRMAR_DU_Pos)  | \
 2221              		.loc 1 1407 43 view .LVU832
 2222 00e0 EA78     		ldrb	r2, [r5, #3]	@ zero_extendqisi2
1406:Drivers/STM32H7xx_HAL_Driver/Src/stm32h7xx_hal_rtc.c ****               ((uint32_t)sAlarm->AlarmTime.TimeFormat  << RTC_ALRMAR_PM_Pos)  | \
 2223              		.loc 1 1406 79 view .LVU833
 2224 00e2 43EA8253 		orr	r3, r3, r2, lsl #22
1408:Drivers/STM32H7xx_HAL_Driver/Src/stm32h7xx_hal_rtc.c ****               ((uint32_t)sAlarm->AlarmDateWeekDaySel)                         | \
 2225              		.loc 1 1408 32 view .LVU834
 2226 00e6 95F82020 		ldrb	r2, [r5, #32]	@ zero_extendqisi2
1407:Drivers/STM32H7xx_HAL_Driver/Src/stm32h7xx_hal_rtc.c ****               ((uint32_t)sAlarm->AlarmDateWeekDay      << RTC_ALRMAR_DU_Pos)  | \
ARM GAS  C:\Users\admin\AppData\Local\Temp\ccgKPo3u.s 			page 87


 2227              		.loc 1 1407 79 view .LVU835
 2228 00ea 43EA0263 		orr	r3, r3, r2, lsl #24
1408:Drivers/STM32H7xx_HAL_Driver/Src/stm32h7xx_hal_rtc.c ****               ((uint32_t)sAlarm->AlarmDateWeekDaySel)                         | \
 2229              		.loc 1 1408 79 view .LVU836
 2230 00ee 1E43     		orrs	r6, r6, r3
1410:Drivers/STM32H7xx_HAL_Driver/Src/stm32h7xx_hal_rtc.c ****   }
 2231              		.loc 1 1410 32 view .LVU837
 2232 00f0 6B69     		ldr	r3, [r5, #20]
1404:Drivers/STM32H7xx_HAL_Driver/Src/stm32h7xx_hal_rtc.c ****               ((uint32_t)sAlarm->AlarmTime.Minutes     << RTC_ALRMAR_MNU_Pos) | \
 2233              		.loc 1 1404 12 view .LVU838
 2234 00f2 1E43     		orrs	r6, r6, r3
 2235              	.LVL148:
1404:Drivers/STM32H7xx_HAL_Driver/Src/stm32h7xx_hal_rtc.c ****               ((uint32_t)sAlarm->AlarmTime.Minutes     << RTC_ALRMAR_MNU_Pos) | \
 2236              		.loc 1 1404 12 view .LVU839
 2237 00f4 B5E7     		b	.L138
 2238              	.LVL149:
 2239              	.L148:
1422:Drivers/STM32H7xx_HAL_Driver/Src/stm32h7xx_hal_rtc.c **** 
 2240              		.loc 1 1422 5 is_stmt 1 view .LVU840
 2241 00f6 2268     		ldr	r2, [r4]
 2242 00f8 9368     		ldr	r3, [r2, #8]
 2243 00fa 23F48073 		bic	r3, r3, #256
 2244 00fe 9360     		str	r3, [r2, #8]
1425:Drivers/STM32H7xx_HAL_Driver/Src/stm32h7xx_hal_rtc.c **** 
 2245              		.loc 1 1425 5 view .LVU841
 2246 0100 2268     		ldr	r2, [r4]
 2247 0102 D368     		ldr	r3, [r2, #12]
 2248 0104 DBB2     		uxtb	r3, r3
 2249 0106 63F4C073 		orn	r3, r3, #384
 2250 010a D360     		str	r3, [r2, #12]
1427:Drivers/STM32H7xx_HAL_Driver/Src/stm32h7xx_hal_rtc.c ****     /* Wait till RTC ALRAWF flag is set and if timeout is reached exit */
 2251              		.loc 1 1427 5 view .LVU842
1427:Drivers/STM32H7xx_HAL_Driver/Src/stm32h7xx_hal_rtc.c ****     /* Wait till RTC ALRAWF flag is set and if timeout is reached exit */
 2252              		.loc 1 1427 17 is_stmt 0 view .LVU843
 2253 010c FFF7FEFF 		bl	HAL_GetTick
 2254              	.LVL150:
 2255 0110 0546     		mov	r5, r0
 2256              	.LVL151:
1432:Drivers/STM32H7xx_HAL_Driver/Src/stm32h7xx_hal_rtc.c **** #endif /* TAMP */
 2257              		.loc 1 1432 5 is_stmt 1 view .LVU844
 2258              	.L141:
1432:Drivers/STM32H7xx_HAL_Driver/Src/stm32h7xx_hal_rtc.c **** #endif /* TAMP */
 2259              		.loc 1 1432 11 view .LVU845
1432:Drivers/STM32H7xx_HAL_Driver/Src/stm32h7xx_hal_rtc.c **** #endif /* TAMP */
 2260              		.loc 1 1432 12 is_stmt 0 view .LVU846
 2261 0112 2368     		ldr	r3, [r4]
 2262 0114 DA68     		ldr	r2, [r3, #12]
1432:Drivers/STM32H7xx_HAL_Driver/Src/stm32h7xx_hal_rtc.c **** #endif /* TAMP */
 2263              		.loc 1 1432 11 view .LVU847
 2264 0116 12F0010F 		tst	r2, #1
 2265 011a 0FD1     		bne	.L150
1435:Drivers/STM32H7xx_HAL_Driver/Src/stm32h7xx_hal_rtc.c ****       {
 2266              		.loc 1 1435 7 is_stmt 1 view .LVU848
1435:Drivers/STM32H7xx_HAL_Driver/Src/stm32h7xx_hal_rtc.c ****       {
 2267              		.loc 1 1435 11 is_stmt 0 view .LVU849
 2268 011c FFF7FEFF 		bl	HAL_GetTick
 2269              	.LVL152:
ARM GAS  C:\Users\admin\AppData\Local\Temp\ccgKPo3u.s 			page 88


1435:Drivers/STM32H7xx_HAL_Driver/Src/stm32h7xx_hal_rtc.c ****       {
 2270              		.loc 1 1435 25 view .LVU850
 2271 0120 401B     		subs	r0, r0, r5
1435:Drivers/STM32H7xx_HAL_Driver/Src/stm32h7xx_hal_rtc.c ****       {
 2272              		.loc 1 1435 9 view .LVU851
 2273 0122 B0F57A7F 		cmp	r0, #1000
 2274 0126 F4D9     		bls	.L141
1438:Drivers/STM32H7xx_HAL_Driver/Src/stm32h7xx_hal_rtc.c **** 
 2275              		.loc 1 1438 9 is_stmt 1 view .LVU852
1438:Drivers/STM32H7xx_HAL_Driver/Src/stm32h7xx_hal_rtc.c **** 
 2276              		.loc 1 1438 9 view .LVU853
 2277 0128 2368     		ldr	r3, [r4]
 2278 012a FF22     		movs	r2, #255
 2279 012c 5A62     		str	r2, [r3, #36]
1438:Drivers/STM32H7xx_HAL_Driver/Src/stm32h7xx_hal_rtc.c **** 
 2280              		.loc 1 1438 9 view .LVU854
1440:Drivers/STM32H7xx_HAL_Driver/Src/stm32h7xx_hal_rtc.c **** 
 2281              		.loc 1 1440 9 view .LVU855
1440:Drivers/STM32H7xx_HAL_Driver/Src/stm32h7xx_hal_rtc.c **** 
 2282              		.loc 1 1440 21 is_stmt 0 view .LVU856
 2283 012e 0320     		movs	r0, #3
 2284 0130 84F82100 		strb	r0, [r4, #33]
1443:Drivers/STM32H7xx_HAL_Driver/Src/stm32h7xx_hal_rtc.c **** 
 2285              		.loc 1 1443 9 is_stmt 1 view .LVU857
1443:Drivers/STM32H7xx_HAL_Driver/Src/stm32h7xx_hal_rtc.c **** 
 2286              		.loc 1 1443 9 view .LVU858
 2287 0134 0023     		movs	r3, #0
 2288 0136 84F82030 		strb	r3, [r4, #32]
1443:Drivers/STM32H7xx_HAL_Driver/Src/stm32h7xx_hal_rtc.c **** 
 2289              		.loc 1 1443 9 view .LVU859
1445:Drivers/STM32H7xx_HAL_Driver/Src/stm32h7xx_hal_rtc.c ****       }
 2290              		.loc 1 1445 9 view .LVU860
1445:Drivers/STM32H7xx_HAL_Driver/Src/stm32h7xx_hal_rtc.c ****       }
 2291              		.loc 1 1445 16 is_stmt 0 view .LVU861
 2292 013a 2FE0     		b	.L135
 2293              	.L150:
1449:Drivers/STM32H7xx_HAL_Driver/Src/stm32h7xx_hal_rtc.c ****     /* Configure the Alarm A Sub Second register */
 2294              		.loc 1 1449 5 is_stmt 1 view .LVU862
1449:Drivers/STM32H7xx_HAL_Driver/Src/stm32h7xx_hal_rtc.c ****     /* Configure the Alarm A Sub Second register */
 2295              		.loc 1 1449 28 is_stmt 0 view .LVU863
 2296 013c DE61     		str	r6, [r3, #28]
1451:Drivers/STM32H7xx_HAL_Driver/Src/stm32h7xx_hal_rtc.c ****     /* Configure the Alarm state: Enable Alarm */
 2297              		.loc 1 1451 5 is_stmt 1 view .LVU864
1451:Drivers/STM32H7xx_HAL_Driver/Src/stm32h7xx_hal_rtc.c ****     /* Configure the Alarm state: Enable Alarm */
 2298              		.loc 1 1451 9 is_stmt 0 view .LVU865
 2299 013e 2368     		ldr	r3, [r4]
1451:Drivers/STM32H7xx_HAL_Driver/Src/stm32h7xx_hal_rtc.c ****     /* Configure the Alarm state: Enable Alarm */
 2300              		.loc 1 1451 30 view .LVU866
 2301 0140 5F64     		str	r7, [r3, #68]
1453:Drivers/STM32H7xx_HAL_Driver/Src/stm32h7xx_hal_rtc.c ****     /* Configure the Alarm interrupt */
 2302              		.loc 1 1453 5 is_stmt 1 view .LVU867
 2303 0142 2268     		ldr	r2, [r4]
 2304 0144 9368     		ldr	r3, [r2, #8]
 2305 0146 43F48073 		orr	r3, r3, #256
 2306 014a 9360     		str	r3, [r2, #8]
1455:Drivers/STM32H7xx_HAL_Driver/Src/stm32h7xx_hal_rtc.c ****   }
 2307              		.loc 1 1455 5 view .LVU868
ARM GAS  C:\Users\admin\AppData\Local\Temp\ccgKPo3u.s 			page 89


 2308 014c 2268     		ldr	r2, [r4]
 2309 014e 9368     		ldr	r3, [r2, #8]
 2310 0150 43F48053 		orr	r3, r3, #4096
 2311 0154 9360     		str	r3, [r2, #8]
 2312 0156 0CE0     		b	.L143
 2313              	.L149:
1487:Drivers/STM32H7xx_HAL_Driver/Src/stm32h7xx_hal_rtc.c ****     /* Configure the Alarm B Sub Second register */
 2314              		.loc 1 1487 5 view .LVU869
1487:Drivers/STM32H7xx_HAL_Driver/Src/stm32h7xx_hal_rtc.c ****     /* Configure the Alarm B Sub Second register */
 2315              		.loc 1 1487 28 is_stmt 0 view .LVU870
 2316 0158 1E62     		str	r6, [r3, #32]
1489:Drivers/STM32H7xx_HAL_Driver/Src/stm32h7xx_hal_rtc.c ****     /* Configure the Alarm state: Enable Alarm */
 2317              		.loc 1 1489 5 is_stmt 1 view .LVU871
1489:Drivers/STM32H7xx_HAL_Driver/Src/stm32h7xx_hal_rtc.c ****     /* Configure the Alarm state: Enable Alarm */
 2318              		.loc 1 1489 9 is_stmt 0 view .LVU872
 2319 015a 2368     		ldr	r3, [r4]
1489:Drivers/STM32H7xx_HAL_Driver/Src/stm32h7xx_hal_rtc.c ****     /* Configure the Alarm state: Enable Alarm */
 2320              		.loc 1 1489 30 view .LVU873
 2321 015c 9F64     		str	r7, [r3, #72]
1491:Drivers/STM32H7xx_HAL_Driver/Src/stm32h7xx_hal_rtc.c ****     /* Configure the Alarm interrupt */
 2322              		.loc 1 1491 5 is_stmt 1 view .LVU874
 2323 015e 2268     		ldr	r2, [r4]
 2324 0160 9368     		ldr	r3, [r2, #8]
 2325 0162 43F40073 		orr	r3, r3, #512
 2326 0166 9360     		str	r3, [r2, #8]
1493:Drivers/STM32H7xx_HAL_Driver/Src/stm32h7xx_hal_rtc.c ****   }
 2327              		.loc 1 1493 5 view .LVU875
 2328 0168 2268     		ldr	r2, [r4]
 2329 016a 9368     		ldr	r3, [r2, #8]
 2330 016c 43F40053 		orr	r3, r3, #8192
 2331 0170 9360     		str	r3, [r2, #8]
 2332              	.L143:
1507:Drivers/STM32H7xx_HAL_Driver/Src/stm32h7xx_hal_rtc.c **** #endif
 2333              		.loc 1 1507 3 view .LVU876
 2334 0172 4FF0B043 		mov	r3, #1476395008
 2335 0176 D3F88020 		ldr	r2, [r3, #128]
 2336 017a 42F40032 		orr	r2, r2, #131072
 2337 017e C3F88020 		str	r2, [r3, #128]
1510:Drivers/STM32H7xx_HAL_Driver/Src/stm32h7xx_hal_rtc.c **** 
 2338              		.loc 1 1510 3 view .LVU877
 2339 0182 1A68     		ldr	r2, [r3]
 2340 0184 42F40032 		orr	r2, r2, #131072
 2341 0188 1A60     		str	r2, [r3]
1513:Drivers/STM32H7xx_HAL_Driver/Src/stm32h7xx_hal_rtc.c **** 
 2342              		.loc 1 1513 3 view .LVU878
1513:Drivers/STM32H7xx_HAL_Driver/Src/stm32h7xx_hal_rtc.c **** 
 2343              		.loc 1 1513 3 view .LVU879
 2344 018a 2368     		ldr	r3, [r4]
 2345 018c FF22     		movs	r2, #255
 2346 018e 5A62     		str	r2, [r3, #36]
1513:Drivers/STM32H7xx_HAL_Driver/Src/stm32h7xx_hal_rtc.c **** 
 2347              		.loc 1 1513 3 view .LVU880
1515:Drivers/STM32H7xx_HAL_Driver/Src/stm32h7xx_hal_rtc.c **** 
 2348              		.loc 1 1515 3 view .LVU881
1515:Drivers/STM32H7xx_HAL_Driver/Src/stm32h7xx_hal_rtc.c **** 
 2349              		.loc 1 1515 15 is_stmt 0 view .LVU882
 2350 0190 0123     		movs	r3, #1
ARM GAS  C:\Users\admin\AppData\Local\Temp\ccgKPo3u.s 			page 90


 2351 0192 84F82130 		strb	r3, [r4, #33]
1518:Drivers/STM32H7xx_HAL_Driver/Src/stm32h7xx_hal_rtc.c **** 
 2352              		.loc 1 1518 3 is_stmt 1 view .LVU883
1518:Drivers/STM32H7xx_HAL_Driver/Src/stm32h7xx_hal_rtc.c **** 
 2353              		.loc 1 1518 3 view .LVU884
 2354 0196 0020     		movs	r0, #0
 2355 0198 84F82000 		strb	r0, [r4, #32]
1518:Drivers/STM32H7xx_HAL_Driver/Src/stm32h7xx_hal_rtc.c **** 
 2356              		.loc 1 1518 3 view .LVU885
1520:Drivers/STM32H7xx_HAL_Driver/Src/stm32h7xx_hal_rtc.c **** }
 2357              		.loc 1 1520 3 view .LVU886
 2358              	.LVL153:
 2359              	.L135:
1521:Drivers/STM32H7xx_HAL_Driver/Src/stm32h7xx_hal_rtc.c **** 
 2360              		.loc 1 1521 1 is_stmt 0 view .LVU887
 2361 019c F8BD     		pop	{r3, r4, r5, r6, r7, pc}
 2362              	.LVL154:
 2363              	.L146:
1343:Drivers/STM32H7xx_HAL_Driver/Src/stm32h7xx_hal_rtc.c **** 
 2364              		.loc 1 1343 3 view .LVU888
 2365 019e 0220     		movs	r0, #2
 2366              	.LVL155:
1343:Drivers/STM32H7xx_HAL_Driver/Src/stm32h7xx_hal_rtc.c **** 
 2367              		.loc 1 1343 3 view .LVU889
 2368 01a0 FCE7     		b	.L135
 2369              		.cfi_endproc
 2370              	.LFE153:
 2372              		.section	.text.RTC_Bcd2ToByte,"ax",%progbits
 2373              		.align	1
 2374              		.global	RTC_Bcd2ToByte
 2375              		.syntax unified
 2376              		.thumb
 2377              		.thumb_func
 2379              	RTC_Bcd2ToByte:
 2380              	.LVL156:
 2381              	.LFB164:
2036:Drivers/STM32H7xx_HAL_Driver/Src/stm32h7xx_hal_rtc.c **** 
2037:Drivers/STM32H7xx_HAL_Driver/Src/stm32h7xx_hal_rtc.c **** /**
2038:Drivers/STM32H7xx_HAL_Driver/Src/stm32h7xx_hal_rtc.c ****   * @brief  Convert from 2 digit BCD to Binary.
2039:Drivers/STM32H7xx_HAL_Driver/Src/stm32h7xx_hal_rtc.c ****   * @param  Value BCD value to be converted
2040:Drivers/STM32H7xx_HAL_Driver/Src/stm32h7xx_hal_rtc.c ****   * @retval Converted word
2041:Drivers/STM32H7xx_HAL_Driver/Src/stm32h7xx_hal_rtc.c ****   */
2042:Drivers/STM32H7xx_HAL_Driver/Src/stm32h7xx_hal_rtc.c **** uint8_t RTC_Bcd2ToByte(uint8_t Value)
2043:Drivers/STM32H7xx_HAL_Driver/Src/stm32h7xx_hal_rtc.c **** {
 2382              		.loc 1 2043 1 is_stmt 1 view -0
 2383              		.cfi_startproc
 2384              		@ args = 0, pretend = 0, frame = 0
 2385              		@ frame_needed = 0, uses_anonymous_args = 0
 2386              		@ link register save eliminated.
2044:Drivers/STM32H7xx_HAL_Driver/Src/stm32h7xx_hal_rtc.c ****   uint8_t tmp;
 2387              		.loc 1 2044 3 view .LVU891
2045:Drivers/STM32H7xx_HAL_Driver/Src/stm32h7xx_hal_rtc.c ****   tmp = ((Value & 0xF0U) >> 4U) * 10U;
 2388              		.loc 1 2045 3 view .LVU892
 2389              		.loc 1 2045 26 is_stmt 0 view .LVU893
 2390 0000 0309     		lsrs	r3, r0, #4
 2391              		.loc 1 2045 7 view .LVU894
 2392 0002 03EB8303 		add	r3, r3, r3, lsl #2
ARM GAS  C:\Users\admin\AppData\Local\Temp\ccgKPo3u.s 			page 91


 2393              	.LVL157:
2046:Drivers/STM32H7xx_HAL_Driver/Src/stm32h7xx_hal_rtc.c ****   return (tmp + (Value & 0x0FU));
 2394              		.loc 1 2046 3 is_stmt 1 view .LVU895
 2395              		.loc 1 2046 24 is_stmt 0 view .LVU896
 2396 0006 00F00F00 		and	r0, r0, #15
 2397              	.LVL158:
 2398              		.loc 1 2046 15 view .LVU897
 2399 000a 00EB4300 		add	r0, r0, r3, lsl #1
2047:Drivers/STM32H7xx_HAL_Driver/Src/stm32h7xx_hal_rtc.c **** }
 2400              		.loc 1 2047 1 view .LVU898
 2401 000e C0B2     		uxtb	r0, r0
 2402 0010 7047     		bx	lr
 2403              		.cfi_endproc
 2404              	.LFE164:
 2406              		.section	.text.HAL_RTC_GetTime,"ax",%progbits
 2407              		.align	1
 2408              		.global	HAL_RTC_GetTime
 2409              		.syntax unified
 2410              		.thumb
 2411              		.thumb_func
 2413              	HAL_RTC_GetTime:
 2414              	.LVL159:
 2415              	.LFB149:
 951:Drivers/STM32H7xx_HAL_Driver/Src/stm32h7xx_hal_rtc.c ****   uint32_t tmpreg;
 2416              		.loc 1 951 1 is_stmt 1 view -0
 2417              		.cfi_startproc
 2418              		@ args = 0, pretend = 0, frame = 0
 2419              		@ frame_needed = 0, uses_anonymous_args = 0
 951:Drivers/STM32H7xx_HAL_Driver/Src/stm32h7xx_hal_rtc.c ****   uint32_t tmpreg;
 2420              		.loc 1 951 1 is_stmt 0 view .LVU900
 2421 0000 70B5     		push	{r4, r5, r6, lr}
 2422              	.LCFI15:
 2423              		.cfi_def_cfa_offset 16
 2424              		.cfi_offset 4, -16
 2425              		.cfi_offset 5, -12
 2426              		.cfi_offset 6, -8
 2427              		.cfi_offset 14, -4
 952:Drivers/STM32H7xx_HAL_Driver/Src/stm32h7xx_hal_rtc.c **** 
 2428              		.loc 1 952 3 is_stmt 1 view .LVU901
 955:Drivers/STM32H7xx_HAL_Driver/Src/stm32h7xx_hal_rtc.c **** 
 2429              		.loc 1 955 3 view .LVU902
 958:Drivers/STM32H7xx_HAL_Driver/Src/stm32h7xx_hal_rtc.c **** 
 2430              		.loc 1 958 3 view .LVU903
 958:Drivers/STM32H7xx_HAL_Driver/Src/stm32h7xx_hal_rtc.c **** 
 2431              		.loc 1 958 38 is_stmt 0 view .LVU904
 2432 0002 0368     		ldr	r3, [r0]
 958:Drivers/STM32H7xx_HAL_Driver/Src/stm32h7xx_hal_rtc.c **** 
 2433              		.loc 1 958 48 view .LVU905
 2434 0004 9B6A     		ldr	r3, [r3, #40]
 958:Drivers/STM32H7xx_HAL_Driver/Src/stm32h7xx_hal_rtc.c **** 
 2435              		.loc 1 958 21 view .LVU906
 2436 0006 4B60     		str	r3, [r1, #4]
 961:Drivers/STM32H7xx_HAL_Driver/Src/stm32h7xx_hal_rtc.c **** 
 2437              		.loc 1 961 3 is_stmt 1 view .LVU907
 961:Drivers/STM32H7xx_HAL_Driver/Src/stm32h7xx_hal_rtc.c **** 
 2438              		.loc 1 961 42 is_stmt 0 view .LVU908
 2439 0008 0368     		ldr	r3, [r0]
ARM GAS  C:\Users\admin\AppData\Local\Temp\ccgKPo3u.s 			page 92


 961:Drivers/STM32H7xx_HAL_Driver/Src/stm32h7xx_hal_rtc.c **** 
 2440              		.loc 1 961 52 view .LVU909
 2441 000a 1B69     		ldr	r3, [r3, #16]
 961:Drivers/STM32H7xx_HAL_Driver/Src/stm32h7xx_hal_rtc.c **** 
 2442              		.loc 1 961 27 view .LVU910
 2443 000c C3F30E03 		ubfx	r3, r3, #0, #15
 961:Drivers/STM32H7xx_HAL_Driver/Src/stm32h7xx_hal_rtc.c **** 
 2444              		.loc 1 961 25 view .LVU911
 2445 0010 8B60     		str	r3, [r1, #8]
 964:Drivers/STM32H7xx_HAL_Driver/Src/stm32h7xx_hal_rtc.c **** 
 2446              		.loc 1 964 3 is_stmt 1 view .LVU912
 964:Drivers/STM32H7xx_HAL_Driver/Src/stm32h7xx_hal_rtc.c **** 
 2447              		.loc 1 964 27 is_stmt 0 view .LVU913
 2448 0012 0368     		ldr	r3, [r0]
 964:Drivers/STM32H7xx_HAL_Driver/Src/stm32h7xx_hal_rtc.c **** 
 2449              		.loc 1 964 37 view .LVU914
 2450 0014 1B68     		ldr	r3, [r3]
 2451              	.LVL160:
 967:Drivers/STM32H7xx_HAL_Driver/Src/stm32h7xx_hal_rtc.c ****   sTime->Minutes    = (uint8_t)((tmpreg & (RTC_TR_MNT | RTC_TR_MNU)) >> RTC_TR_MNU_Pos);
 2452              		.loc 1 967 3 is_stmt 1 view .LVU915
 967:Drivers/STM32H7xx_HAL_Driver/Src/stm32h7xx_hal_rtc.c ****   sTime->Minutes    = (uint8_t)((tmpreg & (RTC_TR_MNT | RTC_TR_MNU)) >> RTC_TR_MNU_Pos);
 2453              		.loc 1 967 23 is_stmt 0 view .LVU916
 2454 0016 C3F30540 		ubfx	r0, r3, #16, #6
 2455              	.LVL161:
 967:Drivers/STM32H7xx_HAL_Driver/Src/stm32h7xx_hal_rtc.c ****   sTime->Minutes    = (uint8_t)((tmpreg & (RTC_TR_MNT | RTC_TR_MNU)) >> RTC_TR_MNU_Pos);
 2456              		.loc 1 967 21 view .LVU917
 2457 001a 0870     		strb	r0, [r1]
 968:Drivers/STM32H7xx_HAL_Driver/Src/stm32h7xx_hal_rtc.c ****   sTime->Seconds    = (uint8_t)((tmpreg & (RTC_TR_ST  | RTC_TR_SU))  >> RTC_TR_SU_Pos);
 2458              		.loc 1 968 3 is_stmt 1 view .LVU918
 968:Drivers/STM32H7xx_HAL_Driver/Src/stm32h7xx_hal_rtc.c ****   sTime->Seconds    = (uint8_t)((tmpreg & (RTC_TR_ST  | RTC_TR_SU))  >> RTC_TR_SU_Pos);
 2459              		.loc 1 968 23 is_stmt 0 view .LVU919
 2460 001c C3F30626 		ubfx	r6, r3, #8, #7
 968:Drivers/STM32H7xx_HAL_Driver/Src/stm32h7xx_hal_rtc.c ****   sTime->Seconds    = (uint8_t)((tmpreg & (RTC_TR_ST  | RTC_TR_SU))  >> RTC_TR_SU_Pos);
 2461              		.loc 1 968 21 view .LVU920
 2462 0020 4E70     		strb	r6, [r1, #1]
 969:Drivers/STM32H7xx_HAL_Driver/Src/stm32h7xx_hal_rtc.c ****   sTime->TimeFormat = (uint8_t)((tmpreg & (RTC_TR_PM))               >> RTC_TR_PM_Pos);
 2463              		.loc 1 969 3 is_stmt 1 view .LVU921
 969:Drivers/STM32H7xx_HAL_Driver/Src/stm32h7xx_hal_rtc.c ****   sTime->TimeFormat = (uint8_t)((tmpreg & (RTC_TR_PM))               >> RTC_TR_PM_Pos);
 2464              		.loc 1 969 23 is_stmt 0 view .LVU922
 2465 0022 03F07F05 		and	r5, r3, #127
 969:Drivers/STM32H7xx_HAL_Driver/Src/stm32h7xx_hal_rtc.c ****   sTime->TimeFormat = (uint8_t)((tmpreg & (RTC_TR_PM))               >> RTC_TR_PM_Pos);
 2466              		.loc 1 969 21 view .LVU923
 2467 0026 8D70     		strb	r5, [r1, #2]
 970:Drivers/STM32H7xx_HAL_Driver/Src/stm32h7xx_hal_rtc.c **** 
 2468              		.loc 1 970 3 is_stmt 1 view .LVU924
 970:Drivers/STM32H7xx_HAL_Driver/Src/stm32h7xx_hal_rtc.c **** 
 2469              		.loc 1 970 23 is_stmt 0 view .LVU925
 2470 0028 C3F38053 		ubfx	r3, r3, #22, #1
 2471              	.LVL162:
 970:Drivers/STM32H7xx_HAL_Driver/Src/stm32h7xx_hal_rtc.c **** 
 2472              		.loc 1 970 21 view .LVU926
 2473 002c CB70     		strb	r3, [r1, #3]
 973:Drivers/STM32H7xx_HAL_Driver/Src/stm32h7xx_hal_rtc.c ****   {
 2474              		.loc 1 973 3 is_stmt 1 view .LVU927
 973:Drivers/STM32H7xx_HAL_Driver/Src/stm32h7xx_hal_rtc.c ****   {
 2475              		.loc 1 973 5 is_stmt 0 view .LVU928
 2476 002e 5AB9     		cbnz	r2, .L153
ARM GAS  C:\Users\admin\AppData\Local\Temp\ccgKPo3u.s 			page 93


 2477 0030 0C46     		mov	r4, r1
 976:Drivers/STM32H7xx_HAL_Driver/Src/stm32h7xx_hal_rtc.c ****     sTime->Minutes = (uint8_t)RTC_Bcd2ToByte(sTime->Minutes);
 2478              		.loc 1 976 5 is_stmt 1 view .LVU929
 976:Drivers/STM32H7xx_HAL_Driver/Src/stm32h7xx_hal_rtc.c ****     sTime->Minutes = (uint8_t)RTC_Bcd2ToByte(sTime->Minutes);
 2479              		.loc 1 976 31 is_stmt 0 view .LVU930
 2480 0032 FFF7FEFF 		bl	RTC_Bcd2ToByte
 2481              	.LVL163:
 976:Drivers/STM32H7xx_HAL_Driver/Src/stm32h7xx_hal_rtc.c ****     sTime->Minutes = (uint8_t)RTC_Bcd2ToByte(sTime->Minutes);
 2482              		.loc 1 976 20 view .LVU931
 2483 0036 2070     		strb	r0, [r4]
 977:Drivers/STM32H7xx_HAL_Driver/Src/stm32h7xx_hal_rtc.c ****     sTime->Seconds = (uint8_t)RTC_Bcd2ToByte(sTime->Seconds);
 2484              		.loc 1 977 5 is_stmt 1 view .LVU932
 977:Drivers/STM32H7xx_HAL_Driver/Src/stm32h7xx_hal_rtc.c ****     sTime->Seconds = (uint8_t)RTC_Bcd2ToByte(sTime->Seconds);
 2485              		.loc 1 977 31 is_stmt 0 view .LVU933
 2486 0038 3046     		mov	r0, r6
 2487 003a FFF7FEFF 		bl	RTC_Bcd2ToByte
 2488              	.LVL164:
 977:Drivers/STM32H7xx_HAL_Driver/Src/stm32h7xx_hal_rtc.c ****     sTime->Seconds = (uint8_t)RTC_Bcd2ToByte(sTime->Seconds);
 2489              		.loc 1 977 20 view .LVU934
 2490 003e 6070     		strb	r0, [r4, #1]
 978:Drivers/STM32H7xx_HAL_Driver/Src/stm32h7xx_hal_rtc.c ****   }
 2491              		.loc 1 978 5 is_stmt 1 view .LVU935
 978:Drivers/STM32H7xx_HAL_Driver/Src/stm32h7xx_hal_rtc.c ****   }
 2492              		.loc 1 978 31 is_stmt 0 view .LVU936
 2493 0040 2846     		mov	r0, r5
 2494 0042 FFF7FEFF 		bl	RTC_Bcd2ToByte
 2495              	.LVL165:
 978:Drivers/STM32H7xx_HAL_Driver/Src/stm32h7xx_hal_rtc.c ****   }
 2496              		.loc 1 978 20 view .LVU937
 2497 0046 A070     		strb	r0, [r4, #2]
 2498              	.LVL166:
 2499              	.L153:
 981:Drivers/STM32H7xx_HAL_Driver/Src/stm32h7xx_hal_rtc.c **** }
 2500              		.loc 1 981 3 is_stmt 1 view .LVU938
 982:Drivers/STM32H7xx_HAL_Driver/Src/stm32h7xx_hal_rtc.c **** 
 2501              		.loc 1 982 1 is_stmt 0 view .LVU939
 2502 0048 0020     		movs	r0, #0
 2503 004a 70BD     		pop	{r4, r5, r6, pc}
 2504              		.cfi_endproc
 2505              	.LFE149:
 2507              		.section	.text.HAL_RTC_GetDate,"ax",%progbits
 2508              		.align	1
 2509              		.global	HAL_RTC_GetDate
 2510              		.syntax unified
 2511              		.thumb
 2512              		.thumb_func
 2514              	HAL_RTC_GetDate:
 2515              	.LVL167:
 2516              	.LFB151:
1083:Drivers/STM32H7xx_HAL_Driver/Src/stm32h7xx_hal_rtc.c ****   uint32_t datetmpreg;
 2517              		.loc 1 1083 1 is_stmt 1 view -0
 2518              		.cfi_startproc
 2519              		@ args = 0, pretend = 0, frame = 0
 2520              		@ frame_needed = 0, uses_anonymous_args = 0
1083:Drivers/STM32H7xx_HAL_Driver/Src/stm32h7xx_hal_rtc.c ****   uint32_t datetmpreg;
 2521              		.loc 1 1083 1 is_stmt 0 view .LVU941
 2522 0000 70B5     		push	{r4, r5, r6, lr}
ARM GAS  C:\Users\admin\AppData\Local\Temp\ccgKPo3u.s 			page 94


 2523              	.LCFI16:
 2524              		.cfi_def_cfa_offset 16
 2525              		.cfi_offset 4, -16
 2526              		.cfi_offset 5, -12
 2527              		.cfi_offset 6, -8
 2528              		.cfi_offset 14, -4
1084:Drivers/STM32H7xx_HAL_Driver/Src/stm32h7xx_hal_rtc.c **** 
 2529              		.loc 1 1084 3 is_stmt 1 view .LVU942
1087:Drivers/STM32H7xx_HAL_Driver/Src/stm32h7xx_hal_rtc.c **** 
 2530              		.loc 1 1087 3 view .LVU943
1090:Drivers/STM32H7xx_HAL_Driver/Src/stm32h7xx_hal_rtc.c **** 
 2531              		.loc 1 1090 3 view .LVU944
1090:Drivers/STM32H7xx_HAL_Driver/Src/stm32h7xx_hal_rtc.c **** 
 2532              		.loc 1 1090 31 is_stmt 0 view .LVU945
 2533 0002 0368     		ldr	r3, [r0]
1090:Drivers/STM32H7xx_HAL_Driver/Src/stm32h7xx_hal_rtc.c **** 
 2534              		.loc 1 1090 41 view .LVU946
 2535 0004 5B68     		ldr	r3, [r3, #4]
 2536              	.LVL168:
1093:Drivers/STM32H7xx_HAL_Driver/Src/stm32h7xx_hal_rtc.c ****   sDate->Month   = (uint8_t)((datetmpreg & (RTC_DR_MT | RTC_DR_MU)) >> RTC_DR_MU_Pos);
 2537              		.loc 1 1093 3 is_stmt 1 view .LVU947
1093:Drivers/STM32H7xx_HAL_Driver/Src/stm32h7xx_hal_rtc.c ****   sDate->Month   = (uint8_t)((datetmpreg & (RTC_DR_MT | RTC_DR_MU)) >> RTC_DR_MU_Pos);
 2538              		.loc 1 1093 20 is_stmt 0 view .LVU948
 2539 0006 C3F30740 		ubfx	r0, r3, #16, #8
 2540              	.LVL169:
1093:Drivers/STM32H7xx_HAL_Driver/Src/stm32h7xx_hal_rtc.c ****   sDate->Month   = (uint8_t)((datetmpreg & (RTC_DR_MT | RTC_DR_MU)) >> RTC_DR_MU_Pos);
 2541              		.loc 1 1093 18 view .LVU949
 2542 000a C870     		strb	r0, [r1, #3]
1094:Drivers/STM32H7xx_HAL_Driver/Src/stm32h7xx_hal_rtc.c ****   sDate->Date    = (uint8_t)((datetmpreg & (RTC_DR_DT | RTC_DR_DU)) >> RTC_DR_DU_Pos);
 2543              		.loc 1 1094 3 is_stmt 1 view .LVU950
1094:Drivers/STM32H7xx_HAL_Driver/Src/stm32h7xx_hal_rtc.c ****   sDate->Date    = (uint8_t)((datetmpreg & (RTC_DR_DT | RTC_DR_DU)) >> RTC_DR_DU_Pos);
 2544              		.loc 1 1094 20 is_stmt 0 view .LVU951
 2545 000c C3F30426 		ubfx	r6, r3, #8, #5
1094:Drivers/STM32H7xx_HAL_Driver/Src/stm32h7xx_hal_rtc.c ****   sDate->Date    = (uint8_t)((datetmpreg & (RTC_DR_DT | RTC_DR_DU)) >> RTC_DR_DU_Pos);
 2546              		.loc 1 1094 18 view .LVU952
 2547 0010 4E70     		strb	r6, [r1, #1]
1095:Drivers/STM32H7xx_HAL_Driver/Src/stm32h7xx_hal_rtc.c ****   sDate->WeekDay = (uint8_t)((datetmpreg & (RTC_DR_WDU))            >> RTC_DR_WDU_Pos);
 2548              		.loc 1 1095 3 is_stmt 1 view .LVU953
1095:Drivers/STM32H7xx_HAL_Driver/Src/stm32h7xx_hal_rtc.c ****   sDate->WeekDay = (uint8_t)((datetmpreg & (RTC_DR_WDU))            >> RTC_DR_WDU_Pos);
 2549              		.loc 1 1095 20 is_stmt 0 view .LVU954
 2550 0012 03F03F05 		and	r5, r3, #63
1095:Drivers/STM32H7xx_HAL_Driver/Src/stm32h7xx_hal_rtc.c ****   sDate->WeekDay = (uint8_t)((datetmpreg & (RTC_DR_WDU))            >> RTC_DR_WDU_Pos);
 2551              		.loc 1 1095 18 view .LVU955
 2552 0016 8D70     		strb	r5, [r1, #2]
1096:Drivers/STM32H7xx_HAL_Driver/Src/stm32h7xx_hal_rtc.c **** 
 2553              		.loc 1 1096 3 is_stmt 1 view .LVU956
1096:Drivers/STM32H7xx_HAL_Driver/Src/stm32h7xx_hal_rtc.c **** 
 2554              		.loc 1 1096 20 is_stmt 0 view .LVU957
 2555 0018 C3F34233 		ubfx	r3, r3, #13, #3
 2556              	.LVL170:
1096:Drivers/STM32H7xx_HAL_Driver/Src/stm32h7xx_hal_rtc.c **** 
 2557              		.loc 1 1096 18 view .LVU958
 2558 001c 0B70     		strb	r3, [r1]
1099:Drivers/STM32H7xx_HAL_Driver/Src/stm32h7xx_hal_rtc.c ****   {
 2559              		.loc 1 1099 3 is_stmt 1 view .LVU959
1099:Drivers/STM32H7xx_HAL_Driver/Src/stm32h7xx_hal_rtc.c ****   {
 2560              		.loc 1 1099 5 is_stmt 0 view .LVU960
ARM GAS  C:\Users\admin\AppData\Local\Temp\ccgKPo3u.s 			page 95


 2561 001e 5AB9     		cbnz	r2, .L156
 2562 0020 0C46     		mov	r4, r1
1102:Drivers/STM32H7xx_HAL_Driver/Src/stm32h7xx_hal_rtc.c ****     sDate->Month = (uint8_t)RTC_Bcd2ToByte(sDate->Month);
 2563              		.loc 1 1102 5 is_stmt 1 view .LVU961
1102:Drivers/STM32H7xx_HAL_Driver/Src/stm32h7xx_hal_rtc.c ****     sDate->Month = (uint8_t)RTC_Bcd2ToByte(sDate->Month);
 2564              		.loc 1 1102 28 is_stmt 0 view .LVU962
 2565 0022 FFF7FEFF 		bl	RTC_Bcd2ToByte
 2566              	.LVL171:
1102:Drivers/STM32H7xx_HAL_Driver/Src/stm32h7xx_hal_rtc.c ****     sDate->Month = (uint8_t)RTC_Bcd2ToByte(sDate->Month);
 2567              		.loc 1 1102 17 view .LVU963
 2568 0026 E070     		strb	r0, [r4, #3]
1103:Drivers/STM32H7xx_HAL_Driver/Src/stm32h7xx_hal_rtc.c ****     sDate->Date = (uint8_t)RTC_Bcd2ToByte(sDate->Date);
 2569              		.loc 1 1103 5 is_stmt 1 view .LVU964
1103:Drivers/STM32H7xx_HAL_Driver/Src/stm32h7xx_hal_rtc.c ****     sDate->Date = (uint8_t)RTC_Bcd2ToByte(sDate->Date);
 2570              		.loc 1 1103 29 is_stmt 0 view .LVU965
 2571 0028 3046     		mov	r0, r6
 2572 002a FFF7FEFF 		bl	RTC_Bcd2ToByte
 2573              	.LVL172:
1103:Drivers/STM32H7xx_HAL_Driver/Src/stm32h7xx_hal_rtc.c ****     sDate->Date = (uint8_t)RTC_Bcd2ToByte(sDate->Date);
 2574              		.loc 1 1103 18 view .LVU966
 2575 002e 6070     		strb	r0, [r4, #1]
1104:Drivers/STM32H7xx_HAL_Driver/Src/stm32h7xx_hal_rtc.c ****   }
 2576              		.loc 1 1104 5 is_stmt 1 view .LVU967
1104:Drivers/STM32H7xx_HAL_Driver/Src/stm32h7xx_hal_rtc.c ****   }
 2577              		.loc 1 1104 28 is_stmt 0 view .LVU968
 2578 0030 2846     		mov	r0, r5
 2579 0032 FFF7FEFF 		bl	RTC_Bcd2ToByte
 2580              	.LVL173:
1104:Drivers/STM32H7xx_HAL_Driver/Src/stm32h7xx_hal_rtc.c ****   }
 2581              		.loc 1 1104 17 view .LVU969
 2582 0036 A070     		strb	r0, [r4, #2]
 2583              	.LVL174:
 2584              	.L156:
1106:Drivers/STM32H7xx_HAL_Driver/Src/stm32h7xx_hal_rtc.c **** }
 2585              		.loc 1 1106 3 is_stmt 1 view .LVU970
1107:Drivers/STM32H7xx_HAL_Driver/Src/stm32h7xx_hal_rtc.c **** 
 2586              		.loc 1 1107 1 is_stmt 0 view .LVU971
 2587 0038 0020     		movs	r0, #0
 2588 003a 70BD     		pop	{r4, r5, r6, pc}
 2589              		.cfi_endproc
 2590              	.LFE151:
 2592              		.section	.text.HAL_RTC_GetAlarm,"ax",%progbits
 2593              		.align	1
 2594              		.global	HAL_RTC_GetAlarm
 2595              		.syntax unified
 2596              		.thumb
 2597              		.thumb_func
 2599              	HAL_RTC_GetAlarm:
 2600              	.LVL175:
 2601              	.LFB155:
1635:Drivers/STM32H7xx_HAL_Driver/Src/stm32h7xx_hal_rtc.c ****   uint32_t tmpreg;
 2602              		.loc 1 1635 1 is_stmt 1 view -0
 2603              		.cfi_startproc
 2604              		@ args = 0, pretend = 0, frame = 0
 2605              		@ frame_needed = 0, uses_anonymous_args = 0
1635:Drivers/STM32H7xx_HAL_Driver/Src/stm32h7xx_hal_rtc.c ****   uint32_t tmpreg;
 2606              		.loc 1 1635 1 is_stmt 0 view .LVU973
ARM GAS  C:\Users\admin\AppData\Local\Temp\ccgKPo3u.s 			page 96


 2607 0000 10B5     		push	{r4, lr}
 2608              	.LCFI17:
 2609              		.cfi_def_cfa_offset 8
 2610              		.cfi_offset 4, -8
 2611              		.cfi_offset 14, -4
 2612 0002 0C46     		mov	r4, r1
1636:Drivers/STM32H7xx_HAL_Driver/Src/stm32h7xx_hal_rtc.c ****   uint32_t subsecondtmpreg;
 2613              		.loc 1 1636 3 is_stmt 1 view .LVU974
1637:Drivers/STM32H7xx_HAL_Driver/Src/stm32h7xx_hal_rtc.c **** 
 2614              		.loc 1 1637 3 view .LVU975
1640:Drivers/STM32H7xx_HAL_Driver/Src/stm32h7xx_hal_rtc.c ****   assert_param(IS_RTC_ALARM(Alarm));
 2615              		.loc 1 1640 3 view .LVU976
1641:Drivers/STM32H7xx_HAL_Driver/Src/stm32h7xx_hal_rtc.c **** 
 2616              		.loc 1 1641 3 view .LVU977
1643:Drivers/STM32H7xx_HAL_Driver/Src/stm32h7xx_hal_rtc.c ****   {
 2617              		.loc 1 1643 3 view .LVU978
1643:Drivers/STM32H7xx_HAL_Driver/Src/stm32h7xx_hal_rtc.c ****   {
 2618              		.loc 1 1643 5 is_stmt 0 view .LVU979
 2619 0004 B2F5807F 		cmp	r2, #256
 2620 0008 33D0     		beq	.L163
1663:Drivers/STM32H7xx_HAL_Driver/Src/stm32h7xx_hal_rtc.c **** 
 2621              		.loc 1 1663 5 is_stmt 1 view .LVU980
1663:Drivers/STM32H7xx_HAL_Driver/Src/stm32h7xx_hal_rtc.c **** 
 2622              		.loc 1 1663 19 is_stmt 0 view .LVU981
 2623 000a 4FF40072 		mov	r2, #512
 2624              	.LVL176:
1663:Drivers/STM32H7xx_HAL_Driver/Src/stm32h7xx_hal_rtc.c **** 
 2625              		.loc 1 1663 19 view .LVU982
 2626 000e 4A62     		str	r2, [r1, #36]
1665:Drivers/STM32H7xx_HAL_Driver/Src/stm32h7xx_hal_rtc.c ****     subsecondtmpreg = (uint32_t)((hrtc->Instance->ALRMBSSR) & RTC_ALRMBSSR_SS);
 2627              		.loc 1 1665 5 is_stmt 1 view .LVU983
1665:Drivers/STM32H7xx_HAL_Driver/Src/stm32h7xx_hal_rtc.c ****     subsecondtmpreg = (uint32_t)((hrtc->Instance->ALRMBSSR) & RTC_ALRMBSSR_SS);
 2628              		.loc 1 1665 29 is_stmt 0 view .LVU984
 2629 0010 0168     		ldr	r1, [r0]
 2630              	.LVL177:
1665:Drivers/STM32H7xx_HAL_Driver/Src/stm32h7xx_hal_rtc.c ****     subsecondtmpreg = (uint32_t)((hrtc->Instance->ALRMBSSR) & RTC_ALRMBSSR_SS);
 2631              		.loc 1 1665 12 view .LVU985
 2632 0012 0A6A     		ldr	r2, [r1, #32]
 2633              	.LVL178:
1666:Drivers/STM32H7xx_HAL_Driver/Src/stm32h7xx_hal_rtc.c **** 
 2634              		.loc 1 1666 5 is_stmt 1 view .LVU986
1666:Drivers/STM32H7xx_HAL_Driver/Src/stm32h7xx_hal_rtc.c **** 
 2635              		.loc 1 1666 49 is_stmt 0 view .LVU987
 2636 0014 896C     		ldr	r1, [r1, #72]
1666:Drivers/STM32H7xx_HAL_Driver/Src/stm32h7xx_hal_rtc.c **** 
 2637              		.loc 1 1666 21 view .LVU988
 2638 0016 C1F30E01 		ubfx	r1, r1, #0, #15
 2639              	.LVL179:
1669:Drivers/STM32H7xx_HAL_Driver/Src/stm32h7xx_hal_rtc.c ****     sAlarm->AlarmTime.Minutes    = (uint8_t)((tmpreg & (RTC_ALRMBR_MNT | RTC_ALRMBR_MNU)) >> RTC_AL
 2640              		.loc 1 1669 5 is_stmt 1 view .LVU989
1669:Drivers/STM32H7xx_HAL_Driver/Src/stm32h7xx_hal_rtc.c ****     sAlarm->AlarmTime.Minutes    = (uint8_t)((tmpreg & (RTC_ALRMBR_MNT | RTC_ALRMBR_MNU)) >> RTC_AL
 2641              		.loc 1 1669 36 is_stmt 0 view .LVU990
 2642 001a C2F30540 		ubfx	r0, r2, #16, #6
 2643              	.LVL180:
1669:Drivers/STM32H7xx_HAL_Driver/Src/stm32h7xx_hal_rtc.c ****     sAlarm->AlarmTime.Minutes    = (uint8_t)((tmpreg & (RTC_ALRMBR_MNT | RTC_ALRMBR_MNU)) >> RTC_AL
 2644              		.loc 1 1669 34 view .LVU991
 2645 001e 2070     		strb	r0, [r4]
ARM GAS  C:\Users\admin\AppData\Local\Temp\ccgKPo3u.s 			page 97


1670:Drivers/STM32H7xx_HAL_Driver/Src/stm32h7xx_hal_rtc.c ****     sAlarm->AlarmTime.Seconds    = (uint8_t)((tmpreg & (RTC_ALRMBR_ST  | RTC_ALRMBR_SU))  >> RTC_AL
 2646              		.loc 1 1670 5 is_stmt 1 view .LVU992
1670:Drivers/STM32H7xx_HAL_Driver/Src/stm32h7xx_hal_rtc.c ****     sAlarm->AlarmTime.Seconds    = (uint8_t)((tmpreg & (RTC_ALRMBR_ST  | RTC_ALRMBR_SU))  >> RTC_AL
 2647              		.loc 1 1670 36 is_stmt 0 view .LVU993
 2648 0020 C2F30620 		ubfx	r0, r2, #8, #7
1670:Drivers/STM32H7xx_HAL_Driver/Src/stm32h7xx_hal_rtc.c ****     sAlarm->AlarmTime.Seconds    = (uint8_t)((tmpreg & (RTC_ALRMBR_ST  | RTC_ALRMBR_SU))  >> RTC_AL
 2649              		.loc 1 1670 34 view .LVU994
 2650 0024 6070     		strb	r0, [r4, #1]
1671:Drivers/STM32H7xx_HAL_Driver/Src/stm32h7xx_hal_rtc.c ****     sAlarm->AlarmTime.TimeFormat = (uint8_t)((tmpreg &  RTC_ALRMBR_PM)                    >> RTC_AL
 2651              		.loc 1 1671 5 is_stmt 1 view .LVU995
1671:Drivers/STM32H7xx_HAL_Driver/Src/stm32h7xx_hal_rtc.c ****     sAlarm->AlarmTime.TimeFormat = (uint8_t)((tmpreg &  RTC_ALRMBR_PM)                    >> RTC_AL
 2652              		.loc 1 1671 36 is_stmt 0 view .LVU996
 2653 0026 02F07F00 		and	r0, r2, #127
1671:Drivers/STM32H7xx_HAL_Driver/Src/stm32h7xx_hal_rtc.c ****     sAlarm->AlarmTime.TimeFormat = (uint8_t)((tmpreg &  RTC_ALRMBR_PM)                    >> RTC_AL
 2654              		.loc 1 1671 34 view .LVU997
 2655 002a A070     		strb	r0, [r4, #2]
1672:Drivers/STM32H7xx_HAL_Driver/Src/stm32h7xx_hal_rtc.c ****     sAlarm->AlarmTime.SubSeconds = (uint32_t) subsecondtmpreg;
 2656              		.loc 1 1672 5 is_stmt 1 view .LVU998
1672:Drivers/STM32H7xx_HAL_Driver/Src/stm32h7xx_hal_rtc.c ****     sAlarm->AlarmTime.SubSeconds = (uint32_t) subsecondtmpreg;
 2657              		.loc 1 1672 36 is_stmt 0 view .LVU999
 2658 002c C2F38050 		ubfx	r0, r2, #22, #1
1672:Drivers/STM32H7xx_HAL_Driver/Src/stm32h7xx_hal_rtc.c ****     sAlarm->AlarmTime.SubSeconds = (uint32_t) subsecondtmpreg;
 2659              		.loc 1 1672 34 view .LVU1000
 2660 0030 E070     		strb	r0, [r4, #3]
1673:Drivers/STM32H7xx_HAL_Driver/Src/stm32h7xx_hal_rtc.c ****     sAlarm->AlarmDateWeekDay     = (uint8_t)((tmpreg & (RTC_ALRMBR_DT | RTC_ALRMBR_DU))   >> RTC_AL
 2661              		.loc 1 1673 5 is_stmt 1 view .LVU1001
1673:Drivers/STM32H7xx_HAL_Driver/Src/stm32h7xx_hal_rtc.c ****     sAlarm->AlarmDateWeekDay     = (uint8_t)((tmpreg & (RTC_ALRMBR_DT | RTC_ALRMBR_DU))   >> RTC_AL
 2662              		.loc 1 1673 34 is_stmt 0 view .LVU1002
 2663 0032 6160     		str	r1, [r4, #4]
1674:Drivers/STM32H7xx_HAL_Driver/Src/stm32h7xx_hal_rtc.c ****     sAlarm->AlarmDateWeekDaySel  = (uint32_t)(tmpreg &  RTC_ALRMBR_WDSEL);
 2664              		.loc 1 1674 5 is_stmt 1 view .LVU1003
1674:Drivers/STM32H7xx_HAL_Driver/Src/stm32h7xx_hal_rtc.c ****     sAlarm->AlarmDateWeekDaySel  = (uint32_t)(tmpreg &  RTC_ALRMBR_WDSEL);
 2665              		.loc 1 1674 36 is_stmt 0 view .LVU1004
 2666 0034 C2F30561 		ubfx	r1, r2, #24, #6
 2667              	.LVL181:
1674:Drivers/STM32H7xx_HAL_Driver/Src/stm32h7xx_hal_rtc.c ****     sAlarm->AlarmDateWeekDaySel  = (uint32_t)(tmpreg &  RTC_ALRMBR_WDSEL);
 2668              		.loc 1 1674 34 view .LVU1005
 2669 0038 84F82010 		strb	r1, [r4, #32]
1675:Drivers/STM32H7xx_HAL_Driver/Src/stm32h7xx_hal_rtc.c ****     sAlarm->AlarmMask            = (uint32_t)(tmpreg &  RTC_ALARMMASK_ALL);
 2670              		.loc 1 1675 5 is_stmt 1 view .LVU1006
1675:Drivers/STM32H7xx_HAL_Driver/Src/stm32h7xx_hal_rtc.c ****     sAlarm->AlarmMask            = (uint32_t)(tmpreg &  RTC_ALARMMASK_ALL);
 2671              		.loc 1 1675 36 is_stmt 0 view .LVU1007
 2672 003c 02F08041 		and	r1, r2, #1073741824
1675:Drivers/STM32H7xx_HAL_Driver/Src/stm32h7xx_hal_rtc.c ****     sAlarm->AlarmMask            = (uint32_t)(tmpreg &  RTC_ALARMMASK_ALL);
 2673              		.loc 1 1675 34 view .LVU1008
 2674 0040 E161     		str	r1, [r4, #28]
1676:Drivers/STM32H7xx_HAL_Driver/Src/stm32h7xx_hal_rtc.c ****   }
 2675              		.loc 1 1676 5 is_stmt 1 view .LVU1009
1676:Drivers/STM32H7xx_HAL_Driver/Src/stm32h7xx_hal_rtc.c ****   }
 2676              		.loc 1 1676 36 is_stmt 0 view .LVU1010
 2677 0042 02F08032 		and	r2, r2, #-2139062144
 2678              	.LVL182:
1676:Drivers/STM32H7xx_HAL_Driver/Src/stm32h7xx_hal_rtc.c ****   }
 2679              		.loc 1 1676 34 view .LVU1011
 2680 0046 6261     		str	r2, [r4, #20]
 2681              	.LVL183:
 2682              	.L160:
ARM GAS  C:\Users\admin\AppData\Local\Temp\ccgKPo3u.s 			page 98


1679:Drivers/STM32H7xx_HAL_Driver/Src/stm32h7xx_hal_rtc.c ****   {
 2683              		.loc 1 1679 3 is_stmt 1 view .LVU1012
1679:Drivers/STM32H7xx_HAL_Driver/Src/stm32h7xx_hal_rtc.c ****   {
 2684              		.loc 1 1679 5 is_stmt 0 view .LVU1013
 2685 0048 8BB9     		cbnz	r3, .L161
1681:Drivers/STM32H7xx_HAL_Driver/Src/stm32h7xx_hal_rtc.c ****     sAlarm->AlarmTime.Minutes = RTC_Bcd2ToByte(sAlarm->AlarmTime.Minutes);
 2686              		.loc 1 1681 5 is_stmt 1 view .LVU1014
1681:Drivers/STM32H7xx_HAL_Driver/Src/stm32h7xx_hal_rtc.c ****     sAlarm->AlarmTime.Minutes = RTC_Bcd2ToByte(sAlarm->AlarmTime.Minutes);
 2687              		.loc 1 1681 31 is_stmt 0 view .LVU1015
 2688 004a 2078     		ldrb	r0, [r4]	@ zero_extendqisi2
 2689 004c FFF7FEFF 		bl	RTC_Bcd2ToByte
 2690              	.LVL184:
1681:Drivers/STM32H7xx_HAL_Driver/Src/stm32h7xx_hal_rtc.c ****     sAlarm->AlarmTime.Minutes = RTC_Bcd2ToByte(sAlarm->AlarmTime.Minutes);
 2691              		.loc 1 1681 29 view .LVU1016
 2692 0050 2070     		strb	r0, [r4]
1682:Drivers/STM32H7xx_HAL_Driver/Src/stm32h7xx_hal_rtc.c ****     sAlarm->AlarmTime.Seconds = RTC_Bcd2ToByte(sAlarm->AlarmTime.Seconds);
 2693              		.loc 1 1682 5 is_stmt 1 view .LVU1017
1682:Drivers/STM32H7xx_HAL_Driver/Src/stm32h7xx_hal_rtc.c ****     sAlarm->AlarmTime.Seconds = RTC_Bcd2ToByte(sAlarm->AlarmTime.Seconds);
 2694              		.loc 1 1682 33 is_stmt 0 view .LVU1018
 2695 0052 6078     		ldrb	r0, [r4, #1]	@ zero_extendqisi2
 2696 0054 FFF7FEFF 		bl	RTC_Bcd2ToByte
 2697              	.LVL185:
1682:Drivers/STM32H7xx_HAL_Driver/Src/stm32h7xx_hal_rtc.c ****     sAlarm->AlarmTime.Seconds = RTC_Bcd2ToByte(sAlarm->AlarmTime.Seconds);
 2698              		.loc 1 1682 31 view .LVU1019
 2699 0058 6070     		strb	r0, [r4, #1]
1683:Drivers/STM32H7xx_HAL_Driver/Src/stm32h7xx_hal_rtc.c ****     sAlarm->AlarmDateWeekDay = RTC_Bcd2ToByte(sAlarm->AlarmDateWeekDay);
 2700              		.loc 1 1683 5 is_stmt 1 view .LVU1020
1683:Drivers/STM32H7xx_HAL_Driver/Src/stm32h7xx_hal_rtc.c ****     sAlarm->AlarmDateWeekDay = RTC_Bcd2ToByte(sAlarm->AlarmDateWeekDay);
 2701              		.loc 1 1683 33 is_stmt 0 view .LVU1021
 2702 005a A078     		ldrb	r0, [r4, #2]	@ zero_extendqisi2
 2703 005c FFF7FEFF 		bl	RTC_Bcd2ToByte
 2704              	.LVL186:
1683:Drivers/STM32H7xx_HAL_Driver/Src/stm32h7xx_hal_rtc.c ****     sAlarm->AlarmDateWeekDay = RTC_Bcd2ToByte(sAlarm->AlarmDateWeekDay);
 2705              		.loc 1 1683 31 view .LVU1022
 2706 0060 A070     		strb	r0, [r4, #2]
1684:Drivers/STM32H7xx_HAL_Driver/Src/stm32h7xx_hal_rtc.c ****   }
 2707              		.loc 1 1684 5 is_stmt 1 view .LVU1023
1684:Drivers/STM32H7xx_HAL_Driver/Src/stm32h7xx_hal_rtc.c ****   }
 2708              		.loc 1 1684 32 is_stmt 0 view .LVU1024
 2709 0062 94F82000 		ldrb	r0, [r4, #32]	@ zero_extendqisi2
 2710 0066 FFF7FEFF 		bl	RTC_Bcd2ToByte
 2711              	.LVL187:
1684:Drivers/STM32H7xx_HAL_Driver/Src/stm32h7xx_hal_rtc.c ****   }
 2712              		.loc 1 1684 30 view .LVU1025
 2713 006a 84F82000 		strb	r0, [r4, #32]
 2714              	.L161:
1687:Drivers/STM32H7xx_HAL_Driver/Src/stm32h7xx_hal_rtc.c **** }
 2715              		.loc 1 1687 3 is_stmt 1 view .LVU1026
1688:Drivers/STM32H7xx_HAL_Driver/Src/stm32h7xx_hal_rtc.c **** 
 2716              		.loc 1 1688 1 is_stmt 0 view .LVU1027
 2717 006e 0020     		movs	r0, #0
 2718 0070 10BD     		pop	{r4, pc}
 2719              	.LVL188:
 2720              	.L163:
1646:Drivers/STM32H7xx_HAL_Driver/Src/stm32h7xx_hal_rtc.c **** 
 2721              		.loc 1 1646 5 is_stmt 1 view .LVU1028
1646:Drivers/STM32H7xx_HAL_Driver/Src/stm32h7xx_hal_rtc.c **** 
ARM GAS  C:\Users\admin\AppData\Local\Temp\ccgKPo3u.s 			page 99


 2722              		.loc 1 1646 19 is_stmt 0 view .LVU1029
 2723 0072 4A62     		str	r2, [r1, #36]
1648:Drivers/STM32H7xx_HAL_Driver/Src/stm32h7xx_hal_rtc.c ****     subsecondtmpreg = (uint32_t)((hrtc->Instance->ALRMASSR) & RTC_ALRMASSR_SS);
 2724              		.loc 1 1648 5 is_stmt 1 view .LVU1030
1648:Drivers/STM32H7xx_HAL_Driver/Src/stm32h7xx_hal_rtc.c ****     subsecondtmpreg = (uint32_t)((hrtc->Instance->ALRMASSR) & RTC_ALRMASSR_SS);
 2725              		.loc 1 1648 29 is_stmt 0 view .LVU1031
 2726 0074 0168     		ldr	r1, [r0]
 2727              	.LVL189:
1648:Drivers/STM32H7xx_HAL_Driver/Src/stm32h7xx_hal_rtc.c ****     subsecondtmpreg = (uint32_t)((hrtc->Instance->ALRMASSR) & RTC_ALRMASSR_SS);
 2728              		.loc 1 1648 12 view .LVU1032
 2729 0076 CA69     		ldr	r2, [r1, #28]
 2730              	.LVL190:
1649:Drivers/STM32H7xx_HAL_Driver/Src/stm32h7xx_hal_rtc.c **** 
 2731              		.loc 1 1649 5 is_stmt 1 view .LVU1033
1649:Drivers/STM32H7xx_HAL_Driver/Src/stm32h7xx_hal_rtc.c **** 
 2732              		.loc 1 1649 49 is_stmt 0 view .LVU1034
 2733 0078 496C     		ldr	r1, [r1, #68]
1649:Drivers/STM32H7xx_HAL_Driver/Src/stm32h7xx_hal_rtc.c **** 
 2734              		.loc 1 1649 21 view .LVU1035
 2735 007a C1F30E01 		ubfx	r1, r1, #0, #15
 2736              	.LVL191:
1652:Drivers/STM32H7xx_HAL_Driver/Src/stm32h7xx_hal_rtc.c ****     sAlarm->AlarmTime.Minutes    = (uint8_t)((tmpreg & (RTC_ALRMAR_MNT | RTC_ALRMAR_MNU)) >> RTC_AL
 2737              		.loc 1 1652 5 is_stmt 1 view .LVU1036
1652:Drivers/STM32H7xx_HAL_Driver/Src/stm32h7xx_hal_rtc.c ****     sAlarm->AlarmTime.Minutes    = (uint8_t)((tmpreg & (RTC_ALRMAR_MNT | RTC_ALRMAR_MNU)) >> RTC_AL
 2738              		.loc 1 1652 36 is_stmt 0 view .LVU1037
 2739 007e C2F30540 		ubfx	r0, r2, #16, #6
 2740              	.LVL192:
1652:Drivers/STM32H7xx_HAL_Driver/Src/stm32h7xx_hal_rtc.c ****     sAlarm->AlarmTime.Minutes    = (uint8_t)((tmpreg & (RTC_ALRMAR_MNT | RTC_ALRMAR_MNU)) >> RTC_AL
 2741              		.loc 1 1652 34 view .LVU1038
 2742 0082 2070     		strb	r0, [r4]
1653:Drivers/STM32H7xx_HAL_Driver/Src/stm32h7xx_hal_rtc.c ****     sAlarm->AlarmTime.Seconds    = (uint8_t)((tmpreg & (RTC_ALRMAR_ST  | RTC_ALRMAR_SU))  >> RTC_AL
 2743              		.loc 1 1653 5 is_stmt 1 view .LVU1039
1653:Drivers/STM32H7xx_HAL_Driver/Src/stm32h7xx_hal_rtc.c ****     sAlarm->AlarmTime.Seconds    = (uint8_t)((tmpreg & (RTC_ALRMAR_ST  | RTC_ALRMAR_SU))  >> RTC_AL
 2744              		.loc 1 1653 36 is_stmt 0 view .LVU1040
 2745 0084 C2F30620 		ubfx	r0, r2, #8, #7
1653:Drivers/STM32H7xx_HAL_Driver/Src/stm32h7xx_hal_rtc.c ****     sAlarm->AlarmTime.Seconds    = (uint8_t)((tmpreg & (RTC_ALRMAR_ST  | RTC_ALRMAR_SU))  >> RTC_AL
 2746              		.loc 1 1653 34 view .LVU1041
 2747 0088 6070     		strb	r0, [r4, #1]
1654:Drivers/STM32H7xx_HAL_Driver/Src/stm32h7xx_hal_rtc.c ****     sAlarm->AlarmTime.TimeFormat = (uint8_t)((tmpreg &  RTC_ALRMAR_PM)                    >> RTC_AL
 2748              		.loc 1 1654 5 is_stmt 1 view .LVU1042
1654:Drivers/STM32H7xx_HAL_Driver/Src/stm32h7xx_hal_rtc.c ****     sAlarm->AlarmTime.TimeFormat = (uint8_t)((tmpreg &  RTC_ALRMAR_PM)                    >> RTC_AL
 2749              		.loc 1 1654 36 is_stmt 0 view .LVU1043
 2750 008a 02F07F00 		and	r0, r2, #127
1654:Drivers/STM32H7xx_HAL_Driver/Src/stm32h7xx_hal_rtc.c ****     sAlarm->AlarmTime.TimeFormat = (uint8_t)((tmpreg &  RTC_ALRMAR_PM)                    >> RTC_AL
 2751              		.loc 1 1654 34 view .LVU1044
 2752 008e A070     		strb	r0, [r4, #2]
1655:Drivers/STM32H7xx_HAL_Driver/Src/stm32h7xx_hal_rtc.c ****     sAlarm->AlarmTime.SubSeconds = (uint32_t) subsecondtmpreg;
 2753              		.loc 1 1655 5 is_stmt 1 view .LVU1045
1655:Drivers/STM32H7xx_HAL_Driver/Src/stm32h7xx_hal_rtc.c ****     sAlarm->AlarmTime.SubSeconds = (uint32_t) subsecondtmpreg;
 2754              		.loc 1 1655 36 is_stmt 0 view .LVU1046
 2755 0090 C2F38050 		ubfx	r0, r2, #22, #1
1655:Drivers/STM32H7xx_HAL_Driver/Src/stm32h7xx_hal_rtc.c ****     sAlarm->AlarmTime.SubSeconds = (uint32_t) subsecondtmpreg;
 2756              		.loc 1 1655 34 view .LVU1047
 2757 0094 E070     		strb	r0, [r4, #3]
1656:Drivers/STM32H7xx_HAL_Driver/Src/stm32h7xx_hal_rtc.c ****     sAlarm->AlarmDateWeekDay     = (uint8_t)((tmpreg & (RTC_ALRMAR_DT  | RTC_ALRMAR_DU))  >> RTC_AL
 2758              		.loc 1 1656 5 is_stmt 1 view .LVU1048
1656:Drivers/STM32H7xx_HAL_Driver/Src/stm32h7xx_hal_rtc.c ****     sAlarm->AlarmDateWeekDay     = (uint8_t)((tmpreg & (RTC_ALRMAR_DT  | RTC_ALRMAR_DU))  >> RTC_AL
ARM GAS  C:\Users\admin\AppData\Local\Temp\ccgKPo3u.s 			page 100


 2759              		.loc 1 1656 34 is_stmt 0 view .LVU1049
 2760 0096 6160     		str	r1, [r4, #4]
1657:Drivers/STM32H7xx_HAL_Driver/Src/stm32h7xx_hal_rtc.c ****     sAlarm->AlarmDateWeekDaySel  = (uint32_t)(tmpreg &  RTC_ALRMAR_WDSEL);
 2761              		.loc 1 1657 5 is_stmt 1 view .LVU1050
1657:Drivers/STM32H7xx_HAL_Driver/Src/stm32h7xx_hal_rtc.c ****     sAlarm->AlarmDateWeekDaySel  = (uint32_t)(tmpreg &  RTC_ALRMAR_WDSEL);
 2762              		.loc 1 1657 36 is_stmt 0 view .LVU1051
 2763 0098 C2F30561 		ubfx	r1, r2, #24, #6
 2764              	.LVL193:
1657:Drivers/STM32H7xx_HAL_Driver/Src/stm32h7xx_hal_rtc.c ****     sAlarm->AlarmDateWeekDaySel  = (uint32_t)(tmpreg &  RTC_ALRMAR_WDSEL);
 2765              		.loc 1 1657 34 view .LVU1052
 2766 009c 84F82010 		strb	r1, [r4, #32]
1658:Drivers/STM32H7xx_HAL_Driver/Src/stm32h7xx_hal_rtc.c ****     sAlarm->AlarmMask            = (uint32_t)(tmpreg &  RTC_ALARMMASK_ALL);
 2767              		.loc 1 1658 5 is_stmt 1 view .LVU1053
1658:Drivers/STM32H7xx_HAL_Driver/Src/stm32h7xx_hal_rtc.c ****     sAlarm->AlarmMask            = (uint32_t)(tmpreg &  RTC_ALARMMASK_ALL);
 2768              		.loc 1 1658 36 is_stmt 0 view .LVU1054
 2769 00a0 02F08041 		and	r1, r2, #1073741824
1658:Drivers/STM32H7xx_HAL_Driver/Src/stm32h7xx_hal_rtc.c ****     sAlarm->AlarmMask            = (uint32_t)(tmpreg &  RTC_ALARMMASK_ALL);
 2770              		.loc 1 1658 34 view .LVU1055
 2771 00a4 E161     		str	r1, [r4, #28]
1659:Drivers/STM32H7xx_HAL_Driver/Src/stm32h7xx_hal_rtc.c ****   }
 2772              		.loc 1 1659 5 is_stmt 1 view .LVU1056
1659:Drivers/STM32H7xx_HAL_Driver/Src/stm32h7xx_hal_rtc.c ****   }
 2773              		.loc 1 1659 36 is_stmt 0 view .LVU1057
 2774 00a6 02F08032 		and	r2, r2, #-2139062144
 2775              	.LVL194:
1659:Drivers/STM32H7xx_HAL_Driver/Src/stm32h7xx_hal_rtc.c ****   }
 2776              		.loc 1 1659 34 view .LVU1058
 2777 00aa 6261     		str	r2, [r4, #20]
 2778 00ac CCE7     		b	.L160
 2779              		.cfi_endproc
 2780              	.LFE155:
 2782              		.text
 2783              	.Letext0:
 2784              		.file 2 "c:\\program files (x86)\\gnu arm embedded toolchain\\10 2021.10\\arm-none-eabi\\include\\
 2785              		.file 3 "c:\\program files (x86)\\gnu arm embedded toolchain\\10 2021.10\\arm-none-eabi\\include\\
 2786              		.file 4 "Drivers/CMSIS/Device/ST/STM32H7xx/Include/stm32h743xx.h"
 2787              		.file 5 "Drivers/STM32H7xx_HAL_Driver/Inc/stm32h7xx_hal_def.h"
 2788              		.file 6 "Drivers/STM32H7xx_HAL_Driver/Inc/stm32h7xx_hal_rtc.h"
 2789              		.file 7 "Drivers/STM32H7xx_HAL_Driver/Inc/stm32h7xx_hal.h"
 2790              		.file 8 "Drivers/STM32H7xx_HAL_Driver/Inc/stm32h7xx_hal_rtc_ex.h"
ARM GAS  C:\Users\admin\AppData\Local\Temp\ccgKPo3u.s 			page 101


DEFINED SYMBOLS
                            *ABS*:00000000 stm32h7xx_hal_rtc.c
C:\Users\admin\AppData\Local\Temp\ccgKPo3u.s:19     .text.HAL_RTC_MspInit:00000000 $t
C:\Users\admin\AppData\Local\Temp\ccgKPo3u.s:25     .text.HAL_RTC_MspInit:00000000 HAL_RTC_MspInit
C:\Users\admin\AppData\Local\Temp\ccgKPo3u.s:41     .text.HAL_RTC_MspDeInit:00000000 $t
C:\Users\admin\AppData\Local\Temp\ccgKPo3u.s:47     .text.HAL_RTC_MspDeInit:00000000 HAL_RTC_MspDeInit
C:\Users\admin\AppData\Local\Temp\ccgKPo3u.s:62     .text.HAL_RTC_DeactivateAlarm:00000000 $t
C:\Users\admin\AppData\Local\Temp\ccgKPo3u.s:68     .text.HAL_RTC_DeactivateAlarm:00000000 HAL_RTC_DeactivateAlarm
C:\Users\admin\AppData\Local\Temp\ccgKPo3u.s:253    .text.HAL_RTC_AlarmAEventCallback:00000000 $t
C:\Users\admin\AppData\Local\Temp\ccgKPo3u.s:259    .text.HAL_RTC_AlarmAEventCallback:00000000 HAL_RTC_AlarmAEventCallback
C:\Users\admin\AppData\Local\Temp\ccgKPo3u.s:274    .text.HAL_RTC_AlarmIRQHandler:00000000 $t
C:\Users\admin\AppData\Local\Temp\ccgKPo3u.s:280    .text.HAL_RTC_AlarmIRQHandler:00000000 HAL_RTC_AlarmIRQHandler
C:\Users\admin\AppData\Local\Temp\ccgKPo3u.s:360    .text.HAL_RTC_PollForAlarmAEvent:00000000 $t
C:\Users\admin\AppData\Local\Temp\ccgKPo3u.s:366    .text.HAL_RTC_PollForAlarmAEvent:00000000 HAL_RTC_PollForAlarmAEvent
C:\Users\admin\AppData\Local\Temp\ccgKPo3u.s:444    .text.HAL_RTC_WaitForSynchro:00000000 $t
C:\Users\admin\AppData\Local\Temp\ccgKPo3u.s:450    .text.HAL_RTC_WaitForSynchro:00000000 HAL_RTC_WaitForSynchro
C:\Users\admin\AppData\Local\Temp\ccgKPo3u.s:513    .text.HAL_RTC_WaitForSynchro:00000030 $d
C:\Users\admin\AppData\Local\Temp\ccgKPo3u.s:518    .text.HAL_RTC_GetState:00000000 $t
C:\Users\admin\AppData\Local\Temp\ccgKPo3u.s:524    .text.HAL_RTC_GetState:00000000 HAL_RTC_GetState
C:\Users\admin\AppData\Local\Temp\ccgKPo3u.s:542    .text.RTC_EnterInitMode:00000000 $t
C:\Users\admin\AppData\Local\Temp\ccgKPo3u.s:548    .text.RTC_EnterInitMode:00000000 RTC_EnterInitMode
C:\Users\admin\AppData\Local\Temp\ccgKPo3u.s:633    .text.RTC_ExitInitMode:00000000 $t
C:\Users\admin\AppData\Local\Temp\ccgKPo3u.s:639    .text.RTC_ExitInitMode:00000000 RTC_ExitInitMode
C:\Users\admin\AppData\Local\Temp\ccgKPo3u.s:718    .text.RTC_ExitInitMode:0000004c $d
C:\Users\admin\AppData\Local\Temp\ccgKPo3u.s:723    .text.HAL_RTC_Init:00000000 $t
C:\Users\admin\AppData\Local\Temp\ccgKPo3u.s:729    .text.HAL_RTC_Init:00000000 HAL_RTC_Init
C:\Users\admin\AppData\Local\Temp\ccgKPo3u.s:916    .text.HAL_RTC_Init:000000a0 $d
C:\Users\admin\AppData\Local\Temp\ccgKPo3u.s:921    .text.HAL_RTC_DeInit:00000000 $t
C:\Users\admin\AppData\Local\Temp\ccgKPo3u.s:927    .text.HAL_RTC_DeInit:00000000 HAL_RTC_DeInit
C:\Users\admin\AppData\Local\Temp\ccgKPo3u.s:1151   .text.HAL_RTC_DeInit:000000c8 $d
C:\Users\admin\AppData\Local\Temp\ccgKPo3u.s:1156   .text.RTC_ByteToBcd2:00000000 $t
C:\Users\admin\AppData\Local\Temp\ccgKPo3u.s:1162   .text.RTC_ByteToBcd2:00000000 RTC_ByteToBcd2
C:\Users\admin\AppData\Local\Temp\ccgKPo3u.s:1209   .text.HAL_RTC_SetTime:00000000 $t
C:\Users\admin\AppData\Local\Temp\ccgKPo3u.s:1215   .text.HAL_RTC_SetTime:00000000 HAL_RTC_SetTime
C:\Users\admin\AppData\Local\Temp\ccgKPo3u.s:1431   .text.HAL_RTC_SetTime:000000c4 $d
C:\Users\admin\AppData\Local\Temp\ccgKPo3u.s:1436   .text.HAL_RTC_SetDate:00000000 $t
C:\Users\admin\AppData\Local\Temp\ccgKPo3u.s:1442   .text.HAL_RTC_SetDate:00000000 HAL_RTC_SetDate
C:\Users\admin\AppData\Local\Temp\ccgKPo3u.s:1627   .text.HAL_RTC_SetDate:000000a4 $d
C:\Users\admin\AppData\Local\Temp\ccgKPo3u.s:1632   .text.HAL_RTC_SetAlarm:00000000 $t
C:\Users\admin\AppData\Local\Temp\ccgKPo3u.s:1638   .text.HAL_RTC_SetAlarm:00000000 HAL_RTC_SetAlarm
C:\Users\admin\AppData\Local\Temp\ccgKPo3u.s:1998   .text.HAL_RTC_SetAlarm_IT:00000000 $t
C:\Users\admin\AppData\Local\Temp\ccgKPo3u.s:2004   .text.HAL_RTC_SetAlarm_IT:00000000 HAL_RTC_SetAlarm_IT
C:\Users\admin\AppData\Local\Temp\ccgKPo3u.s:2373   .text.RTC_Bcd2ToByte:00000000 $t
C:\Users\admin\AppData\Local\Temp\ccgKPo3u.s:2379   .text.RTC_Bcd2ToByte:00000000 RTC_Bcd2ToByte
C:\Users\admin\AppData\Local\Temp\ccgKPo3u.s:2407   .text.HAL_RTC_GetTime:00000000 $t
C:\Users\admin\AppData\Local\Temp\ccgKPo3u.s:2413   .text.HAL_RTC_GetTime:00000000 HAL_RTC_GetTime
C:\Users\admin\AppData\Local\Temp\ccgKPo3u.s:2508   .text.HAL_RTC_GetDate:00000000 $t
C:\Users\admin\AppData\Local\Temp\ccgKPo3u.s:2514   .text.HAL_RTC_GetDate:00000000 HAL_RTC_GetDate
C:\Users\admin\AppData\Local\Temp\ccgKPo3u.s:2593   .text.HAL_RTC_GetAlarm:00000000 $t
C:\Users\admin\AppData\Local\Temp\ccgKPo3u.s:2599   .text.HAL_RTC_GetAlarm:00000000 HAL_RTC_GetAlarm

UNDEFINED SYMBOLS
HAL_GetTick
HAL_RTCEx_AlarmBEventCallback
